Instance Name,n_x,m_x,served_x,prof Customer_x,prof Parcel_x,costs_x,K_x,Sol Time_x,Sol Val_x,sol Stat_x,LB_x,UB_x,GAP_x,vrps_x,e(h)_x,et(%)_x,e(km)_x,ed(%)_x,n_y,m_y,served_y,prof Customer_y,prof Parcel_y,costs_y,K_y,Sol Time_y,Sol Val_y,sol Stat_y,LB_y,UB_y,GAP_y,vrps_y,e(h)_y,et(%)_y,e(km)_y,ed(%)_y
sarp-16-8-A-9,,,,,,,,,,,,,,,,,,,16,8,2,100.062,21.001,86.158,6,0.05,34.905,Optimal,34.905,34.905,-2.03565e-14,65.157,4.1122,0.426944,168.6,0.620081
sarp-16-8-A-9,,,,,,,,,,,,,,,,,,,16,8,2,100.062,21.001,86.158,6,0.05,34.905,Optimal,34.905,34.905,-2.03565e-14,65.157,4.1122,0.426944,168.6,0.620081
sarp-16-8-A-9,,,,,,,,,,,,,,,,,,,16,8,2,100.062,21.001,86.158,6,0.05,34.905,Optimal,34.905,34.905,-2.03565e-14,65.157,4.1122,0.426944,168.6,0.620081
sarp-16-8-A-9,,,,,,,,,,,,,,,,,,,16,8,2,100.062,21.001,86.158,6,0.05,34.905,Optimal,34.905,34.905,-2.03565e-14,65.157,4.1122,0.426944,168.6,0.620081
sarp-16-8-A-9,,,,,,,,,,,,,,,,,,,16,8,2,100.062,21.001,86.158,6,0.05,34.905,Optimal,34.905,34.905,-2.03565e-14,65.157,4.1122,0.426944,168.6,0.620081
sarp-16-8-A-9,,,,,,,,,,,,,,,,,,,16,8,2,100.062,21.001,86.158,6,0.05,34.905,Optimal,34.905,34.905,-2.03565e-14,65.157,4.1122,0.426944,168.6,0.620081
sarp-16-8-A-9,,,,,,,,,,,,,,,,,,,16,8,2,100.062,21.001,86.158,6,0.05,34.905,Optimal,34.905,34.905,-2.03565e-14,65.157,4.1122,0.426944,168.6,0.620081
sarp-16-8-A-9,,,,,,,,,,,,,,,,,,,16,8,2,100.062,21.001,86.158,6,0.05,34.905,Optimal,34.905,34.905,-2.03565e-14,65.157,4.1122,0.426944,168.6,0.620081
sarp-16-8-A-9,,,,,,,,,,,,,,,,,,,16,8,2,100.062,21.001,86.158,6,0.05,34.905,Optimal,34.905,34.905,-2.03565e-14,65.157,4.1122,0.426944,168.6,0.620081
sarp-16-8-A-9,,,,,,,,,,,,,,,,,,,16,8,2,100.062,21.001,86.158,6,0.05,34.905,Optimal,34.905,34.905,-2.03565e-14,65.157,4.1122,0.426944,168.6,0.620081
sarp-16-8-A-9,,,,,,,,,,,,,,,,,,,16,8,2,100.062,21.001,86.158,6,0.05,34.905,Optimal,34.905,34.905,-2.03565e-14,65.157,4.1122,0.426944,168.6,0.620081
sarp-16-8-A-9,,,,,,,,,,,,,,,,,,,16,8,2,100.062,21.001,86.158,6,0.05,34.905,Optimal,34.905,34.905,-2.03565e-14,65.157,4.1122,0.426944,168.6,0.620081
sarp-16-8-A-9,,,,,,,,,,,,,,,,,,,16,8,2,100.062,21.001,86.158,6,0.05,34.905,Optimal,34.905,34.905,-2.03565e-14,65.157,4.1122,0.426944,168.6,0.620081
sarp-16-8-A-9,,,,,,,,,,,,,,,,,,,16,8,2,100.062,21.001,86.158,6,0.05,34.905,Optimal,34.905,34.905,-2.03565e-14,65.157,4.1122,0.426944,168.6,0.620081
sarp-16-8-A-9,,,,,,,,,,,,,,,,,,,16,8,2,100.062,21.001,86.158,6,0.05,34.905,Optimal,34.905,34.905,-2.03565e-14,65.157,4.1122,0.426944,168.6,0.620081
sarp-16-8-A-9,,,,,,,,,,,,,,,,,,,16,8,2,100.062,21.001,86.158,6,0.05,34.905,Optimal,34.905,34.905,-2.03565e-14,65.157,4.1122,0.426944,168.6,0.620081
sarp-16-8-A-9,,,,,,,,,,,,,,,,,,,16,8,2,100.062,21.001,86.158,6,0.05,34.905,Optimal,34.905,34.905,-2.03565e-14,65.157,4.1122,0.426944,168.6,0.620081
sarp-16-8-A-9,,,,,,,,,,,,,,,,,,,16,8,2,100.062,21.001,86.158,6,0.05,34.905,Optimal,34.905,34.905,-2.03565e-14,65.157,4.1122,0.426944,168.6,0.620081
sarp-16-8-A-9,,,,,,,,,,,,,,,,,,,16,8,2,100.062,21.001,86.158,6,0.05,34.905,Optimal,34.905,34.905,-2.03565e-14,65.157,4.1122,0.426944,168.6,0.620081
sarp-16-8-A-9,,,,,,,,,,,,,,,,,,,16,8,2,100.062,21.001,86.158,6,0.05,34.905,Optimal,34.905,34.905,-2.03565e-14,65.157,4.1122,0.426944,168.6,0.620081
sarp-16-8-A-9,,,,,,,,,,,,,,,,,,,16,8,2,100.062,21.001,86.158,6,0.05,34.905,Optimal,34.905,34.905,-2.03565e-14,65.157,4.1122,0.426944,168.6,0.620081
sarp-16-8-A-9,,,,,,,,,,,,,,,,,,,16,8,2,100.062,21.001,86.158,6,0.05,34.905,Optimal,34.905,34.905,-2.03565e-14,65.157,4.1122,0.426944,168.6,0.620081
sarp-16-8-A-9,,,,,,,,,,,,,,,,,,,16,8,2,100.062,21.001,86.158,6,0.05,34.905,Optimal,34.905,34.905,-2.03565e-14,65.157,4.1122,0.426944,168.6,0.620081
sarp-16-8-A-9,,,,,,,,,,,,,,,,,,,16,8,2,100.062,21.001,86.158,6,0.05,34.905,Optimal,34.905,34.905,-2.03565e-14,65.157,4.1122,0.426944,168.6,0.620081
sarp-16-8-A-9,,,,,,,,,,,,,,,,,,,16,8,2,100.062,21.001,86.158,6,0.05,34.905,Optimal,34.905,34.905,-2.03565e-14,65.157,4.1122,0.426944,168.6,0.620081
sarp-16-8-A-9,,,,,,,,,,,,,,,,,,,16,8,2,100.062,21.001,86.158,6,0.05,34.905,Optimal,34.905,34.905,-2.03565e-14,65.157,4.1122,0.426944,168.6,0.620081
sarp-16-8-A-9,,,,,,,,,,,,,,,,,,,16,8,2,100.062,21.001,86.158,6,0.05,34.905,Optimal,34.905,34.905,-2.03565e-14,65.157,4.1122,0.426944,168.6,0.620081
sarp-16-8-A-9,,,,,,,,,,,,,,,,,,,16,8,2,100.062,21.001,86.158,6,0.05,34.905,Optimal,34.905,34.905,-2.03565e-14,65.157,4.1122,0.426944,168.6,0.620081
sarp-16-8-A-10,,,,,,,,,,,,,,,,,,,16,8,5,101.259,62.006,113.252,6,0.07,50.013,Optimal,50.013,50.013,-1.42072e-14,51.246,4.38537,0.377414,179.8,0.540102
sarp-16-8-A-10,,,,,,,,,,,,,,,,,,,16,8,5,101.259,62.006,113.252,6,0.07,50.013,Optimal,50.013,50.013,-1.42072e-14,51.246,4.38537,0.377414,179.8,0.540102
sarp-16-8-A-10,,,,,,,,,,,,,,,,,,,16,8,5,101.259,62.006,113.252,6,0.07,50.013,Optimal,50.013,50.013,-1.42072e-14,51.246,4.38537,0.377414,179.8,0.540102
sarp-16-8-A-10,,,,,,,,,,,,,,,,,,,16,8,5,101.259,62.006,113.252,6,0.07,50.013,Optimal,50.013,50.013,-1.42072e-14,51.246,4.38537,0.377414,179.8,0.540102
sarp-16-8-A-10,,,,,,,,,,,,,,,,,,,16,8,5,101.259,62.006,113.252,6,0.07,50.013,Optimal,50.013,50.013,-1.42072e-14,51.246,4.38537,0.377414,179.8,0.540102
sarp-16-8-A-10,,,,,,,,,,,,,,,,,,,16,8,5,101.259,62.006,113.252,6,0.07,50.013,Optimal,50.013,50.013,-1.42072e-14,51.246,4.38537,0.377414,179.8,0.540102
sarp-16-8-A-10,,,,,,,,,,,,,,,,,,,16,8,5,101.259,62.006,113.252,6,0.07,50.013,Optimal,50.013,50.013,-1.42072e-14,51.246,4.38537,0.377414,179.8,0.540102
sarp-16-8-A-10,,,,,,,,,,,,,,,,,,,16,8,5,101.259,62.006,113.252,6,0.07,50.013,Optimal,50.013,50.013,-1.42072e-14,51.246,4.38537,0.377414,179.8,0.540102
sarp-16-8-A-10,,,,,,,,,,,,,,,,,,,16,8,5,101.259,62.006,113.252,6,0.07,50.013,Optimal,50.013,50.013,-1.42072e-14,51.246,4.38537,0.377414,179.8,0.540102
sarp-16-8-A-10,,,,,,,,,,,,,,,,,,,16,8,5,101.259,62.006,113.252,6,0.07,50.013,Optimal,50.013,50.013,-1.42072e-14,51.246,4.38537,0.377414,179.8,0.540102
sarp-16-8-A-10,,,,,,,,,,,,,,,,,,,16,8,5,101.259,62.006,113.252,6,0.07,50.013,Optimal,50.013,50.013,-1.42072e-14,51.246,4.38537,0.377414,179.8,0.540102
sarp-16-8-A-10,,,,,,,,,,,,,,,,,,,16,8,5,101.259,62.006,113.252,6,0.07,50.013,Optimal,50.013,50.013,-1.42072e-14,51.246,4.38537,0.377414,179.8,0.540102
sarp-16-8-A-10,,,,,,,,,,,,,,,,,,,16,8,5,101.259,62.006,113.252,6,0.07,50.013,Optimal,50.013,50.013,-1.42072e-14,51.246,4.38537,0.377414,179.8,0.540102
sarp-16-8-A-10,,,,,,,,,,,,,,,,,,,16,8,5,101.259,62.006,113.252,6,0.07,50.013,Optimal,50.013,50.013,-1.42072e-14,51.246,4.38537,0.377414,179.8,0.540102
sarp-16-8-A-10,,,,,,,,,,,,,,,,,,,16,8,5,101.259,62.006,113.252,6,0.07,50.013,Optimal,50.013,50.013,-1.42072e-14,51.246,4.38537,0.377414,179.8,0.540102
sarp-16-8-A-10,,,,,,,,,,,,,,,,,,,16,8,5,101.259,62.006,113.252,6,0.07,50.013,Optimal,50.013,50.013,-1.42072e-14,51.246,4.38537,0.377414,179.8,0.540102
sarp-16-8-A-10,,,,,,,,,,,,,,,,,,,16,8,5,101.259,62.006,113.252,6,0.07,50.013,Optimal,50.013,50.013,-1.42072e-14,51.246,4.38537,0.377414,179.8,0.540102
sarp-16-8-A-10,,,,,,,,,,,,,,,,,,,16,8,5,101.259,62.006,113.252,6,0.07,50.013,Optimal,50.013,50.013,-1.42072e-14,51.246,4.38537,0.377414,179.8,0.540102
sarp-16-8-A-10,,,,,,,,,,,,,,,,,,,16,8,5,101.259,62.006,113.252,6,0.07,50.013,Optimal,50.013,50.013,-1.42072e-14,51.246,4.38537,0.377414,179.8,0.540102
sarp-16-8-A-10,,,,,,,,,,,,,,,,,,,16,8,5,101.259,62.006,113.252,6,0.07,50.013,Optimal,50.013,50.013,-1.42072e-14,51.246,4.38537,0.377414,179.8,0.540102
sarp-16-8-A-10,,,,,,,,,,,,,,,,,,,16,8,5,101.259,62.006,113.252,6,0.07,50.013,Optimal,50.013,50.013,-1.42072e-14,51.246,4.38537,0.377414,179.8,0.540102
sarp-16-8-A-10,,,,,,,,,,,,,,,,,,,16,8,5,101.259,62.006,113.252,6,0.07,50.013,Optimal,50.013,50.013,-1.42072e-14,51.246,4.38537,0.377414,179.8,0.540102
sarp-16-8-A-10,,,,,,,,,,,,,,,,,,,16,8,5,101.259,62.006,113.252,6,0.07,50.013,Optimal,50.013,50.013,-1.42072e-14,51.246,4.38537,0.377414,179.8,0.540102
sarp-16-8-A-10,,,,,,,,,,,,,,,,,,,16,8,5,101.259,62.006,113.252,6,0.07,50.013,Optimal,50.013,50.013,-1.42072e-14,51.246,4.38537,0.377414,179.8,0.540102
sarp-16-8-A-10,,,,,,,,,,,,,,,,,,,16,8,5,101.259,62.006,113.252,6,0.07,50.013,Optimal,50.013,50.013,-1.42072e-14,51.246,4.38537,0.377414,179.8,0.540102
sarp-16-8-A-10,,,,,,,,,,,,,,,,,,,16,8,5,101.259,62.006,113.252,6,0.07,50.013,Optimal,50.013,50.013,-1.42072e-14,51.246,4.38537,0.377414,179.8,0.540102
sarp-16-8-A-10,,,,,,,,,,,,,,,,,,,16,8,5,101.259,62.006,113.252,6,0.07,50.013,Optimal,50.013,50.013,-1.42072e-14,51.246,4.38537,0.377414,179.8,0.540102
sarp-16-8-A-10,,,,,,,,,,,,,,,,,,,16,8,5,101.259,62.006,113.252,6,0.07,50.013,Optimal,50.013,50.013,-1.42072e-14,51.246,4.38537,0.377414,179.8,0.540102
sarp-16-8-B-9,,,,,,,,,,,,,,,,,,,16,8,6,116.706,77.113,130.962,6,0.08,62.857,Optimal,62.857,62.857,0.0,53.849,4.93415,0.3686,202.3,0.507654
sarp-16-8-B-9,,,,,,,,,,,,,,,,,,,16,8,6,116.706,77.113,130.962,6,0.08,62.857,Optimal,62.857,62.857,0.0,53.849,4.93415,0.3686,202.3,0.507654
sarp-16-8-B-9,,,,,,,,,,,,,,,,,,,16,8,6,116.706,77.113,130.962,6,0.08,62.857,Optimal,62.857,62.857,0.0,53.849,4.93415,0.3686,202.3,0.507654
sarp-16-8-B-9,,,,,,,,,,,,,,,,,,,16,8,6,116.706,77.113,130.962,6,0.08,62.857,Optimal,62.857,62.857,0.0,53.849,4.93415,0.3686,202.3,0.507654
sarp-16-8-B-9,,,,,,,,,,,,,,,,,,,16,8,6,116.706,77.113,130.962,6,0.08,62.857,Optimal,62.857,62.857,0.0,53.849,4.93415,0.3686,202.3,0.507654
sarp-16-8-B-9,,,,,,,,,,,,,,,,,,,16,8,6,116.706,77.113,130.962,6,0.08,62.857,Optimal,62.857,62.857,0.0,53.849,4.93415,0.3686,202.3,0.507654
sarp-16-8-B-9,,,,,,,,,,,,,,,,,,,16,8,6,116.706,77.113,130.962,6,0.08,62.857,Optimal,62.857,62.857,0.0,53.849,4.93415,0.3686,202.3,0.507654
sarp-16-8-B-9,,,,,,,,,,,,,,,,,,,16,8,6,116.706,77.113,130.962,6,0.08,62.857,Optimal,62.857,62.857,0.0,53.849,4.93415,0.3686,202.3,0.507654
sarp-16-8-B-9,,,,,,,,,,,,,,,,,,,16,8,6,116.706,77.113,130.962,6,0.08,62.857,Optimal,62.857,62.857,0.0,53.849,4.93415,0.3686,202.3,0.507654
sarp-16-8-B-9,,,,,,,,,,,,,,,,,,,16,8,6,116.706,77.113,130.962,6,0.08,62.857,Optimal,62.857,62.857,0.0,53.849,4.93415,0.3686,202.3,0.507654
sarp-16-8-B-9,,,,,,,,,,,,,,,,,,,16,8,6,116.706,77.113,130.962,6,0.08,62.857,Optimal,62.857,62.857,0.0,53.849,4.93415,0.3686,202.3,0.507654
sarp-16-8-B-9,,,,,,,,,,,,,,,,,,,16,8,6,116.706,77.113,130.962,6,0.08,62.857,Optimal,62.857,62.857,0.0,53.849,4.93415,0.3686,202.3,0.507654
sarp-16-8-B-9,,,,,,,,,,,,,,,,,,,16,8,6,116.706,77.113,130.962,6,0.08,62.857,Optimal,62.857,62.857,0.0,53.849,4.93415,0.3686,202.3,0.507654
sarp-16-8-B-9,,,,,,,,,,,,,,,,,,,16,8,6,116.706,77.113,130.962,6,0.08,62.857,Optimal,62.857,62.857,0.0,53.849,4.93415,0.3686,202.3,0.507654
sarp-16-8-B-9,,,,,,,,,,,,,,,,,,,16,8,6,116.706,77.113,130.962,6,0.08,62.857,Optimal,62.857,62.857,0.0,53.849,4.93415,0.3686,202.3,0.507654
sarp-16-8-B-9,,,,,,,,,,,,,,,,,,,16,8,6,116.706,77.113,130.962,6,0.08,62.857,Optimal,62.857,62.857,0.0,53.849,4.93415,0.3686,202.3,0.507654
sarp-16-8-B-9,,,,,,,,,,,,,,,,,,,16,8,6,116.706,77.113,130.962,6,0.08,62.857,Optimal,62.857,62.857,0.0,53.849,4.93415,0.3686,202.3,0.507654
sarp-16-8-B-9,,,,,,,,,,,,,,,,,,,16,8,6,116.706,77.113,130.962,6,0.08,62.857,Optimal,62.857,62.857,0.0,53.849,4.93415,0.3686,202.3,0.507654
sarp-16-8-B-9,,,,,,,,,,,,,,,,,,,16,8,6,116.706,77.113,130.962,6,0.08,62.857,Optimal,62.857,62.857,0.0,53.849,4.93415,0.3686,202.3,0.507654
sarp-16-8-B-9,,,,,,,,,,,,,,,,,,,16,8,6,116.706,77.113,130.962,6,0.08,62.857,Optimal,62.857,62.857,0.0,53.849,4.93415,0.3686,202.3,0.507654
sarp-16-8-B-9,,,,,,,,,,,,,,,,,,,16,8,6,116.706,77.113,130.962,6,0.08,62.857,Optimal,62.857,62.857,0.0,53.849,4.93415,0.3686,202.3,0.507654
sarp-16-8-B-9,,,,,,,,,,,,,,,,,,,16,8,6,116.706,77.113,130.962,6,0.08,62.857,Optimal,62.857,62.857,0.0,53.849,4.93415,0.3686,202.3,0.507654
sarp-16-8-B-9,,,,,,,,,,,,,,,,,,,16,8,6,116.706,77.113,130.962,6,0.08,62.857,Optimal,62.857,62.857,0.0,53.849,4.93415,0.3686,202.3,0.507654
sarp-16-8-B-9,,,,,,,,,,,,,,,,,,,16,8,6,116.706,77.113,130.962,6,0.08,62.857,Optimal,62.857,62.857,0.0,53.849,4.93415,0.3686,202.3,0.507654
sarp-16-8-B-9,,,,,,,,,,,,,,,,,,,16,8,6,116.706,77.113,130.962,6,0.08,62.857,Optimal,62.857,62.857,0.0,53.849,4.93415,0.3686,202.3,0.507654
sarp-16-8-B-9,,,,,,,,,,,,,,,,,,,16,8,6,116.706,77.113,130.962,6,0.08,62.857,Optimal,62.857,62.857,0.0,53.849,4.93415,0.3686,202.3,0.507654
sarp-16-8-B-9,,,,,,,,,,,,,,,,,,,16,8,6,116.706,77.113,130.962,6,0.08,62.857,Optimal,62.857,62.857,0.0,53.849,4.93415,0.3686,202.3,0.507654
sarp-16-8-B-9,,,,,,,,,,,,,,,,,,,16,8,6,116.706,77.113,130.962,6,0.08,62.857,Optimal,62.857,62.857,0.0,53.849,4.93415,0.3686,202.3,0.507654
sarp-16-8-B-10,,,,,,,,,,,,,,,,,,,16,8,5,131.412,63.749,118.726,6,0.08,76.435,Optimal,76.435,76.435,0.0,54.977,5.0122,0.379712,205.5,0.516721
sarp-16-8-B-10,,,,,,,,,,,,,,,,,,,16,8,5,131.412,63.749,118.726,6,0.08,76.435,Optimal,76.435,76.435,0.0,54.977,5.0122,0.379712,205.5,0.516721
sarp-16-8-B-10,,,,,,,,,,,,,,,,,,,16,8,5,131.412,63.749,118.726,6,0.08,76.435,Optimal,76.435,76.435,0.0,54.977,5.0122,0.379712,205.5,0.516721
sarp-16-8-B-10,,,,,,,,,,,,,,,,,,,16,8,5,131.412,63.749,118.726,6,0.08,76.435,Optimal,76.435,76.435,0.0,54.977,5.0122,0.379712,205.5,0.516721
sarp-16-8-B-10,,,,,,,,,,,,,,,,,,,16,8,5,131.412,63.749,118.726,6,0.08,76.435,Optimal,76.435,76.435,0.0,54.977,5.0122,0.379712,205.5,0.516721
sarp-16-8-B-10,,,,,,,,,,,,,,,,,,,16,8,5,131.412,63.749,118.726,6,0.08,76.435,Optimal,76.435,76.435,0.0,54.977,5.0122,0.379712,205.5,0.516721
sarp-16-8-B-10,,,,,,,,,,,,,,,,,,,16,8,5,131.412,63.749,118.726,6,0.08,76.435,Optimal,76.435,76.435,0.0,54.977,5.0122,0.379712,205.5,0.516721
sarp-16-8-B-10,,,,,,,,,,,,,,,,,,,16,8,5,131.412,63.749,118.726,6,0.08,76.435,Optimal,76.435,76.435,0.0,54.977,5.0122,0.379712,205.5,0.516721
sarp-16-8-B-10,,,,,,,,,,,,,,,,,,,16,8,5,131.412,63.749,118.726,6,0.08,76.435,Optimal,76.435,76.435,0.0,54.977,5.0122,0.379712,205.5,0.516721
sarp-16-8-B-10,,,,,,,,,,,,,,,,,,,16,8,5,131.412,63.749,118.726,6,0.08,76.435,Optimal,76.435,76.435,0.0,54.977,5.0122,0.379712,205.5,0.516721
sarp-16-8-B-10,,,,,,,,,,,,,,,,,,,16,8,5,131.412,63.749,118.726,6,0.08,76.435,Optimal,76.435,76.435,0.0,54.977,5.0122,0.379712,205.5,0.516721
sarp-16-8-B-10,,,,,,,,,,,,,,,,,,,16,8,5,131.412,63.749,118.726,6,0.08,76.435,Optimal,76.435,76.435,0.0,54.977,5.0122,0.379712,205.5,0.516721
sarp-16-8-B-10,,,,,,,,,,,,,,,,,,,16,8,5,131.412,63.749,118.726,6,0.08,76.435,Optimal,76.435,76.435,0.0,54.977,5.0122,0.379712,205.5,0.516721
sarp-16-8-B-10,,,,,,,,,,,,,,,,,,,16,8,5,131.412,63.749,118.726,6,0.08,76.435,Optimal,76.435,76.435,0.0,54.977,5.0122,0.379712,205.5,0.516721
sarp-16-8-B-10,,,,,,,,,,,,,,,,,,,16,8,5,131.412,63.749,118.726,6,0.08,76.435,Optimal,76.435,76.435,0.0,54.977,5.0122,0.379712,205.5,0.516721
sarp-16-8-B-10,,,,,,,,,,,,,,,,,,,16,8,5,131.412,63.749,118.726,6,0.08,76.435,Optimal,76.435,76.435,0.0,54.977,5.0122,0.379712,205.5,0.516721
sarp-16-8-B-10,,,,,,,,,,,,,,,,,,,16,8,5,131.412,63.749,118.726,6,0.08,76.435,Optimal,76.435,76.435,0.0,54.977,5.0122,0.379712,205.5,0.516721
sarp-16-8-B-10,,,,,,,,,,,,,,,,,,,16,8,5,131.412,63.749,118.726,6,0.08,76.435,Optimal,76.435,76.435,0.0,54.977,5.0122,0.379712,205.5,0.516721
sarp-16-8-B-10,,,,,,,,,,,,,,,,,,,16,8,5,131.412,63.749,118.726,6,0.08,76.435,Optimal,76.435,76.435,0.0,54.977,5.0122,0.379712,205.5,0.516721
sarp-16-8-B-10,,,,,,,,,,,,,,,,,,,16,8,5,131.412,63.749,118.726,6,0.08,76.435,Optimal,76.435,76.435,0.0,54.977,5.0122,0.379712,205.5,0.516721
sarp-16-8-B-10,,,,,,,,,,,,,,,,,,,16,8,5,131.412,63.749,118.726,6,0.08,76.435,Optimal,76.435,76.435,0.0,54.977,5.0122,0.379712,205.5,0.516721
sarp-16-8-B-10,,,,,,,,,,,,,,,,,,,16,8,5,131.412,63.749,118.726,6,0.08,76.435,Optimal,76.435,76.435,0.0,54.977,5.0122,0.379712,205.5,0.516721
sarp-16-8-B-10,,,,,,,,,,,,,,,,,,,16,8,5,131.412,63.749,118.726,6,0.08,76.435,Optimal,76.435,76.435,0.0,54.977,5.0122,0.379712,205.5,0.516721
sarp-16-8-B-10,,,,,,,,,,,,,,,,,,,16,8,5,131.412,63.749,118.726,6,0.08,76.435,Optimal,76.435,76.435,0.0,54.977,5.0122,0.379712,205.5,0.516721
sarp-16-8-B-10,,,,,,,,,,,,,,,,,,,16,8,5,131.412,63.749,118.726,6,0.08,76.435,Optimal,76.435,76.435,0.0,54.977,5.0122,0.379712,205.5,0.516721
sarp-16-8-B-10,,,,,,,,,,,,,,,,,,,16,8,5,131.412,63.749,118.726,6,0.08,76.435,Optimal,76.435,76.435,0.0,54.977,5.0122,0.379712,205.5,0.516721
sarp-16-8-B-10,,,,,,,,,,,,,,,,,,,16,8,5,131.412,63.749,118.726,6,0.08,76.435,Optimal,76.435,76.435,0.0,54.977,5.0122,0.379712,205.5,0.516721
sarp-16-8-B-10,,,,,,,,,,,,,,,,,,,16,8,5,131.412,63.749,118.726,6,0.08,76.435,Optimal,76.435,76.435,0.0,54.977,5.0122,0.379712,205.5,0.516721
sarp-16-8-C-9,,,,,,,,,,,,,,,,,,,16,8,6,304.122,169.907,203.78,6,0.05,270.249,Optimal,270.249,270.249,0.0,33.873,6.3,0.24934,258.3,0.291667
sarp-16-8-C-9,,,,,,,,,,,,,,,,,,,16,8,6,304.122,169.907,203.78,6,0.05,270.249,Optimal,270.249,270.249,0.0,33.873,6.3,0.24934,258.3,0.291667
sarp-16-8-C-9,,,,,,,,,,,,,,,,,,,16,8,6,304.122,169.907,203.78,6,0.05,270.249,Optimal,270.249,270.249,0.0,33.873,6.3,0.24934,258.3,0.291667
sarp-16-8-C-9,,,,,,,,,,,,,,,,,,,16,8,6,304.122,169.907,203.78,6,0.05,270.249,Optimal,270.249,270.249,0.0,33.873,6.3,0.24934,258.3,0.291667
sarp-16-8-C-9,,,,,,,,,,,,,,,,,,,16,8,6,304.122,169.907,203.78,6,0.05,270.249,Optimal,270.249,270.249,0.0,33.873,6.3,0.24934,258.3,0.291667
sarp-16-8-C-9,,,,,,,,,,,,,,,,,,,16,8,6,304.122,169.907,203.78,6,0.05,270.249,Optimal,270.249,270.249,0.0,33.873,6.3,0.24934,258.3,0.291667
sarp-16-8-C-9,,,,,,,,,,,,,,,,,,,16,8,6,304.122,169.907,203.78,6,0.05,270.249,Optimal,270.249,270.249,0.0,33.873,6.3,0.24934,258.3,0.291667
sarp-16-8-C-9,,,,,,,,,,,,,,,,,,,16,8,6,304.122,169.907,203.78,6,0.05,270.249,Optimal,270.249,270.249,0.0,33.873,6.3,0.24934,258.3,0.291667
sarp-16-8-C-9,,,,,,,,,,,,,,,,,,,16,8,6,304.122,169.907,203.78,6,0.05,270.249,Optimal,270.249,270.249,0.0,33.873,6.3,0.24934,258.3,0.291667
sarp-16-8-C-9,,,,,,,,,,,,,,,,,,,16,8,6,304.122,169.907,203.78,6,0.05,270.249,Optimal,270.249,270.249,0.0,33.873,6.3,0.24934,258.3,0.291667
sarp-16-8-C-9,,,,,,,,,,,,,,,,,,,16,8,6,304.122,169.907,203.78,6,0.05,270.249,Optimal,270.249,270.249,0.0,33.873,6.3,0.24934,258.3,0.291667
sarp-16-8-C-9,,,,,,,,,,,,,,,,,,,16,8,6,304.122,169.907,203.78,6,0.05,270.249,Optimal,270.249,270.249,0.0,33.873,6.3,0.24934,258.3,0.291667
sarp-16-8-C-9,,,,,,,,,,,,,,,,,,,16,8,6,304.122,169.907,203.78,6,0.05,270.249,Optimal,270.249,270.249,0.0,33.873,6.3,0.24934,258.3,0.291667
sarp-16-8-C-9,,,,,,,,,,,,,,,,,,,16,8,6,304.122,169.907,203.78,6,0.05,270.249,Optimal,270.249,270.249,0.0,33.873,6.3,0.24934,258.3,0.291667
sarp-16-8-C-9,,,,,,,,,,,,,,,,,,,16,8,6,304.122,169.907,203.78,6,0.05,270.249,Optimal,270.249,270.249,0.0,33.873,6.3,0.24934,258.3,0.291667
sarp-16-8-C-9,,,,,,,,,,,,,,,,,,,16,8,6,304.122,169.907,203.78,6,0.05,270.249,Optimal,270.249,270.249,0.0,33.873,6.3,0.24934,258.3,0.291667
sarp-16-8-C-9,,,,,,,,,,,,,,,,,,,16,8,6,304.122,169.907,203.78,6,0.05,270.249,Optimal,270.249,270.249,0.0,33.873,6.3,0.24934,258.3,0.291667
sarp-16-8-C-9,,,,,,,,,,,,,,,,,,,16,8,6,304.122,169.907,203.78,6,0.05,270.249,Optimal,270.249,270.249,0.0,33.873,6.3,0.24934,258.3,0.291667
sarp-16-8-C-9,,,,,,,,,,,,,,,,,,,16,8,6,304.122,169.907,203.78,6,0.05,270.249,Optimal,270.249,270.249,0.0,33.873,6.3,0.24934,258.3,0.291667
sarp-16-8-C-9,,,,,,,,,,,,,,,,,,,16,8,6,304.122,169.907,203.78,6,0.05,270.249,Optimal,270.249,270.249,0.0,33.873,6.3,0.24934,258.3,0.291667
sarp-16-8-C-9,,,,,,,,,,,,,,,,,,,16,8,6,304.122,169.907,203.78,6,0.05,270.249,Optimal,270.249,270.249,0.0,33.873,6.3,0.24934,258.3,0.291667
sarp-16-8-C-9,,,,,,,,,,,,,,,,,,,16,8,6,304.122,169.907,203.78,6,0.05,270.249,Optimal,270.249,270.249,0.0,33.873,6.3,0.24934,258.3,0.291667
sarp-16-8-C-9,,,,,,,,,,,,,,,,,,,16,8,6,304.122,169.907,203.78,6,0.05,270.249,Optimal,270.249,270.249,0.0,33.873,6.3,0.24934,258.3,0.291667
sarp-16-8-C-9,,,,,,,,,,,,,,,,,,,16,8,6,304.122,169.907,203.78,6,0.05,270.249,Optimal,270.249,270.249,0.0,33.873,6.3,0.24934,258.3,0.291667
sarp-16-8-C-9,,,,,,,,,,,,,,,,,,,16,8,6,304.122,169.907,203.78,6,0.05,270.249,Optimal,270.249,270.249,0.0,33.873,6.3,0.24934,258.3,0.291667
sarp-16-8-C-9,,,,,,,,,,,,,,,,,,,16,8,6,304.122,169.907,203.78,6,0.05,270.249,Optimal,270.249,270.249,0.0,33.873,6.3,0.24934,258.3,0.291667
sarp-16-8-C-9,,,,,,,,,,,,,,,,,,,16,8,6,304.122,169.907,203.78,6,0.05,270.249,Optimal,270.249,270.249,0.0,33.873,6.3,0.24934,258.3,0.291667
sarp-16-8-C-9,,,,,,,,,,,,,,,,,,,16,8,6,304.122,169.907,203.78,6,0.05,270.249,Optimal,270.249,270.249,0.0,33.873,6.3,0.24934,258.3,0.291667
sarp-16-8-C-10,,,,,,,,,,,,,,,,,,,16,8,6,268.155,128.324,186.392,6,0.05,210.087,Optimal,210.087,210.087,0.0,58.068,6.10488,0.267691,250.3,0.318975
sarp-16-8-C-10,,,,,,,,,,,,,,,,,,,16,8,6,268.155,128.324,186.392,6,0.05,210.087,Optimal,210.087,210.087,0.0,58.068,6.10488,0.267691,250.3,0.318975
sarp-16-8-C-10,,,,,,,,,,,,,,,,,,,16,8,6,268.155,128.324,186.392,6,0.05,210.087,Optimal,210.087,210.087,0.0,58.068,6.10488,0.267691,250.3,0.318975
sarp-16-8-C-10,,,,,,,,,,,,,,,,,,,16,8,6,268.155,128.324,186.392,6,0.05,210.087,Optimal,210.087,210.087,0.0,58.068,6.10488,0.267691,250.3,0.318975
sarp-16-8-C-10,,,,,,,,,,,,,,,,,,,16,8,6,268.155,128.324,186.392,6,0.05,210.087,Optimal,210.087,210.087,0.0,58.068,6.10488,0.267691,250.3,0.318975
sarp-16-8-C-10,,,,,,,,,,,,,,,,,,,16,8,6,268.155,128.324,186.392,6,0.05,210.087,Optimal,210.087,210.087,0.0,58.068,6.10488,0.267691,250.3,0.318975
sarp-16-8-C-10,,,,,,,,,,,,,,,,,,,16,8,6,268.155,128.324,186.392,6,0.05,210.087,Optimal,210.087,210.087,0.0,58.068,6.10488,0.267691,250.3,0.318975
sarp-16-8-C-10,,,,,,,,,,,,,,,,,,,16,8,6,268.155,128.324,186.392,6,0.05,210.087,Optimal,210.087,210.087,0.0,58.068,6.10488,0.267691,250.3,0.318975
sarp-16-8-C-10,,,,,,,,,,,,,,,,,,,16,8,6,268.155,128.324,186.392,6,0.05,210.087,Optimal,210.087,210.087,0.0,58.068,6.10488,0.267691,250.3,0.318975
sarp-16-8-C-10,,,,,,,,,,,,,,,,,,,16,8,6,268.155,128.324,186.392,6,0.05,210.087,Optimal,210.087,210.087,0.0,58.068,6.10488,0.267691,250.3,0.318975
sarp-16-8-C-10,,,,,,,,,,,,,,,,,,,16,8,6,268.155,128.324,186.392,6,0.05,210.087,Optimal,210.087,210.087,0.0,58.068,6.10488,0.267691,250.3,0.318975
sarp-16-8-C-10,,,,,,,,,,,,,,,,,,,16,8,6,268.155,128.324,186.392,6,0.05,210.087,Optimal,210.087,210.087,0.0,58.068,6.10488,0.267691,250.3,0.318975
sarp-16-8-C-10,,,,,,,,,,,,,,,,,,,16,8,6,268.155,128.324,186.392,6,0.05,210.087,Optimal,210.087,210.087,0.0,58.068,6.10488,0.267691,250.3,0.318975
sarp-16-8-C-10,,,,,,,,,,,,,,,,,,,16,8,6,268.155,128.324,186.392,6,0.05,210.087,Optimal,210.087,210.087,0.0,58.068,6.10488,0.267691,250.3,0.318975
sarp-16-8-C-10,,,,,,,,,,,,,,,,,,,16,8,6,268.155,128.324,186.392,6,0.05,210.087,Optimal,210.087,210.087,0.0,58.068,6.10488,0.267691,250.3,0.318975
sarp-16-8-C-10,,,,,,,,,,,,,,,,,,,16,8,6,268.155,128.324,186.392,6,0.05,210.087,Optimal,210.087,210.087,0.0,58.068,6.10488,0.267691,250.3,0.318975
sarp-16-8-C-10,,,,,,,,,,,,,,,,,,,16,8,6,268.155,128.324,186.392,6,0.05,210.087,Optimal,210.087,210.087,0.0,58.068,6.10488,0.267691,250.3,0.318975
sarp-16-8-C-10,,,,,,,,,,,,,,,,,,,16,8,6,268.155,128.324,186.392,6,0.05,210.087,Optimal,210.087,210.087,0.0,58.068,6.10488,0.267691,250.3,0.318975
sarp-16-8-C-10,,,,,,,,,,,,,,,,,,,16,8,6,268.155,128.324,186.392,6,0.05,210.087,Optimal,210.087,210.087,0.0,58.068,6.10488,0.267691,250.3,0.318975
sarp-16-8-C-10,,,,,,,,,,,,,,,,,,,16,8,6,268.155,128.324,186.392,6,0.05,210.087,Optimal,210.087,210.087,0.0,58.068,6.10488,0.267691,250.3,0.318975
sarp-16-8-C-10,,,,,,,,,,,,,,,,,,,16,8,6,268.155,128.324,186.392,6,0.05,210.087,Optimal,210.087,210.087,0.0,58.068,6.10488,0.267691,250.3,0.318975
sarp-16-8-C-10,,,,,,,,,,,,,,,,,,,16,8,6,268.155,128.324,186.392,6,0.05,210.087,Optimal,210.087,210.087,0.0,58.068,6.10488,0.267691,250.3,0.318975
sarp-16-8-C-10,,,,,,,,,,,,,,,,,,,16,8,6,268.155,128.324,186.392,6,0.05,210.087,Optimal,210.087,210.087,0.0,58.068,6.10488,0.267691,250.3,0.318975
sarp-16-8-C-10,,,,,,,,,,,,,,,,,,,16,8,6,268.155,128.324,186.392,6,0.05,210.087,Optimal,210.087,210.087,0.0,58.068,6.10488,0.267691,250.3,0.318975
sarp-16-8-C-10,,,,,,,,,,,,,,,,,,,16,8,6,268.155,128.324,186.392,6,0.05,210.087,Optimal,210.087,210.087,0.0,58.068,6.10488,0.267691,250.3,0.318975
sarp-16-8-C-10,,,,,,,,,,,,,,,,,,,16,8,6,268.155,128.324,186.392,6,0.05,210.087,Optimal,210.087,210.087,0.0,58.068,6.10488,0.267691,250.3,0.318975
sarp-16-8-C-10,,,,,,,,,,,,,,,,,,,16,8,6,268.155,128.324,186.392,6,0.05,210.087,Optimal,210.087,210.087,0.0,58.068,6.10488,0.267691,250.3,0.318975
sarp-16-8-C-10,,,,,,,,,,,,,,,,,,,16,8,6,268.155,128.324,186.392,6,0.05,210.087,Optimal,210.087,210.087,0.0,58.068,6.10488,0.267691,250.3,0.318975
sarp-20-10-A-9,,,,,,,,,,,,,,,,,,,20,10,5,107.607,41.92,137.586,6,0.21,11.941,Optimal,11.941,11.941,-8.92567e-14,95.666,6.51707,0.490245,267.2,0.714057
sarp-20-10-A-9,,,,,,,,,,,,,,,,,,,20,10,5,107.607,41.92,137.586,6,0.21,11.941,Optimal,11.941,11.941,-8.92567e-14,95.666,6.51707,0.490245,267.2,0.714057
sarp-20-10-A-9,,,,,,,,,,,,,,,,,,,20,10,5,107.607,41.92,137.586,6,0.21,11.941,Optimal,11.941,11.941,-8.92567e-14,95.666,6.51707,0.490245,267.2,0.714057
sarp-20-10-A-9,,,,,,,,,,,,,,,,,,,20,10,5,107.607,41.92,137.586,6,0.21,11.941,Optimal,11.941,11.941,-8.92567e-14,95.666,6.51707,0.490245,267.2,0.714057
sarp-20-10-A-9,,,,,,,,,,,,,,,,,,,20,10,5,107.607,41.92,137.586,6,0.21,11.941,Optimal,11.941,11.941,-8.92567e-14,95.666,6.51707,0.490245,267.2,0.714057
sarp-20-10-A-9,,,,,,,,,,,,,,,,,,,20,10,5,107.607,41.92,137.586,6,0.21,11.941,Optimal,11.941,11.941,-8.92567e-14,95.666,6.51707,0.490245,267.2,0.714057
sarp-20-10-A-9,,,,,,,,,,,,,,,,,,,20,10,5,107.607,41.92,137.586,6,0.21,11.941,Optimal,11.941,11.941,-8.92567e-14,95.666,6.51707,0.490245,267.2,0.714057
sarp-20-10-A-9,,,,,,,,,,,,,,,,,,,20,10,5,107.607,41.92,137.586,6,0.21,11.941,Optimal,11.941,11.941,-8.92567e-14,95.666,6.51707,0.490245,267.2,0.714057
sarp-20-10-A-9,,,,,,,,,,,,,,,,,,,20,10,5,107.607,41.92,137.586,6,0.21,11.941,Optimal,11.941,11.941,-8.92567e-14,95.666,6.51707,0.490245,267.2,0.714057
sarp-20-10-A-9,,,,,,,,,,,,,,,,,,,20,10,5,107.607,41.92,137.586,6,0.21,11.941,Optimal,11.941,11.941,-8.92567e-14,95.666,6.51707,0.490245,267.2,0.714057
sarp-20-10-A-9,,,,,,,,,,,,,,,,,,,20,10,5,107.607,41.92,137.586,6,0.21,11.941,Optimal,11.941,11.941,-8.92567e-14,95.666,6.51707,0.490245,267.2,0.714057
sarp-20-10-A-9,,,,,,,,,,,,,,,,,,,20,10,5,107.607,41.92,137.586,6,0.21,11.941,Optimal,11.941,11.941,-8.92567e-14,95.666,6.51707,0.490245,267.2,0.714057
sarp-20-10-A-9,,,,,,,,,,,,,,,,,,,20,10,5,107.607,41.92,137.586,6,0.21,11.941,Optimal,11.941,11.941,-8.92567e-14,95.666,6.51707,0.490245,267.2,0.714057
sarp-20-10-A-9,,,,,,,,,,,,,,,,,,,20,10,5,107.607,41.92,137.586,6,0.21,11.941,Optimal,11.941,11.941,-8.92567e-14,95.666,6.51707,0.490245,267.2,0.714057
sarp-20-10-A-9,,,,,,,,,,,,,,,,,,,20,10,5,107.607,41.92,137.586,6,0.21,11.941,Optimal,11.941,11.941,-8.92567e-14,95.666,6.51707,0.490245,267.2,0.714057
sarp-20-10-A-9,,,,,,,,,,,,,,,,,,,20,10,5,107.607,41.92,137.586,6,0.21,11.941,Optimal,11.941,11.941,-8.92567e-14,95.666,6.51707,0.490245,267.2,0.714057
sarp-20-10-A-9,,,,,,,,,,,,,,,,,,,20,10,5,107.607,41.92,137.586,6,0.21,11.941,Optimal,11.941,11.941,-8.92567e-14,95.666,6.51707,0.490245,267.2,0.714057
sarp-20-10-A-9,,,,,,,,,,,,,,,,,,,20,10,5,107.607,41.92,137.586,6,0.21,11.941,Optimal,11.941,11.941,-8.92567e-14,95.666,6.51707,0.490245,267.2,0.714057
sarp-20-10-A-9,,,,,,,,,,,,,,,,,,,20,10,5,107.607,41.92,137.586,6,0.21,11.941,Optimal,11.941,11.941,-8.92567e-14,95.666,6.51707,0.490245,267.2,0.714057
sarp-20-10-A-9,,,,,,,,,,,,,,,,,,,20,10,5,107.607,41.92,137.586,6,0.21,11.941,Optimal,11.941,11.941,-8.92567e-14,95.666,6.51707,0.490245,267.2,0.714057
sarp-20-10-A-9,,,,,,,,,,,,,,,,,,,20,10,5,107.607,41.92,137.586,6,0.21,11.941,Optimal,11.941,11.941,-8.92567e-14,95.666,6.51707,0.490245,267.2,0.714057
sarp-20-10-A-9,,,,,,,,,,,,,,,,,,,20,10,5,107.607,41.92,137.586,6,0.21,11.941,Optimal,11.941,11.941,-8.92567e-14,95.666,6.51707,0.490245,267.2,0.714057
sarp-20-10-A-9,,,,,,,,,,,,,,,,,,,20,10,5,107.607,41.92,137.586,6,0.21,11.941,Optimal,11.941,11.941,-8.92567e-14,95.666,6.51707,0.490245,267.2,0.714057
sarp-20-10-A-9,,,,,,,,,,,,,,,,,,,20,10,5,107.607,41.92,137.586,6,0.21,11.941,Optimal,11.941,11.941,-8.92567e-14,95.666,6.51707,0.490245,267.2,0.714057
sarp-20-10-A-9,,,,,,,,,,,,,,,,,,,20,10,5,107.607,41.92,137.586,6,0.21,11.941,Optimal,11.941,11.941,-8.92567e-14,95.666,6.51707,0.490245,267.2,0.714057
sarp-20-10-A-9,,,,,,,,,,,,,,,,,,,20,10,5,107.607,41.92,137.586,6,0.21,11.941,Optimal,11.941,11.941,-8.92567e-14,95.666,6.51707,0.490245,267.2,0.714057
sarp-20-10-A-9,,,,,,,,,,,,,,,,,,,20,10,5,107.607,41.92,137.586,6,0.21,11.941,Optimal,11.941,11.941,-8.92567e-14,95.666,6.51707,0.490245,267.2,0.714057
sarp-20-10-A-9,,,,,,,,,,,,,,,,,,,20,10,5,107.607,41.92,137.586,6,0.21,11.941,Optimal,11.941,11.941,-8.92567e-14,95.666,6.51707,0.490245,267.2,0.714057
sarp-20-10-B-9,,,,,,,,,,,,,,,,,,,20,10,5,138.444,74.456,136.712,6,0.57,76.188,Optimal,76.188,76.188,0.0,62.256,5.1878,0.356142,212.7,0.498827
sarp-20-10-B-9,,,,,,,,,,,,,,,,,,,20,10,5,138.444,74.456,136.712,6,0.57,76.188,Optimal,76.188,76.188,0.0,62.256,5.1878,0.356142,212.7,0.498827
sarp-20-10-B-9,,,,,,,,,,,,,,,,,,,20,10,5,138.444,74.456,136.712,6,0.57,76.188,Optimal,76.188,76.188,0.0,62.256,5.1878,0.356142,212.7,0.498827
sarp-20-10-B-9,,,,,,,,,,,,,,,,,,,20,10,5,138.444,74.456,136.712,6,0.57,76.188,Optimal,76.188,76.188,0.0,62.256,5.1878,0.356142,212.7,0.498827
sarp-20-10-B-9,,,,,,,,,,,,,,,,,,,20,10,5,138.444,74.456,136.712,6,0.57,76.188,Optimal,76.188,76.188,0.0,62.256,5.1878,0.356142,212.7,0.498827
sarp-20-10-B-9,,,,,,,,,,,,,,,,,,,20,10,5,138.444,74.456,136.712,6,0.57,76.188,Optimal,76.188,76.188,0.0,62.256,5.1878,0.356142,212.7,0.498827
sarp-20-10-B-9,,,,,,,,,,,,,,,,,,,20,10,5,138.444,74.456,136.712,6,0.57,76.188,Optimal,76.188,76.188,0.0,62.256,5.1878,0.356142,212.7,0.498827
sarp-20-10-B-9,,,,,,,,,,,,,,,,,,,20,10,5,138.444,74.456,136.712,6,0.57,76.188,Optimal,76.188,76.188,0.0,62.256,5.1878,0.356142,212.7,0.498827
sarp-20-10-B-9,,,,,,,,,,,,,,,,,,,20,10,5,138.444,74.456,136.712,6,0.57,76.188,Optimal,76.188,76.188,0.0,62.256,5.1878,0.356142,212.7,0.498827
sarp-20-10-B-9,,,,,,,,,,,,,,,,,,,20,10,5,138.444,74.456,136.712,6,0.57,76.188,Optimal,76.188,76.188,0.0,62.256,5.1878,0.356142,212.7,0.498827
sarp-20-10-B-9,,,,,,,,,,,,,,,,,,,20,10,5,138.444,74.456,136.712,6,0.57,76.188,Optimal,76.188,76.188,0.0,62.256,5.1878,0.356142,212.7,0.498827
sarp-20-10-B-9,,,,,,,,,,,,,,,,,,,20,10,5,138.444,74.456,136.712,6,0.57,76.188,Optimal,76.188,76.188,0.0,62.256,5.1878,0.356142,212.7,0.498827
sarp-20-10-B-9,,,,,,,,,,,,,,,,,,,20,10,5,138.444,74.456,136.712,6,0.57,76.188,Optimal,76.188,76.188,0.0,62.256,5.1878,0.356142,212.7,0.498827
sarp-20-10-B-9,,,,,,,,,,,,,,,,,,,20,10,5,138.444,74.456,136.712,6,0.57,76.188,Optimal,76.188,76.188,0.0,62.256,5.1878,0.356142,212.7,0.498827
sarp-20-10-B-9,,,,,,,,,,,,,,,,,,,20,10,5,138.444,74.456,136.712,6,0.57,76.188,Optimal,76.188,76.188,0.0,62.256,5.1878,0.356142,212.7,0.498827
sarp-20-10-B-9,,,,,,,,,,,,,,,,,,,20,10,5,138.444,74.456,136.712,6,0.57,76.188,Optimal,76.188,76.188,0.0,62.256,5.1878,0.356142,212.7,0.498827
sarp-20-10-B-9,,,,,,,,,,,,,,,,,,,20,10,5,138.444,74.456,136.712,6,0.57,76.188,Optimal,76.188,76.188,0.0,62.256,5.1878,0.356142,212.7,0.498827
sarp-20-10-B-9,,,,,,,,,,,,,,,,,,,20,10,5,138.444,74.456,136.712,6,0.57,76.188,Optimal,76.188,76.188,0.0,62.256,5.1878,0.356142,212.7,0.498827
sarp-20-10-B-9,,,,,,,,,,,,,,,,,,,20,10,5,138.444,74.456,136.712,6,0.57,76.188,Optimal,76.188,76.188,0.0,62.256,5.1878,0.356142,212.7,0.498827
sarp-20-10-B-9,,,,,,,,,,,,,,,,,,,20,10,5,138.444,74.456,136.712,6,0.57,76.188,Optimal,76.188,76.188,0.0,62.256,5.1878,0.356142,212.7,0.498827
sarp-20-10-B-9,,,,,,,,,,,,,,,,,,,20,10,5,138.444,74.456,136.712,6,0.57,76.188,Optimal,76.188,76.188,0.0,62.256,5.1878,0.356142,212.7,0.498827
sarp-20-10-B-9,,,,,,,,,,,,,,,,,,,20,10,5,138.444,74.456,136.712,6,0.57,76.188,Optimal,76.188,76.188,0.0,62.256,5.1878,0.356142,212.7,0.498827
sarp-20-10-B-9,,,,,,,,,,,,,,,,,,,20,10,5,138.444,74.456,136.712,6,0.57,76.188,Optimal,76.188,76.188,0.0,62.256,5.1878,0.356142,212.7,0.498827
sarp-20-10-B-9,,,,,,,,,,,,,,,,,,,20,10,5,138.444,74.456,136.712,6,0.57,76.188,Optimal,76.188,76.188,0.0,62.256,5.1878,0.356142,212.7,0.498827
sarp-20-10-B-9,,,,,,,,,,,,,,,,,,,20,10,5,138.444,74.456,136.712,6,0.57,76.188,Optimal,76.188,76.188,0.0,62.256,5.1878,0.356142,212.7,0.498827
sarp-20-10-B-9,,,,,,,,,,,,,,,,,,,20,10,5,138.444,74.456,136.712,6,0.57,76.188,Optimal,76.188,76.188,0.0,62.256,5.1878,0.356142,212.7,0.498827
sarp-20-10-B-9,,,,,,,,,,,,,,,,,,,20,10,5,138.444,74.456,136.712,6,0.57,76.188,Optimal,76.188,76.188,0.0,62.256,5.1878,0.356142,212.7,0.498827
sarp-20-10-B-9,,,,,,,,,,,,,,,,,,,20,10,5,138.444,74.456,136.712,6,0.57,76.188,Optimal,76.188,76.188,0.0,62.256,5.1878,0.356142,212.7,0.498827
sarp-20-10-C-9,,,,,,,,,,,,,,,,,,,20,10,8,364.449,201.117,243.892,7,0.27,321.674,Optimal,321.674,321.674,-1.76711e-14,42.775,7.91951,0.260336,324.7,0.30751
sarp-20-10-C-9,,,,,,,,,,,,,,,,,,,20,10,8,364.449,201.117,243.892,7,0.27,321.674,Optimal,321.674,321.674,-1.76711e-14,42.775,7.91951,0.260336,324.7,0.30751
sarp-20-10-C-9,,,,,,,,,,,,,,,,,,,20,10,8,364.449,201.117,243.892,7,0.27,321.674,Optimal,321.674,321.674,-1.76711e-14,42.775,7.91951,0.260336,324.7,0.30751
sarp-20-10-C-9,,,,,,,,,,,,,,,,,,,20,10,8,364.449,201.117,243.892,7,0.27,321.674,Optimal,321.674,321.674,-1.76711e-14,42.775,7.91951,0.260336,324.7,0.30751
sarp-20-10-C-9,,,,,,,,,,,,,,,,,,,20,10,8,364.449,201.117,243.892,7,0.27,321.674,Optimal,321.674,321.674,-1.76711e-14,42.775,7.91951,0.260336,324.7,0.30751
sarp-20-10-C-9,,,,,,,,,,,,,,,,,,,20,10,8,364.449,201.117,243.892,7,0.27,321.674,Optimal,321.674,321.674,-1.76711e-14,42.775,7.91951,0.260336,324.7,0.30751
sarp-20-10-C-9,,,,,,,,,,,,,,,,,,,20,10,8,364.449,201.117,243.892,7,0.27,321.674,Optimal,321.674,321.674,-1.76711e-14,42.775,7.91951,0.260336,324.7,0.30751
sarp-20-10-C-9,,,,,,,,,,,,,,,,,,,20,10,8,364.449,201.117,243.892,7,0.27,321.674,Optimal,321.674,321.674,-1.76711e-14,42.775,7.91951,0.260336,324.7,0.30751
sarp-20-10-C-9,,,,,,,,,,,,,,,,,,,20,10,8,364.449,201.117,243.892,7,0.27,321.674,Optimal,321.674,321.674,-1.76711e-14,42.775,7.91951,0.260336,324.7,0.30751
sarp-20-10-C-9,,,,,,,,,,,,,,,,,,,20,10,8,364.449,201.117,243.892,7,0.27,321.674,Optimal,321.674,321.674,-1.76711e-14,42.775,7.91951,0.260336,324.7,0.30751
sarp-20-10-C-9,,,,,,,,,,,,,,,,,,,20,10,8,364.449,201.117,243.892,7,0.27,321.674,Optimal,321.674,321.674,-1.76711e-14,42.775,7.91951,0.260336,324.7,0.30751
sarp-20-10-C-9,,,,,,,,,,,,,,,,,,,20,10,8,364.449,201.117,243.892,7,0.27,321.674,Optimal,321.674,321.674,-1.76711e-14,42.775,7.91951,0.260336,324.7,0.30751
sarp-20-10-C-9,,,,,,,,,,,,,,,,,,,20,10,8,364.449,201.117,243.892,7,0.27,321.674,Optimal,321.674,321.674,-1.76711e-14,42.775,7.91951,0.260336,324.7,0.30751
sarp-20-10-C-9,,,,,,,,,,,,,,,,,,,20,10,8,364.449,201.117,243.892,7,0.27,321.674,Optimal,321.674,321.674,-1.76711e-14,42.775,7.91951,0.260336,324.7,0.30751
sarp-20-10-C-9,,,,,,,,,,,,,,,,,,,20,10,8,364.449,201.117,243.892,7,0.27,321.674,Optimal,321.674,321.674,-1.76711e-14,42.775,7.91951,0.260336,324.7,0.30751
sarp-20-10-C-9,,,,,,,,,,,,,,,,,,,20,10,8,364.449,201.117,243.892,7,0.27,321.674,Optimal,321.674,321.674,-1.76711e-14,42.775,7.91951,0.260336,324.7,0.30751
sarp-20-10-C-9,,,,,,,,,,,,,,,,,,,20,10,8,364.449,201.117,243.892,7,0.27,321.674,Optimal,321.674,321.674,-1.76711e-14,42.775,7.91951,0.260336,324.7,0.30751
sarp-20-10-C-9,,,,,,,,,,,,,,,,,,,20,10,8,364.449,201.117,243.892,7,0.27,321.674,Optimal,321.674,321.674,-1.76711e-14,42.775,7.91951,0.260336,324.7,0.30751
sarp-20-10-C-9,,,,,,,,,,,,,,,,,,,20,10,8,364.449,201.117,243.892,7,0.27,321.674,Optimal,321.674,321.674,-1.76711e-14,42.775,7.91951,0.260336,324.7,0.30751
sarp-20-10-C-9,,,,,,,,,,,,,,,,,,,20,10,8,364.449,201.117,243.892,7,0.27,321.674,Optimal,321.674,321.674,-1.76711e-14,42.775,7.91951,0.260336,324.7,0.30751
sarp-20-10-C-9,,,,,,,,,,,,,,,,,,,20,10,8,364.449,201.117,243.892,7,0.27,321.674,Optimal,321.674,321.674,-1.76711e-14,42.775,7.91951,0.260336,324.7,0.30751
sarp-20-10-C-9,,,,,,,,,,,,,,,,,,,20,10,8,364.449,201.117,243.892,7,0.27,321.674,Optimal,321.674,321.674,-1.76711e-14,42.775,7.91951,0.260336,324.7,0.30751
sarp-20-10-C-9,,,,,,,,,,,,,,,,,,,20,10,8,364.449,201.117,243.892,7,0.27,321.674,Optimal,321.674,321.674,-1.76711e-14,42.775,7.91951,0.260336,324.7,0.30751
sarp-20-10-C-9,,,,,,,,,,,,,,,,,,,20,10,8,364.449,201.117,243.892,7,0.27,321.674,Optimal,321.674,321.674,-1.76711e-14,42.775,7.91951,0.260336,324.7,0.30751
sarp-20-10-C-9,,,,,,,,,,,,,,,,,,,20,10,8,364.449,201.117,243.892,7,0.27,321.674,Optimal,321.674,321.674,-1.76711e-14,42.775,7.91951,0.260336,324.7,0.30751
sarp-20-10-C-9,,,,,,,,,,,,,,,,,,,20,10,8,364.449,201.117,243.892,7,0.27,321.674,Optimal,321.674,321.674,-1.76711e-14,42.775,7.91951,0.260336,324.7,0.30751
sarp-20-10-C-9,,,,,,,,,,,,,,,,,,,20,10,8,364.449,201.117,243.892,7,0.27,321.674,Optimal,321.674,321.674,-1.76711e-14,42.775,7.91951,0.260336,324.7,0.30751
sarp-20-10-C-9,,,,,,,,,,,,,,,,,,,20,10,8,364.449,201.117,243.892,7,0.27,321.674,Optimal,321.674,321.674,-1.76711e-14,42.775,7.91951,0.260336,324.7,0.30751
sarp-20-10-A-10,,,,,,,,,,,,,,,,,,,20,10,4,118.95,32.872,141.174,6,0.26,10.648,Optimal,10.648,10.648,0.0,108.302,6.03415,0.43718,247.4,0.615576
sarp-20-10-A-10,,,,,,,,,,,,,,,,,,,20,10,4,118.95,32.872,141.174,6,0.26,10.648,Optimal,10.648,10.648,0.0,108.302,6.03415,0.43718,247.4,0.615576
sarp-20-10-A-10,,,,,,,,,,,,,,,,,,,20,10,4,118.95,32.872,141.174,6,0.26,10.648,Optimal,10.648,10.648,0.0,108.302,6.03415,0.43718,247.4,0.615576
sarp-20-10-A-10,,,,,,,,,,,,,,,,,,,20,10,4,118.95,32.872,141.174,6,0.26,10.648,Optimal,10.648,10.648,0.0,108.302,6.03415,0.43718,247.4,0.615576
sarp-20-10-A-10,,,,,,,,,,,,,,,,,,,20,10,4,118.95,32.872,141.174,6,0.26,10.648,Optimal,10.648,10.648,0.0,108.302,6.03415,0.43718,247.4,0.615576
sarp-20-10-A-10,,,,,,,,,,,,,,,,,,,20,10,4,118.95,32.872,141.174,6,0.26,10.648,Optimal,10.648,10.648,0.0,108.302,6.03415,0.43718,247.4,0.615576
sarp-20-10-A-10,,,,,,,,,,,,,,,,,,,20,10,4,118.95,32.872,141.174,6,0.26,10.648,Optimal,10.648,10.648,0.0,108.302,6.03415,0.43718,247.4,0.615576
sarp-20-10-A-10,,,,,,,,,,,,,,,,,,,20,10,4,118.95,32.872,141.174,6,0.26,10.648,Optimal,10.648,10.648,0.0,108.302,6.03415,0.43718,247.4,0.615576
sarp-20-10-A-10,,,,,,,,,,,,,,,,,,,20,10,4,118.95,32.872,141.174,6,0.26,10.648,Optimal,10.648,10.648,0.0,108.302,6.03415,0.43718,247.4,0.615576
sarp-20-10-A-10,,,,,,,,,,,,,,,,,,,20,10,4,118.95,32.872,141.174,6,0.26,10.648,Optimal,10.648,10.648,0.0,108.302,6.03415,0.43718,247.4,0.615576
sarp-20-10-A-10,,,,,,,,,,,,,,,,,,,20,10,4,118.95,32.872,141.174,6,0.26,10.648,Optimal,10.648,10.648,0.0,108.302,6.03415,0.43718,247.4,0.615576
sarp-20-10-A-10,,,,,,,,,,,,,,,,,,,20,10,4,118.95,32.872,141.174,6,0.26,10.648,Optimal,10.648,10.648,0.0,108.302,6.03415,0.43718,247.4,0.615576
sarp-20-10-A-10,,,,,,,,,,,,,,,,,,,20,10,4,118.95,32.872,141.174,6,0.26,10.648,Optimal,10.648,10.648,0.0,108.302,6.03415,0.43718,247.4,0.615576
sarp-20-10-A-10,,,,,,,,,,,,,,,,,,,20,10,4,118.95,32.872,141.174,6,0.26,10.648,Optimal,10.648,10.648,0.0,108.302,6.03415,0.43718,247.4,0.615576
sarp-20-10-A-10,,,,,,,,,,,,,,,,,,,20,10,4,118.95,32.872,141.174,6,0.26,10.648,Optimal,10.648,10.648,0.0,108.302,6.03415,0.43718,247.4,0.615576
sarp-20-10-A-10,,,,,,,,,,,,,,,,,,,20,10,4,118.95,32.872,141.174,6,0.26,10.648,Optimal,10.648,10.648,0.0,108.302,6.03415,0.43718,247.4,0.615576
sarp-20-10-A-10,,,,,,,,,,,,,,,,,,,20,10,4,118.95,32.872,141.174,6,0.26,10.648,Optimal,10.648,10.648,0.0,108.302,6.03415,0.43718,247.4,0.615576
sarp-20-10-A-10,,,,,,,,,,,,,,,,,,,20,10,4,118.95,32.872,141.174,6,0.26,10.648,Optimal,10.648,10.648,0.0,108.302,6.03415,0.43718,247.4,0.615576
sarp-20-10-A-10,,,,,,,,,,,,,,,,,,,20,10,4,118.95,32.872,141.174,6,0.26,10.648,Optimal,10.648,10.648,0.0,108.302,6.03415,0.43718,247.4,0.615576
sarp-20-10-A-10,,,,,,,,,,,,,,,,,,,20,10,4,118.95,32.872,141.174,6,0.26,10.648,Optimal,10.648,10.648,0.0,108.302,6.03415,0.43718,247.4,0.615576
sarp-20-10-A-10,,,,,,,,,,,,,,,,,,,20,10,4,118.95,32.872,141.174,6,0.26,10.648,Optimal,10.648,10.648,0.0,108.302,6.03415,0.43718,247.4,0.615576
sarp-20-10-A-10,,,,,,,,,,,,,,,,,,,20,10,4,118.95,32.872,141.174,6,0.26,10.648,Optimal,10.648,10.648,0.0,108.302,6.03415,0.43718,247.4,0.615576
sarp-20-10-A-10,,,,,,,,,,,,,,,,,,,20,10,4,118.95,32.872,141.174,6,0.26,10.648,Optimal,10.648,10.648,0.0,108.302,6.03415,0.43718,247.4,0.615576
sarp-20-10-A-10,,,,,,,,,,,,,,,,,,,20,10,4,118.95,32.872,141.174,6,0.26,10.648,Optimal,10.648,10.648,0.0,108.302,6.03415,0.43718,247.4,0.615576
sarp-20-10-A-10,,,,,,,,,,,,,,,,,,,20,10,4,118.95,32.872,141.174,6,0.26,10.648,Optimal,10.648,10.648,0.0,108.302,6.03415,0.43718,247.4,0.615576
sarp-20-10-A-10,,,,,,,,,,,,,,,,,,,20,10,4,118.95,32.872,141.174,6,0.26,10.648,Optimal,10.648,10.648,0.0,108.302,6.03415,0.43718,247.4,0.615576
sarp-20-10-A-10,,,,,,,,,,,,,,,,,,,20,10,4,118.95,32.872,141.174,6,0.26,10.648,Optimal,10.648,10.648,0.0,108.302,6.03415,0.43718,247.4,0.615576
sarp-20-10-A-10,,,,,,,,,,,,,,,,,,,20,10,4,118.95,32.872,141.174,6,0.26,10.648,Optimal,10.648,10.648,0.0,108.302,6.03415,0.43718,247.4,0.615576
sarp-20-10-B-10,,,,,,,,,,,,,,,,,,,20,10,8,142.32,111.228,176.686,6,0.13,76.862,Optimal,76.862,76.862,0.0,65.458,6.49756,0.374455,266.4,0.512209
sarp-20-10-B-10,,,,,,,,,,,,,,,,,,,20,10,8,142.32,111.228,176.686,6,0.13,76.862,Optimal,76.862,76.862,0.0,65.458,6.49756,0.374455,266.4,0.512209
sarp-20-10-B-10,,,,,,,,,,,,,,,,,,,20,10,8,142.32,111.228,176.686,6,0.13,76.862,Optimal,76.862,76.862,0.0,65.458,6.49756,0.374455,266.4,0.512209
sarp-20-10-B-10,,,,,,,,,,,,,,,,,,,20,10,8,142.32,111.228,176.686,6,0.13,76.862,Optimal,76.862,76.862,0.0,65.458,6.49756,0.374455,266.4,0.512209
sarp-20-10-B-10,,,,,,,,,,,,,,,,,,,20,10,8,142.32,111.228,176.686,6,0.13,76.862,Optimal,76.862,76.862,0.0,65.458,6.49756,0.374455,266.4,0.512209
sarp-20-10-B-10,,,,,,,,,,,,,,,,,,,20,10,8,142.32,111.228,176.686,6,0.13,76.862,Optimal,76.862,76.862,0.0,65.458,6.49756,0.374455,266.4,0.512209
sarp-20-10-B-10,,,,,,,,,,,,,,,,,,,20,10,8,142.32,111.228,176.686,6,0.13,76.862,Optimal,76.862,76.862,0.0,65.458,6.49756,0.374455,266.4,0.512209
sarp-20-10-B-10,,,,,,,,,,,,,,,,,,,20,10,8,142.32,111.228,176.686,6,0.13,76.862,Optimal,76.862,76.862,0.0,65.458,6.49756,0.374455,266.4,0.512209
sarp-20-10-B-10,,,,,,,,,,,,,,,,,,,20,10,8,142.32,111.228,176.686,6,0.13,76.862,Optimal,76.862,76.862,0.0,65.458,6.49756,0.374455,266.4,0.512209
sarp-20-10-B-10,,,,,,,,,,,,,,,,,,,20,10,8,142.32,111.228,176.686,6,0.13,76.862,Optimal,76.862,76.862,0.0,65.458,6.49756,0.374455,266.4,0.512209
sarp-20-10-B-10,,,,,,,,,,,,,,,,,,,20,10,8,142.32,111.228,176.686,6,0.13,76.862,Optimal,76.862,76.862,0.0,65.458,6.49756,0.374455,266.4,0.512209
sarp-20-10-B-10,,,,,,,,,,,,,,,,,,,20,10,8,142.32,111.228,176.686,6,0.13,76.862,Optimal,76.862,76.862,0.0,65.458,6.49756,0.374455,266.4,0.512209
sarp-20-10-B-10,,,,,,,,,,,,,,,,,,,20,10,8,142.32,111.228,176.686,6,0.13,76.862,Optimal,76.862,76.862,0.0,65.458,6.49756,0.374455,266.4,0.512209
sarp-20-10-B-10,,,,,,,,,,,,,,,,,,,20,10,8,142.32,111.228,176.686,6,0.13,76.862,Optimal,76.862,76.862,0.0,65.458,6.49756,0.374455,266.4,0.512209
sarp-20-10-B-10,,,,,,,,,,,,,,,,,,,20,10,8,142.32,111.228,176.686,6,0.13,76.862,Optimal,76.862,76.862,0.0,65.458,6.49756,0.374455,266.4,0.512209
sarp-20-10-B-10,,,,,,,,,,,,,,,,,,,20,10,8,142.32,111.228,176.686,6,0.13,76.862,Optimal,76.862,76.862,0.0,65.458,6.49756,0.374455,266.4,0.512209
sarp-20-10-B-10,,,,,,,,,,,,,,,,,,,20,10,8,142.32,111.228,176.686,6,0.13,76.862,Optimal,76.862,76.862,0.0,65.458,6.49756,0.374455,266.4,0.512209
sarp-20-10-B-10,,,,,,,,,,,,,,,,,,,20,10,8,142.32,111.228,176.686,6,0.13,76.862,Optimal,76.862,76.862,0.0,65.458,6.49756,0.374455,266.4,0.512209
sarp-20-10-B-10,,,,,,,,,,,,,,,,,,,20,10,8,142.32,111.228,176.686,6,0.13,76.862,Optimal,76.862,76.862,0.0,65.458,6.49756,0.374455,266.4,0.512209
sarp-20-10-B-10,,,,,,,,,,,,,,,,,,,20,10,8,142.32,111.228,176.686,6,0.13,76.862,Optimal,76.862,76.862,0.0,65.458,6.49756,0.374455,266.4,0.512209
sarp-20-10-B-10,,,,,,,,,,,,,,,,,,,20,10,8,142.32,111.228,176.686,6,0.13,76.862,Optimal,76.862,76.862,0.0,65.458,6.49756,0.374455,266.4,0.512209
sarp-20-10-B-10,,,,,,,,,,,,,,,,,,,20,10,8,142.32,111.228,176.686,6,0.13,76.862,Optimal,76.862,76.862,0.0,65.458,6.49756,0.374455,266.4,0.512209
sarp-20-10-B-10,,,,,,,,,,,,,,,,,,,20,10,8,142.32,111.228,176.686,6,0.13,76.862,Optimal,76.862,76.862,0.0,65.458,6.49756,0.374455,266.4,0.512209
sarp-20-10-B-10,,,,,,,,,,,,,,,,,,,20,10,8,142.32,111.228,176.686,6,0.13,76.862,Optimal,76.862,76.862,0.0,65.458,6.49756,0.374455,266.4,0.512209
sarp-20-10-B-10,,,,,,,,,,,,,,,,,,,20,10,8,142.32,111.228,176.686,6,0.13,76.862,Optimal,76.862,76.862,0.0,65.458,6.49756,0.374455,266.4,0.512209
sarp-20-10-B-10,,,,,,,,,,,,,,,,,,,20,10,8,142.32,111.228,176.686,6,0.13,76.862,Optimal,76.862,76.862,0.0,65.458,6.49756,0.374455,266.4,0.512209
sarp-20-10-B-10,,,,,,,,,,,,,,,,,,,20,10,8,142.32,111.228,176.686,6,0.13,76.862,Optimal,76.862,76.862,0.0,65.458,6.49756,0.374455,266.4,0.512209
sarp-20-10-B-10,,,,,,,,,,,,,,,,,,,20,10,8,142.32,111.228,176.686,6,0.13,76.862,Optimal,76.862,76.862,0.0,65.458,6.49756,0.374455,266.4,0.512209
sarp-20-10-C-10,,,,,,,,,,,,,,,,,,,20,10,8,399.675,183.853,217.488,8,0.24,366.04,Feasible,366.04,367.244,0.327712,33.635,7.01707,0.22986,287.7,0.271338
sarp-20-10-C-10,,,,,,,,,,,,,,,,,,,20,10,8,399.675,183.853,217.488,8,0.24,366.04,Feasible,366.04,367.244,0.327712,33.635,7.01707,0.22986,287.7,0.271338
sarp-20-10-C-10,,,,,,,,,,,,,,,,,,,20,10,8,399.675,183.853,217.488,8,0.24,366.04,Feasible,366.04,367.244,0.327712,33.635,7.01707,0.22986,287.7,0.271338
sarp-20-10-C-10,,,,,,,,,,,,,,,,,,,20,10,8,399.675,183.853,217.488,8,0.24,366.04,Feasible,366.04,367.244,0.327712,33.635,7.01707,0.22986,287.7,0.271338
sarp-20-10-C-10,,,,,,,,,,,,,,,,,,,20,10,8,399.675,183.853,217.488,8,0.24,366.04,Feasible,366.04,367.244,0.327712,33.635,7.01707,0.22986,287.7,0.271338
sarp-20-10-C-10,,,,,,,,,,,,,,,,,,,20,10,8,399.675,183.853,217.488,8,0.24,366.04,Feasible,366.04,367.244,0.327712,33.635,7.01707,0.22986,287.7,0.271338
sarp-20-10-C-10,,,,,,,,,,,,,,,,,,,20,10,8,399.675,183.853,217.488,8,0.24,366.04,Feasible,366.04,367.244,0.327712,33.635,7.01707,0.22986,287.7,0.271338
sarp-20-10-C-10,,,,,,,,,,,,,,,,,,,20,10,8,399.675,183.853,217.488,8,0.24,366.04,Feasible,366.04,367.244,0.327712,33.635,7.01707,0.22986,287.7,0.271338
sarp-20-10-C-10,,,,,,,,,,,,,,,,,,,20,10,8,399.675,183.853,217.488,8,0.24,366.04,Feasible,366.04,367.244,0.327712,33.635,7.01707,0.22986,287.7,0.271338
sarp-20-10-C-10,,,,,,,,,,,,,,,,,,,20,10,8,399.675,183.853,217.488,8,0.24,366.04,Feasible,366.04,367.244,0.327712,33.635,7.01707,0.22986,287.7,0.271338
sarp-20-10-C-10,,,,,,,,,,,,,,,,,,,20,10,8,399.675,183.853,217.488,8,0.24,366.04,Feasible,366.04,367.244,0.327712,33.635,7.01707,0.22986,287.7,0.271338
sarp-20-10-C-10,,,,,,,,,,,,,,,,,,,20,10,8,399.675,183.853,217.488,8,0.24,366.04,Feasible,366.04,367.244,0.327712,33.635,7.01707,0.22986,287.7,0.271338
sarp-20-10-C-10,,,,,,,,,,,,,,,,,,,20,10,8,399.675,183.853,217.488,8,0.24,366.04,Feasible,366.04,367.244,0.327712,33.635,7.01707,0.22986,287.7,0.271338
sarp-20-10-C-10,,,,,,,,,,,,,,,,,,,20,10,8,399.675,183.853,217.488,8,0.24,366.04,Feasible,366.04,367.244,0.327712,33.635,7.01707,0.22986,287.7,0.271338
sarp-20-10-C-10,,,,,,,,,,,,,,,,,,,20,10,8,399.675,183.853,217.488,8,0.24,366.04,Feasible,366.04,367.244,0.327712,33.635,7.01707,0.22986,287.7,0.271338
sarp-20-10-C-10,,,,,,,,,,,,,,,,,,,20,10,8,399.675,183.853,217.488,8,0.24,366.04,Feasible,366.04,367.244,0.327712,33.635,7.01707,0.22986,287.7,0.271338
sarp-20-10-C-10,,,,,,,,,,,,,,,,,,,20,10,8,399.675,183.853,217.488,8,0.24,366.04,Feasible,366.04,367.244,0.327712,33.635,7.01707,0.22986,287.7,0.271338
sarp-20-10-C-10,,,,,,,,,,,,,,,,,,,20,10,8,399.675,183.853,217.488,8,0.24,366.04,Feasible,366.04,367.244,0.327712,33.635,7.01707,0.22986,287.7,0.271338
sarp-20-10-C-10,,,,,,,,,,,,,,,,,,,20,10,8,399.675,183.853,217.488,8,0.24,366.04,Feasible,366.04,367.244,0.327712,33.635,7.01707,0.22986,287.7,0.271338
sarp-20-10-C-10,,,,,,,,,,,,,,,,,,,20,10,8,399.675,183.853,217.488,8,0.24,366.04,Feasible,366.04,367.244,0.327712,33.635,7.01707,0.22986,287.7,0.271338
sarp-20-10-C-10,,,,,,,,,,,,,,,,,,,20,10,8,399.675,183.853,217.488,8,0.24,366.04,Feasible,366.04,367.244,0.327712,33.635,7.01707,0.22986,287.7,0.271338
sarp-20-10-C-10,,,,,,,,,,,,,,,,,,,20,10,8,399.675,183.853,217.488,8,0.24,366.04,Feasible,366.04,367.244,0.327712,33.635,7.01707,0.22986,287.7,0.271338
sarp-20-10-C-10,,,,,,,,,,,,,,,,,,,20,10,8,399.675,183.853,217.488,8,0.24,366.04,Feasible,366.04,367.244,0.327712,33.635,7.01707,0.22986,287.7,0.271338
sarp-20-10-C-10,,,,,,,,,,,,,,,,,,,20,10,8,399.675,183.853,217.488,8,0.24,366.04,Feasible,366.04,367.244,0.327712,33.635,7.01707,0.22986,287.7,0.271338
sarp-20-10-C-10,,,,,,,,,,,,,,,,,,,20,10,8,399.675,183.853,217.488,8,0.24,366.04,Feasible,366.04,367.244,0.327712,33.635,7.01707,0.22986,287.7,0.271338
sarp-20-10-C-10,,,,,,,,,,,,,,,,,,,20,10,8,399.675,183.853,217.488,8,0.24,366.04,Feasible,366.04,367.244,0.327712,33.635,7.01707,0.22986,287.7,0.271338
sarp-20-10-C-10,,,,,,,,,,,,,,,,,,,20,10,8,399.675,183.853,217.488,8,0.24,366.04,Feasible,366.04,367.244,0.327712,33.635,7.01707,0.22986,287.7,0.271338
sarp-20-10-C-10,,,,,,,,,,,,,,,,,,,20,10,8,399.675,183.853,217.488,8,0.24,366.04,Feasible,366.04,367.244,0.327712,33.635,7.01707,0.22986,287.7,0.271338
sarp-30-15-A-9,,,,,,,,,,,,,,,,,,,30,15,11,159.159,89.485,194.81,8,0.51,53.834,Optimal,53.834,53.834,0.0,105.325,7.58049,0.382586,310.8,0.583991
sarp-30-15-A-9,,,,,,,,,,,,,,,,,,,30,15,11,159.159,89.485,194.81,8,0.51,53.834,Optimal,53.834,53.834,0.0,105.325,7.58049,0.382586,310.8,0.583991
sarp-30-15-A-9,,,,,,,,,,,,,,,,,,,30,15,11,159.159,89.485,194.81,8,0.51,53.834,Optimal,53.834,53.834,0.0,105.325,7.58049,0.382586,310.8,0.583991
sarp-30-15-A-9,,,,,,,,,,,,,,,,,,,30,15,11,159.159,89.485,194.81,8,0.51,53.834,Optimal,53.834,53.834,0.0,105.325,7.58049,0.382586,310.8,0.583991
sarp-30-15-A-9,,,,,,,,,,,,,,,,,,,30,15,11,159.159,89.485,194.81,8,0.51,53.834,Optimal,53.834,53.834,0.0,105.325,7.58049,0.382586,310.8,0.583991
sarp-30-15-A-9,,,,,,,,,,,,,,,,,,,30,15,11,159.159,89.485,194.81,8,0.51,53.834,Optimal,53.834,53.834,0.0,105.325,7.58049,0.382586,310.8,0.583991
sarp-30-15-A-9,,,,,,,,,,,,,,,,,,,30,15,11,159.159,89.485,194.81,8,0.51,53.834,Optimal,53.834,53.834,0.0,105.325,7.58049,0.382586,310.8,0.583991
sarp-30-15-A-9,,,,,,,,,,,,,,,,,,,30,15,11,159.159,89.485,194.81,8,0.51,53.834,Optimal,53.834,53.834,0.0,105.325,7.58049,0.382586,310.8,0.583991
sarp-30-15-A-9,,,,,,,,,,,,,,,,,,,30,15,11,159.159,89.485,194.81,8,0.51,53.834,Optimal,53.834,53.834,0.0,105.325,7.58049,0.382586,310.8,0.583991
sarp-30-15-A-9,,,,,,,,,,,,,,,,,,,30,15,11,159.159,89.485,194.81,8,0.51,53.834,Optimal,53.834,53.834,0.0,105.325,7.58049,0.382586,310.8,0.583991
sarp-30-15-A-9,,,,,,,,,,,,,,,,,,,30,15,11,159.159,89.485,194.81,8,0.51,53.834,Optimal,53.834,53.834,0.0,105.325,7.58049,0.382586,310.8,0.583991
sarp-30-15-A-9,,,,,,,,,,,,,,,,,,,30,15,11,159.159,89.485,194.81,8,0.51,53.834,Optimal,53.834,53.834,0.0,105.325,7.58049,0.382586,310.8,0.583991
sarp-30-15-A-9,,,,,,,,,,,,,,,,,,,30,15,11,159.159,89.485,194.81,8,0.51,53.834,Optimal,53.834,53.834,0.0,105.325,7.58049,0.382586,310.8,0.583991
sarp-30-15-A-9,,,,,,,,,,,,,,,,,,,30,15,11,159.159,89.485,194.81,8,0.51,53.834,Optimal,53.834,53.834,0.0,105.325,7.58049,0.382586,310.8,0.583991
sarp-30-15-A-9,,,,,,,,,,,,,,,,,,,30,15,11,159.159,89.485,194.81,8,0.51,53.834,Optimal,53.834,53.834,0.0,105.325,7.58049,0.382586,310.8,0.583991
sarp-30-15-A-9,,,,,,,,,,,,,,,,,,,30,15,11,159.159,89.485,194.81,8,0.51,53.834,Optimal,53.834,53.834,0.0,105.325,7.58049,0.382586,310.8,0.583991
sarp-30-15-A-9,,,,,,,,,,,,,,,,,,,30,15,11,159.159,89.485,194.81,8,0.51,53.834,Optimal,53.834,53.834,0.0,105.325,7.58049,0.382586,310.8,0.583991
sarp-30-15-A-9,,,,,,,,,,,,,,,,,,,30,15,11,159.159,89.485,194.81,8,0.51,53.834,Optimal,53.834,53.834,0.0,105.325,7.58049,0.382586,310.8,0.583991
sarp-30-15-A-9,,,,,,,,,,,,,,,,,,,30,15,11,159.159,89.485,194.81,8,0.51,53.834,Optimal,53.834,53.834,0.0,105.325,7.58049,0.382586,310.8,0.583991
sarp-30-15-A-9,,,,,,,,,,,,,,,,,,,30,15,11,159.159,89.485,194.81,8,0.51,53.834,Optimal,53.834,53.834,0.0,105.325,7.58049,0.382586,310.8,0.583991
sarp-30-15-A-9,,,,,,,,,,,,,,,,,,,30,15,11,159.159,89.485,194.81,8,0.51,53.834,Optimal,53.834,53.834,0.0,105.325,7.58049,0.382586,310.8,0.583991
sarp-30-15-A-9,,,,,,,,,,,,,,,,,,,30,15,11,159.159,89.485,194.81,8,0.51,53.834,Optimal,53.834,53.834,0.0,105.325,7.58049,0.382586,310.8,0.583991
sarp-30-15-A-9,,,,,,,,,,,,,,,,,,,30,15,11,159.159,89.485,194.81,8,0.51,53.834,Optimal,53.834,53.834,0.0,105.325,7.58049,0.382586,310.8,0.583991
sarp-30-15-A-9,,,,,,,,,,,,,,,,,,,30,15,11,159.159,89.485,194.81,8,0.51,53.834,Optimal,53.834,53.834,0.0,105.325,7.58049,0.382586,310.8,0.583991
sarp-30-15-A-9,,,,,,,,,,,,,,,,,,,30,15,11,159.159,89.485,194.81,8,0.51,53.834,Optimal,53.834,53.834,0.0,105.325,7.58049,0.382586,310.8,0.583991
sarp-30-15-A-9,,,,,,,,,,,,,,,,,,,30,15,11,159.159,89.485,194.81,8,0.51,53.834,Optimal,53.834,53.834,0.0,105.325,7.58049,0.382586,310.8,0.583991
sarp-30-15-A-9,,,,,,,,,,,,,,,,,,,30,15,11,159.159,89.485,194.81,8,0.51,53.834,Optimal,53.834,53.834,0.0,105.325,7.58049,0.382586,310.8,0.583991
sarp-30-15-A-9,,,,,,,,,,,,,,,,,,,30,15,11,159.159,89.485,194.81,8,0.51,53.834,Optimal,53.834,53.834,0.0,105.325,7.58049,0.382586,310.8,0.583991
sarp-30-15-A-10,,,,,,,,,,,,,,,,,,,30,15,10,160.299,76.038,188.14,8,0.83,48.197,Optimal,48.197,48.197,-7.37123e-14,112.102,7.93415,0.410197,325.3,0.625938
sarp-30-15-A-10,,,,,,,,,,,,,,,,,,,30,15,10,160.299,76.038,188.14,8,0.83,48.197,Optimal,48.197,48.197,-7.37123e-14,112.102,7.93415,0.410197,325.3,0.625938
sarp-30-15-A-10,,,,,,,,,,,,,,,,,,,30,15,10,160.299,76.038,188.14,8,0.83,48.197,Optimal,48.197,48.197,-7.37123e-14,112.102,7.93415,0.410197,325.3,0.625938
sarp-30-15-A-10,,,,,,,,,,,,,,,,,,,30,15,10,160.299,76.038,188.14,8,0.83,48.197,Optimal,48.197,48.197,-7.37123e-14,112.102,7.93415,0.410197,325.3,0.625938
sarp-30-15-A-10,,,,,,,,,,,,,,,,,,,30,15,10,160.299,76.038,188.14,8,0.83,48.197,Optimal,48.197,48.197,-7.37123e-14,112.102,7.93415,0.410197,325.3,0.625938
sarp-30-15-A-10,,,,,,,,,,,,,,,,,,,30,15,10,160.299,76.038,188.14,8,0.83,48.197,Optimal,48.197,48.197,-7.37123e-14,112.102,7.93415,0.410197,325.3,0.625938
sarp-30-15-A-10,,,,,,,,,,,,,,,,,,,30,15,10,160.299,76.038,188.14,8,0.83,48.197,Optimal,48.197,48.197,-7.37123e-14,112.102,7.93415,0.410197,325.3,0.625938
sarp-30-15-A-10,,,,,,,,,,,,,,,,,,,30,15,10,160.299,76.038,188.14,8,0.83,48.197,Optimal,48.197,48.197,-7.37123e-14,112.102,7.93415,0.410197,325.3,0.625938
sarp-30-15-A-10,,,,,,,,,,,,,,,,,,,30,15,10,160.299,76.038,188.14,8,0.83,48.197,Optimal,48.197,48.197,-7.37123e-14,112.102,7.93415,0.410197,325.3,0.625938
sarp-30-15-A-10,,,,,,,,,,,,,,,,,,,30,15,10,160.299,76.038,188.14,8,0.83,48.197,Optimal,48.197,48.197,-7.37123e-14,112.102,7.93415,0.410197,325.3,0.625938
sarp-30-15-A-10,,,,,,,,,,,,,,,,,,,30,15,10,160.299,76.038,188.14,8,0.83,48.197,Optimal,48.197,48.197,-7.37123e-14,112.102,7.93415,0.410197,325.3,0.625938
sarp-30-15-A-10,,,,,,,,,,,,,,,,,,,30,15,10,160.299,76.038,188.14,8,0.83,48.197,Optimal,48.197,48.197,-7.37123e-14,112.102,7.93415,0.410197,325.3,0.625938
sarp-30-15-A-10,,,,,,,,,,,,,,,,,,,30,15,10,160.299,76.038,188.14,8,0.83,48.197,Optimal,48.197,48.197,-7.37123e-14,112.102,7.93415,0.410197,325.3,0.625938
sarp-30-15-A-10,,,,,,,,,,,,,,,,,,,30,15,10,160.299,76.038,188.14,8,0.83,48.197,Optimal,48.197,48.197,-7.37123e-14,112.102,7.93415,0.410197,325.3,0.625938
sarp-30-15-A-10,,,,,,,,,,,,,,,,,,,30,15,10,160.299,76.038,188.14,8,0.83,48.197,Optimal,48.197,48.197,-7.37123e-14,112.102,7.93415,0.410197,325.3,0.625938
sarp-30-15-A-10,,,,,,,,,,,,,,,,,,,30,15,10,160.299,76.038,188.14,8,0.83,48.197,Optimal,48.197,48.197,-7.37123e-14,112.102,7.93415,0.410197,325.3,0.625938
sarp-30-15-A-10,,,,,,,,,,,,,,,,,,,30,15,10,160.299,76.038,188.14,8,0.83,48.197,Optimal,48.197,48.197,-7.37123e-14,112.102,7.93415,0.410197,325.3,0.625938
sarp-30-15-A-10,,,,,,,,,,,,,,,,,,,30,15,10,160.299,76.038,188.14,8,0.83,48.197,Optimal,48.197,48.197,-7.37123e-14,112.102,7.93415,0.410197,325.3,0.625938
sarp-30-15-A-10,,,,,,,,,,,,,,,,,,,30,15,10,160.299,76.038,188.14,8,0.83,48.197,Optimal,48.197,48.197,-7.37123e-14,112.102,7.93415,0.410197,325.3,0.625938
sarp-30-15-A-10,,,,,,,,,,,,,,,,,,,30,15,10,160.299,76.038,188.14,8,0.83,48.197,Optimal,48.197,48.197,-7.37123e-14,112.102,7.93415,0.410197,325.3,0.625938
sarp-30-15-A-10,,,,,,,,,,,,,,,,,,,30,15,10,160.299,76.038,188.14,8,0.83,48.197,Optimal,48.197,48.197,-7.37123e-14,112.102,7.93415,0.410197,325.3,0.625938
sarp-30-15-A-10,,,,,,,,,,,,,,,,,,,30,15,10,160.299,76.038,188.14,8,0.83,48.197,Optimal,48.197,48.197,-7.37123e-14,112.102,7.93415,0.410197,325.3,0.625938
sarp-30-15-A-10,,,,,,,,,,,,,,,,,,,30,15,10,160.299,76.038,188.14,8,0.83,48.197,Optimal,48.197,48.197,-7.37123e-14,112.102,7.93415,0.410197,325.3,0.625938
sarp-30-15-A-10,,,,,,,,,,,,,,,,,,,30,15,10,160.299,76.038,188.14,8,0.83,48.197,Optimal,48.197,48.197,-7.37123e-14,112.102,7.93415,0.410197,325.3,0.625938
sarp-30-15-A-10,,,,,,,,,,,,,,,,,,,30,15,10,160.299,76.038,188.14,8,0.83,48.197,Optimal,48.197,48.197,-7.37123e-14,112.102,7.93415,0.410197,325.3,0.625938
sarp-30-15-A-10,,,,,,,,,,,,,,,,,,,30,15,10,160.299,76.038,188.14,8,0.83,48.197,Optimal,48.197,48.197,-7.37123e-14,112.102,7.93415,0.410197,325.3,0.625938
sarp-30-15-A-10,,,,,,,,,,,,,,,,,,,30,15,10,160.299,76.038,188.14,8,0.83,48.197,Optimal,48.197,48.197,-7.37123e-14,112.102,7.93415,0.410197,325.3,0.625938
sarp-30-15-A-10,,,,,,,,,,,,,,,,,,,30,15,10,160.299,76.038,188.14,8,0.83,48.197,Optimal,48.197,48.197,-7.37123e-14,112.102,7.93415,0.410197,325.3,0.625938
sarp-30-15-B-9,,,,,,,,,,,,,,,,,,,30,15,9,177.741,90.313,186.392,8,0.42,81.662,Optimal,81.662,81.662,0.0,96.079,7.73171,0.389914,317.0,0.580055
sarp-30-15-B-9,,,,,,,,,,,,,,,,,,,30,15,9,177.741,90.313,186.392,8,0.42,81.662,Optimal,81.662,81.662,0.0,96.079,7.73171,0.389914,317.0,0.580055
sarp-30-15-B-9,,,,,,,,,,,,,,,,,,,30,15,9,177.741,90.313,186.392,8,0.42,81.662,Optimal,81.662,81.662,0.0,96.079,7.73171,0.389914,317.0,0.580055
sarp-30-15-B-9,,,,,,,,,,,,,,,,,,,30,15,9,177.741,90.313,186.392,8,0.42,81.662,Optimal,81.662,81.662,0.0,96.079,7.73171,0.389914,317.0,0.580055
sarp-30-15-B-9,,,,,,,,,,,,,,,,,,,30,15,9,177.741,90.313,186.392,8,0.42,81.662,Optimal,81.662,81.662,0.0,96.079,7.73171,0.389914,317.0,0.580055
sarp-30-15-B-9,,,,,,,,,,,,,,,,,,,30,15,9,177.741,90.313,186.392,8,0.42,81.662,Optimal,81.662,81.662,0.0,96.079,7.73171,0.389914,317.0,0.580055
sarp-30-15-B-9,,,,,,,,,,,,,,,,,,,30,15,9,177.741,90.313,186.392,8,0.42,81.662,Optimal,81.662,81.662,0.0,96.079,7.73171,0.389914,317.0,0.580055
sarp-30-15-B-9,,,,,,,,,,,,,,,,,,,30,15,9,177.741,90.313,186.392,8,0.42,81.662,Optimal,81.662,81.662,0.0,96.079,7.73171,0.389914,317.0,0.580055
sarp-30-15-B-9,,,,,,,,,,,,,,,,,,,30,15,9,177.741,90.313,186.392,8,0.42,81.662,Optimal,81.662,81.662,0.0,96.079,7.73171,0.389914,317.0,0.580055
sarp-30-15-B-9,,,,,,,,,,,,,,,,,,,30,15,9,177.741,90.313,186.392,8,0.42,81.662,Optimal,81.662,81.662,0.0,96.079,7.73171,0.389914,317.0,0.580055
sarp-30-15-B-9,,,,,,,,,,,,,,,,,,,30,15,9,177.741,90.313,186.392,8,0.42,81.662,Optimal,81.662,81.662,0.0,96.079,7.73171,0.389914,317.0,0.580055
sarp-30-15-B-9,,,,,,,,,,,,,,,,,,,30,15,9,177.741,90.313,186.392,8,0.42,81.662,Optimal,81.662,81.662,0.0,96.079,7.73171,0.389914,317.0,0.580055
sarp-30-15-B-9,,,,,,,,,,,,,,,,,,,30,15,9,177.741,90.313,186.392,8,0.42,81.662,Optimal,81.662,81.662,0.0,96.079,7.73171,0.389914,317.0,0.580055
sarp-30-15-B-9,,,,,,,,,,,,,,,,,,,30,15,9,177.741,90.313,186.392,8,0.42,81.662,Optimal,81.662,81.662,0.0,96.079,7.73171,0.389914,317.0,0.580055
sarp-30-15-B-9,,,,,,,,,,,,,,,,,,,30,15,9,177.741,90.313,186.392,8,0.42,81.662,Optimal,81.662,81.662,0.0,96.079,7.73171,0.389914,317.0,0.580055
sarp-30-15-B-9,,,,,,,,,,,,,,,,,,,30,15,9,177.741,90.313,186.392,8,0.42,81.662,Optimal,81.662,81.662,0.0,96.079,7.73171,0.389914,317.0,0.580055
sarp-30-15-B-9,,,,,,,,,,,,,,,,,,,30,15,9,177.741,90.313,186.392,8,0.42,81.662,Optimal,81.662,81.662,0.0,96.079,7.73171,0.389914,317.0,0.580055
sarp-30-15-B-9,,,,,,,,,,,,,,,,,,,30,15,9,177.741,90.313,186.392,8,0.42,81.662,Optimal,81.662,81.662,0.0,96.079,7.73171,0.389914,317.0,0.580055
sarp-30-15-B-9,,,,,,,,,,,,,,,,,,,30,15,9,177.741,90.313,186.392,8,0.42,81.662,Optimal,81.662,81.662,0.0,96.079,7.73171,0.389914,317.0,0.580055
sarp-30-15-B-9,,,,,,,,,,,,,,,,,,,30,15,9,177.741,90.313,186.392,8,0.42,81.662,Optimal,81.662,81.662,0.0,96.079,7.73171,0.389914,317.0,0.580055
sarp-30-15-B-9,,,,,,,,,,,,,,,,,,,30,15,9,177.741,90.313,186.392,8,0.42,81.662,Optimal,81.662,81.662,0.0,96.079,7.73171,0.389914,317.0,0.580055
sarp-30-15-B-9,,,,,,,,,,,,,,,,,,,30,15,9,177.741,90.313,186.392,8,0.42,81.662,Optimal,81.662,81.662,0.0,96.079,7.73171,0.389914,317.0,0.580055
sarp-30-15-B-9,,,,,,,,,,,,,,,,,,,30,15,9,177.741,90.313,186.392,8,0.42,81.662,Optimal,81.662,81.662,0.0,96.079,7.73171,0.389914,317.0,0.580055
sarp-30-15-B-9,,,,,,,,,,,,,,,,,,,30,15,9,177.741,90.313,186.392,8,0.42,81.662,Optimal,81.662,81.662,0.0,96.079,7.73171,0.389914,317.0,0.580055
sarp-30-15-B-9,,,,,,,,,,,,,,,,,,,30,15,9,177.741,90.313,186.392,8,0.42,81.662,Optimal,81.662,81.662,0.0,96.079,7.73171,0.389914,317.0,0.580055
sarp-30-15-B-9,,,,,,,,,,,,,,,,,,,30,15,9,177.741,90.313,186.392,8,0.42,81.662,Optimal,81.662,81.662,0.0,96.079,7.73171,0.389914,317.0,0.580055
sarp-30-15-B-9,,,,,,,,,,,,,,,,,,,30,15,9,177.741,90.313,186.392,8,0.42,81.662,Optimal,81.662,81.662,0.0,96.079,7.73171,0.389914,317.0,0.580055
sarp-30-15-B-9,,,,,,,,,,,,,,,,,,,30,15,9,177.741,90.313,186.392,8,0.42,81.662,Optimal,81.662,81.662,0.0,96.079,7.73171,0.389914,317.0,0.580055
sarp-30-15-B-10,,,,,,,,,,,,,,,,,,,30,15,12,194.1,134.306,220.57,9,0.57,107.836,Optimal,107.836,107.836,-5.27128e-14,86.264,8.41463,0.368393,345.0,0.531178
sarp-30-15-B-10,,,,,,,,,,,,,,,,,,,30,15,12,194.1,134.306,220.57,9,0.57,107.836,Optimal,107.836,107.836,-5.27128e-14,86.264,8.41463,0.368393,345.0,0.531178
sarp-30-15-B-10,,,,,,,,,,,,,,,,,,,30,15,12,194.1,134.306,220.57,9,0.57,107.836,Optimal,107.836,107.836,-5.27128e-14,86.264,8.41463,0.368393,345.0,0.531178
sarp-30-15-B-10,,,,,,,,,,,,,,,,,,,30,15,12,194.1,134.306,220.57,9,0.57,107.836,Optimal,107.836,107.836,-5.27128e-14,86.264,8.41463,0.368393,345.0,0.531178
sarp-30-15-B-10,,,,,,,,,,,,,,,,,,,30,15,12,194.1,134.306,220.57,9,0.57,107.836,Optimal,107.836,107.836,-5.27128e-14,86.264,8.41463,0.368393,345.0,0.531178
sarp-30-15-B-10,,,,,,,,,,,,,,,,,,,30,15,12,194.1,134.306,220.57,9,0.57,107.836,Optimal,107.836,107.836,-5.27128e-14,86.264,8.41463,0.368393,345.0,0.531178
sarp-30-15-B-10,,,,,,,,,,,,,,,,,,,30,15,12,194.1,134.306,220.57,9,0.57,107.836,Optimal,107.836,107.836,-5.27128e-14,86.264,8.41463,0.368393,345.0,0.531178
sarp-30-15-B-10,,,,,,,,,,,,,,,,,,,30,15,12,194.1,134.306,220.57,9,0.57,107.836,Optimal,107.836,107.836,-5.27128e-14,86.264,8.41463,0.368393,345.0,0.531178
sarp-30-15-B-10,,,,,,,,,,,,,,,,,,,30,15,12,194.1,134.306,220.57,9,0.57,107.836,Optimal,107.836,107.836,-5.27128e-14,86.264,8.41463,0.368393,345.0,0.531178
sarp-30-15-B-10,,,,,,,,,,,,,,,,,,,30,15,12,194.1,134.306,220.57,9,0.57,107.836,Optimal,107.836,107.836,-5.27128e-14,86.264,8.41463,0.368393,345.0,0.531178
sarp-30-15-B-10,,,,,,,,,,,,,,,,,,,30,15,12,194.1,134.306,220.57,9,0.57,107.836,Optimal,107.836,107.836,-5.27128e-14,86.264,8.41463,0.368393,345.0,0.531178
sarp-30-15-B-10,,,,,,,,,,,,,,,,,,,30,15,12,194.1,134.306,220.57,9,0.57,107.836,Optimal,107.836,107.836,-5.27128e-14,86.264,8.41463,0.368393,345.0,0.531178
sarp-30-15-B-10,,,,,,,,,,,,,,,,,,,30,15,12,194.1,134.306,220.57,9,0.57,107.836,Optimal,107.836,107.836,-5.27128e-14,86.264,8.41463,0.368393,345.0,0.531178
sarp-30-15-B-10,,,,,,,,,,,,,,,,,,,30,15,12,194.1,134.306,220.57,9,0.57,107.836,Optimal,107.836,107.836,-5.27128e-14,86.264,8.41463,0.368393,345.0,0.531178
sarp-30-15-B-10,,,,,,,,,,,,,,,,,,,30,15,12,194.1,134.306,220.57,9,0.57,107.836,Optimal,107.836,107.836,-5.27128e-14,86.264,8.41463,0.368393,345.0,0.531178
sarp-30-15-B-10,,,,,,,,,,,,,,,,,,,30,15,12,194.1,134.306,220.57,9,0.57,107.836,Optimal,107.836,107.836,-5.27128e-14,86.264,8.41463,0.368393,345.0,0.531178
sarp-30-15-B-10,,,,,,,,,,,,,,,,,,,30,15,12,194.1,134.306,220.57,9,0.57,107.836,Optimal,107.836,107.836,-5.27128e-14,86.264,8.41463,0.368393,345.0,0.531178
sarp-30-15-B-10,,,,,,,,,,,,,,,,,,,30,15,12,194.1,134.306,220.57,9,0.57,107.836,Optimal,107.836,107.836,-5.27128e-14,86.264,8.41463,0.368393,345.0,0.531178
sarp-30-15-B-10,,,,,,,,,,,,,,,,,,,30,15,12,194.1,134.306,220.57,9,0.57,107.836,Optimal,107.836,107.836,-5.27128e-14,86.264,8.41463,0.368393,345.0,0.531178
sarp-30-15-B-10,,,,,,,,,,,,,,,,,,,30,15,12,194.1,134.306,220.57,9,0.57,107.836,Optimal,107.836,107.836,-5.27128e-14,86.264,8.41463,0.368393,345.0,0.531178
sarp-30-15-B-10,,,,,,,,,,,,,,,,,,,30,15,12,194.1,134.306,220.57,9,0.57,107.836,Optimal,107.836,107.836,-5.27128e-14,86.264,8.41463,0.368393,345.0,0.531178
sarp-30-15-B-10,,,,,,,,,,,,,,,,,,,30,15,12,194.1,134.306,220.57,9,0.57,107.836,Optimal,107.836,107.836,-5.27128e-14,86.264,8.41463,0.368393,345.0,0.531178
sarp-30-15-B-10,,,,,,,,,,,,,,,,,,,30,15,12,194.1,134.306,220.57,9,0.57,107.836,Optimal,107.836,107.836,-5.27128e-14,86.264,8.41463,0.368393,345.0,0.531178
sarp-30-15-B-10,,,,,,,,,,,,,,,,,,,30,15,12,194.1,134.306,220.57,9,0.57,107.836,Optimal,107.836,107.836,-5.27128e-14,86.264,8.41463,0.368393,345.0,0.531178
sarp-30-15-B-10,,,,,,,,,,,,,,,,,,,30,15,12,194.1,134.306,220.57,9,0.57,107.836,Optimal,107.836,107.836,-5.27128e-14,86.264,8.41463,0.368393,345.0,0.531178
sarp-30-15-B-10,,,,,,,,,,,,,,,,,,,30,15,12,194.1,134.306,220.57,9,0.57,107.836,Optimal,107.836,107.836,-5.27128e-14,86.264,8.41463,0.368393,345.0,0.531178
sarp-30-15-B-10,,,,,,,,,,,,,,,,,,,30,15,12,194.1,134.306,220.57,9,0.57,107.836,Optimal,107.836,107.836,-5.27128e-14,86.264,8.41463,0.368393,345.0,0.531178
sarp-30-15-B-10,,,,,,,,,,,,,,,,,,,30,15,12,194.1,134.306,220.57,9,0.57,107.836,Optimal,107.836,107.836,-5.27128e-14,86.264,8.41463,0.368393,345.0,0.531178
sarp-30-15-C-9,,,,,,,,,,,,,,,,,,,30,15,11,511.191,286.61,341.182,10,1.53,456.619,Optimal,456.619,456.619,-1.24488e-14,54.572,10.2488,0.240366,420.2,0.28624
sarp-30-15-C-9,,,,,,,,,,,,,,,,,,,30,15,11,511.191,286.61,341.182,10,1.53,456.619,Optimal,456.619,456.619,-1.24488e-14,54.572,10.2488,0.240366,420.2,0.28624
sarp-30-15-C-9,,,,,,,,,,,,,,,,,,,30,15,11,511.191,286.61,341.182,10,1.53,456.619,Optimal,456.619,456.619,-1.24488e-14,54.572,10.2488,0.240366,420.2,0.28624
sarp-30-15-C-9,,,,,,,,,,,,,,,,,,,30,15,11,511.191,286.61,341.182,10,1.53,456.619,Optimal,456.619,456.619,-1.24488e-14,54.572,10.2488,0.240366,420.2,0.28624
sarp-30-15-C-9,,,,,,,,,,,,,,,,,,,30,15,11,511.191,286.61,341.182,10,1.53,456.619,Optimal,456.619,456.619,-1.24488e-14,54.572,10.2488,0.240366,420.2,0.28624
sarp-30-15-C-9,,,,,,,,,,,,,,,,,,,30,15,11,511.191,286.61,341.182,10,1.53,456.619,Optimal,456.619,456.619,-1.24488e-14,54.572,10.2488,0.240366,420.2,0.28624
sarp-30-15-C-9,,,,,,,,,,,,,,,,,,,30,15,11,511.191,286.61,341.182,10,1.53,456.619,Optimal,456.619,456.619,-1.24488e-14,54.572,10.2488,0.240366,420.2,0.28624
sarp-30-15-C-9,,,,,,,,,,,,,,,,,,,30,15,11,511.191,286.61,341.182,10,1.53,456.619,Optimal,456.619,456.619,-1.24488e-14,54.572,10.2488,0.240366,420.2,0.28624
sarp-30-15-C-9,,,,,,,,,,,,,,,,,,,30,15,11,511.191,286.61,341.182,10,1.53,456.619,Optimal,456.619,456.619,-1.24488e-14,54.572,10.2488,0.240366,420.2,0.28624
sarp-30-15-C-9,,,,,,,,,,,,,,,,,,,30,15,11,511.191,286.61,341.182,10,1.53,456.619,Optimal,456.619,456.619,-1.24488e-14,54.572,10.2488,0.240366,420.2,0.28624
sarp-30-15-C-9,,,,,,,,,,,,,,,,,,,30,15,11,511.191,286.61,341.182,10,1.53,456.619,Optimal,456.619,456.619,-1.24488e-14,54.572,10.2488,0.240366,420.2,0.28624
sarp-30-15-C-9,,,,,,,,,,,,,,,,,,,30,15,11,511.191,286.61,341.182,10,1.53,456.619,Optimal,456.619,456.619,-1.24488e-14,54.572,10.2488,0.240366,420.2,0.28624
sarp-30-15-C-9,,,,,,,,,,,,,,,,,,,30,15,11,511.191,286.61,341.182,10,1.53,456.619,Optimal,456.619,456.619,-1.24488e-14,54.572,10.2488,0.240366,420.2,0.28624
sarp-30-15-C-9,,,,,,,,,,,,,,,,,,,30,15,11,511.191,286.61,341.182,10,1.53,456.619,Optimal,456.619,456.619,-1.24488e-14,54.572,10.2488,0.240366,420.2,0.28624
sarp-30-15-C-9,,,,,,,,,,,,,,,,,,,30,15,11,511.191,286.61,341.182,10,1.53,456.619,Optimal,456.619,456.619,-1.24488e-14,54.572,10.2488,0.240366,420.2,0.28624
sarp-30-15-C-9,,,,,,,,,,,,,,,,,,,30,15,11,511.191,286.61,341.182,10,1.53,456.619,Optimal,456.619,456.619,-1.24488e-14,54.572,10.2488,0.240366,420.2,0.28624
sarp-30-15-C-9,,,,,,,,,,,,,,,,,,,30,15,11,511.191,286.61,341.182,10,1.53,456.619,Optimal,456.619,456.619,-1.24488e-14,54.572,10.2488,0.240366,420.2,0.28624
sarp-30-15-C-9,,,,,,,,,,,,,,,,,,,30,15,11,511.191,286.61,341.182,10,1.53,456.619,Optimal,456.619,456.619,-1.24488e-14,54.572,10.2488,0.240366,420.2,0.28624
sarp-30-15-C-9,,,,,,,,,,,,,,,,,,,30,15,11,511.191,286.61,341.182,10,1.53,456.619,Optimal,456.619,456.619,-1.24488e-14,54.572,10.2488,0.240366,420.2,0.28624
sarp-30-15-C-9,,,,,,,,,,,,,,,,,,,30,15,11,511.191,286.61,341.182,10,1.53,456.619,Optimal,456.619,456.619,-1.24488e-14,54.572,10.2488,0.240366,420.2,0.28624
sarp-30-15-C-9,,,,,,,,,,,,,,,,,,,30,15,11,511.191,286.61,341.182,10,1.53,456.619,Optimal,456.619,456.619,-1.24488e-14,54.572,10.2488,0.240366,420.2,0.28624
sarp-30-15-C-9,,,,,,,,,,,,,,,,,,,30,15,11,511.191,286.61,341.182,10,1.53,456.619,Optimal,456.619,456.619,-1.24488e-14,54.572,10.2488,0.240366,420.2,0.28624
sarp-30-15-C-9,,,,,,,,,,,,,,,,,,,30,15,11,511.191,286.61,341.182,10,1.53,456.619,Optimal,456.619,456.619,-1.24488e-14,54.572,10.2488,0.240366,420.2,0.28624
sarp-30-15-C-9,,,,,,,,,,,,,,,,,,,30,15,11,511.191,286.61,341.182,10,1.53,456.619,Optimal,456.619,456.619,-1.24488e-14,54.572,10.2488,0.240366,420.2,0.28624
sarp-30-15-C-9,,,,,,,,,,,,,,,,,,,30,15,11,511.191,286.61,341.182,10,1.53,456.619,Optimal,456.619,456.619,-1.24488e-14,54.572,10.2488,0.240366,420.2,0.28624
sarp-30-15-C-9,,,,,,,,,,,,,,,,,,,30,15,11,511.191,286.61,341.182,10,1.53,456.619,Optimal,456.619,456.619,-1.24488e-14,54.572,10.2488,0.240366,420.2,0.28624
sarp-30-15-C-9,,,,,,,,,,,,,,,,,,,30,15,11,511.191,286.61,341.182,10,1.53,456.619,Optimal,456.619,456.619,-1.24488e-14,54.572,10.2488,0.240366,420.2,0.28624
sarp-30-15-C-9,,,,,,,,,,,,,,,,,,,30,15,11,511.191,286.61,341.182,10,1.53,456.619,Optimal,456.619,456.619,-1.24488e-14,54.572,10.2488,0.240366,420.2,0.28624
sarp-30-15-C-10,,,,,,,,,,,,,,,,,,,30,15,6,540.603,166.836,315.928,8,2.53,391.511,Optimal,391.511,391.513,0.000507436,149.092,11.3756,0.272637,466.4,0.318427
sarp-30-15-C-10,,,,,,,,,,,,,,,,,,,30,15,6,540.603,166.836,315.928,8,2.53,391.511,Optimal,391.511,391.513,0.000507436,149.092,11.3756,0.272637,466.4,0.318427
sarp-30-15-C-10,,,,,,,,,,,,,,,,,,,30,15,6,540.603,166.836,315.928,8,2.53,391.511,Optimal,391.511,391.513,0.000507436,149.092,11.3756,0.272637,466.4,0.318427
sarp-30-15-C-10,,,,,,,,,,,,,,,,,,,30,15,6,540.603,166.836,315.928,8,2.53,391.511,Optimal,391.511,391.513,0.000507436,149.092,11.3756,0.272637,466.4,0.318427
sarp-30-15-C-10,,,,,,,,,,,,,,,,,,,30,15,6,540.603,166.836,315.928,8,2.53,391.511,Optimal,391.511,391.513,0.000507436,149.092,11.3756,0.272637,466.4,0.318427
sarp-30-15-C-10,,,,,,,,,,,,,,,,,,,30,15,6,540.603,166.836,315.928,8,2.53,391.511,Optimal,391.511,391.513,0.000507436,149.092,11.3756,0.272637,466.4,0.318427
sarp-30-15-C-10,,,,,,,,,,,,,,,,,,,30,15,6,540.603,166.836,315.928,8,2.53,391.511,Optimal,391.511,391.513,0.000507436,149.092,11.3756,0.272637,466.4,0.318427
sarp-30-15-C-10,,,,,,,,,,,,,,,,,,,30,15,6,540.603,166.836,315.928,8,2.53,391.511,Optimal,391.511,391.513,0.000507436,149.092,11.3756,0.272637,466.4,0.318427
sarp-30-15-C-10,,,,,,,,,,,,,,,,,,,30,15,6,540.603,166.836,315.928,8,2.53,391.511,Optimal,391.511,391.513,0.000507436,149.092,11.3756,0.272637,466.4,0.318427
sarp-30-15-C-10,,,,,,,,,,,,,,,,,,,30,15,6,540.603,166.836,315.928,8,2.53,391.511,Optimal,391.511,391.513,0.000507436,149.092,11.3756,0.272637,466.4,0.318427
sarp-30-15-C-10,,,,,,,,,,,,,,,,,,,30,15,6,540.603,166.836,315.928,8,2.53,391.511,Optimal,391.511,391.513,0.000507436,149.092,11.3756,0.272637,466.4,0.318427
sarp-30-15-C-10,,,,,,,,,,,,,,,,,,,30,15,6,540.603,166.836,315.928,8,2.53,391.511,Optimal,391.511,391.513,0.000507436,149.092,11.3756,0.272637,466.4,0.318427
sarp-30-15-C-10,,,,,,,,,,,,,,,,,,,30,15,6,540.603,166.836,315.928,8,2.53,391.511,Optimal,391.511,391.513,0.000507436,149.092,11.3756,0.272637,466.4,0.318427
sarp-30-15-C-10,,,,,,,,,,,,,,,,,,,30,15,6,540.603,166.836,315.928,8,2.53,391.511,Optimal,391.511,391.513,0.000507436,149.092,11.3756,0.272637,466.4,0.318427
sarp-30-15-C-10,,,,,,,,,,,,,,,,,,,30,15,6,540.603,166.836,315.928,8,2.53,391.511,Optimal,391.511,391.513,0.000507436,149.092,11.3756,0.272637,466.4,0.318427
sarp-30-15-C-10,,,,,,,,,,,,,,,,,,,30,15,6,540.603,166.836,315.928,8,2.53,391.511,Optimal,391.511,391.513,0.000507436,149.092,11.3756,0.272637,466.4,0.318427
sarp-30-15-C-10,,,,,,,,,,,,,,,,,,,30,15,6,540.603,166.836,315.928,8,2.53,391.511,Optimal,391.511,391.513,0.000507436,149.092,11.3756,0.272637,466.4,0.318427
sarp-30-15-C-10,,,,,,,,,,,,,,,,,,,30,15,6,540.603,166.836,315.928,8,2.53,391.511,Optimal,391.511,391.513,0.000507436,149.092,11.3756,0.272637,466.4,0.318427
sarp-30-15-C-10,,,,,,,,,,,,,,,,,,,30,15,6,540.603,166.836,315.928,8,2.53,391.511,Optimal,391.511,391.513,0.000507436,149.092,11.3756,0.272637,466.4,0.318427
sarp-30-15-C-10,,,,,,,,,,,,,,,,,,,30,15,6,540.603,166.836,315.928,8,2.53,391.511,Optimal,391.511,391.513,0.000507436,149.092,11.3756,0.272637,466.4,0.318427
sarp-30-15-C-10,,,,,,,,,,,,,,,,,,,30,15,6,540.603,166.836,315.928,8,2.53,391.511,Optimal,391.511,391.513,0.000507436,149.092,11.3756,0.272637,466.4,0.318427
sarp-30-15-C-10,,,,,,,,,,,,,,,,,,,30,15,6,540.603,166.836,315.928,8,2.53,391.511,Optimal,391.511,391.513,0.000507436,149.092,11.3756,0.272637,466.4,0.318427
sarp-30-15-C-10,,,,,,,,,,,,,,,,,,,30,15,6,540.603,166.836,315.928,8,2.53,391.511,Optimal,391.511,391.513,0.000507436,149.092,11.3756,0.272637,466.4,0.318427
sarp-30-15-C-10,,,,,,,,,,,,,,,,,,,30,15,6,540.603,166.836,315.928,8,2.53,391.511,Optimal,391.511,391.513,0.000507436,149.092,11.3756,0.272637,466.4,0.318427
sarp-30-15-C-10,,,,,,,,,,,,,,,,,,,30,15,6,540.603,166.836,315.928,8,2.53,391.511,Optimal,391.511,391.513,0.000507436,149.092,11.3756,0.272637,466.4,0.318427
sarp-30-15-C-10,,,,,,,,,,,,,,,,,,,30,15,6,540.603,166.836,315.928,8,2.53,391.511,Optimal,391.511,391.513,0.000507436,149.092,11.3756,0.272637,466.4,0.318427
sarp-30-15-C-10,,,,,,,,,,,,,,,,,,,30,15,6,540.603,166.836,315.928,8,2.53,391.511,Optimal,391.511,391.513,0.000507436,149.092,11.3756,0.272637,466.4,0.318427
sarp-30-15-C-10,,,,,,,,,,,,,,,,,,,30,15,6,540.603,166.836,315.928,8,2.53,391.511,Optimal,391.511,391.513,0.000507436,149.092,11.3756,0.272637,466.4,0.318427
sarp-40-20-A-9,,,,,,,,,,,,,,,,,,,40,20,11,210.54,66.494,224.94,10,1.42,52.094,Optimal,52.094,52.094,0.0,158.446,9.24146,0.38683,378.9,0.600475
sarp-40-20-A-9,,,,,,,,,,,,,,,,,,,40,20,11,210.54,66.494,224.94,10,1.42,52.094,Optimal,52.094,52.094,0.0,158.446,9.24146,0.38683,378.9,0.600475
sarp-40-20-A-9,,,,,,,,,,,,,,,,,,,40,20,11,210.54,66.494,224.94,10,1.42,52.094,Optimal,52.094,52.094,0.0,158.446,9.24146,0.38683,378.9,0.600475
sarp-40-20-A-9,,,,,,,,,,,,,,,,,,,40,20,11,210.54,66.494,224.94,10,1.42,52.094,Optimal,52.094,52.094,0.0,158.446,9.24146,0.38683,378.9,0.600475
sarp-40-20-A-9,,,,,,,,,,,,,,,,,,,40,20,11,210.54,66.494,224.94,10,1.42,52.094,Optimal,52.094,52.094,0.0,158.446,9.24146,0.38683,378.9,0.600475
sarp-40-20-A-9,,,,,,,,,,,,,,,,,,,40,20,11,210.54,66.494,224.94,10,1.42,52.094,Optimal,52.094,52.094,0.0,158.446,9.24146,0.38683,378.9,0.600475
sarp-40-20-A-9,,,,,,,,,,,,,,,,,,,40,20,11,210.54,66.494,224.94,10,1.42,52.094,Optimal,52.094,52.094,0.0,158.446,9.24146,0.38683,378.9,0.600475
sarp-40-20-A-9,,,,,,,,,,,,,,,,,,,40,20,11,210.54,66.494,224.94,10,1.42,52.094,Optimal,52.094,52.094,0.0,158.446,9.24146,0.38683,378.9,0.600475
sarp-40-20-A-9,,,,,,,,,,,,,,,,,,,40,20,11,210.54,66.494,224.94,10,1.42,52.094,Optimal,52.094,52.094,0.0,158.446,9.24146,0.38683,378.9,0.600475
sarp-40-20-A-9,,,,,,,,,,,,,,,,,,,40,20,11,210.54,66.494,224.94,10,1.42,52.094,Optimal,52.094,52.094,0.0,158.446,9.24146,0.38683,378.9,0.600475
sarp-40-20-A-9,,,,,,,,,,,,,,,,,,,40,20,11,210.54,66.494,224.94,10,1.42,52.094,Optimal,52.094,52.094,0.0,158.446,9.24146,0.38683,378.9,0.600475
sarp-40-20-A-9,,,,,,,,,,,,,,,,,,,40,20,11,210.54,66.494,224.94,10,1.42,52.094,Optimal,52.094,52.094,0.0,158.446,9.24146,0.38683,378.9,0.600475
sarp-40-20-A-9,,,,,,,,,,,,,,,,,,,40,20,11,210.54,66.494,224.94,10,1.42,52.094,Optimal,52.094,52.094,0.0,158.446,9.24146,0.38683,378.9,0.600475
sarp-40-20-A-9,,,,,,,,,,,,,,,,,,,40,20,11,210.54,66.494,224.94,10,1.42,52.094,Optimal,52.094,52.094,0.0,158.446,9.24146,0.38683,378.9,0.600475
sarp-40-20-A-9,,,,,,,,,,,,,,,,,,,40,20,11,210.54,66.494,224.94,10,1.42,52.094,Optimal,52.094,52.094,0.0,158.446,9.24146,0.38683,378.9,0.600475
sarp-40-20-A-9,,,,,,,,,,,,,,,,,,,40,20,11,210.54,66.494,224.94,10,1.42,52.094,Optimal,52.094,52.094,0.0,158.446,9.24146,0.38683,378.9,0.600475
sarp-40-20-A-9,,,,,,,,,,,,,,,,,,,40,20,11,210.54,66.494,224.94,10,1.42,52.094,Optimal,52.094,52.094,0.0,158.446,9.24146,0.38683,378.9,0.600475
sarp-40-20-A-9,,,,,,,,,,,,,,,,,,,40,20,11,210.54,66.494,224.94,10,1.42,52.094,Optimal,52.094,52.094,0.0,158.446,9.24146,0.38683,378.9,0.600475
sarp-40-20-A-9,,,,,,,,,,,,,,,,,,,40,20,11,210.54,66.494,224.94,10,1.42,52.094,Optimal,52.094,52.094,0.0,158.446,9.24146,0.38683,378.9,0.600475
sarp-40-20-A-9,,,,,,,,,,,,,,,,,,,40,20,11,210.54,66.494,224.94,10,1.42,52.094,Optimal,52.094,52.094,0.0,158.446,9.24146,0.38683,378.9,0.600475
sarp-40-20-A-9,,,,,,,,,,,,,,,,,,,40,20,11,210.54,66.494,224.94,10,1.42,52.094,Optimal,52.094,52.094,0.0,158.446,9.24146,0.38683,378.9,0.600475
sarp-40-20-A-9,,,,,,,,,,,,,,,,,,,40,20,11,210.54,66.494,224.94,10,1.42,52.094,Optimal,52.094,52.094,0.0,158.446,9.24146,0.38683,378.9,0.600475
sarp-40-20-A-9,,,,,,,,,,,,,,,,,,,40,20,11,210.54,66.494,224.94,10,1.42,52.094,Optimal,52.094,52.094,0.0,158.446,9.24146,0.38683,378.9,0.600475
sarp-40-20-A-9,,,,,,,,,,,,,,,,,,,40,20,11,210.54,66.494,224.94,10,1.42,52.094,Optimal,52.094,52.094,0.0,158.446,9.24146,0.38683,378.9,0.600475
sarp-40-20-A-9,,,,,,,,,,,,,,,,,,,40,20,11,210.54,66.494,224.94,10,1.42,52.094,Optimal,52.094,52.094,0.0,158.446,9.24146,0.38683,378.9,0.600475
sarp-40-20-A-9,,,,,,,,,,,,,,,,,,,40,20,11,210.54,66.494,224.94,10,1.42,52.094,Optimal,52.094,52.094,0.0,158.446,9.24146,0.38683,378.9,0.600475
sarp-40-20-A-9,,,,,,,,,,,,,,,,,,,40,20,11,210.54,66.494,224.94,10,1.42,52.094,Optimal,52.094,52.094,0.0,158.446,9.24146,0.38683,378.9,0.600475
sarp-40-20-A-9,,,,,,,,,,,,,,,,,,,40,20,11,210.54,66.494,224.94,10,1.42,52.094,Optimal,52.094,52.094,0.0,158.446,9.24146,0.38683,378.9,0.600475
sarp-40-20-A-10,,,,,,,,,,,,,,,,,,,40,20,11,192.528,78.114,196.236,10,1.47,74.406,Optimal,74.406,74.406,-7.63963e-14,118.122,8.26341,0.382609,338.8,0.630912
sarp-40-20-A-10,,,,,,,,,,,,,,,,,,,40,20,11,192.528,78.114,196.236,10,1.47,74.406,Optimal,74.406,74.406,-7.63963e-14,118.122,8.26341,0.382609,338.8,0.630912
sarp-40-20-A-10,,,,,,,,,,,,,,,,,,,40,20,11,192.528,78.114,196.236,10,1.47,74.406,Optimal,74.406,74.406,-7.63963e-14,118.122,8.26341,0.382609,338.8,0.630912
sarp-40-20-A-10,,,,,,,,,,,,,,,,,,,40,20,11,192.528,78.114,196.236,10,1.47,74.406,Optimal,74.406,74.406,-7.63963e-14,118.122,8.26341,0.382609,338.8,0.630912
sarp-40-20-A-10,,,,,,,,,,,,,,,,,,,40,20,11,192.528,78.114,196.236,10,1.47,74.406,Optimal,74.406,74.406,-7.63963e-14,118.122,8.26341,0.382609,338.8,0.630912
sarp-40-20-A-10,,,,,,,,,,,,,,,,,,,40,20,11,192.528,78.114,196.236,10,1.47,74.406,Optimal,74.406,74.406,-7.63963e-14,118.122,8.26341,0.382609,338.8,0.630912
sarp-40-20-A-10,,,,,,,,,,,,,,,,,,,40,20,11,192.528,78.114,196.236,10,1.47,74.406,Optimal,74.406,74.406,-7.63963e-14,118.122,8.26341,0.382609,338.8,0.630912
sarp-40-20-A-10,,,,,,,,,,,,,,,,,,,40,20,11,192.528,78.114,196.236,10,1.47,74.406,Optimal,74.406,74.406,-7.63963e-14,118.122,8.26341,0.382609,338.8,0.630912
sarp-40-20-A-10,,,,,,,,,,,,,,,,,,,40,20,11,192.528,78.114,196.236,10,1.47,74.406,Optimal,74.406,74.406,-7.63963e-14,118.122,8.26341,0.382609,338.8,0.630912
sarp-40-20-A-10,,,,,,,,,,,,,,,,,,,40,20,11,192.528,78.114,196.236,10,1.47,74.406,Optimal,74.406,74.406,-7.63963e-14,118.122,8.26341,0.382609,338.8,0.630912
sarp-40-20-A-10,,,,,,,,,,,,,,,,,,,40,20,11,192.528,78.114,196.236,10,1.47,74.406,Optimal,74.406,74.406,-7.63963e-14,118.122,8.26341,0.382609,338.8,0.630912
sarp-40-20-A-10,,,,,,,,,,,,,,,,,,,40,20,11,192.528,78.114,196.236,10,1.47,74.406,Optimal,74.406,74.406,-7.63963e-14,118.122,8.26341,0.382609,338.8,0.630912
sarp-40-20-A-10,,,,,,,,,,,,,,,,,,,40,20,11,192.528,78.114,196.236,10,1.47,74.406,Optimal,74.406,74.406,-7.63963e-14,118.122,8.26341,0.382609,338.8,0.630912
sarp-40-20-A-10,,,,,,,,,,,,,,,,,,,40,20,11,192.528,78.114,196.236,10,1.47,74.406,Optimal,74.406,74.406,-7.63963e-14,118.122,8.26341,0.382609,338.8,0.630912
sarp-40-20-A-10,,,,,,,,,,,,,,,,,,,40,20,11,192.528,78.114,196.236,10,1.47,74.406,Optimal,74.406,74.406,-7.63963e-14,118.122,8.26341,0.382609,338.8,0.630912
sarp-40-20-A-10,,,,,,,,,,,,,,,,,,,40,20,11,192.528,78.114,196.236,10,1.47,74.406,Optimal,74.406,74.406,-7.63963e-14,118.122,8.26341,0.382609,338.8,0.630912
sarp-40-20-A-10,,,,,,,,,,,,,,,,,,,40,20,11,192.528,78.114,196.236,10,1.47,74.406,Optimal,74.406,74.406,-7.63963e-14,118.122,8.26341,0.382609,338.8,0.630912
sarp-40-20-A-10,,,,,,,,,,,,,,,,,,,40,20,11,192.528,78.114,196.236,10,1.47,74.406,Optimal,74.406,74.406,-7.63963e-14,118.122,8.26341,0.382609,338.8,0.630912
sarp-40-20-A-10,,,,,,,,,,,,,,,,,,,40,20,11,192.528,78.114,196.236,10,1.47,74.406,Optimal,74.406,74.406,-7.63963e-14,118.122,8.26341,0.382609,338.8,0.630912
sarp-40-20-A-10,,,,,,,,,,,,,,,,,,,40,20,11,192.528,78.114,196.236,10,1.47,74.406,Optimal,74.406,74.406,-7.63963e-14,118.122,8.26341,0.382609,338.8,0.630912
sarp-40-20-A-10,,,,,,,,,,,,,,,,,,,40,20,11,192.528,78.114,196.236,10,1.47,74.406,Optimal,74.406,74.406,-7.63963e-14,118.122,8.26341,0.382609,338.8,0.630912
sarp-40-20-A-10,,,,,,,,,,,,,,,,,,,40,20,11,192.528,78.114,196.236,10,1.47,74.406,Optimal,74.406,74.406,-7.63963e-14,118.122,8.26341,0.382609,338.8,0.630912
sarp-40-20-A-10,,,,,,,,,,,,,,,,,,,40,20,11,192.528,78.114,196.236,10,1.47,74.406,Optimal,74.406,74.406,-7.63963e-14,118.122,8.26341,0.382609,338.8,0.630912
sarp-40-20-A-10,,,,,,,,,,,,,,,,,,,40,20,11,192.528,78.114,196.236,10,1.47,74.406,Optimal,74.406,74.406,-7.63963e-14,118.122,8.26341,0.382609,338.8,0.630912
sarp-40-20-A-10,,,,,,,,,,,,,,,,,,,40,20,11,192.528,78.114,196.236,10,1.47,74.406,Optimal,74.406,74.406,-7.63963e-14,118.122,8.26341,0.382609,338.8,0.630912
sarp-40-20-A-10,,,,,,,,,,,,,,,,,,,40,20,11,192.528,78.114,196.236,10,1.47,74.406,Optimal,74.406,74.406,-7.63963e-14,118.122,8.26341,0.382609,338.8,0.630912
sarp-40-20-A-10,,,,,,,,,,,,,,,,,,,40,20,11,192.528,78.114,196.236,10,1.47,74.406,Optimal,74.406,74.406,-7.63963e-14,118.122,8.26341,0.382609,338.8,0.630912
sarp-40-20-A-10,,,,,,,,,,,,,,,,,,,40,20,11,192.528,78.114,196.236,10,1.47,74.406,Optimal,74.406,74.406,-7.63963e-14,118.122,8.26341,0.382609,338.8,0.630912
sarp-40-20-B-9,,,,,,,,,,,,,,,,,,,40,20,13,228.552,109.988,211.692,12,1.84,126.848,Optimal,126.848,126.848,0.0,101.704,8.67805,0.357241,355.8,0.561376
sarp-40-20-B-9,,,,,,,,,,,,,,,,,,,40,20,13,228.552,109.988,211.692,12,1.84,126.848,Optimal,126.848,126.848,0.0,101.704,8.67805,0.357241,355.8,0.561376
sarp-40-20-B-9,,,,,,,,,,,,,,,,,,,40,20,13,228.552,109.988,211.692,12,1.84,126.848,Optimal,126.848,126.848,0.0,101.704,8.67805,0.357241,355.8,0.561376
sarp-40-20-B-9,,,,,,,,,,,,,,,,,,,40,20,13,228.552,109.988,211.692,12,1.84,126.848,Optimal,126.848,126.848,0.0,101.704,8.67805,0.357241,355.8,0.561376
sarp-40-20-B-9,,,,,,,,,,,,,,,,,,,40,20,13,228.552,109.988,211.692,12,1.84,126.848,Optimal,126.848,126.848,0.0,101.704,8.67805,0.357241,355.8,0.561376
sarp-40-20-B-9,,,,,,,,,,,,,,,,,,,40,20,13,228.552,109.988,211.692,12,1.84,126.848,Optimal,126.848,126.848,0.0,101.704,8.67805,0.357241,355.8,0.561376
sarp-40-20-B-9,,,,,,,,,,,,,,,,,,,40,20,13,228.552,109.988,211.692,12,1.84,126.848,Optimal,126.848,126.848,0.0,101.704,8.67805,0.357241,355.8,0.561376
sarp-40-20-B-9,,,,,,,,,,,,,,,,,,,40,20,13,228.552,109.988,211.692,12,1.84,126.848,Optimal,126.848,126.848,0.0,101.704,8.67805,0.357241,355.8,0.561376
sarp-40-20-B-9,,,,,,,,,,,,,,,,,,,40,20,13,228.552,109.988,211.692,12,1.84,126.848,Optimal,126.848,126.848,0.0,101.704,8.67805,0.357241,355.8,0.561376
sarp-40-20-B-9,,,,,,,,,,,,,,,,,,,40,20,13,228.552,109.988,211.692,12,1.84,126.848,Optimal,126.848,126.848,0.0,101.704,8.67805,0.357241,355.8,0.561376
sarp-40-20-B-9,,,,,,,,,,,,,,,,,,,40,20,13,228.552,109.988,211.692,12,1.84,126.848,Optimal,126.848,126.848,0.0,101.704,8.67805,0.357241,355.8,0.561376
sarp-40-20-B-9,,,,,,,,,,,,,,,,,,,40,20,13,228.552,109.988,211.692,12,1.84,126.848,Optimal,126.848,126.848,0.0,101.704,8.67805,0.357241,355.8,0.561376
sarp-40-20-B-9,,,,,,,,,,,,,,,,,,,40,20,13,228.552,109.988,211.692,12,1.84,126.848,Optimal,126.848,126.848,0.0,101.704,8.67805,0.357241,355.8,0.561376
sarp-40-20-B-9,,,,,,,,,,,,,,,,,,,40,20,13,228.552,109.988,211.692,12,1.84,126.848,Optimal,126.848,126.848,0.0,101.704,8.67805,0.357241,355.8,0.561376
sarp-40-20-B-9,,,,,,,,,,,,,,,,,,,40,20,13,228.552,109.988,211.692,12,1.84,126.848,Optimal,126.848,126.848,0.0,101.704,8.67805,0.357241,355.8,0.561376
sarp-40-20-B-9,,,,,,,,,,,,,,,,,,,40,20,13,228.552,109.988,211.692,12,1.84,126.848,Optimal,126.848,126.848,0.0,101.704,8.67805,0.357241,355.8,0.561376
sarp-40-20-B-9,,,,,,,,,,,,,,,,,,,40,20,13,228.552,109.988,211.692,12,1.84,126.848,Optimal,126.848,126.848,0.0,101.704,8.67805,0.357241,355.8,0.561376
sarp-40-20-B-9,,,,,,,,,,,,,,,,,,,40,20,13,228.552,109.988,211.692,12,1.84,126.848,Optimal,126.848,126.848,0.0,101.704,8.67805,0.357241,355.8,0.561376
sarp-40-20-B-9,,,,,,,,,,,,,,,,,,,40,20,13,228.552,109.988,211.692,12,1.84,126.848,Optimal,126.848,126.848,0.0,101.704,8.67805,0.357241,355.8,0.561376
sarp-40-20-B-9,,,,,,,,,,,,,,,,,,,40,20,13,228.552,109.988,211.692,12,1.84,126.848,Optimal,126.848,126.848,0.0,101.704,8.67805,0.357241,355.8,0.561376
sarp-40-20-B-9,,,,,,,,,,,,,,,,,,,40,20,13,228.552,109.988,211.692,12,1.84,126.848,Optimal,126.848,126.848,0.0,101.704,8.67805,0.357241,355.8,0.561376
sarp-40-20-B-9,,,,,,,,,,,,,,,,,,,40,20,13,228.552,109.988,211.692,12,1.84,126.848,Optimal,126.848,126.848,0.0,101.704,8.67805,0.357241,355.8,0.561376
sarp-40-20-B-9,,,,,,,,,,,,,,,,,,,40,20,13,228.552,109.988,211.692,12,1.84,126.848,Optimal,126.848,126.848,0.0,101.704,8.67805,0.357241,355.8,0.561376
sarp-40-20-B-9,,,,,,,,,,,,,,,,,,,40,20,13,228.552,109.988,211.692,12,1.84,126.848,Optimal,126.848,126.848,0.0,101.704,8.67805,0.357241,355.8,0.561376
sarp-40-20-B-9,,,,,,,,,,,,,,,,,,,40,20,13,228.552,109.988,211.692,12,1.84,126.848,Optimal,126.848,126.848,0.0,101.704,8.67805,0.357241,355.8,0.561376
sarp-40-20-B-9,,,,,,,,,,,,,,,,,,,40,20,13,228.552,109.988,211.692,12,1.84,126.848,Optimal,126.848,126.848,0.0,101.704,8.67805,0.357241,355.8,0.561376
sarp-40-20-B-9,,,,,,,,,,,,,,,,,,,40,20,13,228.552,109.988,211.692,12,1.84,126.848,Optimal,126.848,126.848,0.0,101.704,8.67805,0.357241,355.8,0.561376
sarp-40-20-B-9,,,,,,,,,,,,,,,,,,,40,20,13,228.552,109.988,211.692,12,1.84,126.848,Optimal,126.848,126.848,0.0,101.704,8.67805,0.357241,355.8,0.561376
sarp-40-20-B-10,,,,,,,,,,,,,,,,,,,40,20,11,234.594,140.862,262.384,10,24.67,113.072,Optimal,113.072,113.082,0.00928247,121.522,9.70244,0.36062,397.8,0.527167
sarp-40-20-B-10,,,,,,,,,,,,,,,,,,,40,20,11,234.594,140.862,262.384,10,24.67,113.072,Optimal,113.072,113.082,0.00928247,121.522,9.70244,0.36062,397.8,0.527167
sarp-40-20-B-10,,,,,,,,,,,,,,,,,,,40,20,11,234.594,140.862,262.384,10,24.67,113.072,Optimal,113.072,113.082,0.00928247,121.522,9.70244,0.36062,397.8,0.527167
sarp-40-20-B-10,,,,,,,,,,,,,,,,,,,40,20,11,234.594,140.862,262.384,10,24.67,113.072,Optimal,113.072,113.082,0.00928247,121.522,9.70244,0.36062,397.8,0.527167
sarp-40-20-B-10,,,,,,,,,,,,,,,,,,,40,20,11,234.594,140.862,262.384,10,24.67,113.072,Optimal,113.072,113.082,0.00928247,121.522,9.70244,0.36062,397.8,0.527167
sarp-40-20-B-10,,,,,,,,,,,,,,,,,,,40,20,11,234.594,140.862,262.384,10,24.67,113.072,Optimal,113.072,113.082,0.00928247,121.522,9.70244,0.36062,397.8,0.527167
sarp-40-20-B-10,,,,,,,,,,,,,,,,,,,40,20,11,234.594,140.862,262.384,10,24.67,113.072,Optimal,113.072,113.082,0.00928247,121.522,9.70244,0.36062,397.8,0.527167
sarp-40-20-B-10,,,,,,,,,,,,,,,,,,,40,20,11,234.594,140.862,262.384,10,24.67,113.072,Optimal,113.072,113.082,0.00928247,121.522,9.70244,0.36062,397.8,0.527167
sarp-40-20-B-10,,,,,,,,,,,,,,,,,,,40,20,11,234.594,140.862,262.384,10,24.67,113.072,Optimal,113.072,113.082,0.00928247,121.522,9.70244,0.36062,397.8,0.527167
sarp-40-20-B-10,,,,,,,,,,,,,,,,,,,40,20,11,234.594,140.862,262.384,10,24.67,113.072,Optimal,113.072,113.082,0.00928247,121.522,9.70244,0.36062,397.8,0.527167
sarp-40-20-B-10,,,,,,,,,,,,,,,,,,,40,20,11,234.594,140.862,262.384,10,24.67,113.072,Optimal,113.072,113.082,0.00928247,121.522,9.70244,0.36062,397.8,0.527167
sarp-40-20-B-10,,,,,,,,,,,,,,,,,,,40,20,11,234.594,140.862,262.384,10,24.67,113.072,Optimal,113.072,113.082,0.00928247,121.522,9.70244,0.36062,397.8,0.527167
sarp-40-20-B-10,,,,,,,,,,,,,,,,,,,40,20,11,234.594,140.862,262.384,10,24.67,113.072,Optimal,113.072,113.082,0.00928247,121.522,9.70244,0.36062,397.8,0.527167
sarp-40-20-B-10,,,,,,,,,,,,,,,,,,,40,20,11,234.594,140.862,262.384,10,24.67,113.072,Optimal,113.072,113.082,0.00928247,121.522,9.70244,0.36062,397.8,0.527167
sarp-40-20-B-10,,,,,,,,,,,,,,,,,,,40,20,11,234.594,140.862,262.384,10,24.67,113.072,Optimal,113.072,113.082,0.00928247,121.522,9.70244,0.36062,397.8,0.527167
sarp-40-20-B-10,,,,,,,,,,,,,,,,,,,40,20,11,234.594,140.862,262.384,10,24.67,113.072,Optimal,113.072,113.082,0.00928247,121.522,9.70244,0.36062,397.8,0.527167
sarp-40-20-B-10,,,,,,,,,,,,,,,,,,,40,20,11,234.594,140.862,262.384,10,24.67,113.072,Optimal,113.072,113.082,0.00928247,121.522,9.70244,0.36062,397.8,0.527167
sarp-40-20-B-10,,,,,,,,,,,,,,,,,,,40,20,11,234.594,140.862,262.384,10,24.67,113.072,Optimal,113.072,113.082,0.00928247,121.522,9.70244,0.36062,397.8,0.527167
sarp-40-20-B-10,,,,,,,,,,,,,,,,,,,40,20,11,234.594,140.862,262.384,10,24.67,113.072,Optimal,113.072,113.082,0.00928247,121.522,9.70244,0.36062,397.8,0.527167
sarp-40-20-B-10,,,,,,,,,,,,,,,,,,,40,20,11,234.594,140.862,262.384,10,24.67,113.072,Optimal,113.072,113.082,0.00928247,121.522,9.70244,0.36062,397.8,0.527167
sarp-40-20-B-10,,,,,,,,,,,,,,,,,,,40,20,11,234.594,140.862,262.384,10,24.67,113.072,Optimal,113.072,113.082,0.00928247,121.522,9.70244,0.36062,397.8,0.527167
sarp-40-20-B-10,,,,,,,,,,,,,,,,,,,40,20,11,234.594,140.862,262.384,10,24.67,113.072,Optimal,113.072,113.082,0.00928247,121.522,9.70244,0.36062,397.8,0.527167
sarp-40-20-B-10,,,,,,,,,,,,,,,,,,,40,20,11,234.594,140.862,262.384,10,24.67,113.072,Optimal,113.072,113.082,0.00928247,121.522,9.70244,0.36062,397.8,0.527167
sarp-40-20-B-10,,,,,,,,,,,,,,,,,,,40,20,11,234.594,140.862,262.384,10,24.67,113.072,Optimal,113.072,113.082,0.00928247,121.522,9.70244,0.36062,397.8,0.527167
sarp-40-20-B-10,,,,,,,,,,,,,,,,,,,40,20,11,234.594,140.862,262.384,10,24.67,113.072,Optimal,113.072,113.082,0.00928247,121.522,9.70244,0.36062,397.8,0.527167
sarp-40-20-B-10,,,,,,,,,,,,,,,,,,,40,20,11,234.594,140.862,262.384,10,24.67,113.072,Optimal,113.072,113.082,0.00928247,121.522,9.70244,0.36062,397.8,0.527167
sarp-40-20-B-10,,,,,,,,,,,,,,,,,,,40,20,11,234.594,140.862,262.384,10,24.67,113.072,Optimal,113.072,113.082,0.00928247,121.522,9.70244,0.36062,397.8,0.527167
sarp-40-20-B-10,,,,,,,,,,,,,,,,,,,40,20,11,234.594,140.862,262.384,10,24.67,113.072,Optimal,113.072,113.082,0.00928247,121.522,9.70244,0.36062,397.8,0.527167
sarp-40-20-C-9,,,,,,,,,,,,,,,,,,,40,20,15,677.997,342.224,428.49,12,368.8,591.731,Optimal,591.731,591.731,-1.92126e-14,86.266,13.8854,0.250856,569.3,0.300644
sarp-40-20-C-9,,,,,,,,,,,,,,,,,,,40,20,15,677.997,342.224,428.49,12,368.8,591.731,Optimal,591.731,591.731,-1.92126e-14,86.266,13.8854,0.250856,569.3,0.300644
sarp-40-20-C-9,,,,,,,,,,,,,,,,,,,40,20,15,677.997,342.224,428.49,12,368.8,591.731,Optimal,591.731,591.731,-1.92126e-14,86.266,13.8854,0.250856,569.3,0.300644
sarp-40-20-C-9,,,,,,,,,,,,,,,,,,,40,20,15,677.997,342.224,428.49,12,368.8,591.731,Optimal,591.731,591.731,-1.92126e-14,86.266,13.8854,0.250856,569.3,0.300644
sarp-40-20-C-9,,,,,,,,,,,,,,,,,,,40,20,15,677.997,342.224,428.49,12,368.8,591.731,Optimal,591.731,591.731,-1.92126e-14,86.266,13.8854,0.250856,569.3,0.300644
sarp-40-20-C-9,,,,,,,,,,,,,,,,,,,40,20,15,677.997,342.224,428.49,12,368.8,591.731,Optimal,591.731,591.731,-1.92126e-14,86.266,13.8854,0.250856,569.3,0.300644
sarp-40-20-C-9,,,,,,,,,,,,,,,,,,,40,20,15,677.997,342.224,428.49,12,368.8,591.731,Optimal,591.731,591.731,-1.92126e-14,86.266,13.8854,0.250856,569.3,0.300644
sarp-40-20-C-9,,,,,,,,,,,,,,,,,,,40,20,15,677.997,342.224,428.49,12,368.8,591.731,Optimal,591.731,591.731,-1.92126e-14,86.266,13.8854,0.250856,569.3,0.300644
sarp-40-20-C-9,,,,,,,,,,,,,,,,,,,40,20,15,677.997,342.224,428.49,12,368.8,591.731,Optimal,591.731,591.731,-1.92126e-14,86.266,13.8854,0.250856,569.3,0.300644
sarp-40-20-C-9,,,,,,,,,,,,,,,,,,,40,20,15,677.997,342.224,428.49,12,368.8,591.731,Optimal,591.731,591.731,-1.92126e-14,86.266,13.8854,0.250856,569.3,0.300644
sarp-40-20-C-9,,,,,,,,,,,,,,,,,,,40,20,15,677.997,342.224,428.49,12,368.8,591.731,Optimal,591.731,591.731,-1.92126e-14,86.266,13.8854,0.250856,569.3,0.300644
sarp-40-20-C-9,,,,,,,,,,,,,,,,,,,40,20,15,677.997,342.224,428.49,12,368.8,591.731,Optimal,591.731,591.731,-1.92126e-14,86.266,13.8854,0.250856,569.3,0.300644
sarp-40-20-C-9,,,,,,,,,,,,,,,,,,,40,20,15,677.997,342.224,428.49,12,368.8,591.731,Optimal,591.731,591.731,-1.92126e-14,86.266,13.8854,0.250856,569.3,0.300644
sarp-40-20-C-9,,,,,,,,,,,,,,,,,,,40,20,15,677.997,342.224,428.49,12,368.8,591.731,Optimal,591.731,591.731,-1.92126e-14,86.266,13.8854,0.250856,569.3,0.300644
sarp-40-20-C-9,,,,,,,,,,,,,,,,,,,40,20,15,677.997,342.224,428.49,12,368.8,591.731,Optimal,591.731,591.731,-1.92126e-14,86.266,13.8854,0.250856,569.3,0.300644
sarp-40-20-C-9,,,,,,,,,,,,,,,,,,,40,20,15,677.997,342.224,428.49,12,368.8,591.731,Optimal,591.731,591.731,-1.92126e-14,86.266,13.8854,0.250856,569.3,0.300644
sarp-40-20-C-9,,,,,,,,,,,,,,,,,,,40,20,15,677.997,342.224,428.49,12,368.8,591.731,Optimal,591.731,591.731,-1.92126e-14,86.266,13.8854,0.250856,569.3,0.300644
sarp-40-20-C-9,,,,,,,,,,,,,,,,,,,40,20,15,677.997,342.224,428.49,12,368.8,591.731,Optimal,591.731,591.731,-1.92126e-14,86.266,13.8854,0.250856,569.3,0.300644
sarp-40-20-C-9,,,,,,,,,,,,,,,,,,,40,20,15,677.997,342.224,428.49,12,368.8,591.731,Optimal,591.731,591.731,-1.92126e-14,86.266,13.8854,0.250856,569.3,0.300644
sarp-40-20-C-9,,,,,,,,,,,,,,,,,,,40,20,15,677.997,342.224,428.49,12,368.8,591.731,Optimal,591.731,591.731,-1.92126e-14,86.266,13.8854,0.250856,569.3,0.300644
sarp-40-20-C-9,,,,,,,,,,,,,,,,,,,40,20,15,677.997,342.224,428.49,12,368.8,591.731,Optimal,591.731,591.731,-1.92126e-14,86.266,13.8854,0.250856,569.3,0.300644
sarp-40-20-C-9,,,,,,,,,,,,,,,,,,,40,20,15,677.997,342.224,428.49,12,368.8,591.731,Optimal,591.731,591.731,-1.92126e-14,86.266,13.8854,0.250856,569.3,0.300644
sarp-40-20-C-9,,,,,,,,,,,,,,,,,,,40,20,15,677.997,342.224,428.49,12,368.8,591.731,Optimal,591.731,591.731,-1.92126e-14,86.266,13.8854,0.250856,569.3,0.300644
sarp-40-20-C-9,,,,,,,,,,,,,,,,,,,40,20,15,677.997,342.224,428.49,12,368.8,591.731,Optimal,591.731,591.731,-1.92126e-14,86.266,13.8854,0.250856,569.3,0.300644
sarp-40-20-C-9,,,,,,,,,,,,,,,,,,,40,20,15,677.997,342.224,428.49,12,368.8,591.731,Optimal,591.731,591.731,-1.92126e-14,86.266,13.8854,0.250856,569.3,0.300644
sarp-40-20-C-9,,,,,,,,,,,,,,,,,,,40,20,15,677.997,342.224,428.49,12,368.8,591.731,Optimal,591.731,591.731,-1.92126e-14,86.266,13.8854,0.250856,569.3,0.300644
sarp-40-20-C-9,,,,,,,,,,,,,,,,,,,40,20,15,677.997,342.224,428.49,12,368.8,591.731,Optimal,591.731,591.731,-1.92126e-14,86.266,13.8854,0.250856,569.3,0.300644
sarp-40-20-C-9,,,,,,,,,,,,,,,,,,,40,20,15,677.997,342.224,428.49,12,368.8,591.731,Optimal,591.731,591.731,-1.92126e-14,86.266,13.8854,0.250856,569.3,0.300644
sarp-40-20-C-10,,,,,,,,,,,,,,,,,,,40,20,13,641.346,362.972,459.08,10,14.73,545.238,Optimal,545.238,545.238,-2.08509e-14,96.108,14.6683,0.266346,601.4,0.317228
sarp-40-20-C-10,,,,,,,,,,,,,,,,,,,40,20,13,641.346,362.972,459.08,10,14.73,545.238,Optimal,545.238,545.238,-2.08509e-14,96.108,14.6683,0.266346,601.4,0.317228
sarp-40-20-C-10,,,,,,,,,,,,,,,,,,,40,20,13,641.346,362.972,459.08,10,14.73,545.238,Optimal,545.238,545.238,-2.08509e-14,96.108,14.6683,0.266346,601.4,0.317228
sarp-40-20-C-10,,,,,,,,,,,,,,,,,,,40,20,13,641.346,362.972,459.08,10,14.73,545.238,Optimal,545.238,545.238,-2.08509e-14,96.108,14.6683,0.266346,601.4,0.317228
sarp-40-20-C-10,,,,,,,,,,,,,,,,,,,40,20,13,641.346,362.972,459.08,10,14.73,545.238,Optimal,545.238,545.238,-2.08509e-14,96.108,14.6683,0.266346,601.4,0.317228
sarp-40-20-C-10,,,,,,,,,,,,,,,,,,,40,20,13,641.346,362.972,459.08,10,14.73,545.238,Optimal,545.238,545.238,-2.08509e-14,96.108,14.6683,0.266346,601.4,0.317228
sarp-40-20-C-10,,,,,,,,,,,,,,,,,,,40,20,13,641.346,362.972,459.08,10,14.73,545.238,Optimal,545.238,545.238,-2.08509e-14,96.108,14.6683,0.266346,601.4,0.317228
sarp-40-20-C-10,,,,,,,,,,,,,,,,,,,40,20,13,641.346,362.972,459.08,10,14.73,545.238,Optimal,545.238,545.238,-2.08509e-14,96.108,14.6683,0.266346,601.4,0.317228
sarp-40-20-C-10,,,,,,,,,,,,,,,,,,,40,20,13,641.346,362.972,459.08,10,14.73,545.238,Optimal,545.238,545.238,-2.08509e-14,96.108,14.6683,0.266346,601.4,0.317228
sarp-40-20-C-10,,,,,,,,,,,,,,,,,,,40,20,13,641.346,362.972,459.08,10,14.73,545.238,Optimal,545.238,545.238,-2.08509e-14,96.108,14.6683,0.266346,601.4,0.317228
sarp-40-20-C-10,,,,,,,,,,,,,,,,,,,40,20,13,641.346,362.972,459.08,10,14.73,545.238,Optimal,545.238,545.238,-2.08509e-14,96.108,14.6683,0.266346,601.4,0.317228
sarp-40-20-C-10,,,,,,,,,,,,,,,,,,,40,20,13,641.346,362.972,459.08,10,14.73,545.238,Optimal,545.238,545.238,-2.08509e-14,96.108,14.6683,0.266346,601.4,0.317228
sarp-40-20-C-10,,,,,,,,,,,,,,,,,,,40,20,13,641.346,362.972,459.08,10,14.73,545.238,Optimal,545.238,545.238,-2.08509e-14,96.108,14.6683,0.266346,601.4,0.317228
sarp-40-20-C-10,,,,,,,,,,,,,,,,,,,40,20,13,641.346,362.972,459.08,10,14.73,545.238,Optimal,545.238,545.238,-2.08509e-14,96.108,14.6683,0.266346,601.4,0.317228
sarp-40-20-C-10,,,,,,,,,,,,,,,,,,,40,20,13,641.346,362.972,459.08,10,14.73,545.238,Optimal,545.238,545.238,-2.08509e-14,96.108,14.6683,0.266346,601.4,0.317228
sarp-40-20-C-10,,,,,,,,,,,,,,,,,,,40,20,13,641.346,362.972,459.08,10,14.73,545.238,Optimal,545.238,545.238,-2.08509e-14,96.108,14.6683,0.266346,601.4,0.317228
sarp-40-20-C-10,,,,,,,,,,,,,,,,,,,40,20,13,641.346,362.972,459.08,10,14.73,545.238,Optimal,545.238,545.238,-2.08509e-14,96.108,14.6683,0.266346,601.4,0.317228
sarp-40-20-C-10,,,,,,,,,,,,,,,,,,,40,20,13,641.346,362.972,459.08,10,14.73,545.238,Optimal,545.238,545.238,-2.08509e-14,96.108,14.6683,0.266346,601.4,0.317228
sarp-40-20-C-10,,,,,,,,,,,,,,,,,,,40,20,13,641.346,362.972,459.08,10,14.73,545.238,Optimal,545.238,545.238,-2.08509e-14,96.108,14.6683,0.266346,601.4,0.317228
sarp-40-20-C-10,,,,,,,,,,,,,,,,,,,40,20,13,641.346,362.972,459.08,10,14.73,545.238,Optimal,545.238,545.238,-2.08509e-14,96.108,14.6683,0.266346,601.4,0.317228
sarp-40-20-C-10,,,,,,,,,,,,,,,,,,,40,20,13,641.346,362.972,459.08,10,14.73,545.238,Optimal,545.238,545.238,-2.08509e-14,96.108,14.6683,0.266346,601.4,0.317228
sarp-40-20-C-10,,,,,,,,,,,,,,,,,,,40,20,13,641.346,362.972,459.08,10,14.73,545.238,Optimal,545.238,545.238,-2.08509e-14,96.108,14.6683,0.266346,601.4,0.317228
sarp-40-20-C-10,,,,,,,,,,,,,,,,,,,40,20,13,641.346,362.972,459.08,10,14.73,545.238,Optimal,545.238,545.238,-2.08509e-14,96.108,14.6683,0.266346,601.4,0.317228
sarp-40-20-C-10,,,,,,,,,,,,,,,,,,,40,20,13,641.346,362.972,459.08,10,14.73,545.238,Optimal,545.238,545.238,-2.08509e-14,96.108,14.6683,0.266346,601.4,0.317228
sarp-40-20-C-10,,,,,,,,,,,,,,,,,,,40,20,13,641.346,362.972,459.08,10,14.73,545.238,Optimal,545.238,545.238,-2.08509e-14,96.108,14.6683,0.266346,601.4,0.317228
sarp-40-20-C-10,,,,,,,,,,,,,,,,,,,40,20,13,641.346,362.972,459.08,10,14.73,545.238,Optimal,545.238,545.238,-2.08509e-14,96.108,14.6683,0.266346,601.4,0.317228
sarp-40-20-C-10,,,,,,,,,,,,,,,,,,,40,20,13,641.346,362.972,459.08,10,14.73,545.238,Optimal,545.238,545.238,-2.08509e-14,96.108,14.6683,0.266346,601.4,0.317228
sarp-40-20-C-10,,,,,,,,,,,,,,,,,,,40,20,13,641.346,362.972,459.08,10,14.73,545.238,Optimal,545.238,545.238,-2.08509e-14,96.108,14.6683,0.266346,601.4,0.317228
sarp-50-25-A-9,,,,,,,,,,,,,,,,,,,50,25,14,232.452,86.915,201.388,12,2.5,117.979,Optimal,117.979,117.979,0.0,114.473,8.29024,0.340331,339.9,0.605451
sarp-50-25-A-9,,,,,,,,,,,,,,,,,,,50,25,14,232.452,86.915,201.388,12,2.5,117.979,Optimal,117.979,117.979,0.0,114.473,8.29024,0.340331,339.9,0.605451
sarp-50-25-A-9,,,,,,,,,,,,,,,,,,,50,25,14,232.452,86.915,201.388,12,2.5,117.979,Optimal,117.979,117.979,0.0,114.473,8.29024,0.340331,339.9,0.605451
sarp-50-25-A-9,,,,,,,,,,,,,,,,,,,50,25,14,232.452,86.915,201.388,12,2.5,117.979,Optimal,117.979,117.979,0.0,114.473,8.29024,0.340331,339.9,0.605451
sarp-50-25-A-9,,,,,,,,,,,,,,,,,,,50,25,14,232.452,86.915,201.388,12,2.5,117.979,Optimal,117.979,117.979,0.0,114.473,8.29024,0.340331,339.9,0.605451
sarp-50-25-A-9,,,,,,,,,,,,,,,,,,,50,25,14,232.452,86.915,201.388,12,2.5,117.979,Optimal,117.979,117.979,0.0,114.473,8.29024,0.340331,339.9,0.605451
sarp-50-25-A-9,,,,,,,,,,,,,,,,,,,50,25,14,232.452,86.915,201.388,12,2.5,117.979,Optimal,117.979,117.979,0.0,114.473,8.29024,0.340331,339.9,0.605451
sarp-50-25-A-9,,,,,,,,,,,,,,,,,,,50,25,14,232.452,86.915,201.388,12,2.5,117.979,Optimal,117.979,117.979,0.0,114.473,8.29024,0.340331,339.9,0.605451
sarp-50-25-A-9,,,,,,,,,,,,,,,,,,,50,25,14,232.452,86.915,201.388,12,2.5,117.979,Optimal,117.979,117.979,0.0,114.473,8.29024,0.340331,339.9,0.605451
sarp-50-25-A-9,,,,,,,,,,,,,,,,,,,50,25,14,232.452,86.915,201.388,12,2.5,117.979,Optimal,117.979,117.979,0.0,114.473,8.29024,0.340331,339.9,0.605451
sarp-50-25-A-9,,,,,,,,,,,,,,,,,,,50,25,14,232.452,86.915,201.388,12,2.5,117.979,Optimal,117.979,117.979,0.0,114.473,8.29024,0.340331,339.9,0.605451
sarp-50-25-A-9,,,,,,,,,,,,,,,,,,,50,25,14,232.452,86.915,201.388,12,2.5,117.979,Optimal,117.979,117.979,0.0,114.473,8.29024,0.340331,339.9,0.605451
sarp-50-25-A-9,,,,,,,,,,,,,,,,,,,50,25,14,232.452,86.915,201.388,12,2.5,117.979,Optimal,117.979,117.979,0.0,114.473,8.29024,0.340331,339.9,0.605451
sarp-50-25-A-9,,,,,,,,,,,,,,,,,,,50,25,14,232.452,86.915,201.388,12,2.5,117.979,Optimal,117.979,117.979,0.0,114.473,8.29024,0.340331,339.9,0.605451
sarp-50-25-A-9,,,,,,,,,,,,,,,,,,,50,25,14,232.452,86.915,201.388,12,2.5,117.979,Optimal,117.979,117.979,0.0,114.473,8.29024,0.340331,339.9,0.605451
sarp-50-25-A-9,,,,,,,,,,,,,,,,,,,50,25,14,232.452,86.915,201.388,12,2.5,117.979,Optimal,117.979,117.979,0.0,114.473,8.29024,0.340331,339.9,0.605451
sarp-50-25-A-9,,,,,,,,,,,,,,,,,,,50,25,14,232.452,86.915,201.388,12,2.5,117.979,Optimal,117.979,117.979,0.0,114.473,8.29024,0.340331,339.9,0.605451
sarp-50-25-A-9,,,,,,,,,,,,,,,,,,,50,25,14,232.452,86.915,201.388,12,2.5,117.979,Optimal,117.979,117.979,0.0,114.473,8.29024,0.340331,339.9,0.605451
sarp-50-25-A-9,,,,,,,,,,,,,,,,,,,50,25,14,232.452,86.915,201.388,12,2.5,117.979,Optimal,117.979,117.979,0.0,114.473,8.29024,0.340331,339.9,0.605451
sarp-50-25-A-9,,,,,,,,,,,,,,,,,,,50,25,14,232.452,86.915,201.388,12,2.5,117.979,Optimal,117.979,117.979,0.0,114.473,8.29024,0.340331,339.9,0.605451
sarp-50-25-A-9,,,,,,,,,,,,,,,,,,,50,25,14,232.452,86.915,201.388,12,2.5,117.979,Optimal,117.979,117.979,0.0,114.473,8.29024,0.340331,339.9,0.605451
sarp-50-25-A-9,,,,,,,,,,,,,,,,,,,50,25,14,232.452,86.915,201.388,12,2.5,117.979,Optimal,117.979,117.979,0.0,114.473,8.29024,0.340331,339.9,0.605451
sarp-50-25-A-9,,,,,,,,,,,,,,,,,,,50,25,14,232.452,86.915,201.388,12,2.5,117.979,Optimal,117.979,117.979,0.0,114.473,8.29024,0.340331,339.9,0.605451
sarp-50-25-A-9,,,,,,,,,,,,,,,,,,,50,25,14,232.452,86.915,201.388,12,2.5,117.979,Optimal,117.979,117.979,0.0,114.473,8.29024,0.340331,339.9,0.605451
sarp-50-25-A-9,,,,,,,,,,,,,,,,,,,50,25,14,232.452,86.915,201.388,12,2.5,117.979,Optimal,117.979,117.979,0.0,114.473,8.29024,0.340331,339.9,0.605451
sarp-50-25-A-9,,,,,,,,,,,,,,,,,,,50,25,14,232.452,86.915,201.388,12,2.5,117.979,Optimal,117.979,117.979,0.0,114.473,8.29024,0.340331,339.9,0.605451
sarp-50-25-A-9,,,,,,,,,,,,,,,,,,,50,25,14,232.452,86.915,201.388,12,2.5,117.979,Optimal,117.979,117.979,0.0,114.473,8.29024,0.340331,339.9,0.605451
sarp-50-25-A-9,,,,,,,,,,,,,,,,,,,50,25,14,232.452,86.915,201.388,12,2.5,117.979,Optimal,117.979,117.979,0.0,114.473,8.29024,0.340331,339.9,0.605451
sarp-50-25-A-10,,,,,,,,,,,,,,,,,,,50,25,14,235.302,113.309,262.43,12,4.83,86.181,Optimal,86.181,86.181,0.0,149.121,10.5927,0.382161,434.3,0.621227
sarp-50-25-A-10,,,,,,,,,,,,,,,,,,,50,25,14,235.302,113.309,262.43,12,4.83,86.181,Optimal,86.181,86.181,0.0,149.121,10.5927,0.382161,434.3,0.621227
sarp-50-25-A-10,,,,,,,,,,,,,,,,,,,50,25,14,235.302,113.309,262.43,12,4.83,86.181,Optimal,86.181,86.181,0.0,149.121,10.5927,0.382161,434.3,0.621227
sarp-50-25-A-10,,,,,,,,,,,,,,,,,,,50,25,14,235.302,113.309,262.43,12,4.83,86.181,Optimal,86.181,86.181,0.0,149.121,10.5927,0.382161,434.3,0.621227
sarp-50-25-A-10,,,,,,,,,,,,,,,,,,,50,25,14,235.302,113.309,262.43,12,4.83,86.181,Optimal,86.181,86.181,0.0,149.121,10.5927,0.382161,434.3,0.621227
sarp-50-25-A-10,,,,,,,,,,,,,,,,,,,50,25,14,235.302,113.309,262.43,12,4.83,86.181,Optimal,86.181,86.181,0.0,149.121,10.5927,0.382161,434.3,0.621227
sarp-50-25-A-10,,,,,,,,,,,,,,,,,,,50,25,14,235.302,113.309,262.43,12,4.83,86.181,Optimal,86.181,86.181,0.0,149.121,10.5927,0.382161,434.3,0.621227
sarp-50-25-A-10,,,,,,,,,,,,,,,,,,,50,25,14,235.302,113.309,262.43,12,4.83,86.181,Optimal,86.181,86.181,0.0,149.121,10.5927,0.382161,434.3,0.621227
sarp-50-25-A-10,,,,,,,,,,,,,,,,,,,50,25,14,235.302,113.309,262.43,12,4.83,86.181,Optimal,86.181,86.181,0.0,149.121,10.5927,0.382161,434.3,0.621227
sarp-50-25-A-10,,,,,,,,,,,,,,,,,,,50,25,14,235.302,113.309,262.43,12,4.83,86.181,Optimal,86.181,86.181,0.0,149.121,10.5927,0.382161,434.3,0.621227
sarp-50-25-A-10,,,,,,,,,,,,,,,,,,,50,25,14,235.302,113.309,262.43,12,4.83,86.181,Optimal,86.181,86.181,0.0,149.121,10.5927,0.382161,434.3,0.621227
sarp-50-25-A-10,,,,,,,,,,,,,,,,,,,50,25,14,235.302,113.309,262.43,12,4.83,86.181,Optimal,86.181,86.181,0.0,149.121,10.5927,0.382161,434.3,0.621227
sarp-50-25-A-10,,,,,,,,,,,,,,,,,,,50,25,14,235.302,113.309,262.43,12,4.83,86.181,Optimal,86.181,86.181,0.0,149.121,10.5927,0.382161,434.3,0.621227
sarp-50-25-A-10,,,,,,,,,,,,,,,,,,,50,25,14,235.302,113.309,262.43,12,4.83,86.181,Optimal,86.181,86.181,0.0,149.121,10.5927,0.382161,434.3,0.621227
sarp-50-25-A-10,,,,,,,,,,,,,,,,,,,50,25,14,235.302,113.309,262.43,12,4.83,86.181,Optimal,86.181,86.181,0.0,149.121,10.5927,0.382161,434.3,0.621227
sarp-50-25-A-10,,,,,,,,,,,,,,,,,,,50,25,14,235.302,113.309,262.43,12,4.83,86.181,Optimal,86.181,86.181,0.0,149.121,10.5927,0.382161,434.3,0.621227
sarp-50-25-A-10,,,,,,,,,,,,,,,,,,,50,25,14,235.302,113.309,262.43,12,4.83,86.181,Optimal,86.181,86.181,0.0,149.121,10.5927,0.382161,434.3,0.621227
sarp-50-25-A-10,,,,,,,,,,,,,,,,,,,50,25,14,235.302,113.309,262.43,12,4.83,86.181,Optimal,86.181,86.181,0.0,149.121,10.5927,0.382161,434.3,0.621227
sarp-50-25-A-10,,,,,,,,,,,,,,,,,,,50,25,14,235.302,113.309,262.43,12,4.83,86.181,Optimal,86.181,86.181,0.0,149.121,10.5927,0.382161,434.3,0.621227
sarp-50-25-A-10,,,,,,,,,,,,,,,,,,,50,25,14,235.302,113.309,262.43,12,4.83,86.181,Optimal,86.181,86.181,0.0,149.121,10.5927,0.382161,434.3,0.621227
sarp-50-25-A-10,,,,,,,,,,,,,,,,,,,50,25,14,235.302,113.309,262.43,12,4.83,86.181,Optimal,86.181,86.181,0.0,149.121,10.5927,0.382161,434.3,0.621227
sarp-50-25-A-10,,,,,,,,,,,,,,,,,,,50,25,14,235.302,113.309,262.43,12,4.83,86.181,Optimal,86.181,86.181,0.0,149.121,10.5927,0.382161,434.3,0.621227
sarp-50-25-A-10,,,,,,,,,,,,,,,,,,,50,25,14,235.302,113.309,262.43,12,4.83,86.181,Optimal,86.181,86.181,0.0,149.121,10.5927,0.382161,434.3,0.621227
sarp-50-25-A-10,,,,,,,,,,,,,,,,,,,50,25,14,235.302,113.309,262.43,12,4.83,86.181,Optimal,86.181,86.181,0.0,149.121,10.5927,0.382161,434.3,0.621227
sarp-50-25-A-10,,,,,,,,,,,,,,,,,,,50,25,14,235.302,113.309,262.43,12,4.83,86.181,Optimal,86.181,86.181,0.0,149.121,10.5927,0.382161,434.3,0.621227
sarp-50-25-A-10,,,,,,,,,,,,,,,,,,,50,25,14,235.302,113.309,262.43,12,4.83,86.181,Optimal,86.181,86.181,0.0,149.121,10.5927,0.382161,434.3,0.621227
sarp-50-25-A-10,,,,,,,,,,,,,,,,,,,50,25,14,235.302,113.309,262.43,12,4.83,86.181,Optimal,86.181,86.181,0.0,149.121,10.5927,0.382161,434.3,0.621227
sarp-50-25-A-10,,,,,,,,,,,,,,,,,,,50,25,14,235.302,113.309,262.43,12,4.83,86.181,Optimal,86.181,86.181,0.0,149.121,10.5927,0.382161,434.3,0.621227
sarp-50-25-B-9,,,,,,,,,,,,,,,,,,,50,25,14,281.358,131.818,262.2,12,3.61,150.976,Optimal,150.976,150.976,0.0,130.382,10.7561,0.362446,441.0,0.56582
sarp-50-25-B-9,,,,,,,,,,,,,,,,,,,50,25,14,281.358,131.818,262.2,12,3.61,150.976,Optimal,150.976,150.976,0.0,130.382,10.7561,0.362446,441.0,0.56582
sarp-50-25-B-9,,,,,,,,,,,,,,,,,,,50,25,14,281.358,131.818,262.2,12,3.61,150.976,Optimal,150.976,150.976,0.0,130.382,10.7561,0.362446,441.0,0.56582
sarp-50-25-B-9,,,,,,,,,,,,,,,,,,,50,25,14,281.358,131.818,262.2,12,3.61,150.976,Optimal,150.976,150.976,0.0,130.382,10.7561,0.362446,441.0,0.56582
sarp-50-25-B-9,,,,,,,,,,,,,,,,,,,50,25,14,281.358,131.818,262.2,12,3.61,150.976,Optimal,150.976,150.976,0.0,130.382,10.7561,0.362446,441.0,0.56582
sarp-50-25-B-9,,,,,,,,,,,,,,,,,,,50,25,14,281.358,131.818,262.2,12,3.61,150.976,Optimal,150.976,150.976,0.0,130.382,10.7561,0.362446,441.0,0.56582
sarp-50-25-B-9,,,,,,,,,,,,,,,,,,,50,25,14,281.358,131.818,262.2,12,3.61,150.976,Optimal,150.976,150.976,0.0,130.382,10.7561,0.362446,441.0,0.56582
sarp-50-25-B-9,,,,,,,,,,,,,,,,,,,50,25,14,281.358,131.818,262.2,12,3.61,150.976,Optimal,150.976,150.976,0.0,130.382,10.7561,0.362446,441.0,0.56582
sarp-50-25-B-9,,,,,,,,,,,,,,,,,,,50,25,14,281.358,131.818,262.2,12,3.61,150.976,Optimal,150.976,150.976,0.0,130.382,10.7561,0.362446,441.0,0.56582
sarp-50-25-B-9,,,,,,,,,,,,,,,,,,,50,25,14,281.358,131.818,262.2,12,3.61,150.976,Optimal,150.976,150.976,0.0,130.382,10.7561,0.362446,441.0,0.56582
sarp-50-25-B-9,,,,,,,,,,,,,,,,,,,50,25,14,281.358,131.818,262.2,12,3.61,150.976,Optimal,150.976,150.976,0.0,130.382,10.7561,0.362446,441.0,0.56582
sarp-50-25-B-9,,,,,,,,,,,,,,,,,,,50,25,14,281.358,131.818,262.2,12,3.61,150.976,Optimal,150.976,150.976,0.0,130.382,10.7561,0.362446,441.0,0.56582
sarp-50-25-B-9,,,,,,,,,,,,,,,,,,,50,25,14,281.358,131.818,262.2,12,3.61,150.976,Optimal,150.976,150.976,0.0,130.382,10.7561,0.362446,441.0,0.56582
sarp-50-25-B-9,,,,,,,,,,,,,,,,,,,50,25,14,281.358,131.818,262.2,12,3.61,150.976,Optimal,150.976,150.976,0.0,130.382,10.7561,0.362446,441.0,0.56582
sarp-50-25-B-9,,,,,,,,,,,,,,,,,,,50,25,14,281.358,131.818,262.2,12,3.61,150.976,Optimal,150.976,150.976,0.0,130.382,10.7561,0.362446,441.0,0.56582
sarp-50-25-B-9,,,,,,,,,,,,,,,,,,,50,25,14,281.358,131.818,262.2,12,3.61,150.976,Optimal,150.976,150.976,0.0,130.382,10.7561,0.362446,441.0,0.56582
sarp-50-25-B-9,,,,,,,,,,,,,,,,,,,50,25,14,281.358,131.818,262.2,12,3.61,150.976,Optimal,150.976,150.976,0.0,130.382,10.7561,0.362446,441.0,0.56582
sarp-50-25-B-9,,,,,,,,,,,,,,,,,,,50,25,14,281.358,131.818,262.2,12,3.61,150.976,Optimal,150.976,150.976,0.0,130.382,10.7561,0.362446,441.0,0.56582
sarp-50-25-B-9,,,,,,,,,,,,,,,,,,,50,25,14,281.358,131.818,262.2,12,3.61,150.976,Optimal,150.976,150.976,0.0,130.382,10.7561,0.362446,441.0,0.56582
sarp-50-25-B-9,,,,,,,,,,,,,,,,,,,50,25,14,281.358,131.818,262.2,12,3.61,150.976,Optimal,150.976,150.976,0.0,130.382,10.7561,0.362446,441.0,0.56582
sarp-50-25-B-9,,,,,,,,,,,,,,,,,,,50,25,14,281.358,131.818,262.2,12,3.61,150.976,Optimal,150.976,150.976,0.0,130.382,10.7561,0.362446,441.0,0.56582
sarp-50-25-B-9,,,,,,,,,,,,,,,,,,,50,25,14,281.358,131.818,262.2,12,3.61,150.976,Optimal,150.976,150.976,0.0,130.382,10.7561,0.362446,441.0,0.56582
sarp-50-25-B-9,,,,,,,,,,,,,,,,,,,50,25,14,281.358,131.818,262.2,12,3.61,150.976,Optimal,150.976,150.976,0.0,130.382,10.7561,0.362446,441.0,0.56582
sarp-50-25-B-9,,,,,,,,,,,,,,,,,,,50,25,14,281.358,131.818,262.2,12,3.61,150.976,Optimal,150.976,150.976,0.0,130.382,10.7561,0.362446,441.0,0.56582
sarp-50-25-B-9,,,,,,,,,,,,,,,,,,,50,25,14,281.358,131.818,262.2,12,3.61,150.976,Optimal,150.976,150.976,0.0,130.382,10.7561,0.362446,441.0,0.56582
sarp-50-25-B-9,,,,,,,,,,,,,,,,,,,50,25,14,281.358,131.818,262.2,12,3.61,150.976,Optimal,150.976,150.976,0.0,130.382,10.7561,0.362446,441.0,0.56582
sarp-50-25-B-9,,,,,,,,,,,,,,,,,,,50,25,14,281.358,131.818,262.2,12,3.61,150.976,Optimal,150.976,150.976,0.0,130.382,10.7561,0.362446,441.0,0.56582
sarp-50-25-B-9,,,,,,,,,,,,,,,,,,,50,25,14,281.358,131.818,262.2,12,3.61,150.976,Optimal,150.976,150.976,0.0,130.382,10.7561,0.362446,441.0,0.56582
sarp-50-25-B-10,,,,,,,,,,,,,,,,,,,50,25,17,279.648,167.345,298.908,12,16.57,148.085,Optimal,148.085,148.085,-1.91928e-14,131.563,11.0049,0.34337,451.2,0.52698
sarp-50-25-B-10,,,,,,,,,,,,,,,,,,,50,25,17,279.648,167.345,298.908,12,16.57,148.085,Optimal,148.085,148.085,-1.91928e-14,131.563,11.0049,0.34337,451.2,0.52698
sarp-50-25-B-10,,,,,,,,,,,,,,,,,,,50,25,17,279.648,167.345,298.908,12,16.57,148.085,Optimal,148.085,148.085,-1.91928e-14,131.563,11.0049,0.34337,451.2,0.52698
sarp-50-25-B-10,,,,,,,,,,,,,,,,,,,50,25,17,279.648,167.345,298.908,12,16.57,148.085,Optimal,148.085,148.085,-1.91928e-14,131.563,11.0049,0.34337,451.2,0.52698
sarp-50-25-B-10,,,,,,,,,,,,,,,,,,,50,25,17,279.648,167.345,298.908,12,16.57,148.085,Optimal,148.085,148.085,-1.91928e-14,131.563,11.0049,0.34337,451.2,0.52698
sarp-50-25-B-10,,,,,,,,,,,,,,,,,,,50,25,17,279.648,167.345,298.908,12,16.57,148.085,Optimal,148.085,148.085,-1.91928e-14,131.563,11.0049,0.34337,451.2,0.52698
sarp-50-25-B-10,,,,,,,,,,,,,,,,,,,50,25,17,279.648,167.345,298.908,12,16.57,148.085,Optimal,148.085,148.085,-1.91928e-14,131.563,11.0049,0.34337,451.2,0.52698
sarp-50-25-B-10,,,,,,,,,,,,,,,,,,,50,25,17,279.648,167.345,298.908,12,16.57,148.085,Optimal,148.085,148.085,-1.91928e-14,131.563,11.0049,0.34337,451.2,0.52698
sarp-50-25-B-10,,,,,,,,,,,,,,,,,,,50,25,17,279.648,167.345,298.908,12,16.57,148.085,Optimal,148.085,148.085,-1.91928e-14,131.563,11.0049,0.34337,451.2,0.52698
sarp-50-25-B-10,,,,,,,,,,,,,,,,,,,50,25,17,279.648,167.345,298.908,12,16.57,148.085,Optimal,148.085,148.085,-1.91928e-14,131.563,11.0049,0.34337,451.2,0.52698
sarp-50-25-B-10,,,,,,,,,,,,,,,,,,,50,25,17,279.648,167.345,298.908,12,16.57,148.085,Optimal,148.085,148.085,-1.91928e-14,131.563,11.0049,0.34337,451.2,0.52698
sarp-50-25-B-10,,,,,,,,,,,,,,,,,,,50,25,17,279.648,167.345,298.908,12,16.57,148.085,Optimal,148.085,148.085,-1.91928e-14,131.563,11.0049,0.34337,451.2,0.52698
sarp-50-25-B-10,,,,,,,,,,,,,,,,,,,50,25,17,279.648,167.345,298.908,12,16.57,148.085,Optimal,148.085,148.085,-1.91928e-14,131.563,11.0049,0.34337,451.2,0.52698
sarp-50-25-B-10,,,,,,,,,,,,,,,,,,,50,25,17,279.648,167.345,298.908,12,16.57,148.085,Optimal,148.085,148.085,-1.91928e-14,131.563,11.0049,0.34337,451.2,0.52698
sarp-50-25-B-10,,,,,,,,,,,,,,,,,,,50,25,17,279.648,167.345,298.908,12,16.57,148.085,Optimal,148.085,148.085,-1.91928e-14,131.563,11.0049,0.34337,451.2,0.52698
sarp-50-25-B-10,,,,,,,,,,,,,,,,,,,50,25,17,279.648,167.345,298.908,12,16.57,148.085,Optimal,148.085,148.085,-1.91928e-14,131.563,11.0049,0.34337,451.2,0.52698
sarp-50-25-B-10,,,,,,,,,,,,,,,,,,,50,25,17,279.648,167.345,298.908,12,16.57,148.085,Optimal,148.085,148.085,-1.91928e-14,131.563,11.0049,0.34337,451.2,0.52698
sarp-50-25-B-10,,,,,,,,,,,,,,,,,,,50,25,17,279.648,167.345,298.908,12,16.57,148.085,Optimal,148.085,148.085,-1.91928e-14,131.563,11.0049,0.34337,451.2,0.52698
sarp-50-25-B-10,,,,,,,,,,,,,,,,,,,50,25,17,279.648,167.345,298.908,12,16.57,148.085,Optimal,148.085,148.085,-1.91928e-14,131.563,11.0049,0.34337,451.2,0.52698
sarp-50-25-B-10,,,,,,,,,,,,,,,,,,,50,25,17,279.648,167.345,298.908,12,16.57,148.085,Optimal,148.085,148.085,-1.91928e-14,131.563,11.0049,0.34337,451.2,0.52698
sarp-50-25-B-10,,,,,,,,,,,,,,,,,,,50,25,17,279.648,167.345,298.908,12,16.57,148.085,Optimal,148.085,148.085,-1.91928e-14,131.563,11.0049,0.34337,451.2,0.52698
sarp-50-25-B-10,,,,,,,,,,,,,,,,,,,50,25,17,279.648,167.345,298.908,12,16.57,148.085,Optimal,148.085,148.085,-1.91928e-14,131.563,11.0049,0.34337,451.2,0.52698
sarp-50-25-B-10,,,,,,,,,,,,,,,,,,,50,25,17,279.648,167.345,298.908,12,16.57,148.085,Optimal,148.085,148.085,-1.91928e-14,131.563,11.0049,0.34337,451.2,0.52698
sarp-50-25-B-10,,,,,,,,,,,,,,,,,,,50,25,17,279.648,167.345,298.908,12,16.57,148.085,Optimal,148.085,148.085,-1.91928e-14,131.563,11.0049,0.34337,451.2,0.52698
sarp-50-25-B-10,,,,,,,,,,,,,,,,,,,50,25,17,279.648,167.345,298.908,12,16.57,148.085,Optimal,148.085,148.085,-1.91928e-14,131.563,11.0049,0.34337,451.2,0.52698
sarp-50-25-B-10,,,,,,,,,,,,,,,,,,,50,25,17,279.648,167.345,298.908,12,16.57,148.085,Optimal,148.085,148.085,-1.91928e-14,131.563,11.0049,0.34337,451.2,0.52698
sarp-50-25-B-10,,,,,,,,,,,,,,,,,,,50,25,17,279.648,167.345,298.908,12,16.57,148.085,Optimal,148.085,148.085,-1.91928e-14,131.563,11.0049,0.34337,451.2,0.52698
sarp-50-25-B-10,,,,,,,,,,,,,,,,,,,50,25,17,279.648,167.345,298.908,12,16.57,148.085,Optimal,148.085,148.085,-1.91928e-14,131.563,11.0049,0.34337,451.2,0.52698
sarp-50-25-C-9,,,,,,,,,,,,,,,,,,,50,25,24,890.859,623.437,573.16,16,7192.64,941.136,Feasible,941.136,1082.79,13.0824,-50.277,13.6073,0.184103,557.9,0.220977
sarp-50-25-C-9,,,,,,,,,,,,,,,,,,,50,25,24,890.859,623.437,573.16,16,7192.64,941.136,Feasible,941.136,1082.79,13.0824,-50.277,13.6073,0.184103,557.9,0.220977
sarp-50-25-C-9,,,,,,,,,,,,,,,,,,,50,25,24,890.859,623.437,573.16,16,7192.64,941.136,Feasible,941.136,1082.79,13.0824,-50.277,13.6073,0.184103,557.9,0.220977
sarp-50-25-C-9,,,,,,,,,,,,,,,,,,,50,25,24,890.859,623.437,573.16,16,7192.64,941.136,Feasible,941.136,1082.79,13.0824,-50.277,13.6073,0.184103,557.9,0.220977
sarp-50-25-C-9,,,,,,,,,,,,,,,,,,,50,25,24,890.859,623.437,573.16,16,7192.64,941.136,Feasible,941.136,1082.79,13.0824,-50.277,13.6073,0.184103,557.9,0.220977
sarp-50-25-C-9,,,,,,,,,,,,,,,,,,,50,25,24,890.859,623.437,573.16,16,7192.64,941.136,Feasible,941.136,1082.79,13.0824,-50.277,13.6073,0.184103,557.9,0.220977
sarp-50-25-C-9,,,,,,,,,,,,,,,,,,,50,25,24,890.859,623.437,573.16,16,7192.64,941.136,Feasible,941.136,1082.79,13.0824,-50.277,13.6073,0.184103,557.9,0.220977
sarp-50-25-C-9,,,,,,,,,,,,,,,,,,,50,25,24,890.859,623.437,573.16,16,7192.64,941.136,Feasible,941.136,1082.79,13.0824,-50.277,13.6073,0.184103,557.9,0.220977
sarp-50-25-C-9,,,,,,,,,,,,,,,,,,,50,25,24,890.859,623.437,573.16,16,7192.64,941.136,Feasible,941.136,1082.79,13.0824,-50.277,13.6073,0.184103,557.9,0.220977
sarp-50-25-C-9,,,,,,,,,,,,,,,,,,,50,25,24,890.859,623.437,573.16,16,7192.64,941.136,Feasible,941.136,1082.79,13.0824,-50.277,13.6073,0.184103,557.9,0.220977
sarp-50-25-C-9,,,,,,,,,,,,,,,,,,,50,25,24,890.859,623.437,573.16,16,7192.64,941.136,Feasible,941.136,1082.79,13.0824,-50.277,13.6073,0.184103,557.9,0.220977
sarp-50-25-C-9,,,,,,,,,,,,,,,,,,,50,25,24,890.859,623.437,573.16,16,7192.64,941.136,Feasible,941.136,1082.79,13.0824,-50.277,13.6073,0.184103,557.9,0.220977
sarp-50-25-C-9,,,,,,,,,,,,,,,,,,,50,25,24,890.859,623.437,573.16,16,7192.64,941.136,Feasible,941.136,1082.79,13.0824,-50.277,13.6073,0.184103,557.9,0.220977
sarp-50-25-C-9,,,,,,,,,,,,,,,,,,,50,25,24,890.859,623.437,573.16,16,7192.64,941.136,Feasible,941.136,1082.79,13.0824,-50.277,13.6073,0.184103,557.9,0.220977
sarp-50-25-C-9,,,,,,,,,,,,,,,,,,,50,25,24,890.859,623.437,573.16,16,7192.64,941.136,Feasible,941.136,1082.79,13.0824,-50.277,13.6073,0.184103,557.9,0.220977
sarp-50-25-C-9,,,,,,,,,,,,,,,,,,,50,25,24,890.859,623.437,573.16,16,7192.64,941.136,Feasible,941.136,1082.79,13.0824,-50.277,13.6073,0.184103,557.9,0.220977
sarp-50-25-C-9,,,,,,,,,,,,,,,,,,,50,25,24,890.859,623.437,573.16,16,7192.64,941.136,Feasible,941.136,1082.79,13.0824,-50.277,13.6073,0.184103,557.9,0.220977
sarp-50-25-C-9,,,,,,,,,,,,,,,,,,,50,25,24,890.859,623.437,573.16,16,7192.64,941.136,Feasible,941.136,1082.79,13.0824,-50.277,13.6073,0.184103,557.9,0.220977
sarp-50-25-C-9,,,,,,,,,,,,,,,,,,,50,25,24,890.859,623.437,573.16,16,7192.64,941.136,Feasible,941.136,1082.79,13.0824,-50.277,13.6073,0.184103,557.9,0.220977
sarp-50-25-C-9,,,,,,,,,,,,,,,,,,,50,25,24,890.859,623.437,573.16,16,7192.64,941.136,Feasible,941.136,1082.79,13.0824,-50.277,13.6073,0.184103,557.9,0.220977
sarp-50-25-C-9,,,,,,,,,,,,,,,,,,,50,25,24,890.859,623.437,573.16,16,7192.64,941.136,Feasible,941.136,1082.79,13.0824,-50.277,13.6073,0.184103,557.9,0.220977
sarp-50-25-C-9,,,,,,,,,,,,,,,,,,,50,25,24,890.859,623.437,573.16,16,7192.64,941.136,Feasible,941.136,1082.79,13.0824,-50.277,13.6073,0.184103,557.9,0.220977
sarp-50-25-C-9,,,,,,,,,,,,,,,,,,,50,25,24,890.859,623.437,573.16,16,7192.64,941.136,Feasible,941.136,1082.79,13.0824,-50.277,13.6073,0.184103,557.9,0.220977
sarp-50-25-C-9,,,,,,,,,,,,,,,,,,,50,25,24,890.859,623.437,573.16,16,7192.64,941.136,Feasible,941.136,1082.79,13.0824,-50.277,13.6073,0.184103,557.9,0.220977
sarp-50-25-C-9,,,,,,,,,,,,,,,,,,,50,25,24,890.859,623.437,573.16,16,7192.64,941.136,Feasible,941.136,1082.79,13.0824,-50.277,13.6073,0.184103,557.9,0.220977
sarp-50-25-C-9,,,,,,,,,,,,,,,,,,,50,25,24,890.859,623.437,573.16,16,7192.64,941.136,Feasible,941.136,1082.79,13.0824,-50.277,13.6073,0.184103,557.9,0.220977
sarp-50-25-C-9,,,,,,,,,,,,,,,,,,,50,25,24,890.859,623.437,573.16,16,7192.64,941.136,Feasible,941.136,1082.79,13.0824,-50.277,13.6073,0.184103,557.9,0.220977
sarp-50-25-C-9,,,,,,,,,,,,,,,,,,,50,25,24,890.859,623.437,573.16,16,7192.64,941.136,Feasible,941.136,1082.79,13.0824,-50.277,13.6073,0.184103,557.9,0.220977
sarp-50-25-C-10,,,,,,,,,,,,,,,,,,,50,25,24,926.655,535.872,525.734,16,7166.07,936.793,Feasible,936.793,1026.78,8.76391,-10.138,14.1537,0.194076,580.3,0.233578
sarp-50-25-C-10,,,,,,,,,,,,,,,,,,,50,25,24,926.655,535.872,525.734,16,7166.07,936.793,Feasible,936.793,1026.78,8.76391,-10.138,14.1537,0.194076,580.3,0.233578
sarp-50-25-C-10,,,,,,,,,,,,,,,,,,,50,25,24,926.655,535.872,525.734,16,7166.07,936.793,Feasible,936.793,1026.78,8.76391,-10.138,14.1537,0.194076,580.3,0.233578
sarp-50-25-C-10,,,,,,,,,,,,,,,,,,,50,25,24,926.655,535.872,525.734,16,7166.07,936.793,Feasible,936.793,1026.78,8.76391,-10.138,14.1537,0.194076,580.3,0.233578
sarp-50-25-C-10,,,,,,,,,,,,,,,,,,,50,25,24,926.655,535.872,525.734,16,7166.07,936.793,Feasible,936.793,1026.78,8.76391,-10.138,14.1537,0.194076,580.3,0.233578
sarp-50-25-C-10,,,,,,,,,,,,,,,,,,,50,25,24,926.655,535.872,525.734,16,7166.07,936.793,Feasible,936.793,1026.78,8.76391,-10.138,14.1537,0.194076,580.3,0.233578
sarp-50-25-C-10,,,,,,,,,,,,,,,,,,,50,25,24,926.655,535.872,525.734,16,7166.07,936.793,Feasible,936.793,1026.78,8.76391,-10.138,14.1537,0.194076,580.3,0.233578
sarp-50-25-C-10,,,,,,,,,,,,,,,,,,,50,25,24,926.655,535.872,525.734,16,7166.07,936.793,Feasible,936.793,1026.78,8.76391,-10.138,14.1537,0.194076,580.3,0.233578
sarp-50-25-C-10,,,,,,,,,,,,,,,,,,,50,25,24,926.655,535.872,525.734,16,7166.07,936.793,Feasible,936.793,1026.78,8.76391,-10.138,14.1537,0.194076,580.3,0.233578
sarp-50-25-C-10,,,,,,,,,,,,,,,,,,,50,25,24,926.655,535.872,525.734,16,7166.07,936.793,Feasible,936.793,1026.78,8.76391,-10.138,14.1537,0.194076,580.3,0.233578
sarp-50-25-C-10,,,,,,,,,,,,,,,,,,,50,25,24,926.655,535.872,525.734,16,7166.07,936.793,Feasible,936.793,1026.78,8.76391,-10.138,14.1537,0.194076,580.3,0.233578
sarp-50-25-C-10,,,,,,,,,,,,,,,,,,,50,25,24,926.655,535.872,525.734,16,7166.07,936.793,Feasible,936.793,1026.78,8.76391,-10.138,14.1537,0.194076,580.3,0.233578
sarp-50-25-C-10,,,,,,,,,,,,,,,,,,,50,25,24,926.655,535.872,525.734,16,7166.07,936.793,Feasible,936.793,1026.78,8.76391,-10.138,14.1537,0.194076,580.3,0.233578
sarp-50-25-C-10,,,,,,,,,,,,,,,,,,,50,25,24,926.655,535.872,525.734,16,7166.07,936.793,Feasible,936.793,1026.78,8.76391,-10.138,14.1537,0.194076,580.3,0.233578
sarp-50-25-C-10,,,,,,,,,,,,,,,,,,,50,25,24,926.655,535.872,525.734,16,7166.07,936.793,Feasible,936.793,1026.78,8.76391,-10.138,14.1537,0.194076,580.3,0.233578
sarp-50-25-C-10,,,,,,,,,,,,,,,,,,,50,25,24,926.655,535.872,525.734,16,7166.07,936.793,Feasible,936.793,1026.78,8.76391,-10.138,14.1537,0.194076,580.3,0.233578
sarp-50-25-C-10,,,,,,,,,,,,,,,,,,,50,25,24,926.655,535.872,525.734,16,7166.07,936.793,Feasible,936.793,1026.78,8.76391,-10.138,14.1537,0.194076,580.3,0.233578
sarp-50-25-C-10,,,,,,,,,,,,,,,,,,,50,25,24,926.655,535.872,525.734,16,7166.07,936.793,Feasible,936.793,1026.78,8.76391,-10.138,14.1537,0.194076,580.3,0.233578
sarp-50-25-C-10,,,,,,,,,,,,,,,,,,,50,25,24,926.655,535.872,525.734,16,7166.07,936.793,Feasible,936.793,1026.78,8.76391,-10.138,14.1537,0.194076,580.3,0.233578
sarp-50-25-C-10,,,,,,,,,,,,,,,,,,,50,25,24,926.655,535.872,525.734,16,7166.07,936.793,Feasible,936.793,1026.78,8.76391,-10.138,14.1537,0.194076,580.3,0.233578
sarp-50-25-C-10,,,,,,,,,,,,,,,,,,,50,25,24,926.655,535.872,525.734,16,7166.07,936.793,Feasible,936.793,1026.78,8.76391,-10.138,14.1537,0.194076,580.3,0.233578
sarp-50-25-C-10,,,,,,,,,,,,,,,,,,,50,25,24,926.655,535.872,525.734,16,7166.07,936.793,Feasible,936.793,1026.78,8.76391,-10.138,14.1537,0.194076,580.3,0.233578
sarp-50-25-C-10,,,,,,,,,,,,,,,,,,,50,25,24,926.655,535.872,525.734,16,7166.07,936.793,Feasible,936.793,1026.78,8.76391,-10.138,14.1537,0.194076,580.3,0.233578
sarp-50-25-C-10,,,,,,,,,,,,,,,,,,,50,25,24,926.655,535.872,525.734,16,7166.07,936.793,Feasible,936.793,1026.78,8.76391,-10.138,14.1537,0.194076,580.3,0.233578
sarp-50-25-C-10,,,,,,,,,,,,,,,,,,,50,25,24,926.655,535.872,525.734,16,7166.07,936.793,Feasible,936.793,1026.78,8.76391,-10.138,14.1537,0.194076,580.3,0.233578
sarp-50-25-C-10,,,,,,,,,,,,,,,,,,,50,25,24,926.655,535.872,525.734,16,7166.07,936.793,Feasible,936.793,1026.78,8.76391,-10.138,14.1537,0.194076,580.3,0.233578
sarp-50-25-C-10,,,,,,,,,,,,,,,,,,,50,25,24,926.655,535.872,525.734,16,7166.07,936.793,Feasible,936.793,1026.78,8.76391,-10.138,14.1537,0.194076,580.3,0.233578
sarp-50-25-C-10,,,,,,,,,,,,,,,,,,,50,25,24,926.655,535.872,525.734,16,7166.07,936.793,Feasible,936.793,1026.78,8.76391,-10.138,14.1537,0.194076,580.3,0.233578
