Instance Name,n_x,m_x,served_x,prof Customer_x,prof Parcel_x,costs_x,K_x,Sol Time_x,Sol Val_x,sol Stat_x,LB_x,UB_x,GAP_x,vrps_x,e(h)_x,et(%)_x,e(km)_x,ed(%)_x,n_y,m_y,served_y,prof Customer_y,prof Parcel_y,costs_y,K_y,Sol Time_y,Sol Val_y,sol Stat_y,LB_y,UB_y,GAP_y,vrps_y,e(h)_y,et(%)_y,e(km)_y,ed(%)_y
sarp-16-8-A-7,,,,,,,,,,,,,,,,,,,16.0,8.0,3.0,100.062,33.701,92.506,6.0,100.18,41.257,Optimal,41.257,41.2611,0.00993672,58.805,3.82195,0.377106,156.7,0.548477
sarp-16-8-A-7,,,,,,,,,,,,,,,,,,,16.0,8.0,3.0,100.062,33.701,92.506,6.0,100.18,41.257,Optimal,41.257,41.2611,0.00993672,58.805,3.82195,0.377106,156.7,0.548477
sarp-16-8-A-7,,,,,,,,,,,,,,,,,,,16.0,8.0,3.0,100.062,33.701,92.506,6.0,100.18,41.257,Optimal,41.257,41.2611,0.00993672,58.805,3.82195,0.377106,156.7,0.548477
sarp-16-8-A-7,,,,,,,,,,,,,,,,,,,16.0,8.0,3.0,100.062,33.701,92.506,6.0,100.18,41.257,Optimal,41.257,41.2611,0.00993672,58.805,3.82195,0.377106,156.7,0.548477
sarp-16-8-A-7,,,,,,,,,,,,,,,,,,,16.0,8.0,3.0,100.062,33.701,92.506,6.0,100.18,41.257,Optimal,41.257,41.2611,0.00993672,58.805,3.82195,0.377106,156.7,0.548477
sarp-16-8-A-7,,,,,,,,,,,,,,,,,,,16.0,8.0,3.0,100.062,33.701,92.506,6.0,100.18,41.257,Optimal,41.257,41.2611,0.00993672,58.805,3.82195,0.377106,156.7,0.548477
sarp-16-8-A-7,,,,,,,,,,,,,,,,,,,16.0,8.0,3.0,100.062,33.701,92.506,6.0,100.18,41.257,Optimal,41.257,41.2611,0.00993672,58.805,3.82195,0.377106,156.7,0.548477
sarp-16-8-A-7,,,,,,,,,,,,,,,,,,,16.0,8.0,3.0,100.062,33.701,92.506,6.0,100.18,41.257,Optimal,41.257,41.2611,0.00993672,58.805,3.82195,0.377106,156.7,0.548477
sarp-16-8-A-7,,,,,,,,,,,,,,,,,,,16.0,8.0,3.0,100.062,33.701,92.506,6.0,100.18,41.257,Optimal,41.257,41.2611,0.00993672,58.805,3.82195,0.377106,156.7,0.548477
sarp-16-8-A-7,,,,,,,,,,,,,,,,,,,16.0,8.0,3.0,100.062,33.701,92.506,6.0,100.18,41.257,Optimal,41.257,41.2611,0.00993672,58.805,3.82195,0.377106,156.7,0.548477
sarp-16-8-A-7,,,,,,,,,,,,,,,,,,,16.0,8.0,3.0,100.062,33.701,92.506,6.0,100.18,41.257,Optimal,41.257,41.2611,0.00993672,58.805,3.82195,0.377106,156.7,0.548477
sarp-16-8-A-7,,,,,,,,,,,,,,,,,,,16.0,8.0,3.0,100.062,33.701,92.506,6.0,100.18,41.257,Optimal,41.257,41.2611,0.00993672,58.805,3.82195,0.377106,156.7,0.548477
sarp-16-8-A-7,,,,,,,,,,,,,,,,,,,16.0,8.0,3.0,100.062,33.701,92.506,6.0,100.18,41.257,Optimal,41.257,41.2611,0.00993672,58.805,3.82195,0.377106,156.7,0.548477
sarp-16-8-A-7,,,,,,,,,,,,,,,,,,,16.0,8.0,3.0,100.062,33.701,92.506,6.0,100.18,41.257,Optimal,41.257,41.2611,0.00993672,58.805,3.82195,0.377106,156.7,0.548477
sarp-16-8-A-7,,,,,,,,,,,,,,,,,,,16.0,8.0,3.0,100.062,33.701,92.506,6.0,100.18,41.257,Optimal,41.257,41.2611,0.00993672,58.805,3.82195,0.377106,156.7,0.548477
sarp-16-8-A-7,,,,,,,,,,,,,,,,,,,16.0,8.0,3.0,100.062,33.701,92.506,6.0,100.18,41.257,Optimal,41.257,41.2611,0.00993672,58.805,3.82195,0.377106,156.7,0.548477
sarp-16-8-A-7,,,,,,,,,,,,,,,,,,,16.0,8.0,3.0,100.062,33.701,92.506,6.0,100.18,41.257,Optimal,41.257,41.2611,0.00993672,58.805,3.82195,0.377106,156.7,0.548477
sarp-16-8-A-7,,,,,,,,,,,,,,,,,,,16.0,8.0,3.0,100.062,33.701,92.506,6.0,100.18,41.257,Optimal,41.257,41.2611,0.00993672,58.805,3.82195,0.377106,156.7,0.548477
sarp-16-8-A-7,,,,,,,,,,,,,,,,,,,16.0,8.0,3.0,100.062,33.701,92.506,6.0,100.18,41.257,Optimal,41.257,41.2611,0.00993672,58.805,3.82195,0.377106,156.7,0.548477
sarp-16-8-A-7,,,,,,,,,,,,,,,,,,,16.0,8.0,3.0,100.062,33.701,92.506,6.0,100.18,41.257,Optimal,41.257,41.2611,0.00993672,58.805,3.82195,0.377106,156.7,0.548477
sarp-16-8-A-7,,,,,,,,,,,,,,,,,,,16.0,8.0,3.0,100.062,33.701,92.506,6.0,100.18,41.257,Optimal,41.257,41.2611,0.00993672,58.805,3.82195,0.377106,156.7,0.548477
sarp-16-8-A-7,,,,,,,,,,,,,,,,,,,16.0,8.0,3.0,100.062,33.701,92.506,6.0,100.18,41.257,Optimal,41.257,41.2611,0.00993672,58.805,3.82195,0.377106,156.7,0.548477
sarp-16-8-A-7,,,,,,,,,,,,,,,,,,,16.0,8.0,3.0,100.062,33.701,92.506,6.0,100.18,41.257,Optimal,41.257,41.2611,0.00993672,58.805,3.82195,0.377106,156.7,0.548477
sarp-16-8-A-7,,,,,,,,,,,,,,,,,,,16.0,8.0,3.0,100.062,33.701,92.506,6.0,100.18,41.257,Optimal,41.257,41.2611,0.00993672,58.805,3.82195,0.377106,156.7,0.548477
sarp-16-8-A-7,,,,,,,,,,,,,,,,,,,16.0,8.0,3.0,100.062,33.701,92.506,6.0,100.18,41.257,Optimal,41.257,41.2611,0.00993672,58.805,3.82195,0.377106,156.7,0.548477
sarp-16-8-A-7,,,,,,,,,,,,,,,,,,,16.0,8.0,3.0,100.062,33.701,92.506,6.0,100.18,41.257,Optimal,41.257,41.2611,0.00993672,58.805,3.82195,0.377106,156.7,0.548477
sarp-16-8-A-7,,,,,,,,,,,,,,,,,,,16.0,8.0,3.0,100.062,33.701,92.506,6.0,100.18,41.257,Optimal,41.257,41.2611,0.00993672,58.805,3.82195,0.377106,156.7,0.548477
sarp-16-8-A-7,,,,,,,,,,,,,,,,,,,16.0,8.0,3.0,100.062,33.701,92.506,6.0,100.18,41.257,Optimal,41.257,41.2611,0.00993672,58.805,3.82195,0.377106,156.7,0.548477
sarp-16-8-A-8,,,,,,,,,,,,,,,,,,,16.0,8.0,7.0,101.259,81.264,129.812,6.0,25.49,52.711,Optimal,52.711,52.711,-2.69599e-14,48.548,4.64878,0.362311,190.6,0.516671
sarp-16-8-A-8,,,,,,,,,,,,,,,,,,,16.0,8.0,7.0,101.259,81.264,129.812,6.0,25.49,52.711,Optimal,52.711,52.711,-2.69599e-14,48.548,4.64878,0.362311,190.6,0.516671
sarp-16-8-A-8,,,,,,,,,,,,,,,,,,,16.0,8.0,7.0,101.259,81.264,129.812,6.0,25.49,52.711,Optimal,52.711,52.711,-2.69599e-14,48.548,4.64878,0.362311,190.6,0.516671
sarp-16-8-A-8,,,,,,,,,,,,,,,,,,,16.0,8.0,7.0,101.259,81.264,129.812,6.0,25.49,52.711,Optimal,52.711,52.711,-2.69599e-14,48.548,4.64878,0.362311,190.6,0.516671
sarp-16-8-A-8,,,,,,,,,,,,,,,,,,,16.0,8.0,7.0,101.259,81.264,129.812,6.0,25.49,52.711,Optimal,52.711,52.711,-2.69599e-14,48.548,4.64878,0.362311,190.6,0.516671
sarp-16-8-A-8,,,,,,,,,,,,,,,,,,,16.0,8.0,7.0,101.259,81.264,129.812,6.0,25.49,52.711,Optimal,52.711,52.711,-2.69599e-14,48.548,4.64878,0.362311,190.6,0.516671
sarp-16-8-A-8,,,,,,,,,,,,,,,,,,,16.0,8.0,7.0,101.259,81.264,129.812,6.0,25.49,52.711,Optimal,52.711,52.711,-2.69599e-14,48.548,4.64878,0.362311,190.6,0.516671
sarp-16-8-A-8,,,,,,,,,,,,,,,,,,,16.0,8.0,7.0,101.259,81.264,129.812,6.0,25.49,52.711,Optimal,52.711,52.711,-2.69599e-14,48.548,4.64878,0.362311,190.6,0.516671
sarp-16-8-A-8,,,,,,,,,,,,,,,,,,,16.0,8.0,7.0,101.259,81.264,129.812,6.0,25.49,52.711,Optimal,52.711,52.711,-2.69599e-14,48.548,4.64878,0.362311,190.6,0.516671
sarp-16-8-A-8,,,,,,,,,,,,,,,,,,,16.0,8.0,7.0,101.259,81.264,129.812,6.0,25.49,52.711,Optimal,52.711,52.711,-2.69599e-14,48.548,4.64878,0.362311,190.6,0.516671
sarp-16-8-A-8,,,,,,,,,,,,,,,,,,,16.0,8.0,7.0,101.259,81.264,129.812,6.0,25.49,52.711,Optimal,52.711,52.711,-2.69599e-14,48.548,4.64878,0.362311,190.6,0.516671
sarp-16-8-A-8,,,,,,,,,,,,,,,,,,,16.0,8.0,7.0,101.259,81.264,129.812,6.0,25.49,52.711,Optimal,52.711,52.711,-2.69599e-14,48.548,4.64878,0.362311,190.6,0.516671
sarp-16-8-A-8,,,,,,,,,,,,,,,,,,,16.0,8.0,7.0,101.259,81.264,129.812,6.0,25.49,52.711,Optimal,52.711,52.711,-2.69599e-14,48.548,4.64878,0.362311,190.6,0.516671
sarp-16-8-A-8,,,,,,,,,,,,,,,,,,,16.0,8.0,7.0,101.259,81.264,129.812,6.0,25.49,52.711,Optimal,52.711,52.711,-2.69599e-14,48.548,4.64878,0.362311,190.6,0.516671
sarp-16-8-A-8,,,,,,,,,,,,,,,,,,,16.0,8.0,7.0,101.259,81.264,129.812,6.0,25.49,52.711,Optimal,52.711,52.711,-2.69599e-14,48.548,4.64878,0.362311,190.6,0.516671
sarp-16-8-A-8,,,,,,,,,,,,,,,,,,,16.0,8.0,7.0,101.259,81.264,129.812,6.0,25.49,52.711,Optimal,52.711,52.711,-2.69599e-14,48.548,4.64878,0.362311,190.6,0.516671
sarp-16-8-A-8,,,,,,,,,,,,,,,,,,,16.0,8.0,7.0,101.259,81.264,129.812,6.0,25.49,52.711,Optimal,52.711,52.711,-2.69599e-14,48.548,4.64878,0.362311,190.6,0.516671
sarp-16-8-A-8,,,,,,,,,,,,,,,,,,,16.0,8.0,7.0,101.259,81.264,129.812,6.0,25.49,52.711,Optimal,52.711,52.711,-2.69599e-14,48.548,4.64878,0.362311,190.6,0.516671
sarp-16-8-A-8,,,,,,,,,,,,,,,,,,,16.0,8.0,7.0,101.259,81.264,129.812,6.0,25.49,52.711,Optimal,52.711,52.711,-2.69599e-14,48.548,4.64878,0.362311,190.6,0.516671
sarp-16-8-A-8,,,,,,,,,,,,,,,,,,,16.0,8.0,7.0,101.259,81.264,129.812,6.0,25.49,52.711,Optimal,52.711,52.711,-2.69599e-14,48.548,4.64878,0.362311,190.6,0.516671
sarp-16-8-A-8,,,,,,,,,,,,,,,,,,,16.0,8.0,7.0,101.259,81.264,129.812,6.0,25.49,52.711,Optimal,52.711,52.711,-2.69599e-14,48.548,4.64878,0.362311,190.6,0.516671
sarp-16-8-A-8,,,,,,,,,,,,,,,,,,,16.0,8.0,7.0,101.259,81.264,129.812,6.0,25.49,52.711,Optimal,52.711,52.711,-2.69599e-14,48.548,4.64878,0.362311,190.6,0.516671
sarp-16-8-A-8,,,,,,,,,,,,,,,,,,,16.0,8.0,7.0,101.259,81.264,129.812,6.0,25.49,52.711,Optimal,52.711,52.711,-2.69599e-14,48.548,4.64878,0.362311,190.6,0.516671
sarp-16-8-A-8,,,,,,,,,,,,,,,,,,,16.0,8.0,7.0,101.259,81.264,129.812,6.0,25.49,52.711,Optimal,52.711,52.711,-2.69599e-14,48.548,4.64878,0.362311,190.6,0.516671
sarp-16-8-A-8,,,,,,,,,,,,,,,,,,,16.0,8.0,7.0,101.259,81.264,129.812,6.0,25.49,52.711,Optimal,52.711,52.711,-2.69599e-14,48.548,4.64878,0.362311,190.6,0.516671
sarp-16-8-A-8,,,,,,,,,,,,,,,,,,,16.0,8.0,7.0,101.259,81.264,129.812,6.0,25.49,52.711,Optimal,52.711,52.711,-2.69599e-14,48.548,4.64878,0.362311,190.6,0.516671
sarp-16-8-A-8,,,,,,,,,,,,,,,,,,,16.0,8.0,7.0,101.259,81.264,129.812,6.0,25.49,52.711,Optimal,52.711,52.711,-2.69599e-14,48.548,4.64878,0.362311,190.6,0.516671
sarp-16-8-A-8,,,,,,,,,,,,,,,,,,,16.0,8.0,7.0,101.259,81.264,129.812,6.0,25.49,52.711,Optimal,52.711,52.711,-2.69599e-14,48.548,4.64878,0.362311,190.6,0.516671
sarp-16-8-B-7,,,,,,,,,,,,,,,,,,,16.0,8.0,7.0,116.706,86.825,129.812,6.0,20.85,73.719,Optimal,73.719,73.726,0.00949462,42.987,3.65122,0.270624,149.7,0.37803
sarp-16-8-B-7,,,,,,,,,,,,,,,,,,,16.0,8.0,7.0,116.706,86.825,129.812,6.0,20.85,73.719,Optimal,73.719,73.726,0.00949462,42.987,3.65122,0.270624,149.7,0.37803
sarp-16-8-B-7,,,,,,,,,,,,,,,,,,,16.0,8.0,7.0,116.706,86.825,129.812,6.0,20.85,73.719,Optimal,73.719,73.726,0.00949462,42.987,3.65122,0.270624,149.7,0.37803
sarp-16-8-B-7,,,,,,,,,,,,,,,,,,,16.0,8.0,7.0,116.706,86.825,129.812,6.0,20.85,73.719,Optimal,73.719,73.726,0.00949462,42.987,3.65122,0.270624,149.7,0.37803
sarp-16-8-B-7,,,,,,,,,,,,,,,,,,,16.0,8.0,7.0,116.706,86.825,129.812,6.0,20.85,73.719,Optimal,73.719,73.726,0.00949462,42.987,3.65122,0.270624,149.7,0.37803
sarp-16-8-B-7,,,,,,,,,,,,,,,,,,,16.0,8.0,7.0,116.706,86.825,129.812,6.0,20.85,73.719,Optimal,73.719,73.726,0.00949462,42.987,3.65122,0.270624,149.7,0.37803
sarp-16-8-B-7,,,,,,,,,,,,,,,,,,,16.0,8.0,7.0,116.706,86.825,129.812,6.0,20.85,73.719,Optimal,73.719,73.726,0.00949462,42.987,3.65122,0.270624,149.7,0.37803
sarp-16-8-B-7,,,,,,,,,,,,,,,,,,,16.0,8.0,7.0,116.706,86.825,129.812,6.0,20.85,73.719,Optimal,73.719,73.726,0.00949462,42.987,3.65122,0.270624,149.7,0.37803
sarp-16-8-B-7,,,,,,,,,,,,,,,,,,,16.0,8.0,7.0,116.706,86.825,129.812,6.0,20.85,73.719,Optimal,73.719,73.726,0.00949462,42.987,3.65122,0.270624,149.7,0.37803
sarp-16-8-B-7,,,,,,,,,,,,,,,,,,,16.0,8.0,7.0,116.706,86.825,129.812,6.0,20.85,73.719,Optimal,73.719,73.726,0.00949462,42.987,3.65122,0.270624,149.7,0.37803
sarp-16-8-B-7,,,,,,,,,,,,,,,,,,,16.0,8.0,7.0,116.706,86.825,129.812,6.0,20.85,73.719,Optimal,73.719,73.726,0.00949462,42.987,3.65122,0.270624,149.7,0.37803
sarp-16-8-B-7,,,,,,,,,,,,,,,,,,,16.0,8.0,7.0,116.706,86.825,129.812,6.0,20.85,73.719,Optimal,73.719,73.726,0.00949462,42.987,3.65122,0.270624,149.7,0.37803
sarp-16-8-B-7,,,,,,,,,,,,,,,,,,,16.0,8.0,7.0,116.706,86.825,129.812,6.0,20.85,73.719,Optimal,73.719,73.726,0.00949462,42.987,3.65122,0.270624,149.7,0.37803
sarp-16-8-B-7,,,,,,,,,,,,,,,,,,,16.0,8.0,7.0,116.706,86.825,129.812,6.0,20.85,73.719,Optimal,73.719,73.726,0.00949462,42.987,3.65122,0.270624,149.7,0.37803
sarp-16-8-B-7,,,,,,,,,,,,,,,,,,,16.0,8.0,7.0,116.706,86.825,129.812,6.0,20.85,73.719,Optimal,73.719,73.726,0.00949462,42.987,3.65122,0.270624,149.7,0.37803
sarp-16-8-B-7,,,,,,,,,,,,,,,,,,,16.0,8.0,7.0,116.706,86.825,129.812,6.0,20.85,73.719,Optimal,73.719,73.726,0.00949462,42.987,3.65122,0.270624,149.7,0.37803
sarp-16-8-B-7,,,,,,,,,,,,,,,,,,,16.0,8.0,7.0,116.706,86.825,129.812,6.0,20.85,73.719,Optimal,73.719,73.726,0.00949462,42.987,3.65122,0.270624,149.7,0.37803
sarp-16-8-B-7,,,,,,,,,,,,,,,,,,,16.0,8.0,7.0,116.706,86.825,129.812,6.0,20.85,73.719,Optimal,73.719,73.726,0.00949462,42.987,3.65122,0.270624,149.7,0.37803
sarp-16-8-B-7,,,,,,,,,,,,,,,,,,,16.0,8.0,7.0,116.706,86.825,129.812,6.0,20.85,73.719,Optimal,73.719,73.726,0.00949462,42.987,3.65122,0.270624,149.7,0.37803
sarp-16-8-B-7,,,,,,,,,,,,,,,,,,,16.0,8.0,7.0,116.706,86.825,129.812,6.0,20.85,73.719,Optimal,73.719,73.726,0.00949462,42.987,3.65122,0.270624,149.7,0.37803
sarp-16-8-B-7,,,,,,,,,,,,,,,,,,,16.0,8.0,7.0,116.706,86.825,129.812,6.0,20.85,73.719,Optimal,73.719,73.726,0.00949462,42.987,3.65122,0.270624,149.7,0.37803
sarp-16-8-B-7,,,,,,,,,,,,,,,,,,,16.0,8.0,7.0,116.706,86.825,129.812,6.0,20.85,73.719,Optimal,73.719,73.726,0.00949462,42.987,3.65122,0.270624,149.7,0.37803
sarp-16-8-B-7,,,,,,,,,,,,,,,,,,,16.0,8.0,7.0,116.706,86.825,129.812,6.0,20.85,73.719,Optimal,73.719,73.726,0.00949462,42.987,3.65122,0.270624,149.7,0.37803
sarp-16-8-B-7,,,,,,,,,,,,,,,,,,,16.0,8.0,7.0,116.706,86.825,129.812,6.0,20.85,73.719,Optimal,73.719,73.726,0.00949462,42.987,3.65122,0.270624,149.7,0.37803
sarp-16-8-B-7,,,,,,,,,,,,,,,,,,,16.0,8.0,7.0,116.706,86.825,129.812,6.0,20.85,73.719,Optimal,73.719,73.726,0.00949462,42.987,3.65122,0.270624,149.7,0.37803
sarp-16-8-B-7,,,,,,,,,,,,,,,,,,,16.0,8.0,7.0,116.706,86.825,129.812,6.0,20.85,73.719,Optimal,73.719,73.726,0.00949462,42.987,3.65122,0.270624,149.7,0.37803
sarp-16-8-B-7,,,,,,,,,,,,,,,,,,,16.0,8.0,7.0,116.706,86.825,129.812,6.0,20.85,73.719,Optimal,73.719,73.726,0.00949462,42.987,3.65122,0.270624,149.7,0.37803
sarp-16-8-B-7,,,,,,,,,,,,,,,,,,,16.0,8.0,7.0,116.706,86.825,129.812,6.0,20.85,73.719,Optimal,73.719,73.726,0.00949462,42.987,3.65122,0.270624,149.7,0.37803
sarp-16-8-B-8,,,,,,,,,,,,,,,,,,,16.0,8.0,7.0,131.412,84.418,127.42,6.0,0.46,88.41,Optimal,88.41,88.41,0.0,43.002,4.57073,0.326614,187.4,0.449832
sarp-16-8-B-8,,,,,,,,,,,,,,,,,,,16.0,8.0,7.0,131.412,84.418,127.42,6.0,0.46,88.41,Optimal,88.41,88.41,0.0,43.002,4.57073,0.326614,187.4,0.449832
sarp-16-8-B-8,,,,,,,,,,,,,,,,,,,16.0,8.0,7.0,131.412,84.418,127.42,6.0,0.46,88.41,Optimal,88.41,88.41,0.0,43.002,4.57073,0.326614,187.4,0.449832
sarp-16-8-B-8,,,,,,,,,,,,,,,,,,,16.0,8.0,7.0,131.412,84.418,127.42,6.0,0.46,88.41,Optimal,88.41,88.41,0.0,43.002,4.57073,0.326614,187.4,0.449832
sarp-16-8-B-8,,,,,,,,,,,,,,,,,,,16.0,8.0,7.0,131.412,84.418,127.42,6.0,0.46,88.41,Optimal,88.41,88.41,0.0,43.002,4.57073,0.326614,187.4,0.449832
sarp-16-8-B-8,,,,,,,,,,,,,,,,,,,16.0,8.0,7.0,131.412,84.418,127.42,6.0,0.46,88.41,Optimal,88.41,88.41,0.0,43.002,4.57073,0.326614,187.4,0.449832
sarp-16-8-B-8,,,,,,,,,,,,,,,,,,,16.0,8.0,7.0,131.412,84.418,127.42,6.0,0.46,88.41,Optimal,88.41,88.41,0.0,43.002,4.57073,0.326614,187.4,0.449832
sarp-16-8-B-8,,,,,,,,,,,,,,,,,,,16.0,8.0,7.0,131.412,84.418,127.42,6.0,0.46,88.41,Optimal,88.41,88.41,0.0,43.002,4.57073,0.326614,187.4,0.449832
sarp-16-8-B-8,,,,,,,,,,,,,,,,,,,16.0,8.0,7.0,131.412,84.418,127.42,6.0,0.46,88.41,Optimal,88.41,88.41,0.0,43.002,4.57073,0.326614,187.4,0.449832
sarp-16-8-B-8,,,,,,,,,,,,,,,,,,,16.0,8.0,7.0,131.412,84.418,127.42,6.0,0.46,88.41,Optimal,88.41,88.41,0.0,43.002,4.57073,0.326614,187.4,0.449832
sarp-16-8-B-8,,,,,,,,,,,,,,,,,,,16.0,8.0,7.0,131.412,84.418,127.42,6.0,0.46,88.41,Optimal,88.41,88.41,0.0,43.002,4.57073,0.326614,187.4,0.449832
sarp-16-8-B-8,,,,,,,,,,,,,,,,,,,16.0,8.0,7.0,131.412,84.418,127.42,6.0,0.46,88.41,Optimal,88.41,88.41,0.0,43.002,4.57073,0.326614,187.4,0.449832
sarp-16-8-B-8,,,,,,,,,,,,,,,,,,,16.0,8.0,7.0,131.412,84.418,127.42,6.0,0.46,88.41,Optimal,88.41,88.41,0.0,43.002,4.57073,0.326614,187.4,0.449832
sarp-16-8-B-8,,,,,,,,,,,,,,,,,,,16.0,8.0,7.0,131.412,84.418,127.42,6.0,0.46,88.41,Optimal,88.41,88.41,0.0,43.002,4.57073,0.326614,187.4,0.449832
sarp-16-8-B-8,,,,,,,,,,,,,,,,,,,16.0,8.0,7.0,131.412,84.418,127.42,6.0,0.46,88.41,Optimal,88.41,88.41,0.0,43.002,4.57073,0.326614,187.4,0.449832
sarp-16-8-B-8,,,,,,,,,,,,,,,,,,,16.0,8.0,7.0,131.412,84.418,127.42,6.0,0.46,88.41,Optimal,88.41,88.41,0.0,43.002,4.57073,0.326614,187.4,0.449832
sarp-16-8-B-8,,,,,,,,,,,,,,,,,,,16.0,8.0,7.0,131.412,84.418,127.42,6.0,0.46,88.41,Optimal,88.41,88.41,0.0,43.002,4.57073,0.326614,187.4,0.449832
sarp-16-8-B-8,,,,,,,,,,,,,,,,,,,16.0,8.0,7.0,131.412,84.418,127.42,6.0,0.46,88.41,Optimal,88.41,88.41,0.0,43.002,4.57073,0.326614,187.4,0.449832
sarp-16-8-B-8,,,,,,,,,,,,,,,,,,,16.0,8.0,7.0,131.412,84.418,127.42,6.0,0.46,88.41,Optimal,88.41,88.41,0.0,43.002,4.57073,0.326614,187.4,0.449832
sarp-16-8-B-8,,,,,,,,,,,,,,,,,,,16.0,8.0,7.0,131.412,84.418,127.42,6.0,0.46,88.41,Optimal,88.41,88.41,0.0,43.002,4.57073,0.326614,187.4,0.449832
sarp-16-8-B-8,,,,,,,,,,,,,,,,,,,16.0,8.0,7.0,131.412,84.418,127.42,6.0,0.46,88.41,Optimal,88.41,88.41,0.0,43.002,4.57073,0.326614,187.4,0.449832
sarp-16-8-B-8,,,,,,,,,,,,,,,,,,,16.0,8.0,7.0,131.412,84.418,127.42,6.0,0.46,88.41,Optimal,88.41,88.41,0.0,43.002,4.57073,0.326614,187.4,0.449832
sarp-16-8-B-8,,,,,,,,,,,,,,,,,,,16.0,8.0,7.0,131.412,84.418,127.42,6.0,0.46,88.41,Optimal,88.41,88.41,0.0,43.002,4.57073,0.326614,187.4,0.449832
sarp-16-8-B-8,,,,,,,,,,,,,,,,,,,16.0,8.0,7.0,131.412,84.418,127.42,6.0,0.46,88.41,Optimal,88.41,88.41,0.0,43.002,4.57073,0.326614,187.4,0.449832
sarp-16-8-B-8,,,,,,,,,,,,,,,,,,,16.0,8.0,7.0,131.412,84.418,127.42,6.0,0.46,88.41,Optimal,88.41,88.41,0.0,43.002,4.57073,0.326614,187.4,0.449832
sarp-16-8-B-8,,,,,,,,,,,,,,,,,,,16.0,8.0,7.0,131.412,84.418,127.42,6.0,0.46,88.41,Optimal,88.41,88.41,0.0,43.002,4.57073,0.326614,187.4,0.449832
sarp-16-8-B-8,,,,,,,,,,,,,,,,,,,16.0,8.0,7.0,131.412,84.418,127.42,6.0,0.46,88.41,Optimal,88.41,88.41,0.0,43.002,4.57073,0.326614,187.4,0.449832
sarp-16-8-B-8,,,,,,,,,,,,,,,,,,,16.0,8.0,7.0,131.412,84.418,127.42,6.0,0.46,88.41,Optimal,88.41,88.41,0.0,43.002,4.57073,0.326614,187.4,0.449832
sarp-16-8-C-7,,,,,,,,,,,,,,,,,,,16.0,8.0,8.0,304.122,224.523,184.184,6.0,624.39,344.461,Optimal,344.461,344.462,0.000193792,-40.339,3.2122,0.130785,131.7,0.156228
sarp-16-8-C-7,,,,,,,,,,,,,,,,,,,16.0,8.0,8.0,304.122,224.523,184.184,6.0,624.39,344.461,Optimal,344.461,344.462,0.000193792,-40.339,3.2122,0.130785,131.7,0.156228
sarp-16-8-C-7,,,,,,,,,,,,,,,,,,,16.0,8.0,8.0,304.122,224.523,184.184,6.0,624.39,344.461,Optimal,344.461,344.462,0.000193792,-40.339,3.2122,0.130785,131.7,0.156228
sarp-16-8-C-7,,,,,,,,,,,,,,,,,,,16.0,8.0,8.0,304.122,224.523,184.184,6.0,624.39,344.461,Optimal,344.461,344.462,0.000193792,-40.339,3.2122,0.130785,131.7,0.156228
sarp-16-8-C-7,,,,,,,,,,,,,,,,,,,16.0,8.0,8.0,304.122,224.523,184.184,6.0,624.39,344.461,Optimal,344.461,344.462,0.000193792,-40.339,3.2122,0.130785,131.7,0.156228
sarp-16-8-C-7,,,,,,,,,,,,,,,,,,,16.0,8.0,8.0,304.122,224.523,184.184,6.0,624.39,344.461,Optimal,344.461,344.462,0.000193792,-40.339,3.2122,0.130785,131.7,0.156228
sarp-16-8-C-7,,,,,,,,,,,,,,,,,,,16.0,8.0,8.0,304.122,224.523,184.184,6.0,624.39,344.461,Optimal,344.461,344.462,0.000193792,-40.339,3.2122,0.130785,131.7,0.156228
sarp-16-8-C-7,,,,,,,,,,,,,,,,,,,16.0,8.0,8.0,304.122,224.523,184.184,6.0,624.39,344.461,Optimal,344.461,344.462,0.000193792,-40.339,3.2122,0.130785,131.7,0.156228
sarp-16-8-C-7,,,,,,,,,,,,,,,,,,,16.0,8.0,8.0,304.122,224.523,184.184,6.0,624.39,344.461,Optimal,344.461,344.462,0.000193792,-40.339,3.2122,0.130785,131.7,0.156228
sarp-16-8-C-7,,,,,,,,,,,,,,,,,,,16.0,8.0,8.0,304.122,224.523,184.184,6.0,624.39,344.461,Optimal,344.461,344.462,0.000193792,-40.339,3.2122,0.130785,131.7,0.156228
sarp-16-8-C-7,,,,,,,,,,,,,,,,,,,16.0,8.0,8.0,304.122,224.523,184.184,6.0,624.39,344.461,Optimal,344.461,344.462,0.000193792,-40.339,3.2122,0.130785,131.7,0.156228
sarp-16-8-C-7,,,,,,,,,,,,,,,,,,,16.0,8.0,8.0,304.122,224.523,184.184,6.0,624.39,344.461,Optimal,344.461,344.462,0.000193792,-40.339,3.2122,0.130785,131.7,0.156228
sarp-16-8-C-7,,,,,,,,,,,,,,,,,,,16.0,8.0,8.0,304.122,224.523,184.184,6.0,624.39,344.461,Optimal,344.461,344.462,0.000193792,-40.339,3.2122,0.130785,131.7,0.156228
sarp-16-8-C-7,,,,,,,,,,,,,,,,,,,16.0,8.0,8.0,304.122,224.523,184.184,6.0,624.39,344.461,Optimal,344.461,344.462,0.000193792,-40.339,3.2122,0.130785,131.7,0.156228
sarp-16-8-C-7,,,,,,,,,,,,,,,,,,,16.0,8.0,8.0,304.122,224.523,184.184,6.0,624.39,344.461,Optimal,344.461,344.462,0.000193792,-40.339,3.2122,0.130785,131.7,0.156228
sarp-16-8-C-7,,,,,,,,,,,,,,,,,,,16.0,8.0,8.0,304.122,224.523,184.184,6.0,624.39,344.461,Optimal,344.461,344.462,0.000193792,-40.339,3.2122,0.130785,131.7,0.156228
sarp-16-8-C-7,,,,,,,,,,,,,,,,,,,16.0,8.0,8.0,304.122,224.523,184.184,6.0,624.39,344.461,Optimal,344.461,344.462,0.000193792,-40.339,3.2122,0.130785,131.7,0.156228
sarp-16-8-C-7,,,,,,,,,,,,,,,,,,,16.0,8.0,8.0,304.122,224.523,184.184,6.0,624.39,344.461,Optimal,344.461,344.462,0.000193792,-40.339,3.2122,0.130785,131.7,0.156228
sarp-16-8-C-7,,,,,,,,,,,,,,,,,,,16.0,8.0,8.0,304.122,224.523,184.184,6.0,624.39,344.461,Optimal,344.461,344.462,0.000193792,-40.339,3.2122,0.130785,131.7,0.156228
sarp-16-8-C-7,,,,,,,,,,,,,,,,,,,16.0,8.0,8.0,304.122,224.523,184.184,6.0,624.39,344.461,Optimal,344.461,344.462,0.000193792,-40.339,3.2122,0.130785,131.7,0.156228
sarp-16-8-C-7,,,,,,,,,,,,,,,,,,,16.0,8.0,8.0,304.122,224.523,184.184,6.0,624.39,344.461,Optimal,344.461,344.462,0.000193792,-40.339,3.2122,0.130785,131.7,0.156228
sarp-16-8-C-7,,,,,,,,,,,,,,,,,,,16.0,8.0,8.0,304.122,224.523,184.184,6.0,624.39,344.461,Optimal,344.461,344.462,0.000193792,-40.339,3.2122,0.130785,131.7,0.156228
sarp-16-8-C-7,,,,,,,,,,,,,,,,,,,16.0,8.0,8.0,304.122,224.523,184.184,6.0,624.39,344.461,Optimal,344.461,344.462,0.000193792,-40.339,3.2122,0.130785,131.7,0.156228
sarp-16-8-C-7,,,,,,,,,,,,,,,,,,,16.0,8.0,8.0,304.122,224.523,184.184,6.0,624.39,344.461,Optimal,344.461,344.462,0.000193792,-40.339,3.2122,0.130785,131.7,0.156228
sarp-16-8-C-7,,,,,,,,,,,,,,,,,,,16.0,8.0,8.0,304.122,224.523,184.184,6.0,624.39,344.461,Optimal,344.461,344.462,0.000193792,-40.339,3.2122,0.130785,131.7,0.156228
sarp-16-8-C-7,,,,,,,,,,,,,,,,,,,16.0,8.0,8.0,304.122,224.523,184.184,6.0,624.39,344.461,Optimal,344.461,344.462,0.000193792,-40.339,3.2122,0.130785,131.7,0.156228
sarp-16-8-C-7,,,,,,,,,,,,,,,,,,,16.0,8.0,8.0,304.122,224.523,184.184,6.0,624.39,344.461,Optimal,344.461,344.462,0.000193792,-40.339,3.2122,0.130785,131.7,0.156228
sarp-16-8-C-7,,,,,,,,,,,,,,,,,,,16.0,8.0,8.0,304.122,224.523,184.184,6.0,624.39,344.461,Optimal,344.461,344.462,0.000193792,-40.339,3.2122,0.130785,131.7,0.156228
sarp-16-8-C-8,,,,,,,,,,,,,,,,,,,16.0,8.0,8.0,268.155,192.485,194.028,6.0,718.21,266.612,Optimal,266.612,266.638,0.00985819,1.543,3.55366,0.150938,145.7,0.18183
sarp-16-8-C-8,,,,,,,,,,,,,,,,,,,16.0,8.0,8.0,268.155,192.485,194.028,6.0,718.21,266.612,Optimal,266.612,266.638,0.00985819,1.543,3.55366,0.150938,145.7,0.18183
sarp-16-8-C-8,,,,,,,,,,,,,,,,,,,16.0,8.0,8.0,268.155,192.485,194.028,6.0,718.21,266.612,Optimal,266.612,266.638,0.00985819,1.543,3.55366,0.150938,145.7,0.18183
sarp-16-8-C-8,,,,,,,,,,,,,,,,,,,16.0,8.0,8.0,268.155,192.485,194.028,6.0,718.21,266.612,Optimal,266.612,266.638,0.00985819,1.543,3.55366,0.150938,145.7,0.18183
sarp-16-8-C-8,,,,,,,,,,,,,,,,,,,16.0,8.0,8.0,268.155,192.485,194.028,6.0,718.21,266.612,Optimal,266.612,266.638,0.00985819,1.543,3.55366,0.150938,145.7,0.18183
sarp-16-8-C-8,,,,,,,,,,,,,,,,,,,16.0,8.0,8.0,268.155,192.485,194.028,6.0,718.21,266.612,Optimal,266.612,266.638,0.00985819,1.543,3.55366,0.150938,145.7,0.18183
sarp-16-8-C-8,,,,,,,,,,,,,,,,,,,16.0,8.0,8.0,268.155,192.485,194.028,6.0,718.21,266.612,Optimal,266.612,266.638,0.00985819,1.543,3.55366,0.150938,145.7,0.18183
sarp-16-8-C-8,,,,,,,,,,,,,,,,,,,16.0,8.0,8.0,268.155,192.485,194.028,6.0,718.21,266.612,Optimal,266.612,266.638,0.00985819,1.543,3.55366,0.150938,145.7,0.18183
sarp-16-8-C-8,,,,,,,,,,,,,,,,,,,16.0,8.0,8.0,268.155,192.485,194.028,6.0,718.21,266.612,Optimal,266.612,266.638,0.00985819,1.543,3.55366,0.150938,145.7,0.18183
sarp-16-8-C-8,,,,,,,,,,,,,,,,,,,16.0,8.0,8.0,268.155,192.485,194.028,6.0,718.21,266.612,Optimal,266.612,266.638,0.00985819,1.543,3.55366,0.150938,145.7,0.18183
sarp-16-8-C-8,,,,,,,,,,,,,,,,,,,16.0,8.0,8.0,268.155,192.485,194.028,6.0,718.21,266.612,Optimal,266.612,266.638,0.00985819,1.543,3.55366,0.150938,145.7,0.18183
sarp-16-8-C-8,,,,,,,,,,,,,,,,,,,16.0,8.0,8.0,268.155,192.485,194.028,6.0,718.21,266.612,Optimal,266.612,266.638,0.00985819,1.543,3.55366,0.150938,145.7,0.18183
sarp-16-8-C-8,,,,,,,,,,,,,,,,,,,16.0,8.0,8.0,268.155,192.485,194.028,6.0,718.21,266.612,Optimal,266.612,266.638,0.00985819,1.543,3.55366,0.150938,145.7,0.18183
sarp-16-8-C-8,,,,,,,,,,,,,,,,,,,16.0,8.0,8.0,268.155,192.485,194.028,6.0,718.21,266.612,Optimal,266.612,266.638,0.00985819,1.543,3.55366,0.150938,145.7,0.18183
sarp-16-8-C-8,,,,,,,,,,,,,,,,,,,16.0,8.0,8.0,268.155,192.485,194.028,6.0,718.21,266.612,Optimal,266.612,266.638,0.00985819,1.543,3.55366,0.150938,145.7,0.18183
sarp-16-8-C-8,,,,,,,,,,,,,,,,,,,16.0,8.0,8.0,268.155,192.485,194.028,6.0,718.21,266.612,Optimal,266.612,266.638,0.00985819,1.543,3.55366,0.150938,145.7,0.18183
sarp-16-8-C-8,,,,,,,,,,,,,,,,,,,16.0,8.0,8.0,268.155,192.485,194.028,6.0,718.21,266.612,Optimal,266.612,266.638,0.00985819,1.543,3.55366,0.150938,145.7,0.18183
sarp-16-8-C-8,,,,,,,,,,,,,,,,,,,16.0,8.0,8.0,268.155,192.485,194.028,6.0,718.21,266.612,Optimal,266.612,266.638,0.00985819,1.543,3.55366,0.150938,145.7,0.18183
sarp-16-8-C-8,,,,,,,,,,,,,,,,,,,16.0,8.0,8.0,268.155,192.485,194.028,6.0,718.21,266.612,Optimal,266.612,266.638,0.00985819,1.543,3.55366,0.150938,145.7,0.18183
sarp-16-8-C-8,,,,,,,,,,,,,,,,,,,16.0,8.0,8.0,268.155,192.485,194.028,6.0,718.21,266.612,Optimal,266.612,266.638,0.00985819,1.543,3.55366,0.150938,145.7,0.18183
sarp-16-8-C-8,,,,,,,,,,,,,,,,,,,16.0,8.0,8.0,268.155,192.485,194.028,6.0,718.21,266.612,Optimal,266.612,266.638,0.00985819,1.543,3.55366,0.150938,145.7,0.18183
sarp-16-8-C-8,,,,,,,,,,,,,,,,,,,16.0,8.0,8.0,268.155,192.485,194.028,6.0,718.21,266.612,Optimal,266.612,266.638,0.00985819,1.543,3.55366,0.150938,145.7,0.18183
sarp-16-8-C-8,,,,,,,,,,,,,,,,,,,16.0,8.0,8.0,268.155,192.485,194.028,6.0,718.21,266.612,Optimal,266.612,266.638,0.00985819,1.543,3.55366,0.150938,145.7,0.18183
sarp-16-8-C-8,,,,,,,,,,,,,,,,,,,16.0,8.0,8.0,268.155,192.485,194.028,6.0,718.21,266.612,Optimal,266.612,266.638,0.00985819,1.543,3.55366,0.150938,145.7,0.18183
sarp-16-8-C-8,,,,,,,,,,,,,,,,,,,16.0,8.0,8.0,268.155,192.485,194.028,6.0,718.21,266.612,Optimal,266.612,266.638,0.00985819,1.543,3.55366,0.150938,145.7,0.18183
sarp-16-8-C-8,,,,,,,,,,,,,,,,,,,16.0,8.0,8.0,268.155,192.485,194.028,6.0,718.21,266.612,Optimal,266.612,266.638,0.00985819,1.543,3.55366,0.150938,145.7,0.18183
sarp-16-8-C-8,,,,,,,,,,,,,,,,,,,16.0,8.0,8.0,268.155,192.485,194.028,6.0,718.21,266.612,Optimal,266.612,266.638,0.00985819,1.543,3.55366,0.150938,145.7,0.18183
sarp-16-8-C-8,,,,,,,,,,,,,,,,,,,16.0,8.0,8.0,268.155,192.485,194.028,6.0,718.21,266.612,Optimal,266.612,266.638,0.00985819,1.543,3.55366,0.150938,145.7,0.18183
sarp-20-10-A-7,,,,,,,,,,,,,,,,,,,20.0,10.0,7.0,107.607,66.407,148.304,6.0,498.77,25.71,Optimal,25.71,25.71,-5.52736e-14,81.897,5.58293,0.393299,228.9,0.575849
sarp-20-10-A-7,,,,,,,,,,,,,,,,,,,20.0,10.0,7.0,107.607,66.407,148.304,6.0,498.77,25.71,Optimal,25.71,25.71,-5.52736e-14,81.897,5.58293,0.393299,228.9,0.575849
sarp-20-10-A-7,,,,,,,,,,,,,,,,,,,20.0,10.0,7.0,107.607,66.407,148.304,6.0,498.77,25.71,Optimal,25.71,25.71,-5.52736e-14,81.897,5.58293,0.393299,228.9,0.575849
sarp-20-10-A-7,,,,,,,,,,,,,,,,,,,20.0,10.0,7.0,107.607,66.407,148.304,6.0,498.77,25.71,Optimal,25.71,25.71,-5.52736e-14,81.897,5.58293,0.393299,228.9,0.575849
sarp-20-10-A-7,,,,,,,,,,,,,,,,,,,20.0,10.0,7.0,107.607,66.407,148.304,6.0,498.77,25.71,Optimal,25.71,25.71,-5.52736e-14,81.897,5.58293,0.393299,228.9,0.575849
sarp-20-10-A-7,,,,,,,,,,,,,,,,,,,20.0,10.0,7.0,107.607,66.407,148.304,6.0,498.77,25.71,Optimal,25.71,25.71,-5.52736e-14,81.897,5.58293,0.393299,228.9,0.575849
sarp-20-10-A-7,,,,,,,,,,,,,,,,,,,20.0,10.0,7.0,107.607,66.407,148.304,6.0,498.77,25.71,Optimal,25.71,25.71,-5.52736e-14,81.897,5.58293,0.393299,228.9,0.575849
sarp-20-10-A-7,,,,,,,,,,,,,,,,,,,20.0,10.0,7.0,107.607,66.407,148.304,6.0,498.77,25.71,Optimal,25.71,25.71,-5.52736e-14,81.897,5.58293,0.393299,228.9,0.575849
sarp-20-10-A-7,,,,,,,,,,,,,,,,,,,20.0,10.0,7.0,107.607,66.407,148.304,6.0,498.77,25.71,Optimal,25.71,25.71,-5.52736e-14,81.897,5.58293,0.393299,228.9,0.575849
sarp-20-10-A-7,,,,,,,,,,,,,,,,,,,20.0,10.0,7.0,107.607,66.407,148.304,6.0,498.77,25.71,Optimal,25.71,25.71,-5.52736e-14,81.897,5.58293,0.393299,228.9,0.575849
sarp-20-10-A-7,,,,,,,,,,,,,,,,,,,20.0,10.0,7.0,107.607,66.407,148.304,6.0,498.77,25.71,Optimal,25.71,25.71,-5.52736e-14,81.897,5.58293,0.393299,228.9,0.575849
sarp-20-10-A-7,,,,,,,,,,,,,,,,,,,20.0,10.0,7.0,107.607,66.407,148.304,6.0,498.77,25.71,Optimal,25.71,25.71,-5.52736e-14,81.897,5.58293,0.393299,228.9,0.575849
sarp-20-10-A-7,,,,,,,,,,,,,,,,,,,20.0,10.0,7.0,107.607,66.407,148.304,6.0,498.77,25.71,Optimal,25.71,25.71,-5.52736e-14,81.897,5.58293,0.393299,228.9,0.575849
sarp-20-10-A-7,,,,,,,,,,,,,,,,,,,20.0,10.0,7.0,107.607,66.407,148.304,6.0,498.77,25.71,Optimal,25.71,25.71,-5.52736e-14,81.897,5.58293,0.393299,228.9,0.575849
sarp-20-10-A-7,,,,,,,,,,,,,,,,,,,20.0,10.0,7.0,107.607,66.407,148.304,6.0,498.77,25.71,Optimal,25.71,25.71,-5.52736e-14,81.897,5.58293,0.393299,228.9,0.575849
sarp-20-10-A-7,,,,,,,,,,,,,,,,,,,20.0,10.0,7.0,107.607,66.407,148.304,6.0,498.77,25.71,Optimal,25.71,25.71,-5.52736e-14,81.897,5.58293,0.393299,228.9,0.575849
sarp-20-10-A-7,,,,,,,,,,,,,,,,,,,20.0,10.0,7.0,107.607,66.407,148.304,6.0,498.77,25.71,Optimal,25.71,25.71,-5.52736e-14,81.897,5.58293,0.393299,228.9,0.575849
sarp-20-10-A-7,,,,,,,,,,,,,,,,,,,20.0,10.0,7.0,107.607,66.407,148.304,6.0,498.77,25.71,Optimal,25.71,25.71,-5.52736e-14,81.897,5.58293,0.393299,228.9,0.575849
sarp-20-10-A-7,,,,,,,,,,,,,,,,,,,20.0,10.0,7.0,107.607,66.407,148.304,6.0,498.77,25.71,Optimal,25.71,25.71,-5.52736e-14,81.897,5.58293,0.393299,228.9,0.575849
sarp-20-10-A-7,,,,,,,,,,,,,,,,,,,20.0,10.0,7.0,107.607,66.407,148.304,6.0,498.77,25.71,Optimal,25.71,25.71,-5.52736e-14,81.897,5.58293,0.393299,228.9,0.575849
sarp-20-10-A-7,,,,,,,,,,,,,,,,,,,20.0,10.0,7.0,107.607,66.407,148.304,6.0,498.77,25.71,Optimal,25.71,25.71,-5.52736e-14,81.897,5.58293,0.393299,228.9,0.575849
sarp-20-10-A-7,,,,,,,,,,,,,,,,,,,20.0,10.0,7.0,107.607,66.407,148.304,6.0,498.77,25.71,Optimal,25.71,25.71,-5.52736e-14,81.897,5.58293,0.393299,228.9,0.575849
sarp-20-10-A-7,,,,,,,,,,,,,,,,,,,20.0,10.0,7.0,107.607,66.407,148.304,6.0,498.77,25.71,Optimal,25.71,25.71,-5.52736e-14,81.897,5.58293,0.393299,228.9,0.575849
sarp-20-10-A-7,,,,,,,,,,,,,,,,,,,20.0,10.0,7.0,107.607,66.407,148.304,6.0,498.77,25.71,Optimal,25.71,25.71,-5.52736e-14,81.897,5.58293,0.393299,228.9,0.575849
sarp-20-10-A-7,,,,,,,,,,,,,,,,,,,20.0,10.0,7.0,107.607,66.407,148.304,6.0,498.77,25.71,Optimal,25.71,25.71,-5.52736e-14,81.897,5.58293,0.393299,228.9,0.575849
sarp-20-10-A-7,,,,,,,,,,,,,,,,,,,20.0,10.0,7.0,107.607,66.407,148.304,6.0,498.77,25.71,Optimal,25.71,25.71,-5.52736e-14,81.897,5.58293,0.393299,228.9,0.575849
sarp-20-10-A-7,,,,,,,,,,,,,,,,,,,20.0,10.0,7.0,107.607,66.407,148.304,6.0,498.77,25.71,Optimal,25.71,25.71,-5.52736e-14,81.897,5.58293,0.393299,228.9,0.575849
sarp-20-10-A-7,,,,,,,,,,,,,,,,,,,20.0,10.0,7.0,107.607,66.407,148.304,6.0,498.77,25.71,Optimal,25.71,25.71,-5.52736e-14,81.897,5.58293,0.393299,228.9,0.575849
sarp-20-10-A-8,,,,,,,,,,,,,,,,,,,20.0,10.0,4.0,118.95,32.872,141.174,6.0,732.79,10.648,Optimal,10.648,10.648,0.0,108.302,6.03415,0.43718,247.4,0.615576
sarp-20-10-A-8,,,,,,,,,,,,,,,,,,,20.0,10.0,4.0,118.95,32.872,141.174,6.0,732.79,10.648,Optimal,10.648,10.648,0.0,108.302,6.03415,0.43718,247.4,0.615576
sarp-20-10-A-8,,,,,,,,,,,,,,,,,,,20.0,10.0,4.0,118.95,32.872,141.174,6.0,732.79,10.648,Optimal,10.648,10.648,0.0,108.302,6.03415,0.43718,247.4,0.615576
sarp-20-10-A-8,,,,,,,,,,,,,,,,,,,20.0,10.0,4.0,118.95,32.872,141.174,6.0,732.79,10.648,Optimal,10.648,10.648,0.0,108.302,6.03415,0.43718,247.4,0.615576
sarp-20-10-A-8,,,,,,,,,,,,,,,,,,,20.0,10.0,4.0,118.95,32.872,141.174,6.0,732.79,10.648,Optimal,10.648,10.648,0.0,108.302,6.03415,0.43718,247.4,0.615576
sarp-20-10-A-8,,,,,,,,,,,,,,,,,,,20.0,10.0,4.0,118.95,32.872,141.174,6.0,732.79,10.648,Optimal,10.648,10.648,0.0,108.302,6.03415,0.43718,247.4,0.615576
sarp-20-10-A-8,,,,,,,,,,,,,,,,,,,20.0,10.0,4.0,118.95,32.872,141.174,6.0,732.79,10.648,Optimal,10.648,10.648,0.0,108.302,6.03415,0.43718,247.4,0.615576
sarp-20-10-A-8,,,,,,,,,,,,,,,,,,,20.0,10.0,4.0,118.95,32.872,141.174,6.0,732.79,10.648,Optimal,10.648,10.648,0.0,108.302,6.03415,0.43718,247.4,0.615576
sarp-20-10-A-8,,,,,,,,,,,,,,,,,,,20.0,10.0,4.0,118.95,32.872,141.174,6.0,732.79,10.648,Optimal,10.648,10.648,0.0,108.302,6.03415,0.43718,247.4,0.615576
sarp-20-10-A-8,,,,,,,,,,,,,,,,,,,20.0,10.0,4.0,118.95,32.872,141.174,6.0,732.79,10.648,Optimal,10.648,10.648,0.0,108.302,6.03415,0.43718,247.4,0.615576
sarp-20-10-A-8,,,,,,,,,,,,,,,,,,,20.0,10.0,4.0,118.95,32.872,141.174,6.0,732.79,10.648,Optimal,10.648,10.648,0.0,108.302,6.03415,0.43718,247.4,0.615576
sarp-20-10-A-8,,,,,,,,,,,,,,,,,,,20.0,10.0,4.0,118.95,32.872,141.174,6.0,732.79,10.648,Optimal,10.648,10.648,0.0,108.302,6.03415,0.43718,247.4,0.615576
sarp-20-10-A-8,,,,,,,,,,,,,,,,,,,20.0,10.0,4.0,118.95,32.872,141.174,6.0,732.79,10.648,Optimal,10.648,10.648,0.0,108.302,6.03415,0.43718,247.4,0.615576
sarp-20-10-A-8,,,,,,,,,,,,,,,,,,,20.0,10.0,4.0,118.95,32.872,141.174,6.0,732.79,10.648,Optimal,10.648,10.648,0.0,108.302,6.03415,0.43718,247.4,0.615576
sarp-20-10-A-8,,,,,,,,,,,,,,,,,,,20.0,10.0,4.0,118.95,32.872,141.174,6.0,732.79,10.648,Optimal,10.648,10.648,0.0,108.302,6.03415,0.43718,247.4,0.615576
sarp-20-10-A-8,,,,,,,,,,,,,,,,,,,20.0,10.0,4.0,118.95,32.872,141.174,6.0,732.79,10.648,Optimal,10.648,10.648,0.0,108.302,6.03415,0.43718,247.4,0.615576
sarp-20-10-A-8,,,,,,,,,,,,,,,,,,,20.0,10.0,4.0,118.95,32.872,141.174,6.0,732.79,10.648,Optimal,10.648,10.648,0.0,108.302,6.03415,0.43718,247.4,0.615576
sarp-20-10-A-8,,,,,,,,,,,,,,,,,,,20.0,10.0,4.0,118.95,32.872,141.174,6.0,732.79,10.648,Optimal,10.648,10.648,0.0,108.302,6.03415,0.43718,247.4,0.615576
sarp-20-10-A-8,,,,,,,,,,,,,,,,,,,20.0,10.0,4.0,118.95,32.872,141.174,6.0,732.79,10.648,Optimal,10.648,10.648,0.0,108.302,6.03415,0.43718,247.4,0.615576
sarp-20-10-A-8,,,,,,,,,,,,,,,,,,,20.0,10.0,4.0,118.95,32.872,141.174,6.0,732.79,10.648,Optimal,10.648,10.648,0.0,108.302,6.03415,0.43718,247.4,0.615576
sarp-20-10-A-8,,,,,,,,,,,,,,,,,,,20.0,10.0,4.0,118.95,32.872,141.174,6.0,732.79,10.648,Optimal,10.648,10.648,0.0,108.302,6.03415,0.43718,247.4,0.615576
sarp-20-10-A-8,,,,,,,,,,,,,,,,,,,20.0,10.0,4.0,118.95,32.872,141.174,6.0,732.79,10.648,Optimal,10.648,10.648,0.0,108.302,6.03415,0.43718,247.4,0.615576
sarp-20-10-A-8,,,,,,,,,,,,,,,,,,,20.0,10.0,4.0,118.95,32.872,141.174,6.0,732.79,10.648,Optimal,10.648,10.648,0.0,108.302,6.03415,0.43718,247.4,0.615576
sarp-20-10-A-8,,,,,,,,,,,,,,,,,,,20.0,10.0,4.0,118.95,32.872,141.174,6.0,732.79,10.648,Optimal,10.648,10.648,0.0,108.302,6.03415,0.43718,247.4,0.615576
sarp-20-10-A-8,,,,,,,,,,,,,,,,,,,20.0,10.0,4.0,118.95,32.872,141.174,6.0,732.79,10.648,Optimal,10.648,10.648,0.0,108.302,6.03415,0.43718,247.4,0.615576
sarp-20-10-A-8,,,,,,,,,,,,,,,,,,,20.0,10.0,4.0,118.95,32.872,141.174,6.0,732.79,10.648,Optimal,10.648,10.648,0.0,108.302,6.03415,0.43718,247.4,0.615576
sarp-20-10-A-8,,,,,,,,,,,,,,,,,,,20.0,10.0,4.0,118.95,32.872,141.174,6.0,732.79,10.648,Optimal,10.648,10.648,0.0,108.302,6.03415,0.43718,247.4,0.615576
sarp-20-10-A-8,,,,,,,,,,,,,,,,,,,20.0,10.0,4.0,118.95,32.872,141.174,6.0,732.79,10.648,Optimal,10.648,10.648,0.0,108.302,6.03415,0.43718,247.4,0.615576
sarp-20-10-B-7,,,,,,,,,,,,,,,,,,,20.0,10.0,9.0,138.444,114.134,146.372,6.0,1149.57,106.206,Optimal,106.206,106.216,0.00937539,32.238,4.15122,0.263644,170.2,0.38042
sarp-20-10-B-7,,,,,,,,,,,,,,,,,,,20.0,10.0,9.0,138.444,114.134,146.372,6.0,1149.57,106.206,Optimal,106.206,106.216,0.00937539,32.238,4.15122,0.263644,170.2,0.38042
sarp-20-10-B-7,,,,,,,,,,,,,,,,,,,20.0,10.0,9.0,138.444,114.134,146.372,6.0,1149.57,106.206,Optimal,106.206,106.216,0.00937539,32.238,4.15122,0.263644,170.2,0.38042
sarp-20-10-B-7,,,,,,,,,,,,,,,,,,,20.0,10.0,9.0,138.444,114.134,146.372,6.0,1149.57,106.206,Optimal,106.206,106.216,0.00937539,32.238,4.15122,0.263644,170.2,0.38042
sarp-20-10-B-7,,,,,,,,,,,,,,,,,,,20.0,10.0,9.0,138.444,114.134,146.372,6.0,1149.57,106.206,Optimal,106.206,106.216,0.00937539,32.238,4.15122,0.263644,170.2,0.38042
sarp-20-10-B-7,,,,,,,,,,,,,,,,,,,20.0,10.0,9.0,138.444,114.134,146.372,6.0,1149.57,106.206,Optimal,106.206,106.216,0.00937539,32.238,4.15122,0.263644,170.2,0.38042
sarp-20-10-B-7,,,,,,,,,,,,,,,,,,,20.0,10.0,9.0,138.444,114.134,146.372,6.0,1149.57,106.206,Optimal,106.206,106.216,0.00937539,32.238,4.15122,0.263644,170.2,0.38042
sarp-20-10-B-7,,,,,,,,,,,,,,,,,,,20.0,10.0,9.0,138.444,114.134,146.372,6.0,1149.57,106.206,Optimal,106.206,106.216,0.00937539,32.238,4.15122,0.263644,170.2,0.38042
sarp-20-10-B-7,,,,,,,,,,,,,,,,,,,20.0,10.0,9.0,138.444,114.134,146.372,6.0,1149.57,106.206,Optimal,106.206,106.216,0.00937539,32.238,4.15122,0.263644,170.2,0.38042
sarp-20-10-B-7,,,,,,,,,,,,,,,,,,,20.0,10.0,9.0,138.444,114.134,146.372,6.0,1149.57,106.206,Optimal,106.206,106.216,0.00937539,32.238,4.15122,0.263644,170.2,0.38042
sarp-20-10-B-7,,,,,,,,,,,,,,,,,,,20.0,10.0,9.0,138.444,114.134,146.372,6.0,1149.57,106.206,Optimal,106.206,106.216,0.00937539,32.238,4.15122,0.263644,170.2,0.38042
sarp-20-10-B-7,,,,,,,,,,,,,,,,,,,20.0,10.0,9.0,138.444,114.134,146.372,6.0,1149.57,106.206,Optimal,106.206,106.216,0.00937539,32.238,4.15122,0.263644,170.2,0.38042
sarp-20-10-B-7,,,,,,,,,,,,,,,,,,,20.0,10.0,9.0,138.444,114.134,146.372,6.0,1149.57,106.206,Optimal,106.206,106.216,0.00937539,32.238,4.15122,0.263644,170.2,0.38042
sarp-20-10-B-7,,,,,,,,,,,,,,,,,,,20.0,10.0,9.0,138.444,114.134,146.372,6.0,1149.57,106.206,Optimal,106.206,106.216,0.00937539,32.238,4.15122,0.263644,170.2,0.38042
sarp-20-10-B-7,,,,,,,,,,,,,,,,,,,20.0,10.0,9.0,138.444,114.134,146.372,6.0,1149.57,106.206,Optimal,106.206,106.216,0.00937539,32.238,4.15122,0.263644,170.2,0.38042
sarp-20-10-B-7,,,,,,,,,,,,,,,,,,,20.0,10.0,9.0,138.444,114.134,146.372,6.0,1149.57,106.206,Optimal,106.206,106.216,0.00937539,32.238,4.15122,0.263644,170.2,0.38042
sarp-20-10-B-7,,,,,,,,,,,,,,,,,,,20.0,10.0,9.0,138.444,114.134,146.372,6.0,1149.57,106.206,Optimal,106.206,106.216,0.00937539,32.238,4.15122,0.263644,170.2,0.38042
sarp-20-10-B-7,,,,,,,,,,,,,,,,,,,20.0,10.0,9.0,138.444,114.134,146.372,6.0,1149.57,106.206,Optimal,106.206,106.216,0.00937539,32.238,4.15122,0.263644,170.2,0.38042
sarp-20-10-B-7,,,,,,,,,,,,,,,,,,,20.0,10.0,9.0,138.444,114.134,146.372,6.0,1149.57,106.206,Optimal,106.206,106.216,0.00937539,32.238,4.15122,0.263644,170.2,0.38042
sarp-20-10-B-7,,,,,,,,,,,,,,,,,,,20.0,10.0,9.0,138.444,114.134,146.372,6.0,1149.57,106.206,Optimal,106.206,106.216,0.00937539,32.238,4.15122,0.263644,170.2,0.38042
sarp-20-10-B-7,,,,,,,,,,,,,,,,,,,20.0,10.0,9.0,138.444,114.134,146.372,6.0,1149.57,106.206,Optimal,106.206,106.216,0.00937539,32.238,4.15122,0.263644,170.2,0.38042
sarp-20-10-B-7,,,,,,,,,,,,,,,,,,,20.0,10.0,9.0,138.444,114.134,146.372,6.0,1149.57,106.206,Optimal,106.206,106.216,0.00937539,32.238,4.15122,0.263644,170.2,0.38042
sarp-20-10-B-7,,,,,,,,,,,,,,,,,,,20.0,10.0,9.0,138.444,114.134,146.372,6.0,1149.57,106.206,Optimal,106.206,106.216,0.00937539,32.238,4.15122,0.263644,170.2,0.38042
sarp-20-10-B-7,,,,,,,,,,,,,,,,,,,20.0,10.0,9.0,138.444,114.134,146.372,6.0,1149.57,106.206,Optimal,106.206,106.216,0.00937539,32.238,4.15122,0.263644,170.2,0.38042
sarp-20-10-B-7,,,,,,,,,,,,,,,,,,,20.0,10.0,9.0,138.444,114.134,146.372,6.0,1149.57,106.206,Optimal,106.206,106.216,0.00937539,32.238,4.15122,0.263644,170.2,0.38042
sarp-20-10-B-7,,,,,,,,,,,,,,,,,,,20.0,10.0,9.0,138.444,114.134,146.372,6.0,1149.57,106.206,Optimal,106.206,106.216,0.00937539,32.238,4.15122,0.263644,170.2,0.38042
sarp-20-10-B-7,,,,,,,,,,,,,,,,,,,20.0,10.0,9.0,138.444,114.134,146.372,6.0,1149.57,106.206,Optimal,106.206,106.216,0.00937539,32.238,4.15122,0.263644,170.2,0.38042
sarp-20-10-B-7,,,,,,,,,,,,,,,,,,,20.0,10.0,9.0,138.444,114.134,146.372,6.0,1149.57,106.206,Optimal,106.206,106.216,0.00937539,32.238,4.15122,0.263644,170.2,0.38042
sarp-20-10-B-8,,,,,,,,,,,,,,,,,,,20.0,10.0,9.0,142.32,109.071,140.392,6.0,433.72,110.999,Optimal,110.999,110.999,-1.28027e-14,31.321,3.24634,0.208175,133.1,0.301677
sarp-20-10-B-8,,,,,,,,,,,,,,,,,,,20.0,10.0,9.0,142.32,109.071,140.392,6.0,433.72,110.999,Optimal,110.999,110.999,-1.28027e-14,31.321,3.24634,0.208175,133.1,0.301677
sarp-20-10-B-8,,,,,,,,,,,,,,,,,,,20.0,10.0,9.0,142.32,109.071,140.392,6.0,433.72,110.999,Optimal,110.999,110.999,-1.28027e-14,31.321,3.24634,0.208175,133.1,0.301677
sarp-20-10-B-8,,,,,,,,,,,,,,,,,,,20.0,10.0,9.0,142.32,109.071,140.392,6.0,433.72,110.999,Optimal,110.999,110.999,-1.28027e-14,31.321,3.24634,0.208175,133.1,0.301677
sarp-20-10-B-8,,,,,,,,,,,,,,,,,,,20.0,10.0,9.0,142.32,109.071,140.392,6.0,433.72,110.999,Optimal,110.999,110.999,-1.28027e-14,31.321,3.24634,0.208175,133.1,0.301677
sarp-20-10-B-8,,,,,,,,,,,,,,,,,,,20.0,10.0,9.0,142.32,109.071,140.392,6.0,433.72,110.999,Optimal,110.999,110.999,-1.28027e-14,31.321,3.24634,0.208175,133.1,0.301677
sarp-20-10-B-8,,,,,,,,,,,,,,,,,,,20.0,10.0,9.0,142.32,109.071,140.392,6.0,433.72,110.999,Optimal,110.999,110.999,-1.28027e-14,31.321,3.24634,0.208175,133.1,0.301677
sarp-20-10-B-8,,,,,,,,,,,,,,,,,,,20.0,10.0,9.0,142.32,109.071,140.392,6.0,433.72,110.999,Optimal,110.999,110.999,-1.28027e-14,31.321,3.24634,0.208175,133.1,0.301677
sarp-20-10-B-8,,,,,,,,,,,,,,,,,,,20.0,10.0,9.0,142.32,109.071,140.392,6.0,433.72,110.999,Optimal,110.999,110.999,-1.28027e-14,31.321,3.24634,0.208175,133.1,0.301677
sarp-20-10-B-8,,,,,,,,,,,,,,,,,,,20.0,10.0,9.0,142.32,109.071,140.392,6.0,433.72,110.999,Optimal,110.999,110.999,-1.28027e-14,31.321,3.24634,0.208175,133.1,0.301677
sarp-20-10-B-8,,,,,,,,,,,,,,,,,,,20.0,10.0,9.0,142.32,109.071,140.392,6.0,433.72,110.999,Optimal,110.999,110.999,-1.28027e-14,31.321,3.24634,0.208175,133.1,0.301677
sarp-20-10-B-8,,,,,,,,,,,,,,,,,,,20.0,10.0,9.0,142.32,109.071,140.392,6.0,433.72,110.999,Optimal,110.999,110.999,-1.28027e-14,31.321,3.24634,0.208175,133.1,0.301677
sarp-20-10-B-8,,,,,,,,,,,,,,,,,,,20.0,10.0,9.0,142.32,109.071,140.392,6.0,433.72,110.999,Optimal,110.999,110.999,-1.28027e-14,31.321,3.24634,0.208175,133.1,0.301677
sarp-20-10-B-8,,,,,,,,,,,,,,,,,,,20.0,10.0,9.0,142.32,109.071,140.392,6.0,433.72,110.999,Optimal,110.999,110.999,-1.28027e-14,31.321,3.24634,0.208175,133.1,0.301677
sarp-20-10-B-8,,,,,,,,,,,,,,,,,,,20.0,10.0,9.0,142.32,109.071,140.392,6.0,433.72,110.999,Optimal,110.999,110.999,-1.28027e-14,31.321,3.24634,0.208175,133.1,0.301677
sarp-20-10-B-8,,,,,,,,,,,,,,,,,,,20.0,10.0,9.0,142.32,109.071,140.392,6.0,433.72,110.999,Optimal,110.999,110.999,-1.28027e-14,31.321,3.24634,0.208175,133.1,0.301677
sarp-20-10-B-8,,,,,,,,,,,,,,,,,,,20.0,10.0,9.0,142.32,109.071,140.392,6.0,433.72,110.999,Optimal,110.999,110.999,-1.28027e-14,31.321,3.24634,0.208175,133.1,0.301677
sarp-20-10-B-8,,,,,,,,,,,,,,,,,,,20.0,10.0,9.0,142.32,109.071,140.392,6.0,433.72,110.999,Optimal,110.999,110.999,-1.28027e-14,31.321,3.24634,0.208175,133.1,0.301677
sarp-20-10-B-8,,,,,,,,,,,,,,,,,,,20.0,10.0,9.0,142.32,109.071,140.392,6.0,433.72,110.999,Optimal,110.999,110.999,-1.28027e-14,31.321,3.24634,0.208175,133.1,0.301677
sarp-20-10-B-8,,,,,,,,,,,,,,,,,,,20.0,10.0,9.0,142.32,109.071,140.392,6.0,433.72,110.999,Optimal,110.999,110.999,-1.28027e-14,31.321,3.24634,0.208175,133.1,0.301677
sarp-20-10-B-8,,,,,,,,,,,,,,,,,,,20.0,10.0,9.0,142.32,109.071,140.392,6.0,433.72,110.999,Optimal,110.999,110.999,-1.28027e-14,31.321,3.24634,0.208175,133.1,0.301677
sarp-20-10-B-8,,,,,,,,,,,,,,,,,,,20.0,10.0,9.0,142.32,109.071,140.392,6.0,433.72,110.999,Optimal,110.999,110.999,-1.28027e-14,31.321,3.24634,0.208175,133.1,0.301677
sarp-20-10-B-8,,,,,,,,,,,,,,,,,,,20.0,10.0,9.0,142.32,109.071,140.392,6.0,433.72,110.999,Optimal,110.999,110.999,-1.28027e-14,31.321,3.24634,0.208175,133.1,0.301677
sarp-20-10-B-8,,,,,,,,,,,,,,,,,,,20.0,10.0,9.0,142.32,109.071,140.392,6.0,433.72,110.999,Optimal,110.999,110.999,-1.28027e-14,31.321,3.24634,0.208175,133.1,0.301677
sarp-20-10-B-8,,,,,,,,,,,,,,,,,,,20.0,10.0,9.0,142.32,109.071,140.392,6.0,433.72,110.999,Optimal,110.999,110.999,-1.28027e-14,31.321,3.24634,0.208175,133.1,0.301677
sarp-20-10-B-8,,,,,,,,,,,,,,,,,,,20.0,10.0,9.0,142.32,109.071,140.392,6.0,433.72,110.999,Optimal,110.999,110.999,-1.28027e-14,31.321,3.24634,0.208175,133.1,0.301677
sarp-20-10-B-8,,,,,,,,,,,,,,,,,,,20.0,10.0,9.0,142.32,109.071,140.392,6.0,433.72,110.999,Optimal,110.999,110.999,-1.28027e-14,31.321,3.24634,0.208175,133.1,0.301677
sarp-20-10-B-8,,,,,,,,,,,,,,,,,,,20.0,10.0,9.0,142.32,109.071,140.392,6.0,433.72,110.999,Optimal,110.999,110.999,-1.28027e-14,31.321,3.24634,0.208175,133.1,0.301677
sarp-20-10-C-7,,,,,,,,,,,,,,,,,,,20.0,10.0,10.0,364.449,249.425,186.484,7.0,7176.39,427.39,Feasible,427.39,459.466,6.98123,-62.941,4.1439,0.149547,169.9,0.182472
sarp-20-10-C-7,,,,,,,,,,,,,,,,,,,20.0,10.0,10.0,364.449,249.425,186.484,7.0,7176.39,427.39,Feasible,427.39,459.466,6.98123,-62.941,4.1439,0.149547,169.9,0.182472
sarp-20-10-C-7,,,,,,,,,,,,,,,,,,,20.0,10.0,10.0,364.449,249.425,186.484,7.0,7176.39,427.39,Feasible,427.39,459.466,6.98123,-62.941,4.1439,0.149547,169.9,0.182472
sarp-20-10-C-7,,,,,,,,,,,,,,,,,,,20.0,10.0,10.0,364.449,249.425,186.484,7.0,7176.39,427.39,Feasible,427.39,459.466,6.98123,-62.941,4.1439,0.149547,169.9,0.182472
sarp-20-10-C-7,,,,,,,,,,,,,,,,,,,20.0,10.0,10.0,364.449,249.425,186.484,7.0,7176.39,427.39,Feasible,427.39,459.466,6.98123,-62.941,4.1439,0.149547,169.9,0.182472
sarp-20-10-C-7,,,,,,,,,,,,,,,,,,,20.0,10.0,10.0,364.449,249.425,186.484,7.0,7176.39,427.39,Feasible,427.39,459.466,6.98123,-62.941,4.1439,0.149547,169.9,0.182472
sarp-20-10-C-7,,,,,,,,,,,,,,,,,,,20.0,10.0,10.0,364.449,249.425,186.484,7.0,7176.39,427.39,Feasible,427.39,459.466,6.98123,-62.941,4.1439,0.149547,169.9,0.182472
sarp-20-10-C-7,,,,,,,,,,,,,,,,,,,20.0,10.0,10.0,364.449,249.425,186.484,7.0,7176.39,427.39,Feasible,427.39,459.466,6.98123,-62.941,4.1439,0.149547,169.9,0.182472
sarp-20-10-C-7,,,,,,,,,,,,,,,,,,,20.0,10.0,10.0,364.449,249.425,186.484,7.0,7176.39,427.39,Feasible,427.39,459.466,6.98123,-62.941,4.1439,0.149547,169.9,0.182472
sarp-20-10-C-7,,,,,,,,,,,,,,,,,,,20.0,10.0,10.0,364.449,249.425,186.484,7.0,7176.39,427.39,Feasible,427.39,459.466,6.98123,-62.941,4.1439,0.149547,169.9,0.182472
sarp-20-10-C-7,,,,,,,,,,,,,,,,,,,20.0,10.0,10.0,364.449,249.425,186.484,7.0,7176.39,427.39,Feasible,427.39,459.466,6.98123,-62.941,4.1439,0.149547,169.9,0.182472
sarp-20-10-C-7,,,,,,,,,,,,,,,,,,,20.0,10.0,10.0,364.449,249.425,186.484,7.0,7176.39,427.39,Feasible,427.39,459.466,6.98123,-62.941,4.1439,0.149547,169.9,0.182472
sarp-20-10-C-7,,,,,,,,,,,,,,,,,,,20.0,10.0,10.0,364.449,249.425,186.484,7.0,7176.39,427.39,Feasible,427.39,459.466,6.98123,-62.941,4.1439,0.149547,169.9,0.182472
sarp-20-10-C-7,,,,,,,,,,,,,,,,,,,20.0,10.0,10.0,364.449,249.425,186.484,7.0,7176.39,427.39,Feasible,427.39,459.466,6.98123,-62.941,4.1439,0.149547,169.9,0.182472
sarp-20-10-C-7,,,,,,,,,,,,,,,,,,,20.0,10.0,10.0,364.449,249.425,186.484,7.0,7176.39,427.39,Feasible,427.39,459.466,6.98123,-62.941,4.1439,0.149547,169.9,0.182472
sarp-20-10-C-7,,,,,,,,,,,,,,,,,,,20.0,10.0,10.0,364.449,249.425,186.484,7.0,7176.39,427.39,Feasible,427.39,459.466,6.98123,-62.941,4.1439,0.149547,169.9,0.182472
sarp-20-10-C-7,,,,,,,,,,,,,,,,,,,20.0,10.0,10.0,364.449,249.425,186.484,7.0,7176.39,427.39,Feasible,427.39,459.466,6.98123,-62.941,4.1439,0.149547,169.9,0.182472
sarp-20-10-C-7,,,,,,,,,,,,,,,,,,,20.0,10.0,10.0,364.449,249.425,186.484,7.0,7176.39,427.39,Feasible,427.39,459.466,6.98123,-62.941,4.1439,0.149547,169.9,0.182472
sarp-20-10-C-7,,,,,,,,,,,,,,,,,,,20.0,10.0,10.0,364.449,249.425,186.484,7.0,7176.39,427.39,Feasible,427.39,459.466,6.98123,-62.941,4.1439,0.149547,169.9,0.182472
sarp-20-10-C-7,,,,,,,,,,,,,,,,,,,20.0,10.0,10.0,364.449,249.425,186.484,7.0,7176.39,427.39,Feasible,427.39,459.466,6.98123,-62.941,4.1439,0.149547,169.9,0.182472
sarp-20-10-C-7,,,,,,,,,,,,,,,,,,,20.0,10.0,10.0,364.449,249.425,186.484,7.0,7176.39,427.39,Feasible,427.39,459.466,6.98123,-62.941,4.1439,0.149547,169.9,0.182472
sarp-20-10-C-7,,,,,,,,,,,,,,,,,,,20.0,10.0,10.0,364.449,249.425,186.484,7.0,7176.39,427.39,Feasible,427.39,459.466,6.98123,-62.941,4.1439,0.149547,169.9,0.182472
sarp-20-10-C-7,,,,,,,,,,,,,,,,,,,20.0,10.0,10.0,364.449,249.425,186.484,7.0,7176.39,427.39,Feasible,427.39,459.466,6.98123,-62.941,4.1439,0.149547,169.9,0.182472
sarp-20-10-C-7,,,,,,,,,,,,,,,,,,,20.0,10.0,10.0,364.449,249.425,186.484,7.0,7176.39,427.39,Feasible,427.39,459.466,6.98123,-62.941,4.1439,0.149547,169.9,0.182472
sarp-20-10-C-7,,,,,,,,,,,,,,,,,,,20.0,10.0,10.0,364.449,249.425,186.484,7.0,7176.39,427.39,Feasible,427.39,459.466,6.98123,-62.941,4.1439,0.149547,169.9,0.182472
sarp-20-10-C-7,,,,,,,,,,,,,,,,,,,20.0,10.0,10.0,364.449,249.425,186.484,7.0,7176.39,427.39,Feasible,427.39,459.466,6.98123,-62.941,4.1439,0.149547,169.9,0.182472
sarp-20-10-C-7,,,,,,,,,,,,,,,,,,,20.0,10.0,10.0,364.449,249.425,186.484,7.0,7176.39,427.39,Feasible,427.39,459.466,6.98123,-62.941,4.1439,0.149547,169.9,0.182472
sarp-20-10-C-7,,,,,,,,,,,,,,,,,,,20.0,10.0,10.0,364.449,249.425,186.484,7.0,7176.39,427.39,Feasible,427.39,459.466,6.98123,-62.941,4.1439,0.149547,169.9,0.182472
sarp-20-10-C-8,,,,,,,,,,,,,,,,,,,20.0,10.0,8.0,399.675,183.853,198.122,8.0,1363.2,385.406,Optimal,385.406,385.443,0.00961429,14.269,5.9122,0.200408,242.4,0.238067
sarp-20-10-C-8,,,,,,,,,,,,,,,,,,,20.0,10.0,8.0,399.675,183.853,198.122,8.0,1363.2,385.406,Optimal,385.406,385.443,0.00961429,14.269,5.9122,0.200408,242.4,0.238067
sarp-20-10-C-8,,,,,,,,,,,,,,,,,,,20.0,10.0,8.0,399.675,183.853,198.122,8.0,1363.2,385.406,Optimal,385.406,385.443,0.00961429,14.269,5.9122,0.200408,242.4,0.238067
sarp-20-10-C-8,,,,,,,,,,,,,,,,,,,20.0,10.0,8.0,399.675,183.853,198.122,8.0,1363.2,385.406,Optimal,385.406,385.443,0.00961429,14.269,5.9122,0.200408,242.4,0.238067
sarp-20-10-C-8,,,,,,,,,,,,,,,,,,,20.0,10.0,8.0,399.675,183.853,198.122,8.0,1363.2,385.406,Optimal,385.406,385.443,0.00961429,14.269,5.9122,0.200408,242.4,0.238067
sarp-20-10-C-8,,,,,,,,,,,,,,,,,,,20.0,10.0,8.0,399.675,183.853,198.122,8.0,1363.2,385.406,Optimal,385.406,385.443,0.00961429,14.269,5.9122,0.200408,242.4,0.238067
sarp-20-10-C-8,,,,,,,,,,,,,,,,,,,20.0,10.0,8.0,399.675,183.853,198.122,8.0,1363.2,385.406,Optimal,385.406,385.443,0.00961429,14.269,5.9122,0.200408,242.4,0.238067
sarp-20-10-C-8,,,,,,,,,,,,,,,,,,,20.0,10.0,8.0,399.675,183.853,198.122,8.0,1363.2,385.406,Optimal,385.406,385.443,0.00961429,14.269,5.9122,0.200408,242.4,0.238067
sarp-20-10-C-8,,,,,,,,,,,,,,,,,,,20.0,10.0,8.0,399.675,183.853,198.122,8.0,1363.2,385.406,Optimal,385.406,385.443,0.00961429,14.269,5.9122,0.200408,242.4,0.238067
sarp-20-10-C-8,,,,,,,,,,,,,,,,,,,20.0,10.0,8.0,399.675,183.853,198.122,8.0,1363.2,385.406,Optimal,385.406,385.443,0.00961429,14.269,5.9122,0.200408,242.4,0.238067
sarp-20-10-C-8,,,,,,,,,,,,,,,,,,,20.0,10.0,8.0,399.675,183.853,198.122,8.0,1363.2,385.406,Optimal,385.406,385.443,0.00961429,14.269,5.9122,0.200408,242.4,0.238067
sarp-20-10-C-8,,,,,,,,,,,,,,,,,,,20.0,10.0,8.0,399.675,183.853,198.122,8.0,1363.2,385.406,Optimal,385.406,385.443,0.00961429,14.269,5.9122,0.200408,242.4,0.238067
sarp-20-10-C-8,,,,,,,,,,,,,,,,,,,20.0,10.0,8.0,399.675,183.853,198.122,8.0,1363.2,385.406,Optimal,385.406,385.443,0.00961429,14.269,5.9122,0.200408,242.4,0.238067
sarp-20-10-C-8,,,,,,,,,,,,,,,,,,,20.0,10.0,8.0,399.675,183.853,198.122,8.0,1363.2,385.406,Optimal,385.406,385.443,0.00961429,14.269,5.9122,0.200408,242.4,0.238067
sarp-20-10-C-8,,,,,,,,,,,,,,,,,,,20.0,10.0,8.0,399.675,183.853,198.122,8.0,1363.2,385.406,Optimal,385.406,385.443,0.00961429,14.269,5.9122,0.200408,242.4,0.238067
sarp-20-10-C-8,,,,,,,,,,,,,,,,,,,20.0,10.0,8.0,399.675,183.853,198.122,8.0,1363.2,385.406,Optimal,385.406,385.443,0.00961429,14.269,5.9122,0.200408,242.4,0.238067
sarp-20-10-C-8,,,,,,,,,,,,,,,,,,,20.0,10.0,8.0,399.675,183.853,198.122,8.0,1363.2,385.406,Optimal,385.406,385.443,0.00961429,14.269,5.9122,0.200408,242.4,0.238067
sarp-20-10-C-8,,,,,,,,,,,,,,,,,,,20.0,10.0,8.0,399.675,183.853,198.122,8.0,1363.2,385.406,Optimal,385.406,385.443,0.00961429,14.269,5.9122,0.200408,242.4,0.238067
sarp-20-10-C-8,,,,,,,,,,,,,,,,,,,20.0,10.0,8.0,399.675,183.853,198.122,8.0,1363.2,385.406,Optimal,385.406,385.443,0.00961429,14.269,5.9122,0.200408,242.4,0.238067
sarp-20-10-C-8,,,,,,,,,,,,,,,,,,,20.0,10.0,8.0,399.675,183.853,198.122,8.0,1363.2,385.406,Optimal,385.406,385.443,0.00961429,14.269,5.9122,0.200408,242.4,0.238067
sarp-20-10-C-8,,,,,,,,,,,,,,,,,,,20.0,10.0,8.0,399.675,183.853,198.122,8.0,1363.2,385.406,Optimal,385.406,385.443,0.00961429,14.269,5.9122,0.200408,242.4,0.238067
sarp-20-10-C-8,,,,,,,,,,,,,,,,,,,20.0,10.0,8.0,399.675,183.853,198.122,8.0,1363.2,385.406,Optimal,385.406,385.443,0.00961429,14.269,5.9122,0.200408,242.4,0.238067
sarp-20-10-C-8,,,,,,,,,,,,,,,,,,,20.0,10.0,8.0,399.675,183.853,198.122,8.0,1363.2,385.406,Optimal,385.406,385.443,0.00961429,14.269,5.9122,0.200408,242.4,0.238067
sarp-20-10-C-8,,,,,,,,,,,,,,,,,,,20.0,10.0,8.0,399.675,183.853,198.122,8.0,1363.2,385.406,Optimal,385.406,385.443,0.00961429,14.269,5.9122,0.200408,242.4,0.238067
sarp-20-10-C-8,,,,,,,,,,,,,,,,,,,20.0,10.0,8.0,399.675,183.853,198.122,8.0,1363.2,385.406,Optimal,385.406,385.443,0.00961429,14.269,5.9122,0.200408,242.4,0.238067
sarp-20-10-C-8,,,,,,,,,,,,,,,,,,,20.0,10.0,8.0,399.675,183.853,198.122,8.0,1363.2,385.406,Optimal,385.406,385.443,0.00961429,14.269,5.9122,0.200408,242.4,0.238067
sarp-20-10-C-8,,,,,,,,,,,,,,,,,,,20.0,10.0,8.0,399.675,183.853,198.122,8.0,1363.2,385.406,Optimal,385.406,385.443,0.00961429,14.269,5.9122,0.200408,242.4,0.238067
sarp-20-10-C-8,,,,,,,,,,,,,,,,,,,20.0,10.0,8.0,399.675,183.853,198.122,8.0,1363.2,385.406,Optimal,385.406,385.443,0.00961429,14.269,5.9122,0.200408,242.4,0.238067
sarp-30-15-A-7,,,,,,,,,,,,,,,,,,,30.0,15.0,12.0,159.159,97.454,190.9,8.0,7193.54,65.713,Feasible,65.713,70.1549,6.3315,93.446,5.50488,0.278401,225.7,0.430972
sarp-30-15-A-7,,,,,,,,,,,,,,,,,,,30.0,15.0,12.0,159.159,97.454,190.9,8.0,7193.54,65.713,Feasible,65.713,70.1549,6.3315,93.446,5.50488,0.278401,225.7,0.430972
sarp-30-15-A-7,,,,,,,,,,,,,,,,,,,30.0,15.0,12.0,159.159,97.454,190.9,8.0,7193.54,65.713,Feasible,65.713,70.1549,6.3315,93.446,5.50488,0.278401,225.7,0.430972
sarp-30-15-A-7,,,,,,,,,,,,,,,,,,,30.0,15.0,12.0,159.159,97.454,190.9,8.0,7193.54,65.713,Feasible,65.713,70.1549,6.3315,93.446,5.50488,0.278401,225.7,0.430972
sarp-30-15-A-7,,,,,,,,,,,,,,,,,,,30.0,15.0,12.0,159.159,97.454,190.9,8.0,7193.54,65.713,Feasible,65.713,70.1549,6.3315,93.446,5.50488,0.278401,225.7,0.430972
sarp-30-15-A-7,,,,,,,,,,,,,,,,,,,30.0,15.0,12.0,159.159,97.454,190.9,8.0,7193.54,65.713,Feasible,65.713,70.1549,6.3315,93.446,5.50488,0.278401,225.7,0.430972
sarp-30-15-A-7,,,,,,,,,,,,,,,,,,,30.0,15.0,12.0,159.159,97.454,190.9,8.0,7193.54,65.713,Feasible,65.713,70.1549,6.3315,93.446,5.50488,0.278401,225.7,0.430972
sarp-30-15-A-7,,,,,,,,,,,,,,,,,,,30.0,15.0,12.0,159.159,97.454,190.9,8.0,7193.54,65.713,Feasible,65.713,70.1549,6.3315,93.446,5.50488,0.278401,225.7,0.430972
sarp-30-15-A-7,,,,,,,,,,,,,,,,,,,30.0,15.0,12.0,159.159,97.454,190.9,8.0,7193.54,65.713,Feasible,65.713,70.1549,6.3315,93.446,5.50488,0.278401,225.7,0.430972
sarp-30-15-A-7,,,,,,,,,,,,,,,,,,,30.0,15.0,12.0,159.159,97.454,190.9,8.0,7193.54,65.713,Feasible,65.713,70.1549,6.3315,93.446,5.50488,0.278401,225.7,0.430972
sarp-30-15-A-7,,,,,,,,,,,,,,,,,,,30.0,15.0,12.0,159.159,97.454,190.9,8.0,7193.54,65.713,Feasible,65.713,70.1549,6.3315,93.446,5.50488,0.278401,225.7,0.430972
sarp-30-15-A-7,,,,,,,,,,,,,,,,,,,30.0,15.0,12.0,159.159,97.454,190.9,8.0,7193.54,65.713,Feasible,65.713,70.1549,6.3315,93.446,5.50488,0.278401,225.7,0.430972
sarp-30-15-A-7,,,,,,,,,,,,,,,,,,,30.0,15.0,12.0,159.159,97.454,190.9,8.0,7193.54,65.713,Feasible,65.713,70.1549,6.3315,93.446,5.50488,0.278401,225.7,0.430972
sarp-30-15-A-7,,,,,,,,,,,,,,,,,,,30.0,15.0,12.0,159.159,97.454,190.9,8.0,7193.54,65.713,Feasible,65.713,70.1549,6.3315,93.446,5.50488,0.278401,225.7,0.430972
sarp-30-15-A-7,,,,,,,,,,,,,,,,,,,30.0,15.0,12.0,159.159,97.454,190.9,8.0,7193.54,65.713,Feasible,65.713,70.1549,6.3315,93.446,5.50488,0.278401,225.7,0.430972
sarp-30-15-A-7,,,,,,,,,,,,,,,,,,,30.0,15.0,12.0,159.159,97.454,190.9,8.0,7193.54,65.713,Feasible,65.713,70.1549,6.3315,93.446,5.50488,0.278401,225.7,0.430972
sarp-30-15-A-7,,,,,,,,,,,,,,,,,,,30.0,15.0,12.0,159.159,97.454,190.9,8.0,7193.54,65.713,Feasible,65.713,70.1549,6.3315,93.446,5.50488,0.278401,225.7,0.430972
sarp-30-15-A-7,,,,,,,,,,,,,,,,,,,30.0,15.0,12.0,159.159,97.454,190.9,8.0,7193.54,65.713,Feasible,65.713,70.1549,6.3315,93.446,5.50488,0.278401,225.7,0.430972
sarp-30-15-A-7,,,,,,,,,,,,,,,,,,,30.0,15.0,12.0,159.159,97.454,190.9,8.0,7193.54,65.713,Feasible,65.713,70.1549,6.3315,93.446,5.50488,0.278401,225.7,0.430972
sarp-30-15-A-7,,,,,,,,,,,,,,,,,,,30.0,15.0,12.0,159.159,97.454,190.9,8.0,7193.54,65.713,Feasible,65.713,70.1549,6.3315,93.446,5.50488,0.278401,225.7,0.430972
sarp-30-15-A-7,,,,,,,,,,,,,,,,,,,30.0,15.0,12.0,159.159,97.454,190.9,8.0,7193.54,65.713,Feasible,65.713,70.1549,6.3315,93.446,5.50488,0.278401,225.7,0.430972
sarp-30-15-A-7,,,,,,,,,,,,,,,,,,,30.0,15.0,12.0,159.159,97.454,190.9,8.0,7193.54,65.713,Feasible,65.713,70.1549,6.3315,93.446,5.50488,0.278401,225.7,0.430972
sarp-30-15-A-7,,,,,,,,,,,,,,,,,,,30.0,15.0,12.0,159.159,97.454,190.9,8.0,7193.54,65.713,Feasible,65.713,70.1549,6.3315,93.446,5.50488,0.278401,225.7,0.430972
sarp-30-15-A-7,,,,,,,,,,,,,,,,,,,30.0,15.0,12.0,159.159,97.454,190.9,8.0,7193.54,65.713,Feasible,65.713,70.1549,6.3315,93.446,5.50488,0.278401,225.7,0.430972
sarp-30-15-A-7,,,,,,,,,,,,,,,,,,,30.0,15.0,12.0,159.159,97.454,190.9,8.0,7193.54,65.713,Feasible,65.713,70.1549,6.3315,93.446,5.50488,0.278401,225.7,0.430972
sarp-30-15-A-7,,,,,,,,,,,,,,,,,,,30.0,15.0,12.0,159.159,97.454,190.9,8.0,7193.54,65.713,Feasible,65.713,70.1549,6.3315,93.446,5.50488,0.278401,225.7,0.430972
sarp-30-15-A-7,,,,,,,,,,,,,,,,,,,30.0,15.0,12.0,159.159,97.454,190.9,8.0,7193.54,65.713,Feasible,65.713,70.1549,6.3315,93.446,5.50488,0.278401,225.7,0.430972
sarp-30-15-A-7,,,,,,,,,,,,,,,,,,,30.0,15.0,12.0,159.159,97.454,190.9,8.0,7193.54,65.713,Feasible,65.713,70.1549,6.3315,93.446,5.50488,0.278401,225.7,0.430972
sarp-30-15-A-8,,,,,,,,,,,,,,,,,,,30.0,15.0,12.0,160.299,86.083,179.768,8.0,7157.44,66.614,Feasible,66.614,75.4629,11.7261,93.685,6.48293,0.337096,265.8,0.53001
sarp-30-15-A-8,,,,,,,,,,,,,,,,,,,30.0,15.0,12.0,160.299,86.083,179.768,8.0,7157.44,66.614,Feasible,66.614,75.4629,11.7261,93.685,6.48293,0.337096,265.8,0.53001
sarp-30-15-A-8,,,,,,,,,,,,,,,,,,,30.0,15.0,12.0,160.299,86.083,179.768,8.0,7157.44,66.614,Feasible,66.614,75.4629,11.7261,93.685,6.48293,0.337096,265.8,0.53001
sarp-30-15-A-8,,,,,,,,,,,,,,,,,,,30.0,15.0,12.0,160.299,86.083,179.768,8.0,7157.44,66.614,Feasible,66.614,75.4629,11.7261,93.685,6.48293,0.337096,265.8,0.53001
sarp-30-15-A-8,,,,,,,,,,,,,,,,,,,30.0,15.0,12.0,160.299,86.083,179.768,8.0,7157.44,66.614,Feasible,66.614,75.4629,11.7261,93.685,6.48293,0.337096,265.8,0.53001
sarp-30-15-A-8,,,,,,,,,,,,,,,,,,,30.0,15.0,12.0,160.299,86.083,179.768,8.0,7157.44,66.614,Feasible,66.614,75.4629,11.7261,93.685,6.48293,0.337096,265.8,0.53001
sarp-30-15-A-8,,,,,,,,,,,,,,,,,,,30.0,15.0,12.0,160.299,86.083,179.768,8.0,7157.44,66.614,Feasible,66.614,75.4629,11.7261,93.685,6.48293,0.337096,265.8,0.53001
sarp-30-15-A-8,,,,,,,,,,,,,,,,,,,30.0,15.0,12.0,160.299,86.083,179.768,8.0,7157.44,66.614,Feasible,66.614,75.4629,11.7261,93.685,6.48293,0.337096,265.8,0.53001
sarp-30-15-A-8,,,,,,,,,,,,,,,,,,,30.0,15.0,12.0,160.299,86.083,179.768,8.0,7157.44,66.614,Feasible,66.614,75.4629,11.7261,93.685,6.48293,0.337096,265.8,0.53001
sarp-30-15-A-8,,,,,,,,,,,,,,,,,,,30.0,15.0,12.0,160.299,86.083,179.768,8.0,7157.44,66.614,Feasible,66.614,75.4629,11.7261,93.685,6.48293,0.337096,265.8,0.53001
sarp-30-15-A-8,,,,,,,,,,,,,,,,,,,30.0,15.0,12.0,160.299,86.083,179.768,8.0,7157.44,66.614,Feasible,66.614,75.4629,11.7261,93.685,6.48293,0.337096,265.8,0.53001
sarp-30-15-A-8,,,,,,,,,,,,,,,,,,,30.0,15.0,12.0,160.299,86.083,179.768,8.0,7157.44,66.614,Feasible,66.614,75.4629,11.7261,93.685,6.48293,0.337096,265.8,0.53001
sarp-30-15-A-8,,,,,,,,,,,,,,,,,,,30.0,15.0,12.0,160.299,86.083,179.768,8.0,7157.44,66.614,Feasible,66.614,75.4629,11.7261,93.685,6.48293,0.337096,265.8,0.53001
sarp-30-15-A-8,,,,,,,,,,,,,,,,,,,30.0,15.0,12.0,160.299,86.083,179.768,8.0,7157.44,66.614,Feasible,66.614,75.4629,11.7261,93.685,6.48293,0.337096,265.8,0.53001
sarp-30-15-A-8,,,,,,,,,,,,,,,,,,,30.0,15.0,12.0,160.299,86.083,179.768,8.0,7157.44,66.614,Feasible,66.614,75.4629,11.7261,93.685,6.48293,0.337096,265.8,0.53001
sarp-30-15-A-8,,,,,,,,,,,,,,,,,,,30.0,15.0,12.0,160.299,86.083,179.768,8.0,7157.44,66.614,Feasible,66.614,75.4629,11.7261,93.685,6.48293,0.337096,265.8,0.53001
sarp-30-15-A-8,,,,,,,,,,,,,,,,,,,30.0,15.0,12.0,160.299,86.083,179.768,8.0,7157.44,66.614,Feasible,66.614,75.4629,11.7261,93.685,6.48293,0.337096,265.8,0.53001
sarp-30-15-A-8,,,,,,,,,,,,,,,,,,,30.0,15.0,12.0,160.299,86.083,179.768,8.0,7157.44,66.614,Feasible,66.614,75.4629,11.7261,93.685,6.48293,0.337096,265.8,0.53001
sarp-30-15-A-8,,,,,,,,,,,,,,,,,,,30.0,15.0,12.0,160.299,86.083,179.768,8.0,7157.44,66.614,Feasible,66.614,75.4629,11.7261,93.685,6.48293,0.337096,265.8,0.53001
sarp-30-15-A-8,,,,,,,,,,,,,,,,,,,30.0,15.0,12.0,160.299,86.083,179.768,8.0,7157.44,66.614,Feasible,66.614,75.4629,11.7261,93.685,6.48293,0.337096,265.8,0.53001
sarp-30-15-A-8,,,,,,,,,,,,,,,,,,,30.0,15.0,12.0,160.299,86.083,179.768,8.0,7157.44,66.614,Feasible,66.614,75.4629,11.7261,93.685,6.48293,0.337096,265.8,0.53001
sarp-30-15-A-8,,,,,,,,,,,,,,,,,,,30.0,15.0,12.0,160.299,86.083,179.768,8.0,7157.44,66.614,Feasible,66.614,75.4629,11.7261,93.685,6.48293,0.337096,265.8,0.53001
sarp-30-15-A-8,,,,,,,,,,,,,,,,,,,30.0,15.0,12.0,160.299,86.083,179.768,8.0,7157.44,66.614,Feasible,66.614,75.4629,11.7261,93.685,6.48293,0.337096,265.8,0.53001
sarp-30-15-A-8,,,,,,,,,,,,,,,,,,,30.0,15.0,12.0,160.299,86.083,179.768,8.0,7157.44,66.614,Feasible,66.614,75.4629,11.7261,93.685,6.48293,0.337096,265.8,0.53001
sarp-30-15-A-8,,,,,,,,,,,,,,,,,,,30.0,15.0,12.0,160.299,86.083,179.768,8.0,7157.44,66.614,Feasible,66.614,75.4629,11.7261,93.685,6.48293,0.337096,265.8,0.53001
sarp-30-15-A-8,,,,,,,,,,,,,,,,,,,30.0,15.0,12.0,160.299,86.083,179.768,8.0,7157.44,66.614,Feasible,66.614,75.4629,11.7261,93.685,6.48293,0.337096,265.8,0.53001
sarp-30-15-A-8,,,,,,,,,,,,,,,,,,,30.0,15.0,12.0,160.299,86.083,179.768,8.0,7157.44,66.614,Feasible,66.614,75.4629,11.7261,93.685,6.48293,0.337096,265.8,0.53001
sarp-30-15-A-8,,,,,,,,,,,,,,,,,,,30.0,15.0,12.0,160.299,86.083,179.768,8.0,7157.44,66.614,Feasible,66.614,75.4629,11.7261,93.685,6.48293,0.337096,265.8,0.53001
sarp-30-15-B-7,,,,,,,,,,,,,,,,,,,30.0,15.0,12.0,177.741,127.085,191.636,8.0,4131.45,113.19,Optimal,113.19,113.201,0.00990595,64.551,4.93902,0.239673,202.5,0.362968
sarp-30-15-B-7,,,,,,,,,,,,,,,,,,,30.0,15.0,12.0,177.741,127.085,191.636,8.0,4131.45,113.19,Optimal,113.19,113.201,0.00990595,64.551,4.93902,0.239673,202.5,0.362968
sarp-30-15-B-7,,,,,,,,,,,,,,,,,,,30.0,15.0,12.0,177.741,127.085,191.636,8.0,4131.45,113.19,Optimal,113.19,113.201,0.00990595,64.551,4.93902,0.239673,202.5,0.362968
sarp-30-15-B-7,,,,,,,,,,,,,,,,,,,30.0,15.0,12.0,177.741,127.085,191.636,8.0,4131.45,113.19,Optimal,113.19,113.201,0.00990595,64.551,4.93902,0.239673,202.5,0.362968
sarp-30-15-B-7,,,,,,,,,,,,,,,,,,,30.0,15.0,12.0,177.741,127.085,191.636,8.0,4131.45,113.19,Optimal,113.19,113.201,0.00990595,64.551,4.93902,0.239673,202.5,0.362968
sarp-30-15-B-7,,,,,,,,,,,,,,,,,,,30.0,15.0,12.0,177.741,127.085,191.636,8.0,4131.45,113.19,Optimal,113.19,113.201,0.00990595,64.551,4.93902,0.239673,202.5,0.362968
sarp-30-15-B-7,,,,,,,,,,,,,,,,,,,30.0,15.0,12.0,177.741,127.085,191.636,8.0,4131.45,113.19,Optimal,113.19,113.201,0.00990595,64.551,4.93902,0.239673,202.5,0.362968
sarp-30-15-B-7,,,,,,,,,,,,,,,,,,,30.0,15.0,12.0,177.741,127.085,191.636,8.0,4131.45,113.19,Optimal,113.19,113.201,0.00990595,64.551,4.93902,0.239673,202.5,0.362968
sarp-30-15-B-7,,,,,,,,,,,,,,,,,,,30.0,15.0,12.0,177.741,127.085,191.636,8.0,4131.45,113.19,Optimal,113.19,113.201,0.00990595,64.551,4.93902,0.239673,202.5,0.362968
sarp-30-15-B-7,,,,,,,,,,,,,,,,,,,30.0,15.0,12.0,177.741,127.085,191.636,8.0,4131.45,113.19,Optimal,113.19,113.201,0.00990595,64.551,4.93902,0.239673,202.5,0.362968
sarp-30-15-B-7,,,,,,,,,,,,,,,,,,,30.0,15.0,12.0,177.741,127.085,191.636,8.0,4131.45,113.19,Optimal,113.19,113.201,0.00990595,64.551,4.93902,0.239673,202.5,0.362968
sarp-30-15-B-7,,,,,,,,,,,,,,,,,,,30.0,15.0,12.0,177.741,127.085,191.636,8.0,4131.45,113.19,Optimal,113.19,113.201,0.00990595,64.551,4.93902,0.239673,202.5,0.362968
sarp-30-15-B-7,,,,,,,,,,,,,,,,,,,30.0,15.0,12.0,177.741,127.085,191.636,8.0,4131.45,113.19,Optimal,113.19,113.201,0.00990595,64.551,4.93902,0.239673,202.5,0.362968
sarp-30-15-B-7,,,,,,,,,,,,,,,,,,,30.0,15.0,12.0,177.741,127.085,191.636,8.0,4131.45,113.19,Optimal,113.19,113.201,0.00990595,64.551,4.93902,0.239673,202.5,0.362968
sarp-30-15-B-7,,,,,,,,,,,,,,,,,,,30.0,15.0,12.0,177.741,127.085,191.636,8.0,4131.45,113.19,Optimal,113.19,113.201,0.00990595,64.551,4.93902,0.239673,202.5,0.362968
sarp-30-15-B-7,,,,,,,,,,,,,,,,,,,30.0,15.0,12.0,177.741,127.085,191.636,8.0,4131.45,113.19,Optimal,113.19,113.201,0.00990595,64.551,4.93902,0.239673,202.5,0.362968
sarp-30-15-B-7,,,,,,,,,,,,,,,,,,,30.0,15.0,12.0,177.741,127.085,191.636,8.0,4131.45,113.19,Optimal,113.19,113.201,0.00990595,64.551,4.93902,0.239673,202.5,0.362968
sarp-30-15-B-7,,,,,,,,,,,,,,,,,,,30.0,15.0,12.0,177.741,127.085,191.636,8.0,4131.45,113.19,Optimal,113.19,113.201,0.00990595,64.551,4.93902,0.239673,202.5,0.362968
sarp-30-15-B-7,,,,,,,,,,,,,,,,,,,30.0,15.0,12.0,177.741,127.085,191.636,8.0,4131.45,113.19,Optimal,113.19,113.201,0.00990595,64.551,4.93902,0.239673,202.5,0.362968
sarp-30-15-B-7,,,,,,,,,,,,,,,,,,,30.0,15.0,12.0,177.741,127.085,191.636,8.0,4131.45,113.19,Optimal,113.19,113.201,0.00990595,64.551,4.93902,0.239673,202.5,0.362968
sarp-30-15-B-7,,,,,,,,,,,,,,,,,,,30.0,15.0,12.0,177.741,127.085,191.636,8.0,4131.45,113.19,Optimal,113.19,113.201,0.00990595,64.551,4.93902,0.239673,202.5,0.362968
sarp-30-15-B-7,,,,,,,,,,,,,,,,,,,30.0,15.0,12.0,177.741,127.085,191.636,8.0,4131.45,113.19,Optimal,113.19,113.201,0.00990595,64.551,4.93902,0.239673,202.5,0.362968
sarp-30-15-B-7,,,,,,,,,,,,,,,,,,,30.0,15.0,12.0,177.741,127.085,191.636,8.0,4131.45,113.19,Optimal,113.19,113.201,0.00990595,64.551,4.93902,0.239673,202.5,0.362968
sarp-30-15-B-7,,,,,,,,,,,,,,,,,,,30.0,15.0,12.0,177.741,127.085,191.636,8.0,4131.45,113.19,Optimal,113.19,113.201,0.00990595,64.551,4.93902,0.239673,202.5,0.362968
sarp-30-15-B-7,,,,,,,,,,,,,,,,,,,30.0,15.0,12.0,177.741,127.085,191.636,8.0,4131.45,113.19,Optimal,113.19,113.201,0.00990595,64.551,4.93902,0.239673,202.5,0.362968
sarp-30-15-B-7,,,,,,,,,,,,,,,,,,,30.0,15.0,12.0,177.741,127.085,191.636,8.0,4131.45,113.19,Optimal,113.19,113.201,0.00990595,64.551,4.93902,0.239673,202.5,0.362968
sarp-30-15-B-7,,,,,,,,,,,,,,,,,,,30.0,15.0,12.0,177.741,127.085,191.636,8.0,4131.45,113.19,Optimal,113.19,113.201,0.00990595,64.551,4.93902,0.239673,202.5,0.362968
sarp-30-15-B-7,,,,,,,,,,,,,,,,,,,30.0,15.0,12.0,177.741,127.085,191.636,8.0,4131.45,113.19,Optimal,113.19,113.201,0.00990595,64.551,4.93902,0.239673,202.5,0.362968
sarp-30-15-B-8,,,,,,,,,,,,,,,,,,,30.0,15.0,14.0,194.1,148.169,216.43,9.0,7189.07,125.839,Feasible,125.839,154.813,18.7153,68.261,5.95366,0.259359,244.1,0.381109
sarp-30-15-B-8,,,,,,,,,,,,,,,,,,,30.0,15.0,14.0,194.1,148.169,216.43,9.0,7189.07,125.839,Feasible,125.839,154.813,18.7153,68.261,5.95366,0.259359,244.1,0.381109
sarp-30-15-B-8,,,,,,,,,,,,,,,,,,,30.0,15.0,14.0,194.1,148.169,216.43,9.0,7189.07,125.839,Feasible,125.839,154.813,18.7153,68.261,5.95366,0.259359,244.1,0.381109
sarp-30-15-B-8,,,,,,,,,,,,,,,,,,,30.0,15.0,14.0,194.1,148.169,216.43,9.0,7189.07,125.839,Feasible,125.839,154.813,18.7153,68.261,5.95366,0.259359,244.1,0.381109
sarp-30-15-B-8,,,,,,,,,,,,,,,,,,,30.0,15.0,14.0,194.1,148.169,216.43,9.0,7189.07,125.839,Feasible,125.839,154.813,18.7153,68.261,5.95366,0.259359,244.1,0.381109
sarp-30-15-B-8,,,,,,,,,,,,,,,,,,,30.0,15.0,14.0,194.1,148.169,216.43,9.0,7189.07,125.839,Feasible,125.839,154.813,18.7153,68.261,5.95366,0.259359,244.1,0.381109
sarp-30-15-B-8,,,,,,,,,,,,,,,,,,,30.0,15.0,14.0,194.1,148.169,216.43,9.0,7189.07,125.839,Feasible,125.839,154.813,18.7153,68.261,5.95366,0.259359,244.1,0.381109
sarp-30-15-B-8,,,,,,,,,,,,,,,,,,,30.0,15.0,14.0,194.1,148.169,216.43,9.0,7189.07,125.839,Feasible,125.839,154.813,18.7153,68.261,5.95366,0.259359,244.1,0.381109
sarp-30-15-B-8,,,,,,,,,,,,,,,,,,,30.0,15.0,14.0,194.1,148.169,216.43,9.0,7189.07,125.839,Feasible,125.839,154.813,18.7153,68.261,5.95366,0.259359,244.1,0.381109
sarp-30-15-B-8,,,,,,,,,,,,,,,,,,,30.0,15.0,14.0,194.1,148.169,216.43,9.0,7189.07,125.839,Feasible,125.839,154.813,18.7153,68.261,5.95366,0.259359,244.1,0.381109
sarp-30-15-B-8,,,,,,,,,,,,,,,,,,,30.0,15.0,14.0,194.1,148.169,216.43,9.0,7189.07,125.839,Feasible,125.839,154.813,18.7153,68.261,5.95366,0.259359,244.1,0.381109
sarp-30-15-B-8,,,,,,,,,,,,,,,,,,,30.0,15.0,14.0,194.1,148.169,216.43,9.0,7189.07,125.839,Feasible,125.839,154.813,18.7153,68.261,5.95366,0.259359,244.1,0.381109
sarp-30-15-B-8,,,,,,,,,,,,,,,,,,,30.0,15.0,14.0,194.1,148.169,216.43,9.0,7189.07,125.839,Feasible,125.839,154.813,18.7153,68.261,5.95366,0.259359,244.1,0.381109
sarp-30-15-B-8,,,,,,,,,,,,,,,,,,,30.0,15.0,14.0,194.1,148.169,216.43,9.0,7189.07,125.839,Feasible,125.839,154.813,18.7153,68.261,5.95366,0.259359,244.1,0.381109
sarp-30-15-B-8,,,,,,,,,,,,,,,,,,,30.0,15.0,14.0,194.1,148.169,216.43,9.0,7189.07,125.839,Feasible,125.839,154.813,18.7153,68.261,5.95366,0.259359,244.1,0.381109
sarp-30-15-B-8,,,,,,,,,,,,,,,,,,,30.0,15.0,14.0,194.1,148.169,216.43,9.0,7189.07,125.839,Feasible,125.839,154.813,18.7153,68.261,5.95366,0.259359,244.1,0.381109
sarp-30-15-B-8,,,,,,,,,,,,,,,,,,,30.0,15.0,14.0,194.1,148.169,216.43,9.0,7189.07,125.839,Feasible,125.839,154.813,18.7153,68.261,5.95366,0.259359,244.1,0.381109
sarp-30-15-B-8,,,,,,,,,,,,,,,,,,,30.0,15.0,14.0,194.1,148.169,216.43,9.0,7189.07,125.839,Feasible,125.839,154.813,18.7153,68.261,5.95366,0.259359,244.1,0.381109
sarp-30-15-B-8,,,,,,,,,,,,,,,,,,,30.0,15.0,14.0,194.1,148.169,216.43,9.0,7189.07,125.839,Feasible,125.839,154.813,18.7153,68.261,5.95366,0.259359,244.1,0.381109
sarp-30-15-B-8,,,,,,,,,,,,,,,,,,,30.0,15.0,14.0,194.1,148.169,216.43,9.0,7189.07,125.839,Feasible,125.839,154.813,18.7153,68.261,5.95366,0.259359,244.1,0.381109
sarp-30-15-B-8,,,,,,,,,,,,,,,,,,,30.0,15.0,14.0,194.1,148.169,216.43,9.0,7189.07,125.839,Feasible,125.839,154.813,18.7153,68.261,5.95366,0.259359,244.1,0.381109
sarp-30-15-B-8,,,,,,,,,,,,,,,,,,,30.0,15.0,14.0,194.1,148.169,216.43,9.0,7189.07,125.839,Feasible,125.839,154.813,18.7153,68.261,5.95366,0.259359,244.1,0.381109
sarp-30-15-B-8,,,,,,,,,,,,,,,,,,,30.0,15.0,14.0,194.1,148.169,216.43,9.0,7189.07,125.839,Feasible,125.839,154.813,18.7153,68.261,5.95366,0.259359,244.1,0.381109
sarp-30-15-B-8,,,,,,,,,,,,,,,,,,,30.0,15.0,14.0,194.1,148.169,216.43,9.0,7189.07,125.839,Feasible,125.839,154.813,18.7153,68.261,5.95366,0.259359,244.1,0.381109
sarp-30-15-B-8,,,,,,,,,,,,,,,,,,,30.0,15.0,14.0,194.1,148.169,216.43,9.0,7189.07,125.839,Feasible,125.839,154.813,18.7153,68.261,5.95366,0.259359,244.1,0.381109
sarp-30-15-B-8,,,,,,,,,,,,,,,,,,,30.0,15.0,14.0,194.1,148.169,216.43,9.0,7189.07,125.839,Feasible,125.839,154.813,18.7153,68.261,5.95366,0.259359,244.1,0.381109
sarp-30-15-B-8,,,,,,,,,,,,,,,,,,,30.0,15.0,14.0,194.1,148.169,216.43,9.0,7189.07,125.839,Feasible,125.839,154.813,18.7153,68.261,5.95366,0.259359,244.1,0.381109
sarp-30-15-B-8,,,,,,,,,,,,,,,,,,,30.0,15.0,14.0,194.1,148.169,216.43,9.0,7189.07,125.839,Feasible,125.839,154.813,18.7153,68.261,5.95366,0.259359,244.1,0.381109
sarp-30-15-C-7,,,,,,,,,,,,,,,,,,,30.0,15.0,15.0,511.191,396.257,362.342,10.0,7194.28,545.106,Feasible,545.106,681.592,20.0246,-33.915,6.93902,0.15619,284.5,0.187913
sarp-30-15-C-7,,,,,,,,,,,,,,,,,,,30.0,15.0,15.0,511.191,396.257,362.342,10.0,7194.28,545.106,Feasible,545.106,681.592,20.0246,-33.915,6.93902,0.15619,284.5,0.187913
sarp-30-15-C-7,,,,,,,,,,,,,,,,,,,30.0,15.0,15.0,511.191,396.257,362.342,10.0,7194.28,545.106,Feasible,545.106,681.592,20.0246,-33.915,6.93902,0.15619,284.5,0.187913
sarp-30-15-C-7,,,,,,,,,,,,,,,,,,,30.0,15.0,15.0,511.191,396.257,362.342,10.0,7194.28,545.106,Feasible,545.106,681.592,20.0246,-33.915,6.93902,0.15619,284.5,0.187913
sarp-30-15-C-7,,,,,,,,,,,,,,,,,,,30.0,15.0,15.0,511.191,396.257,362.342,10.0,7194.28,545.106,Feasible,545.106,681.592,20.0246,-33.915,6.93902,0.15619,284.5,0.187913
sarp-30-15-C-7,,,,,,,,,,,,,,,,,,,30.0,15.0,15.0,511.191,396.257,362.342,10.0,7194.28,545.106,Feasible,545.106,681.592,20.0246,-33.915,6.93902,0.15619,284.5,0.187913
sarp-30-15-C-7,,,,,,,,,,,,,,,,,,,30.0,15.0,15.0,511.191,396.257,362.342,10.0,7194.28,545.106,Feasible,545.106,681.592,20.0246,-33.915,6.93902,0.15619,284.5,0.187913
sarp-30-15-C-7,,,,,,,,,,,,,,,,,,,30.0,15.0,15.0,511.191,396.257,362.342,10.0,7194.28,545.106,Feasible,545.106,681.592,20.0246,-33.915,6.93902,0.15619,284.5,0.187913
sarp-30-15-C-7,,,,,,,,,,,,,,,,,,,30.0,15.0,15.0,511.191,396.257,362.342,10.0,7194.28,545.106,Feasible,545.106,681.592,20.0246,-33.915,6.93902,0.15619,284.5,0.187913
sarp-30-15-C-7,,,,,,,,,,,,,,,,,,,30.0,15.0,15.0,511.191,396.257,362.342,10.0,7194.28,545.106,Feasible,545.106,681.592,20.0246,-33.915,6.93902,0.15619,284.5,0.187913
sarp-30-15-C-7,,,,,,,,,,,,,,,,,,,30.0,15.0,15.0,511.191,396.257,362.342,10.0,7194.28,545.106,Feasible,545.106,681.592,20.0246,-33.915,6.93902,0.15619,284.5,0.187913
sarp-30-15-C-7,,,,,,,,,,,,,,,,,,,30.0,15.0,15.0,511.191,396.257,362.342,10.0,7194.28,545.106,Feasible,545.106,681.592,20.0246,-33.915,6.93902,0.15619,284.5,0.187913
sarp-30-15-C-7,,,,,,,,,,,,,,,,,,,30.0,15.0,15.0,511.191,396.257,362.342,10.0,7194.28,545.106,Feasible,545.106,681.592,20.0246,-33.915,6.93902,0.15619,284.5,0.187913
sarp-30-15-C-7,,,,,,,,,,,,,,,,,,,30.0,15.0,15.0,511.191,396.257,362.342,10.0,7194.28,545.106,Feasible,545.106,681.592,20.0246,-33.915,6.93902,0.15619,284.5,0.187913
sarp-30-15-C-7,,,,,,,,,,,,,,,,,,,30.0,15.0,15.0,511.191,396.257,362.342,10.0,7194.28,545.106,Feasible,545.106,681.592,20.0246,-33.915,6.93902,0.15619,284.5,0.187913
sarp-30-15-C-7,,,,,,,,,,,,,,,,,,,30.0,15.0,15.0,511.191,396.257,362.342,10.0,7194.28,545.106,Feasible,545.106,681.592,20.0246,-33.915,6.93902,0.15619,284.5,0.187913
sarp-30-15-C-7,,,,,,,,,,,,,,,,,,,30.0,15.0,15.0,511.191,396.257,362.342,10.0,7194.28,545.106,Feasible,545.106,681.592,20.0246,-33.915,6.93902,0.15619,284.5,0.187913
sarp-30-15-C-7,,,,,,,,,,,,,,,,,,,30.0,15.0,15.0,511.191,396.257,362.342,10.0,7194.28,545.106,Feasible,545.106,681.592,20.0246,-33.915,6.93902,0.15619,284.5,0.187913
sarp-30-15-C-7,,,,,,,,,,,,,,,,,,,30.0,15.0,15.0,511.191,396.257,362.342,10.0,7194.28,545.106,Feasible,545.106,681.592,20.0246,-33.915,6.93902,0.15619,284.5,0.187913
sarp-30-15-C-7,,,,,,,,,,,,,,,,,,,30.0,15.0,15.0,511.191,396.257,362.342,10.0,7194.28,545.106,Feasible,545.106,681.592,20.0246,-33.915,6.93902,0.15619,284.5,0.187913
sarp-30-15-C-7,,,,,,,,,,,,,,,,,,,30.0,15.0,15.0,511.191,396.257,362.342,10.0,7194.28,545.106,Feasible,545.106,681.592,20.0246,-33.915,6.93902,0.15619,284.5,0.187913
sarp-30-15-C-7,,,,,,,,,,,,,,,,,,,30.0,15.0,15.0,511.191,396.257,362.342,10.0,7194.28,545.106,Feasible,545.106,681.592,20.0246,-33.915,6.93902,0.15619,284.5,0.187913
sarp-30-15-C-7,,,,,,,,,,,,,,,,,,,30.0,15.0,15.0,511.191,396.257,362.342,10.0,7194.28,545.106,Feasible,545.106,681.592,20.0246,-33.915,6.93902,0.15619,284.5,0.187913
sarp-30-15-C-7,,,,,,,,,,,,,,,,,,,30.0,15.0,15.0,511.191,396.257,362.342,10.0,7194.28,545.106,Feasible,545.106,681.592,20.0246,-33.915,6.93902,0.15619,284.5,0.187913
sarp-30-15-C-7,,,,,,,,,,,,,,,,,,,30.0,15.0,15.0,511.191,396.257,362.342,10.0,7194.28,545.106,Feasible,545.106,681.592,20.0246,-33.915,6.93902,0.15619,284.5,0.187913
sarp-30-15-C-7,,,,,,,,,,,,,,,,,,,30.0,15.0,15.0,511.191,396.257,362.342,10.0,7194.28,545.106,Feasible,545.106,681.592,20.0246,-33.915,6.93902,0.15619,284.5,0.187913
sarp-30-15-C-7,,,,,,,,,,,,,,,,,,,30.0,15.0,15.0,511.191,396.257,362.342,10.0,7194.28,545.106,Feasible,545.106,681.592,20.0246,-33.915,6.93902,0.15619,284.5,0.187913
sarp-30-15-C-7,,,,,,,,,,,,,,,,,,,30.0,15.0,15.0,511.191,396.257,362.342,10.0,7194.28,545.106,Feasible,545.106,681.592,20.0246,-33.915,6.93902,0.15619,284.5,0.187913
sarp-30-15-C-8,,,,,,,,,,,,,,,,,,,30.0,15.0,14.0,540.603,342.057,339.894,8.0,7172.13,542.766,Feasible,542.766,659.871,17.7467,-2.163,7.88537,0.177885,323.3,0.213146
sarp-30-15-C-8,,,,,,,,,,,,,,,,,,,30.0,15.0,14.0,540.603,342.057,339.894,8.0,7172.13,542.766,Feasible,542.766,659.871,17.7467,-2.163,7.88537,0.177885,323.3,0.213146
sarp-30-15-C-8,,,,,,,,,,,,,,,,,,,30.0,15.0,14.0,540.603,342.057,339.894,8.0,7172.13,542.766,Feasible,542.766,659.871,17.7467,-2.163,7.88537,0.177885,323.3,0.213146
sarp-30-15-C-8,,,,,,,,,,,,,,,,,,,30.0,15.0,14.0,540.603,342.057,339.894,8.0,7172.13,542.766,Feasible,542.766,659.871,17.7467,-2.163,7.88537,0.177885,323.3,0.213146
sarp-30-15-C-8,,,,,,,,,,,,,,,,,,,30.0,15.0,14.0,540.603,342.057,339.894,8.0,7172.13,542.766,Feasible,542.766,659.871,17.7467,-2.163,7.88537,0.177885,323.3,0.213146
sarp-30-15-C-8,,,,,,,,,,,,,,,,,,,30.0,15.0,14.0,540.603,342.057,339.894,8.0,7172.13,542.766,Feasible,542.766,659.871,17.7467,-2.163,7.88537,0.177885,323.3,0.213146
sarp-30-15-C-8,,,,,,,,,,,,,,,,,,,30.0,15.0,14.0,540.603,342.057,339.894,8.0,7172.13,542.766,Feasible,542.766,659.871,17.7467,-2.163,7.88537,0.177885,323.3,0.213146
sarp-30-15-C-8,,,,,,,,,,,,,,,,,,,30.0,15.0,14.0,540.603,342.057,339.894,8.0,7172.13,542.766,Feasible,542.766,659.871,17.7467,-2.163,7.88537,0.177885,323.3,0.213146
sarp-30-15-C-8,,,,,,,,,,,,,,,,,,,30.0,15.0,14.0,540.603,342.057,339.894,8.0,7172.13,542.766,Feasible,542.766,659.871,17.7467,-2.163,7.88537,0.177885,323.3,0.213146
sarp-30-15-C-8,,,,,,,,,,,,,,,,,,,30.0,15.0,14.0,540.603,342.057,339.894,8.0,7172.13,542.766,Feasible,542.766,659.871,17.7467,-2.163,7.88537,0.177885,323.3,0.213146
sarp-30-15-C-8,,,,,,,,,,,,,,,,,,,30.0,15.0,14.0,540.603,342.057,339.894,8.0,7172.13,542.766,Feasible,542.766,659.871,17.7467,-2.163,7.88537,0.177885,323.3,0.213146
sarp-30-15-C-8,,,,,,,,,,,,,,,,,,,30.0,15.0,14.0,540.603,342.057,339.894,8.0,7172.13,542.766,Feasible,542.766,659.871,17.7467,-2.163,7.88537,0.177885,323.3,0.213146
sarp-30-15-C-8,,,,,,,,,,,,,,,,,,,30.0,15.0,14.0,540.603,342.057,339.894,8.0,7172.13,542.766,Feasible,542.766,659.871,17.7467,-2.163,7.88537,0.177885,323.3,0.213146
sarp-30-15-C-8,,,,,,,,,,,,,,,,,,,30.0,15.0,14.0,540.603,342.057,339.894,8.0,7172.13,542.766,Feasible,542.766,659.871,17.7467,-2.163,7.88537,0.177885,323.3,0.213146
sarp-30-15-C-8,,,,,,,,,,,,,,,,,,,30.0,15.0,14.0,540.603,342.057,339.894,8.0,7172.13,542.766,Feasible,542.766,659.871,17.7467,-2.163,7.88537,0.177885,323.3,0.213146
sarp-30-15-C-8,,,,,,,,,,,,,,,,,,,30.0,15.0,14.0,540.603,342.057,339.894,8.0,7172.13,542.766,Feasible,542.766,659.871,17.7467,-2.163,7.88537,0.177885,323.3,0.213146
sarp-30-15-C-8,,,,,,,,,,,,,,,,,,,30.0,15.0,14.0,540.603,342.057,339.894,8.0,7172.13,542.766,Feasible,542.766,659.871,17.7467,-2.163,7.88537,0.177885,323.3,0.213146
sarp-30-15-C-8,,,,,,,,,,,,,,,,,,,30.0,15.0,14.0,540.603,342.057,339.894,8.0,7172.13,542.766,Feasible,542.766,659.871,17.7467,-2.163,7.88537,0.177885,323.3,0.213146
sarp-30-15-C-8,,,,,,,,,,,,,,,,,,,30.0,15.0,14.0,540.603,342.057,339.894,8.0,7172.13,542.766,Feasible,542.766,659.871,17.7467,-2.163,7.88537,0.177885,323.3,0.213146
sarp-30-15-C-8,,,,,,,,,,,,,,,,,,,30.0,15.0,14.0,540.603,342.057,339.894,8.0,7172.13,542.766,Feasible,542.766,659.871,17.7467,-2.163,7.88537,0.177885,323.3,0.213146
sarp-30-15-C-8,,,,,,,,,,,,,,,,,,,30.0,15.0,14.0,540.603,342.057,339.894,8.0,7172.13,542.766,Feasible,542.766,659.871,17.7467,-2.163,7.88537,0.177885,323.3,0.213146
sarp-30-15-C-8,,,,,,,,,,,,,,,,,,,30.0,15.0,14.0,540.603,342.057,339.894,8.0,7172.13,542.766,Feasible,542.766,659.871,17.7467,-2.163,7.88537,0.177885,323.3,0.213146
sarp-30-15-C-8,,,,,,,,,,,,,,,,,,,30.0,15.0,14.0,540.603,342.057,339.894,8.0,7172.13,542.766,Feasible,542.766,659.871,17.7467,-2.163,7.88537,0.177885,323.3,0.213146
sarp-30-15-C-8,,,,,,,,,,,,,,,,,,,30.0,15.0,14.0,540.603,342.057,339.894,8.0,7172.13,542.766,Feasible,542.766,659.871,17.7467,-2.163,7.88537,0.177885,323.3,0.213146
sarp-30-15-C-8,,,,,,,,,,,,,,,,,,,30.0,15.0,14.0,540.603,342.057,339.894,8.0,7172.13,542.766,Feasible,542.766,659.871,17.7467,-2.163,7.88537,0.177885,323.3,0.213146
sarp-30-15-C-8,,,,,,,,,,,,,,,,,,,30.0,15.0,14.0,540.603,342.057,339.894,8.0,7172.13,542.766,Feasible,542.766,659.871,17.7467,-2.163,7.88537,0.177885,323.3,0.213146
sarp-30-15-C-8,,,,,,,,,,,,,,,,,,,30.0,15.0,14.0,540.603,342.057,339.894,8.0,7172.13,542.766,Feasible,542.766,659.871,17.7467,-2.163,7.88537,0.177885,323.3,0.213146
sarp-30-15-C-8,,,,,,,,,,,,,,,,,,,30.0,15.0,14.0,540.603,342.057,339.894,8.0,7172.13,542.766,Feasible,542.766,659.871,17.7467,-2.163,7.88537,0.177885,323.3,0.213146
sarp-40-20-A-7,,,,,,,,,,,,,,,,,,,40.0,20.0,14.0,210.54,85.421,231.242,10.0,7171.19,64.719,Feasible,64.719,85.7419,24.5188,145.821,8.11707,0.328302,332.8,0.516209
sarp-40-20-A-7,,,,,,,,,,,,,,,,,,,40.0,20.0,14.0,210.54,85.421,231.242,10.0,7171.19,64.719,Feasible,64.719,85.7419,24.5188,145.821,8.11707,0.328302,332.8,0.516209
sarp-40-20-A-7,,,,,,,,,,,,,,,,,,,40.0,20.0,14.0,210.54,85.421,231.242,10.0,7171.19,64.719,Feasible,64.719,85.7419,24.5188,145.821,8.11707,0.328302,332.8,0.516209
sarp-40-20-A-7,,,,,,,,,,,,,,,,,,,40.0,20.0,14.0,210.54,85.421,231.242,10.0,7171.19,64.719,Feasible,64.719,85.7419,24.5188,145.821,8.11707,0.328302,332.8,0.516209
sarp-40-20-A-7,,,,,,,,,,,,,,,,,,,40.0,20.0,14.0,210.54,85.421,231.242,10.0,7171.19,64.719,Feasible,64.719,85.7419,24.5188,145.821,8.11707,0.328302,332.8,0.516209
sarp-40-20-A-7,,,,,,,,,,,,,,,,,,,40.0,20.0,14.0,210.54,85.421,231.242,10.0,7171.19,64.719,Feasible,64.719,85.7419,24.5188,145.821,8.11707,0.328302,332.8,0.516209
sarp-40-20-A-7,,,,,,,,,,,,,,,,,,,40.0,20.0,14.0,210.54,85.421,231.242,10.0,7171.19,64.719,Feasible,64.719,85.7419,24.5188,145.821,8.11707,0.328302,332.8,0.516209
sarp-40-20-A-7,,,,,,,,,,,,,,,,,,,40.0,20.0,14.0,210.54,85.421,231.242,10.0,7171.19,64.719,Feasible,64.719,85.7419,24.5188,145.821,8.11707,0.328302,332.8,0.516209
sarp-40-20-A-7,,,,,,,,,,,,,,,,,,,40.0,20.0,14.0,210.54,85.421,231.242,10.0,7171.19,64.719,Feasible,64.719,85.7419,24.5188,145.821,8.11707,0.328302,332.8,0.516209
sarp-40-20-A-7,,,,,,,,,,,,,,,,,,,40.0,20.0,14.0,210.54,85.421,231.242,10.0,7171.19,64.719,Feasible,64.719,85.7419,24.5188,145.821,8.11707,0.328302,332.8,0.516209
sarp-40-20-A-7,,,,,,,,,,,,,,,,,,,40.0,20.0,14.0,210.54,85.421,231.242,10.0,7171.19,64.719,Feasible,64.719,85.7419,24.5188,145.821,8.11707,0.328302,332.8,0.516209
sarp-40-20-A-7,,,,,,,,,,,,,,,,,,,40.0,20.0,14.0,210.54,85.421,231.242,10.0,7171.19,64.719,Feasible,64.719,85.7419,24.5188,145.821,8.11707,0.328302,332.8,0.516209
sarp-40-20-A-7,,,,,,,,,,,,,,,,,,,40.0,20.0,14.0,210.54,85.421,231.242,10.0,7171.19,64.719,Feasible,64.719,85.7419,24.5188,145.821,8.11707,0.328302,332.8,0.516209
sarp-40-20-A-7,,,,,,,,,,,,,,,,,,,40.0,20.0,14.0,210.54,85.421,231.242,10.0,7171.19,64.719,Feasible,64.719,85.7419,24.5188,145.821,8.11707,0.328302,332.8,0.516209
sarp-40-20-A-7,,,,,,,,,,,,,,,,,,,40.0,20.0,14.0,210.54,85.421,231.242,10.0,7171.19,64.719,Feasible,64.719,85.7419,24.5188,145.821,8.11707,0.328302,332.8,0.516209
sarp-40-20-A-7,,,,,,,,,,,,,,,,,,,40.0,20.0,14.0,210.54,85.421,231.242,10.0,7171.19,64.719,Feasible,64.719,85.7419,24.5188,145.821,8.11707,0.328302,332.8,0.516209
sarp-40-20-A-7,,,,,,,,,,,,,,,,,,,40.0,20.0,14.0,210.54,85.421,231.242,10.0,7171.19,64.719,Feasible,64.719,85.7419,24.5188,145.821,8.11707,0.328302,332.8,0.516209
sarp-40-20-A-7,,,,,,,,,,,,,,,,,,,40.0,20.0,14.0,210.54,85.421,231.242,10.0,7171.19,64.719,Feasible,64.719,85.7419,24.5188,145.821,8.11707,0.328302,332.8,0.516209
sarp-40-20-A-7,,,,,,,,,,,,,,,,,,,40.0,20.0,14.0,210.54,85.421,231.242,10.0,7171.19,64.719,Feasible,64.719,85.7419,24.5188,145.821,8.11707,0.328302,332.8,0.516209
sarp-40-20-A-7,,,,,,,,,,,,,,,,,,,40.0,20.0,14.0,210.54,85.421,231.242,10.0,7171.19,64.719,Feasible,64.719,85.7419,24.5188,145.821,8.11707,0.328302,332.8,0.516209
sarp-40-20-A-7,,,,,,,,,,,,,,,,,,,40.0,20.0,14.0,210.54,85.421,231.242,10.0,7171.19,64.719,Feasible,64.719,85.7419,24.5188,145.821,8.11707,0.328302,332.8,0.516209
sarp-40-20-A-7,,,,,,,,,,,,,,,,,,,40.0,20.0,14.0,210.54,85.421,231.242,10.0,7171.19,64.719,Feasible,64.719,85.7419,24.5188,145.821,8.11707,0.328302,332.8,0.516209
sarp-40-20-A-7,,,,,,,,,,,,,,,,,,,40.0,20.0,14.0,210.54,85.421,231.242,10.0,7171.19,64.719,Feasible,64.719,85.7419,24.5188,145.821,8.11707,0.328302,332.8,0.516209
sarp-40-20-A-7,,,,,,,,,,,,,,,,,,,40.0,20.0,14.0,210.54,85.421,231.242,10.0,7171.19,64.719,Feasible,64.719,85.7419,24.5188,145.821,8.11707,0.328302,332.8,0.516209
sarp-40-20-A-7,,,,,,,,,,,,,,,,,,,40.0,20.0,14.0,210.54,85.421,231.242,10.0,7171.19,64.719,Feasible,64.719,85.7419,24.5188,145.821,8.11707,0.328302,332.8,0.516209
sarp-40-20-A-7,,,,,,,,,,,,,,,,,,,40.0,20.0,14.0,210.54,85.421,231.242,10.0,7171.19,64.719,Feasible,64.719,85.7419,24.5188,145.821,8.11707,0.328302,332.8,0.516209
sarp-40-20-A-7,,,,,,,,,,,,,,,,,,,40.0,20.0,14.0,210.54,85.421,231.242,10.0,7171.19,64.719,Feasible,64.719,85.7419,24.5188,145.821,8.11707,0.328302,332.8,0.516209
sarp-40-20-A-7,,,,,,,,,,,,,,,,,,,40.0,20.0,14.0,210.54,85.421,231.242,10.0,7171.19,64.719,Feasible,64.719,85.7419,24.5188,145.821,8.11707,0.328302,332.8,0.516209
sarp-40-20-A-8,,,,,,,,,,,,,,,,,,,40.0,20.0,15.0,192.528,104.263,214.084,10.0,7172.76,82.707,Feasible,82.707,106.265,22.1692,109.821,7.90244,0.340467,324.0,0.562695
sarp-40-20-A-8,,,,,,,,,,,,,,,,,,,40.0,20.0,15.0,192.528,104.263,214.084,10.0,7172.76,82.707,Feasible,82.707,106.265,22.1692,109.821,7.90244,0.340467,324.0,0.562695
sarp-40-20-A-8,,,,,,,,,,,,,,,,,,,40.0,20.0,15.0,192.528,104.263,214.084,10.0,7172.76,82.707,Feasible,82.707,106.265,22.1692,109.821,7.90244,0.340467,324.0,0.562695
sarp-40-20-A-8,,,,,,,,,,,,,,,,,,,40.0,20.0,15.0,192.528,104.263,214.084,10.0,7172.76,82.707,Feasible,82.707,106.265,22.1692,109.821,7.90244,0.340467,324.0,0.562695
sarp-40-20-A-8,,,,,,,,,,,,,,,,,,,40.0,20.0,15.0,192.528,104.263,214.084,10.0,7172.76,82.707,Feasible,82.707,106.265,22.1692,109.821,7.90244,0.340467,324.0,0.562695
sarp-40-20-A-8,,,,,,,,,,,,,,,,,,,40.0,20.0,15.0,192.528,104.263,214.084,10.0,7172.76,82.707,Feasible,82.707,106.265,22.1692,109.821,7.90244,0.340467,324.0,0.562695
sarp-40-20-A-8,,,,,,,,,,,,,,,,,,,40.0,20.0,15.0,192.528,104.263,214.084,10.0,7172.76,82.707,Feasible,82.707,106.265,22.1692,109.821,7.90244,0.340467,324.0,0.562695
sarp-40-20-A-8,,,,,,,,,,,,,,,,,,,40.0,20.0,15.0,192.528,104.263,214.084,10.0,7172.76,82.707,Feasible,82.707,106.265,22.1692,109.821,7.90244,0.340467,324.0,0.562695
sarp-40-20-A-8,,,,,,,,,,,,,,,,,,,40.0,20.0,15.0,192.528,104.263,214.084,10.0,7172.76,82.707,Feasible,82.707,106.265,22.1692,109.821,7.90244,0.340467,324.0,0.562695
sarp-40-20-A-8,,,,,,,,,,,,,,,,,,,40.0,20.0,15.0,192.528,104.263,214.084,10.0,7172.76,82.707,Feasible,82.707,106.265,22.1692,109.821,7.90244,0.340467,324.0,0.562695
sarp-40-20-A-8,,,,,,,,,,,,,,,,,,,40.0,20.0,15.0,192.528,104.263,214.084,10.0,7172.76,82.707,Feasible,82.707,106.265,22.1692,109.821,7.90244,0.340467,324.0,0.562695
sarp-40-20-A-8,,,,,,,,,,,,,,,,,,,40.0,20.0,15.0,192.528,104.263,214.084,10.0,7172.76,82.707,Feasible,82.707,106.265,22.1692,109.821,7.90244,0.340467,324.0,0.562695
sarp-40-20-A-8,,,,,,,,,,,,,,,,,,,40.0,20.0,15.0,192.528,104.263,214.084,10.0,7172.76,82.707,Feasible,82.707,106.265,22.1692,109.821,7.90244,0.340467,324.0,0.562695
sarp-40-20-A-8,,,,,,,,,,,,,,,,,,,40.0,20.0,15.0,192.528,104.263,214.084,10.0,7172.76,82.707,Feasible,82.707,106.265,22.1692,109.821,7.90244,0.340467,324.0,0.562695
sarp-40-20-A-8,,,,,,,,,,,,,,,,,,,40.0,20.0,15.0,192.528,104.263,214.084,10.0,7172.76,82.707,Feasible,82.707,106.265,22.1692,109.821,7.90244,0.340467,324.0,0.562695
sarp-40-20-A-8,,,,,,,,,,,,,,,,,,,40.0,20.0,15.0,192.528,104.263,214.084,10.0,7172.76,82.707,Feasible,82.707,106.265,22.1692,109.821,7.90244,0.340467,324.0,0.562695
sarp-40-20-A-8,,,,,,,,,,,,,,,,,,,40.0,20.0,15.0,192.528,104.263,214.084,10.0,7172.76,82.707,Feasible,82.707,106.265,22.1692,109.821,7.90244,0.340467,324.0,0.562695
sarp-40-20-A-8,,,,,,,,,,,,,,,,,,,40.0,20.0,15.0,192.528,104.263,214.084,10.0,7172.76,82.707,Feasible,82.707,106.265,22.1692,109.821,7.90244,0.340467,324.0,0.562695
sarp-40-20-A-8,,,,,,,,,,,,,,,,,,,40.0,20.0,15.0,192.528,104.263,214.084,10.0,7172.76,82.707,Feasible,82.707,106.265,22.1692,109.821,7.90244,0.340467,324.0,0.562695
sarp-40-20-A-8,,,,,,,,,,,,,,,,,,,40.0,20.0,15.0,192.528,104.263,214.084,10.0,7172.76,82.707,Feasible,82.707,106.265,22.1692,109.821,7.90244,0.340467,324.0,0.562695
sarp-40-20-A-8,,,,,,,,,,,,,,,,,,,40.0,20.0,15.0,192.528,104.263,214.084,10.0,7172.76,82.707,Feasible,82.707,106.265,22.1692,109.821,7.90244,0.340467,324.0,0.562695
sarp-40-20-A-8,,,,,,,,,,,,,,,,,,,40.0,20.0,15.0,192.528,104.263,214.084,10.0,7172.76,82.707,Feasible,82.707,106.265,22.1692,109.821,7.90244,0.340467,324.0,0.562695
sarp-40-20-A-8,,,,,,,,,,,,,,,,,,,40.0,20.0,15.0,192.528,104.263,214.084,10.0,7172.76,82.707,Feasible,82.707,106.265,22.1692,109.821,7.90244,0.340467,324.0,0.562695
sarp-40-20-A-8,,,,,,,,,,,,,,,,,,,40.0,20.0,15.0,192.528,104.263,214.084,10.0,7172.76,82.707,Feasible,82.707,106.265,22.1692,109.821,7.90244,0.340467,324.0,0.562695
sarp-40-20-A-8,,,,,,,,,,,,,,,,,,,40.0,20.0,15.0,192.528,104.263,214.084,10.0,7172.76,82.707,Feasible,82.707,106.265,22.1692,109.821,7.90244,0.340467,324.0,0.562695
sarp-40-20-A-8,,,,,,,,,,,,,,,,,,,40.0,20.0,15.0,192.528,104.263,214.084,10.0,7172.76,82.707,Feasible,82.707,106.265,22.1692,109.821,7.90244,0.340467,324.0,0.562695
sarp-40-20-A-8,,,,,,,,,,,,,,,,,,,40.0,20.0,15.0,192.528,104.263,214.084,10.0,7172.76,82.707,Feasible,82.707,106.265,22.1692,109.821,7.90244,0.340467,324.0,0.562695
sarp-40-20-A-8,,,,,,,,,,,,,,,,,,,40.0,20.0,15.0,192.528,104.263,214.084,10.0,7172.76,82.707,Feasible,82.707,106.265,22.1692,109.821,7.90244,0.340467,324.0,0.562695
sarp-40-20-B-7,,,,,,,,,,,,,,,,,,,40.0,20.0,12.0,228.552,104.094,200.146,12.0,7192.32,132.5,Feasible,132.5,167.038,20.6768,96.052,7.54634,0.320943,309.4,0.508296
sarp-40-20-B-7,,,,,,,,,,,,,,,,,,,40.0,20.0,12.0,228.552,104.094,200.146,12.0,7192.32,132.5,Feasible,132.5,167.038,20.6768,96.052,7.54634,0.320943,309.4,0.508296
sarp-40-20-B-7,,,,,,,,,,,,,,,,,,,40.0,20.0,12.0,228.552,104.094,200.146,12.0,7192.32,132.5,Feasible,132.5,167.038,20.6768,96.052,7.54634,0.320943,309.4,0.508296
sarp-40-20-B-7,,,,,,,,,,,,,,,,,,,40.0,20.0,12.0,228.552,104.094,200.146,12.0,7192.32,132.5,Feasible,132.5,167.038,20.6768,96.052,7.54634,0.320943,309.4,0.508296
sarp-40-20-B-7,,,,,,,,,,,,,,,,,,,40.0,20.0,12.0,228.552,104.094,200.146,12.0,7192.32,132.5,Feasible,132.5,167.038,20.6768,96.052,7.54634,0.320943,309.4,0.508296
sarp-40-20-B-7,,,,,,,,,,,,,,,,,,,40.0,20.0,12.0,228.552,104.094,200.146,12.0,7192.32,132.5,Feasible,132.5,167.038,20.6768,96.052,7.54634,0.320943,309.4,0.508296
sarp-40-20-B-7,,,,,,,,,,,,,,,,,,,40.0,20.0,12.0,228.552,104.094,200.146,12.0,7192.32,132.5,Feasible,132.5,167.038,20.6768,96.052,7.54634,0.320943,309.4,0.508296
sarp-40-20-B-7,,,,,,,,,,,,,,,,,,,40.0,20.0,12.0,228.552,104.094,200.146,12.0,7192.32,132.5,Feasible,132.5,167.038,20.6768,96.052,7.54634,0.320943,309.4,0.508296
sarp-40-20-B-7,,,,,,,,,,,,,,,,,,,40.0,20.0,12.0,228.552,104.094,200.146,12.0,7192.32,132.5,Feasible,132.5,167.038,20.6768,96.052,7.54634,0.320943,309.4,0.508296
sarp-40-20-B-7,,,,,,,,,,,,,,,,,,,40.0,20.0,12.0,228.552,104.094,200.146,12.0,7192.32,132.5,Feasible,132.5,167.038,20.6768,96.052,7.54634,0.320943,309.4,0.508296
sarp-40-20-B-7,,,,,,,,,,,,,,,,,,,40.0,20.0,12.0,228.552,104.094,200.146,12.0,7192.32,132.5,Feasible,132.5,167.038,20.6768,96.052,7.54634,0.320943,309.4,0.508296
sarp-40-20-B-7,,,,,,,,,,,,,,,,,,,40.0,20.0,12.0,228.552,104.094,200.146,12.0,7192.32,132.5,Feasible,132.5,167.038,20.6768,96.052,7.54634,0.320943,309.4,0.508296
sarp-40-20-B-7,,,,,,,,,,,,,,,,,,,40.0,20.0,12.0,228.552,104.094,200.146,12.0,7192.32,132.5,Feasible,132.5,167.038,20.6768,96.052,7.54634,0.320943,309.4,0.508296
sarp-40-20-B-7,,,,,,,,,,,,,,,,,,,40.0,20.0,12.0,228.552,104.094,200.146,12.0,7192.32,132.5,Feasible,132.5,167.038,20.6768,96.052,7.54634,0.320943,309.4,0.508296
sarp-40-20-B-7,,,,,,,,,,,,,,,,,,,40.0,20.0,12.0,228.552,104.094,200.146,12.0,7192.32,132.5,Feasible,132.5,167.038,20.6768,96.052,7.54634,0.320943,309.4,0.508296
sarp-40-20-B-7,,,,,,,,,,,,,,,,,,,40.0,20.0,12.0,228.552,104.094,200.146,12.0,7192.32,132.5,Feasible,132.5,167.038,20.6768,96.052,7.54634,0.320943,309.4,0.508296
sarp-40-20-B-7,,,,,,,,,,,,,,,,,,,40.0,20.0,12.0,228.552,104.094,200.146,12.0,7192.32,132.5,Feasible,132.5,167.038,20.6768,96.052,7.54634,0.320943,309.4,0.508296
sarp-40-20-B-7,,,,,,,,,,,,,,,,,,,40.0,20.0,12.0,228.552,104.094,200.146,12.0,7192.32,132.5,Feasible,132.5,167.038,20.6768,96.052,7.54634,0.320943,309.4,0.508296
sarp-40-20-B-7,,,,,,,,,,,,,,,,,,,40.0,20.0,12.0,228.552,104.094,200.146,12.0,7192.32,132.5,Feasible,132.5,167.038,20.6768,96.052,7.54634,0.320943,309.4,0.508296
sarp-40-20-B-7,,,,,,,,,,,,,,,,,,,40.0,20.0,12.0,228.552,104.094,200.146,12.0,7192.32,132.5,Feasible,132.5,167.038,20.6768,96.052,7.54634,0.320943,309.4,0.508296
sarp-40-20-B-7,,,,,,,,,,,,,,,,,,,40.0,20.0,12.0,228.552,104.094,200.146,12.0,7192.32,132.5,Feasible,132.5,167.038,20.6768,96.052,7.54634,0.320943,309.4,0.508296
sarp-40-20-B-7,,,,,,,,,,,,,,,,,,,40.0,20.0,12.0,228.552,104.094,200.146,12.0,7192.32,132.5,Feasible,132.5,167.038,20.6768,96.052,7.54634,0.320943,309.4,0.508296
sarp-40-20-B-7,,,,,,,,,,,,,,,,,,,40.0,20.0,12.0,228.552,104.094,200.146,12.0,7192.32,132.5,Feasible,132.5,167.038,20.6768,96.052,7.54634,0.320943,309.4,0.508296
sarp-40-20-B-7,,,,,,,,,,,,,,,,,,,40.0,20.0,12.0,228.552,104.094,200.146,12.0,7192.32,132.5,Feasible,132.5,167.038,20.6768,96.052,7.54634,0.320943,309.4,0.508296
sarp-40-20-B-7,,,,,,,,,,,,,,,,,,,40.0,20.0,12.0,228.552,104.094,200.146,12.0,7192.32,132.5,Feasible,132.5,167.038,20.6768,96.052,7.54634,0.320943,309.4,0.508296
sarp-40-20-B-7,,,,,,,,,,,,,,,,,,,40.0,20.0,12.0,228.552,104.094,200.146,12.0,7192.32,132.5,Feasible,132.5,167.038,20.6768,96.052,7.54634,0.320943,309.4,0.508296
sarp-40-20-B-7,,,,,,,,,,,,,,,,,,,40.0,20.0,12.0,228.552,104.094,200.146,12.0,7192.32,132.5,Feasible,132.5,167.038,20.6768,96.052,7.54634,0.320943,309.4,0.508296
sarp-40-20-B-7,,,,,,,,,,,,,,,,,,,40.0,20.0,12.0,228.552,104.094,200.146,12.0,7192.32,132.5,Feasible,132.5,167.038,20.6768,96.052,7.54634,0.320943,309.4,0.508296
sarp-40-20-B-8,,,,,,,,,,,,,,,,,,,40.0,20.0,16.0,234.594,176.557,315.376,10.0,7194.38,95.775,Feasible,95.775,203.102,52.8438,138.819,8.23171,0.269468,337.5,0.38802
sarp-40-20-B-8,,,,,,,,,,,,,,,,,,,40.0,20.0,16.0,234.594,176.557,315.376,10.0,7194.38,95.775,Feasible,95.775,203.102,52.8438,138.819,8.23171,0.269468,337.5,0.38802
sarp-40-20-B-8,,,,,,,,,,,,,,,,,,,40.0,20.0,16.0,234.594,176.557,315.376,10.0,7194.38,95.775,Feasible,95.775,203.102,52.8438,138.819,8.23171,0.269468,337.5,0.38802
sarp-40-20-B-8,,,,,,,,,,,,,,,,,,,40.0,20.0,16.0,234.594,176.557,315.376,10.0,7194.38,95.775,Feasible,95.775,203.102,52.8438,138.819,8.23171,0.269468,337.5,0.38802
sarp-40-20-B-8,,,,,,,,,,,,,,,,,,,40.0,20.0,16.0,234.594,176.557,315.376,10.0,7194.38,95.775,Feasible,95.775,203.102,52.8438,138.819,8.23171,0.269468,337.5,0.38802
sarp-40-20-B-8,,,,,,,,,,,,,,,,,,,40.0,20.0,16.0,234.594,176.557,315.376,10.0,7194.38,95.775,Feasible,95.775,203.102,52.8438,138.819,8.23171,0.269468,337.5,0.38802
sarp-40-20-B-8,,,,,,,,,,,,,,,,,,,40.0,20.0,16.0,234.594,176.557,315.376,10.0,7194.38,95.775,Feasible,95.775,203.102,52.8438,138.819,8.23171,0.269468,337.5,0.38802
sarp-40-20-B-8,,,,,,,,,,,,,,,,,,,40.0,20.0,16.0,234.594,176.557,315.376,10.0,7194.38,95.775,Feasible,95.775,203.102,52.8438,138.819,8.23171,0.269468,337.5,0.38802
sarp-40-20-B-8,,,,,,,,,,,,,,,,,,,40.0,20.0,16.0,234.594,176.557,315.376,10.0,7194.38,95.775,Feasible,95.775,203.102,52.8438,138.819,8.23171,0.269468,337.5,0.38802
sarp-40-20-B-8,,,,,,,,,,,,,,,,,,,40.0,20.0,16.0,234.594,176.557,315.376,10.0,7194.38,95.775,Feasible,95.775,203.102,52.8438,138.819,8.23171,0.269468,337.5,0.38802
sarp-40-20-B-8,,,,,,,,,,,,,,,,,,,40.0,20.0,16.0,234.594,176.557,315.376,10.0,7194.38,95.775,Feasible,95.775,203.102,52.8438,138.819,8.23171,0.269468,337.5,0.38802
sarp-40-20-B-8,,,,,,,,,,,,,,,,,,,40.0,20.0,16.0,234.594,176.557,315.376,10.0,7194.38,95.775,Feasible,95.775,203.102,52.8438,138.819,8.23171,0.269468,337.5,0.38802
sarp-40-20-B-8,,,,,,,,,,,,,,,,,,,40.0,20.0,16.0,234.594,176.557,315.376,10.0,7194.38,95.775,Feasible,95.775,203.102,52.8438,138.819,8.23171,0.269468,337.5,0.38802
sarp-40-20-B-8,,,,,,,,,,,,,,,,,,,40.0,20.0,16.0,234.594,176.557,315.376,10.0,7194.38,95.775,Feasible,95.775,203.102,52.8438,138.819,8.23171,0.269468,337.5,0.38802
sarp-40-20-B-8,,,,,,,,,,,,,,,,,,,40.0,20.0,16.0,234.594,176.557,315.376,10.0,7194.38,95.775,Feasible,95.775,203.102,52.8438,138.819,8.23171,0.269468,337.5,0.38802
sarp-40-20-B-8,,,,,,,,,,,,,,,,,,,40.0,20.0,16.0,234.594,176.557,315.376,10.0,7194.38,95.775,Feasible,95.775,203.102,52.8438,138.819,8.23171,0.269468,337.5,0.38802
sarp-40-20-B-8,,,,,,,,,,,,,,,,,,,40.0,20.0,16.0,234.594,176.557,315.376,10.0,7194.38,95.775,Feasible,95.775,203.102,52.8438,138.819,8.23171,0.269468,337.5,0.38802
sarp-40-20-B-8,,,,,,,,,,,,,,,,,,,40.0,20.0,16.0,234.594,176.557,315.376,10.0,7194.38,95.775,Feasible,95.775,203.102,52.8438,138.819,8.23171,0.269468,337.5,0.38802
sarp-40-20-B-8,,,,,,,,,,,,,,,,,,,40.0,20.0,16.0,234.594,176.557,315.376,10.0,7194.38,95.775,Feasible,95.775,203.102,52.8438,138.819,8.23171,0.269468,337.5,0.38802
sarp-40-20-B-8,,,,,,,,,,,,,,,,,,,40.0,20.0,16.0,234.594,176.557,315.376,10.0,7194.38,95.775,Feasible,95.775,203.102,52.8438,138.819,8.23171,0.269468,337.5,0.38802
sarp-40-20-B-8,,,,,,,,,,,,,,,,,,,40.0,20.0,16.0,234.594,176.557,315.376,10.0,7194.38,95.775,Feasible,95.775,203.102,52.8438,138.819,8.23171,0.269468,337.5,0.38802
sarp-40-20-B-8,,,,,,,,,,,,,,,,,,,40.0,20.0,16.0,234.594,176.557,315.376,10.0,7194.38,95.775,Feasible,95.775,203.102,52.8438,138.819,8.23171,0.269468,337.5,0.38802
sarp-40-20-B-8,,,,,,,,,,,,,,,,,,,40.0,20.0,16.0,234.594,176.557,315.376,10.0,7194.38,95.775,Feasible,95.775,203.102,52.8438,138.819,8.23171,0.269468,337.5,0.38802
sarp-40-20-B-8,,,,,,,,,,,,,,,,,,,40.0,20.0,16.0,234.594,176.557,315.376,10.0,7194.38,95.775,Feasible,95.775,203.102,52.8438,138.819,8.23171,0.269468,337.5,0.38802
sarp-40-20-B-8,,,,,,,,,,,,,,,,,,,40.0,20.0,16.0,234.594,176.557,315.376,10.0,7194.38,95.775,Feasible,95.775,203.102,52.8438,138.819,8.23171,0.269468,337.5,0.38802
sarp-40-20-B-8,,,,,,,,,,,,,,,,,,,40.0,20.0,16.0,234.594,176.557,315.376,10.0,7194.38,95.775,Feasible,95.775,203.102,52.8438,138.819,8.23171,0.269468,337.5,0.38802
sarp-40-20-B-8,,,,,,,,,,,,,,,,,,,40.0,20.0,16.0,234.594,176.557,315.376,10.0,7194.38,95.775,Feasible,95.775,203.102,52.8438,138.819,8.23171,0.269468,337.5,0.38802
sarp-40-20-B-8,,,,,,,,,,,,,,,,,,,40.0,20.0,16.0,234.594,176.557,315.376,10.0,7194.38,95.775,Feasible,95.775,203.102,52.8438,138.819,8.23171,0.269468,337.5,0.38802
sarp-40-20-C-7,,,,,,,,,,,,,,,,,,,40.0,20.0,20.0,677.997,419.917,431.388,12.0,7182.9,666.526,Feasible,666.526,858.847,22.393,11.471,8.20732,0.145677,336.5,0.177115
sarp-40-20-C-7,,,,,,,,,,,,,,,,,,,40.0,20.0,20.0,677.997,419.917,431.388,12.0,7182.9,666.526,Feasible,666.526,858.847,22.393,11.471,8.20732,0.145677,336.5,0.177115
sarp-40-20-C-7,,,,,,,,,,,,,,,,,,,40.0,20.0,20.0,677.997,419.917,431.388,12.0,7182.9,666.526,Feasible,666.526,858.847,22.393,11.471,8.20732,0.145677,336.5,0.177115
sarp-40-20-C-7,,,,,,,,,,,,,,,,,,,40.0,20.0,20.0,677.997,419.917,431.388,12.0,7182.9,666.526,Feasible,666.526,858.847,22.393,11.471,8.20732,0.145677,336.5,0.177115
sarp-40-20-C-7,,,,,,,,,,,,,,,,,,,40.0,20.0,20.0,677.997,419.917,431.388,12.0,7182.9,666.526,Feasible,666.526,858.847,22.393,11.471,8.20732,0.145677,336.5,0.177115
sarp-40-20-C-7,,,,,,,,,,,,,,,,,,,40.0,20.0,20.0,677.997,419.917,431.388,12.0,7182.9,666.526,Feasible,666.526,858.847,22.393,11.471,8.20732,0.145677,336.5,0.177115
sarp-40-20-C-7,,,,,,,,,,,,,,,,,,,40.0,20.0,20.0,677.997,419.917,431.388,12.0,7182.9,666.526,Feasible,666.526,858.847,22.393,11.471,8.20732,0.145677,336.5,0.177115
sarp-40-20-C-7,,,,,,,,,,,,,,,,,,,40.0,20.0,20.0,677.997,419.917,431.388,12.0,7182.9,666.526,Feasible,666.526,858.847,22.393,11.471,8.20732,0.145677,336.5,0.177115
sarp-40-20-C-7,,,,,,,,,,,,,,,,,,,40.0,20.0,20.0,677.997,419.917,431.388,12.0,7182.9,666.526,Feasible,666.526,858.847,22.393,11.471,8.20732,0.145677,336.5,0.177115
sarp-40-20-C-7,,,,,,,,,,,,,,,,,,,40.0,20.0,20.0,677.997,419.917,431.388,12.0,7182.9,666.526,Feasible,666.526,858.847,22.393,11.471,8.20732,0.145677,336.5,0.177115
sarp-40-20-C-7,,,,,,,,,,,,,,,,,,,40.0,20.0,20.0,677.997,419.917,431.388,12.0,7182.9,666.526,Feasible,666.526,858.847,22.393,11.471,8.20732,0.145677,336.5,0.177115
sarp-40-20-C-7,,,,,,,,,,,,,,,,,,,40.0,20.0,20.0,677.997,419.917,431.388,12.0,7182.9,666.526,Feasible,666.526,858.847,22.393,11.471,8.20732,0.145677,336.5,0.177115
sarp-40-20-C-7,,,,,,,,,,,,,,,,,,,40.0,20.0,20.0,677.997,419.917,431.388,12.0,7182.9,666.526,Feasible,666.526,858.847,22.393,11.471,8.20732,0.145677,336.5,0.177115
sarp-40-20-C-7,,,,,,,,,,,,,,,,,,,40.0,20.0,20.0,677.997,419.917,431.388,12.0,7182.9,666.526,Feasible,666.526,858.847,22.393,11.471,8.20732,0.145677,336.5,0.177115
sarp-40-20-C-7,,,,,,,,,,,,,,,,,,,40.0,20.0,20.0,677.997,419.917,431.388,12.0,7182.9,666.526,Feasible,666.526,858.847,22.393,11.471,8.20732,0.145677,336.5,0.177115
sarp-40-20-C-7,,,,,,,,,,,,,,,,,,,40.0,20.0,20.0,677.997,419.917,431.388,12.0,7182.9,666.526,Feasible,666.526,858.847,22.393,11.471,8.20732,0.145677,336.5,0.177115
sarp-40-20-C-7,,,,,,,,,,,,,,,,,,,40.0,20.0,20.0,677.997,419.917,431.388,12.0,7182.9,666.526,Feasible,666.526,858.847,22.393,11.471,8.20732,0.145677,336.5,0.177115
sarp-40-20-C-7,,,,,,,,,,,,,,,,,,,40.0,20.0,20.0,677.997,419.917,431.388,12.0,7182.9,666.526,Feasible,666.526,858.847,22.393,11.471,8.20732,0.145677,336.5,0.177115
sarp-40-20-C-7,,,,,,,,,,,,,,,,,,,40.0,20.0,20.0,677.997,419.917,431.388,12.0,7182.9,666.526,Feasible,666.526,858.847,22.393,11.471,8.20732,0.145677,336.5,0.177115
sarp-40-20-C-7,,,,,,,,,,,,,,,,,,,40.0,20.0,20.0,677.997,419.917,431.388,12.0,7182.9,666.526,Feasible,666.526,858.847,22.393,11.471,8.20732,0.145677,336.5,0.177115
sarp-40-20-C-7,,,,,,,,,,,,,,,,,,,40.0,20.0,20.0,677.997,419.917,431.388,12.0,7182.9,666.526,Feasible,666.526,858.847,22.393,11.471,8.20732,0.145677,336.5,0.177115
sarp-40-20-C-7,,,,,,,,,,,,,,,,,,,40.0,20.0,20.0,677.997,419.917,431.388,12.0,7182.9,666.526,Feasible,666.526,858.847,22.393,11.471,8.20732,0.145677,336.5,0.177115
sarp-40-20-C-7,,,,,,,,,,,,,,,,,,,40.0,20.0,20.0,677.997,419.917,431.388,12.0,7182.9,666.526,Feasible,666.526,858.847,22.393,11.471,8.20732,0.145677,336.5,0.177115
sarp-40-20-C-7,,,,,,,,,,,,,,,,,,,40.0,20.0,20.0,677.997,419.917,431.388,12.0,7182.9,666.526,Feasible,666.526,858.847,22.393,11.471,8.20732,0.145677,336.5,0.177115
sarp-40-20-C-7,,,,,,,,,,,,,,,,,,,40.0,20.0,20.0,677.997,419.917,431.388,12.0,7182.9,666.526,Feasible,666.526,858.847,22.393,11.471,8.20732,0.145677,336.5,0.177115
sarp-40-20-C-7,,,,,,,,,,,,,,,,,,,40.0,20.0,20.0,677.997,419.917,431.388,12.0,7182.9,666.526,Feasible,666.526,858.847,22.393,11.471,8.20732,0.145677,336.5,0.177115
sarp-40-20-C-7,,,,,,,,,,,,,,,,,,,40.0,20.0,20.0,677.997,419.917,431.388,12.0,7182.9,666.526,Feasible,666.526,858.847,22.393,11.471,8.20732,0.145677,336.5,0.177115
sarp-40-20-C-7,,,,,,,,,,,,,,,,,,,40.0,20.0,20.0,677.997,419.917,431.388,12.0,7182.9,666.526,Feasible,666.526,858.847,22.393,11.471,8.20732,0.145677,336.5,0.177115
sarp-40-20-C-8,,,,,,,,,,,,,,,,,,,,,,,,,,,,,,,,,,,,
sarp-50-25-A-7,,,,,,,,,,,,,,,,,,,50.0,25.0,20.0,232.452,127.176,277.84,12.0,7174.42,81.788,Feasible,81.788,154.696,47.1298,150.664,11.7366,0.399027,481.2,0.661352
sarp-50-25-A-7,,,,,,,,,,,,,,,,,,,50.0,25.0,20.0,232.452,127.176,277.84,12.0,7174.42,81.788,Feasible,81.788,154.696,47.1298,150.664,11.7366,0.399027,481.2,0.661352
sarp-50-25-A-7,,,,,,,,,,,,,,,,,,,50.0,25.0,20.0,232.452,127.176,277.84,12.0,7174.42,81.788,Feasible,81.788,154.696,47.1298,150.664,11.7366,0.399027,481.2,0.661352
sarp-50-25-A-7,,,,,,,,,,,,,,,,,,,50.0,25.0,20.0,232.452,127.176,277.84,12.0,7174.42,81.788,Feasible,81.788,154.696,47.1298,150.664,11.7366,0.399027,481.2,0.661352
sarp-50-25-A-7,,,,,,,,,,,,,,,,,,,50.0,25.0,20.0,232.452,127.176,277.84,12.0,7174.42,81.788,Feasible,81.788,154.696,47.1298,150.664,11.7366,0.399027,481.2,0.661352
sarp-50-25-A-7,,,,,,,,,,,,,,,,,,,50.0,25.0,20.0,232.452,127.176,277.84,12.0,7174.42,81.788,Feasible,81.788,154.696,47.1298,150.664,11.7366,0.399027,481.2,0.661352
sarp-50-25-A-7,,,,,,,,,,,,,,,,,,,50.0,25.0,20.0,232.452,127.176,277.84,12.0,7174.42,81.788,Feasible,81.788,154.696,47.1298,150.664,11.7366,0.399027,481.2,0.661352
sarp-50-25-A-7,,,,,,,,,,,,,,,,,,,50.0,25.0,20.0,232.452,127.176,277.84,12.0,7174.42,81.788,Feasible,81.788,154.696,47.1298,150.664,11.7366,0.399027,481.2,0.661352
sarp-50-25-A-7,,,,,,,,,,,,,,,,,,,50.0,25.0,20.0,232.452,127.176,277.84,12.0,7174.42,81.788,Feasible,81.788,154.696,47.1298,150.664,11.7366,0.399027,481.2,0.661352
sarp-50-25-A-7,,,,,,,,,,,,,,,,,,,50.0,25.0,20.0,232.452,127.176,277.84,12.0,7174.42,81.788,Feasible,81.788,154.696,47.1298,150.664,11.7366,0.399027,481.2,0.661352
sarp-50-25-A-7,,,,,,,,,,,,,,,,,,,50.0,25.0,20.0,232.452,127.176,277.84,12.0,7174.42,81.788,Feasible,81.788,154.696,47.1298,150.664,11.7366,0.399027,481.2,0.661352
sarp-50-25-A-7,,,,,,,,,,,,,,,,,,,50.0,25.0,20.0,232.452,127.176,277.84,12.0,7174.42,81.788,Feasible,81.788,154.696,47.1298,150.664,11.7366,0.399027,481.2,0.661352
sarp-50-25-A-7,,,,,,,,,,,,,,,,,,,50.0,25.0,20.0,232.452,127.176,277.84,12.0,7174.42,81.788,Feasible,81.788,154.696,47.1298,150.664,11.7366,0.399027,481.2,0.661352
sarp-50-25-A-7,,,,,,,,,,,,,,,,,,,50.0,25.0,20.0,232.452,127.176,277.84,12.0,7174.42,81.788,Feasible,81.788,154.696,47.1298,150.664,11.7366,0.399027,481.2,0.661352
sarp-50-25-A-7,,,,,,,,,,,,,,,,,,,50.0,25.0,20.0,232.452,127.176,277.84,12.0,7174.42,81.788,Feasible,81.788,154.696,47.1298,150.664,11.7366,0.399027,481.2,0.661352
sarp-50-25-A-7,,,,,,,,,,,,,,,,,,,50.0,25.0,20.0,232.452,127.176,277.84,12.0,7174.42,81.788,Feasible,81.788,154.696,47.1298,150.664,11.7366,0.399027,481.2,0.661352
sarp-50-25-A-7,,,,,,,,,,,,,,,,,,,50.0,25.0,20.0,232.452,127.176,277.84,12.0,7174.42,81.788,Feasible,81.788,154.696,47.1298,150.664,11.7366,0.399027,481.2,0.661352
sarp-50-25-A-7,,,,,,,,,,,,,,,,,,,50.0,25.0,20.0,232.452,127.176,277.84,12.0,7174.42,81.788,Feasible,81.788,154.696,47.1298,150.664,11.7366,0.399027,481.2,0.661352
sarp-50-25-A-7,,,,,,,,,,,,,,,,,,,50.0,25.0,20.0,232.452,127.176,277.84,12.0,7174.42,81.788,Feasible,81.788,154.696,47.1298,150.664,11.7366,0.399027,481.2,0.661352
sarp-50-25-A-7,,,,,,,,,,,,,,,,,,,50.0,25.0,20.0,232.452,127.176,277.84,12.0,7174.42,81.788,Feasible,81.788,154.696,47.1298,150.664,11.7366,0.399027,481.2,0.661352
sarp-50-25-A-7,,,,,,,,,,,,,,,,,,,50.0,25.0,20.0,232.452,127.176,277.84,12.0,7174.42,81.788,Feasible,81.788,154.696,47.1298,150.664,11.7366,0.399027,481.2,0.661352
sarp-50-25-A-7,,,,,,,,,,,,,,,,,,,50.0,25.0,20.0,232.452,127.176,277.84,12.0,7174.42,81.788,Feasible,81.788,154.696,47.1298,150.664,11.7366,0.399027,481.2,0.661352
sarp-50-25-A-7,,,,,,,,,,,,,,,,,,,50.0,25.0,20.0,232.452,127.176,277.84,12.0,7174.42,81.788,Feasible,81.788,154.696,47.1298,150.664,11.7366,0.399027,481.2,0.661352
sarp-50-25-A-7,,,,,,,,,,,,,,,,,,,50.0,25.0,20.0,232.452,127.176,277.84,12.0,7174.42,81.788,Feasible,81.788,154.696,47.1298,150.664,11.7366,0.399027,481.2,0.661352
sarp-50-25-A-7,,,,,,,,,,,,,,,,,,,50.0,25.0,20.0,232.452,127.176,277.84,12.0,7174.42,81.788,Feasible,81.788,154.696,47.1298,150.664,11.7366,0.399027,481.2,0.661352
sarp-50-25-A-7,,,,,,,,,,,,,,,,,,,50.0,25.0,20.0,232.452,127.176,277.84,12.0,7174.42,81.788,Feasible,81.788,154.696,47.1298,150.664,11.7366,0.399027,481.2,0.661352
sarp-50-25-A-7,,,,,,,,,,,,,,,,,,,50.0,25.0,20.0,232.452,127.176,277.84,12.0,7174.42,81.788,Feasible,81.788,154.696,47.1298,150.664,11.7366,0.399027,481.2,0.661352
sarp-50-25-A-7,,,,,,,,,,,,,,,,,,,50.0,25.0,20.0,232.452,127.176,277.84,12.0,7174.42,81.788,Feasible,81.788,154.696,47.1298,150.664,11.7366,0.399027,481.2,0.661352
sarp-50-25-A-8,,,,,,,,,,,,,,,,,,,50.0,25.0,19.0,235.302,142.862,317.124,12.0,7190.87,61.04,Feasible,61.04,159.132,61.6419,174.262,11.3122,0.359674,463.8,0.566993
sarp-50-25-A-8,,,,,,,,,,,,,,,,,,,50.0,25.0,19.0,235.302,142.862,317.124,12.0,7190.87,61.04,Feasible,61.04,159.132,61.6419,174.262,11.3122,0.359674,463.8,0.566993
sarp-50-25-A-8,,,,,,,,,,,,,,,,,,,50.0,25.0,19.0,235.302,142.862,317.124,12.0,7190.87,61.04,Feasible,61.04,159.132,61.6419,174.262,11.3122,0.359674,463.8,0.566993
sarp-50-25-A-8,,,,,,,,,,,,,,,,,,,50.0,25.0,19.0,235.302,142.862,317.124,12.0,7190.87,61.04,Feasible,61.04,159.132,61.6419,174.262,11.3122,0.359674,463.8,0.566993
sarp-50-25-A-8,,,,,,,,,,,,,,,,,,,50.0,25.0,19.0,235.302,142.862,317.124,12.0,7190.87,61.04,Feasible,61.04,159.132,61.6419,174.262,11.3122,0.359674,463.8,0.566993
sarp-50-25-A-8,,,,,,,,,,,,,,,,,,,50.0,25.0,19.0,235.302,142.862,317.124,12.0,7190.87,61.04,Feasible,61.04,159.132,61.6419,174.262,11.3122,0.359674,463.8,0.566993
sarp-50-25-A-8,,,,,,,,,,,,,,,,,,,50.0,25.0,19.0,235.302,142.862,317.124,12.0,7190.87,61.04,Feasible,61.04,159.132,61.6419,174.262,11.3122,0.359674,463.8,0.566993
sarp-50-25-A-8,,,,,,,,,,,,,,,,,,,50.0,25.0,19.0,235.302,142.862,317.124,12.0,7190.87,61.04,Feasible,61.04,159.132,61.6419,174.262,11.3122,0.359674,463.8,0.566993
sarp-50-25-A-8,,,,,,,,,,,,,,,,,,,50.0,25.0,19.0,235.302,142.862,317.124,12.0,7190.87,61.04,Feasible,61.04,159.132,61.6419,174.262,11.3122,0.359674,463.8,0.566993
sarp-50-25-A-8,,,,,,,,,,,,,,,,,,,50.0,25.0,19.0,235.302,142.862,317.124,12.0,7190.87,61.04,Feasible,61.04,159.132,61.6419,174.262,11.3122,0.359674,463.8,0.566993
sarp-50-25-A-8,,,,,,,,,,,,,,,,,,,50.0,25.0,19.0,235.302,142.862,317.124,12.0,7190.87,61.04,Feasible,61.04,159.132,61.6419,174.262,11.3122,0.359674,463.8,0.566993
sarp-50-25-A-8,,,,,,,,,,,,,,,,,,,50.0,25.0,19.0,235.302,142.862,317.124,12.0,7190.87,61.04,Feasible,61.04,159.132,61.6419,174.262,11.3122,0.359674,463.8,0.566993
sarp-50-25-A-8,,,,,,,,,,,,,,,,,,,50.0,25.0,19.0,235.302,142.862,317.124,12.0,7190.87,61.04,Feasible,61.04,159.132,61.6419,174.262,11.3122,0.359674,463.8,0.566993
sarp-50-25-A-8,,,,,,,,,,,,,,,,,,,50.0,25.0,19.0,235.302,142.862,317.124,12.0,7190.87,61.04,Feasible,61.04,159.132,61.6419,174.262,11.3122,0.359674,463.8,0.566993
sarp-50-25-A-8,,,,,,,,,,,,,,,,,,,50.0,25.0,19.0,235.302,142.862,317.124,12.0,7190.87,61.04,Feasible,61.04,159.132,61.6419,174.262,11.3122,0.359674,463.8,0.566993
sarp-50-25-A-8,,,,,,,,,,,,,,,,,,,50.0,25.0,19.0,235.302,142.862,317.124,12.0,7190.87,61.04,Feasible,61.04,159.132,61.6419,174.262,11.3122,0.359674,463.8,0.566993
sarp-50-25-A-8,,,,,,,,,,,,,,,,,,,50.0,25.0,19.0,235.302,142.862,317.124,12.0,7190.87,61.04,Feasible,61.04,159.132,61.6419,174.262,11.3122,0.359674,463.8,0.566993
sarp-50-25-A-8,,,,,,,,,,,,,,,,,,,50.0,25.0,19.0,235.302,142.862,317.124,12.0,7190.87,61.04,Feasible,61.04,159.132,61.6419,174.262,11.3122,0.359674,463.8,0.566993
sarp-50-25-A-8,,,,,,,,,,,,,,,,,,,50.0,25.0,19.0,235.302,142.862,317.124,12.0,7190.87,61.04,Feasible,61.04,159.132,61.6419,174.262,11.3122,0.359674,463.8,0.566993
sarp-50-25-A-8,,,,,,,,,,,,,,,,,,,50.0,25.0,19.0,235.302,142.862,317.124,12.0,7190.87,61.04,Feasible,61.04,159.132,61.6419,174.262,11.3122,0.359674,463.8,0.566993
sarp-50-25-A-8,,,,,,,,,,,,,,,,,,,50.0,25.0,19.0,235.302,142.862,317.124,12.0,7190.87,61.04,Feasible,61.04,159.132,61.6419,174.262,11.3122,0.359674,463.8,0.566993
sarp-50-25-A-8,,,,,,,,,,,,,,,,,,,50.0,25.0,19.0,235.302,142.862,317.124,12.0,7190.87,61.04,Feasible,61.04,159.132,61.6419,174.262,11.3122,0.359674,463.8,0.566993
sarp-50-25-A-8,,,,,,,,,,,,,,,,,,,50.0,25.0,19.0,235.302,142.862,317.124,12.0,7190.87,61.04,Feasible,61.04,159.132,61.6419,174.262,11.3122,0.359674,463.8,0.566993
sarp-50-25-A-8,,,,,,,,,,,,,,,,,,,50.0,25.0,19.0,235.302,142.862,317.124,12.0,7190.87,61.04,Feasible,61.04,159.132,61.6419,174.262,11.3122,0.359674,463.8,0.566993
sarp-50-25-A-8,,,,,,,,,,,,,,,,,,,50.0,25.0,19.0,235.302,142.862,317.124,12.0,7190.87,61.04,Feasible,61.04,159.132,61.6419,174.262,11.3122,0.359674,463.8,0.566993
sarp-50-25-A-8,,,,,,,,,,,,,,,,,,,50.0,25.0,19.0,235.302,142.862,317.124,12.0,7190.87,61.04,Feasible,61.04,159.132,61.6419,174.262,11.3122,0.359674,463.8,0.566993
sarp-50-25-A-8,,,,,,,,,,,,,,,,,,,50.0,25.0,19.0,235.302,142.862,317.124,12.0,7190.87,61.04,Feasible,61.04,159.132,61.6419,174.262,11.3122,0.359674,463.8,0.566993
sarp-50-25-A-8,,,,,,,,,,,,,,,,,,,50.0,25.0,19.0,235.302,142.862,317.124,12.0,7190.87,61.04,Feasible,61.04,159.132,61.6419,174.262,11.3122,0.359674,463.8,0.566993
sarp-50-25-B-7,,,,,,,,,,,,,,,,,,,50.0,25.0,19.0,281.358,163.778,401.948,12.0,7193.63,43.188,Feasible,43.188,239.768,81.9876,238.17,13.5951,0.358526,557.4,0.514586
sarp-50-25-B-7,,,,,,,,,,,,,,,,,,,50.0,25.0,19.0,281.358,163.778,401.948,12.0,7193.63,43.188,Feasible,43.188,239.768,81.9876,238.17,13.5951,0.358526,557.4,0.514586
sarp-50-25-B-7,,,,,,,,,,,,,,,,,,,50.0,25.0,19.0,281.358,163.778,401.948,12.0,7193.63,43.188,Feasible,43.188,239.768,81.9876,238.17,13.5951,0.358526,557.4,0.514586
sarp-50-25-B-7,,,,,,,,,,,,,,,,,,,50.0,25.0,19.0,281.358,163.778,401.948,12.0,7193.63,43.188,Feasible,43.188,239.768,81.9876,238.17,13.5951,0.358526,557.4,0.514586
sarp-50-25-B-7,,,,,,,,,,,,,,,,,,,50.0,25.0,19.0,281.358,163.778,401.948,12.0,7193.63,43.188,Feasible,43.188,239.768,81.9876,238.17,13.5951,0.358526,557.4,0.514586
sarp-50-25-B-7,,,,,,,,,,,,,,,,,,,50.0,25.0,19.0,281.358,163.778,401.948,12.0,7193.63,43.188,Feasible,43.188,239.768,81.9876,238.17,13.5951,0.358526,557.4,0.514586
sarp-50-25-B-7,,,,,,,,,,,,,,,,,,,50.0,25.0,19.0,281.358,163.778,401.948,12.0,7193.63,43.188,Feasible,43.188,239.768,81.9876,238.17,13.5951,0.358526,557.4,0.514586
sarp-50-25-B-7,,,,,,,,,,,,,,,,,,,50.0,25.0,19.0,281.358,163.778,401.948,12.0,7193.63,43.188,Feasible,43.188,239.768,81.9876,238.17,13.5951,0.358526,557.4,0.514586
sarp-50-25-B-7,,,,,,,,,,,,,,,,,,,50.0,25.0,19.0,281.358,163.778,401.948,12.0,7193.63,43.188,Feasible,43.188,239.768,81.9876,238.17,13.5951,0.358526,557.4,0.514586
sarp-50-25-B-7,,,,,,,,,,,,,,,,,,,50.0,25.0,19.0,281.358,163.778,401.948,12.0,7193.63,43.188,Feasible,43.188,239.768,81.9876,238.17,13.5951,0.358526,557.4,0.514586
sarp-50-25-B-7,,,,,,,,,,,,,,,,,,,50.0,25.0,19.0,281.358,163.778,401.948,12.0,7193.63,43.188,Feasible,43.188,239.768,81.9876,238.17,13.5951,0.358526,557.4,0.514586
sarp-50-25-B-7,,,,,,,,,,,,,,,,,,,50.0,25.0,19.0,281.358,163.778,401.948,12.0,7193.63,43.188,Feasible,43.188,239.768,81.9876,238.17,13.5951,0.358526,557.4,0.514586
sarp-50-25-B-7,,,,,,,,,,,,,,,,,,,50.0,25.0,19.0,281.358,163.778,401.948,12.0,7193.63,43.188,Feasible,43.188,239.768,81.9876,238.17,13.5951,0.358526,557.4,0.514586
sarp-50-25-B-7,,,,,,,,,,,,,,,,,,,50.0,25.0,19.0,281.358,163.778,401.948,12.0,7193.63,43.188,Feasible,43.188,239.768,81.9876,238.17,13.5951,0.358526,557.4,0.514586
sarp-50-25-B-7,,,,,,,,,,,,,,,,,,,50.0,25.0,19.0,281.358,163.778,401.948,12.0,7193.63,43.188,Feasible,43.188,239.768,81.9876,238.17,13.5951,0.358526,557.4,0.514586
sarp-50-25-B-7,,,,,,,,,,,,,,,,,,,50.0,25.0,19.0,281.358,163.778,401.948,12.0,7193.63,43.188,Feasible,43.188,239.768,81.9876,238.17,13.5951,0.358526,557.4,0.514586
sarp-50-25-B-7,,,,,,,,,,,,,,,,,,,50.0,25.0,19.0,281.358,163.778,401.948,12.0,7193.63,43.188,Feasible,43.188,239.768,81.9876,238.17,13.5951,0.358526,557.4,0.514586
sarp-50-25-B-7,,,,,,,,,,,,,,,,,,,50.0,25.0,19.0,281.358,163.778,401.948,12.0,7193.63,43.188,Feasible,43.188,239.768,81.9876,238.17,13.5951,0.358526,557.4,0.514586
sarp-50-25-B-7,,,,,,,,,,,,,,,,,,,50.0,25.0,19.0,281.358,163.778,401.948,12.0,7193.63,43.188,Feasible,43.188,239.768,81.9876,238.17,13.5951,0.358526,557.4,0.514586
sarp-50-25-B-7,,,,,,,,,,,,,,,,,,,50.0,25.0,19.0,281.358,163.778,401.948,12.0,7193.63,43.188,Feasible,43.188,239.768,81.9876,238.17,13.5951,0.358526,557.4,0.514586
sarp-50-25-B-7,,,,,,,,,,,,,,,,,,,50.0,25.0,19.0,281.358,163.778,401.948,12.0,7193.63,43.188,Feasible,43.188,239.768,81.9876,238.17,13.5951,0.358526,557.4,0.514586
sarp-50-25-B-7,,,,,,,,,,,,,,,,,,,50.0,25.0,19.0,281.358,163.778,401.948,12.0,7193.63,43.188,Feasible,43.188,239.768,81.9876,238.17,13.5951,0.358526,557.4,0.514586
sarp-50-25-B-7,,,,,,,,,,,,,,,,,,,50.0,25.0,19.0,281.358,163.778,401.948,12.0,7193.63,43.188,Feasible,43.188,239.768,81.9876,238.17,13.5951,0.358526,557.4,0.514586
sarp-50-25-B-7,,,,,,,,,,,,,,,,,,,50.0,25.0,19.0,281.358,163.778,401.948,12.0,7193.63,43.188,Feasible,43.188,239.768,81.9876,238.17,13.5951,0.358526,557.4,0.514586
sarp-50-25-B-7,,,,,,,,,,,,,,,,,,,50.0,25.0,19.0,281.358,163.778,401.948,12.0,7193.63,43.188,Feasible,43.188,239.768,81.9876,238.17,13.5951,0.358526,557.4,0.514586
sarp-50-25-B-7,,,,,,,,,,,,,,,,,,,50.0,25.0,19.0,281.358,163.778,401.948,12.0,7193.63,43.188,Feasible,43.188,239.768,81.9876,238.17,13.5951,0.358526,557.4,0.514586
sarp-50-25-B-7,,,,,,,,,,,,,,,,,,,50.0,25.0,19.0,281.358,163.778,401.948,12.0,7193.63,43.188,Feasible,43.188,239.768,81.9876,238.17,13.5951,0.358526,557.4,0.514586
sarp-50-25-B-7,,,,,,,,,,,,,,,,,,,50.0,25.0,19.0,281.358,163.778,401.948,12.0,7193.63,43.188,Feasible,43.188,239.768,81.9876,238.17,13.5951,0.358526,557.4,0.514586
sarp-50-25-B-8,,,,,,,,,,,,,,,,,,,,,,,,,,,,,,,,,,,,
sarp-50-25-C-7,,,,,,,,,,,,,,,,,,,50.0,25.0,17.0,890.859,450.458,659.226,16.0,7193.84,682.091,Feasible,682.091,1293.52,47.2688,208.768,19.2268,0.248704,788.3,0.290693
sarp-50-25-C-7,,,,,,,,,,,,,,,,,,,50.0,25.0,17.0,890.859,450.458,659.226,16.0,7193.84,682.091,Feasible,682.091,1293.52,47.2688,208.768,19.2268,0.248704,788.3,0.290693
sarp-50-25-C-7,,,,,,,,,,,,,,,,,,,50.0,25.0,17.0,890.859,450.458,659.226,16.0,7193.84,682.091,Feasible,682.091,1293.52,47.2688,208.768,19.2268,0.248704,788.3,0.290693
sarp-50-25-C-7,,,,,,,,,,,,,,,,,,,50.0,25.0,17.0,890.859,450.458,659.226,16.0,7193.84,682.091,Feasible,682.091,1293.52,47.2688,208.768,19.2268,0.248704,788.3,0.290693
sarp-50-25-C-7,,,,,,,,,,,,,,,,,,,50.0,25.0,17.0,890.859,450.458,659.226,16.0,7193.84,682.091,Feasible,682.091,1293.52,47.2688,208.768,19.2268,0.248704,788.3,0.290693
sarp-50-25-C-7,,,,,,,,,,,,,,,,,,,50.0,25.0,17.0,890.859,450.458,659.226,16.0,7193.84,682.091,Feasible,682.091,1293.52,47.2688,208.768,19.2268,0.248704,788.3,0.290693
sarp-50-25-C-7,,,,,,,,,,,,,,,,,,,50.0,25.0,17.0,890.859,450.458,659.226,16.0,7193.84,682.091,Feasible,682.091,1293.52,47.2688,208.768,19.2268,0.248704,788.3,0.290693
sarp-50-25-C-7,,,,,,,,,,,,,,,,,,,50.0,25.0,17.0,890.859,450.458,659.226,16.0,7193.84,682.091,Feasible,682.091,1293.52,47.2688,208.768,19.2268,0.248704,788.3,0.290693
sarp-50-25-C-7,,,,,,,,,,,,,,,,,,,50.0,25.0,17.0,890.859,450.458,659.226,16.0,7193.84,682.091,Feasible,682.091,1293.52,47.2688,208.768,19.2268,0.248704,788.3,0.290693
sarp-50-25-C-7,,,,,,,,,,,,,,,,,,,50.0,25.0,17.0,890.859,450.458,659.226,16.0,7193.84,682.091,Feasible,682.091,1293.52,47.2688,208.768,19.2268,0.248704,788.3,0.290693
sarp-50-25-C-7,,,,,,,,,,,,,,,,,,,50.0,25.0,17.0,890.859,450.458,659.226,16.0,7193.84,682.091,Feasible,682.091,1293.52,47.2688,208.768,19.2268,0.248704,788.3,0.290693
sarp-50-25-C-7,,,,,,,,,,,,,,,,,,,50.0,25.0,17.0,890.859,450.458,659.226,16.0,7193.84,682.091,Feasible,682.091,1293.52,47.2688,208.768,19.2268,0.248704,788.3,0.290693
sarp-50-25-C-7,,,,,,,,,,,,,,,,,,,50.0,25.0,17.0,890.859,450.458,659.226,16.0,7193.84,682.091,Feasible,682.091,1293.52,47.2688,208.768,19.2268,0.248704,788.3,0.290693
sarp-50-25-C-7,,,,,,,,,,,,,,,,,,,50.0,25.0,17.0,890.859,450.458,659.226,16.0,7193.84,682.091,Feasible,682.091,1293.52,47.2688,208.768,19.2268,0.248704,788.3,0.290693
sarp-50-25-C-7,,,,,,,,,,,,,,,,,,,50.0,25.0,17.0,890.859,450.458,659.226,16.0,7193.84,682.091,Feasible,682.091,1293.52,47.2688,208.768,19.2268,0.248704,788.3,0.290693
sarp-50-25-C-7,,,,,,,,,,,,,,,,,,,50.0,25.0,17.0,890.859,450.458,659.226,16.0,7193.84,682.091,Feasible,682.091,1293.52,47.2688,208.768,19.2268,0.248704,788.3,0.290693
sarp-50-25-C-7,,,,,,,,,,,,,,,,,,,50.0,25.0,17.0,890.859,450.458,659.226,16.0,7193.84,682.091,Feasible,682.091,1293.52,47.2688,208.768,19.2268,0.248704,788.3,0.290693
sarp-50-25-C-7,,,,,,,,,,,,,,,,,,,50.0,25.0,17.0,890.859,450.458,659.226,16.0,7193.84,682.091,Feasible,682.091,1293.52,47.2688,208.768,19.2268,0.248704,788.3,0.290693
sarp-50-25-C-7,,,,,,,,,,,,,,,,,,,50.0,25.0,17.0,890.859,450.458,659.226,16.0,7193.84,682.091,Feasible,682.091,1293.52,47.2688,208.768,19.2268,0.248704,788.3,0.290693
sarp-50-25-C-7,,,,,,,,,,,,,,,,,,,50.0,25.0,17.0,890.859,450.458,659.226,16.0,7193.84,682.091,Feasible,682.091,1293.52,47.2688,208.768,19.2268,0.248704,788.3,0.290693
sarp-50-25-C-7,,,,,,,,,,,,,,,,,,,50.0,25.0,17.0,890.859,450.458,659.226,16.0,7193.84,682.091,Feasible,682.091,1293.52,47.2688,208.768,19.2268,0.248704,788.3,0.290693
sarp-50-25-C-7,,,,,,,,,,,,,,,,,,,50.0,25.0,17.0,890.859,450.458,659.226,16.0,7193.84,682.091,Feasible,682.091,1293.52,47.2688,208.768,19.2268,0.248704,788.3,0.290693
sarp-50-25-C-7,,,,,,,,,,,,,,,,,,,50.0,25.0,17.0,890.859,450.458,659.226,16.0,7193.84,682.091,Feasible,682.091,1293.52,47.2688,208.768,19.2268,0.248704,788.3,0.290693
sarp-50-25-C-7,,,,,,,,,,,,,,,,,,,50.0,25.0,17.0,890.859,450.458,659.226,16.0,7193.84,682.091,Feasible,682.091,1293.52,47.2688,208.768,19.2268,0.248704,788.3,0.290693
sarp-50-25-C-7,,,,,,,,,,,,,,,,,,,50.0,25.0,17.0,890.859,450.458,659.226,16.0,7193.84,682.091,Feasible,682.091,1293.52,47.2688,208.768,19.2268,0.248704,788.3,0.290693
sarp-50-25-C-7,,,,,,,,,,,,,,,,,,,50.0,25.0,17.0,890.859,450.458,659.226,16.0,7193.84,682.091,Feasible,682.091,1293.52,47.2688,208.768,19.2268,0.248704,788.3,0.290693
sarp-50-25-C-7,,,,,,,,,,,,,,,,,,,50.0,25.0,17.0,890.859,450.458,659.226,16.0,7193.84,682.091,Feasible,682.091,1293.52,47.2688,208.768,19.2268,0.248704,788.3,0.290693
sarp-50-25-C-7,,,,,,,,,,,,,,,,,,,50.0,25.0,17.0,890.859,450.458,659.226,16.0,7193.84,682.091,Feasible,682.091,1293.52,47.2688,208.768,19.2268,0.248704,788.3,0.290693
sarp-50-25-C-8,,,,,,,,,,,,,,,,,,,50.0,25.0,21.0,926.655,502.42,729.79,16.0,7189.2,699.285,Feasible,699.285,1230.04,43.1493,227.37,20.3024,0.243879,832.4,0.28429
sarp-50-25-C-8,,,,,,,,,,,,,,,,,,,50.0,25.0,21.0,926.655,502.42,729.79,16.0,7189.2,699.285,Feasible,699.285,1230.04,43.1493,227.37,20.3024,0.243879,832.4,0.28429
sarp-50-25-C-8,,,,,,,,,,,,,,,,,,,50.0,25.0,21.0,926.655,502.42,729.79,16.0,7189.2,699.285,Feasible,699.285,1230.04,43.1493,227.37,20.3024,0.243879,832.4,0.28429
sarp-50-25-C-8,,,,,,,,,,,,,,,,,,,50.0,25.0,21.0,926.655,502.42,729.79,16.0,7189.2,699.285,Feasible,699.285,1230.04,43.1493,227.37,20.3024,0.243879,832.4,0.28429
sarp-50-25-C-8,,,,,,,,,,,,,,,,,,,50.0,25.0,21.0,926.655,502.42,729.79,16.0,7189.2,699.285,Feasible,699.285,1230.04,43.1493,227.37,20.3024,0.243879,832.4,0.28429
sarp-50-25-C-8,,,,,,,,,,,,,,,,,,,50.0,25.0,21.0,926.655,502.42,729.79,16.0,7189.2,699.285,Feasible,699.285,1230.04,43.1493,227.37,20.3024,0.243879,832.4,0.28429
sarp-50-25-C-8,,,,,,,,,,,,,,,,,,,50.0,25.0,21.0,926.655,502.42,729.79,16.0,7189.2,699.285,Feasible,699.285,1230.04,43.1493,227.37,20.3024,0.243879,832.4,0.28429
sarp-50-25-C-8,,,,,,,,,,,,,,,,,,,50.0,25.0,21.0,926.655,502.42,729.79,16.0,7189.2,699.285,Feasible,699.285,1230.04,43.1493,227.37,20.3024,0.243879,832.4,0.28429
sarp-50-25-C-8,,,,,,,,,,,,,,,,,,,50.0,25.0,21.0,926.655,502.42,729.79,16.0,7189.2,699.285,Feasible,699.285,1230.04,43.1493,227.37,20.3024,0.243879,832.4,0.28429
sarp-50-25-C-8,,,,,,,,,,,,,,,,,,,50.0,25.0,21.0,926.655,502.42,729.79,16.0,7189.2,699.285,Feasible,699.285,1230.04,43.1493,227.37,20.3024,0.243879,832.4,0.28429
sarp-50-25-C-8,,,,,,,,,,,,,,,,,,,50.0,25.0,21.0,926.655,502.42,729.79,16.0,7189.2,699.285,Feasible,699.285,1230.04,43.1493,227.37,20.3024,0.243879,832.4,0.28429
sarp-50-25-C-8,,,,,,,,,,,,,,,,,,,50.0,25.0,21.0,926.655,502.42,729.79,16.0,7189.2,699.285,Feasible,699.285,1230.04,43.1493,227.37,20.3024,0.243879,832.4,0.28429
sarp-50-25-C-8,,,,,,,,,,,,,,,,,,,50.0,25.0,21.0,926.655,502.42,729.79,16.0,7189.2,699.285,Feasible,699.285,1230.04,43.1493,227.37,20.3024,0.243879,832.4,0.28429
sarp-50-25-C-8,,,,,,,,,,,,,,,,,,,50.0,25.0,21.0,926.655,502.42,729.79,16.0,7189.2,699.285,Feasible,699.285,1230.04,43.1493,227.37,20.3024,0.243879,832.4,0.28429
sarp-50-25-C-8,,,,,,,,,,,,,,,,,,,50.0,25.0,21.0,926.655,502.42,729.79,16.0,7189.2,699.285,Feasible,699.285,1230.04,43.1493,227.37,20.3024,0.243879,832.4,0.28429
sarp-50-25-C-8,,,,,,,,,,,,,,,,,,,50.0,25.0,21.0,926.655,502.42,729.79,16.0,7189.2,699.285,Feasible,699.285,1230.04,43.1493,227.37,20.3024,0.243879,832.4,0.28429
sarp-50-25-C-8,,,,,,,,,,,,,,,,,,,50.0,25.0,21.0,926.655,502.42,729.79,16.0,7189.2,699.285,Feasible,699.285,1230.04,43.1493,227.37,20.3024,0.243879,832.4,0.28429
sarp-50-25-C-8,,,,,,,,,,,,,,,,,,,50.0,25.0,21.0,926.655,502.42,729.79,16.0,7189.2,699.285,Feasible,699.285,1230.04,43.1493,227.37,20.3024,0.243879,832.4,0.28429
sarp-50-25-C-8,,,,,,,,,,,,,,,,,,,50.0,25.0,21.0,926.655,502.42,729.79,16.0,7189.2,699.285,Feasible,699.285,1230.04,43.1493,227.37,20.3024,0.243879,832.4,0.28429
sarp-50-25-C-8,,,,,,,,,,,,,,,,,,,50.0,25.0,21.0,926.655,502.42,729.79,16.0,7189.2,699.285,Feasible,699.285,1230.04,43.1493,227.37,20.3024,0.243879,832.4,0.28429
sarp-50-25-C-8,,,,,,,,,,,,,,,,,,,50.0,25.0,21.0,926.655,502.42,729.79,16.0,7189.2,699.285,Feasible,699.285,1230.04,43.1493,227.37,20.3024,0.243879,832.4,0.28429
sarp-50-25-C-8,,,,,,,,,,,,,,,,,,,50.0,25.0,21.0,926.655,502.42,729.79,16.0,7189.2,699.285,Feasible,699.285,1230.04,43.1493,227.37,20.3024,0.243879,832.4,0.28429
sarp-50-25-C-8,,,,,,,,,,,,,,,,,,,50.0,25.0,21.0,926.655,502.42,729.79,16.0,7189.2,699.285,Feasible,699.285,1230.04,43.1493,227.37,20.3024,0.243879,832.4,0.28429
sarp-50-25-C-8,,,,,,,,,,,,,,,,,,,50.0,25.0,21.0,926.655,502.42,729.79,16.0,7189.2,699.285,Feasible,699.285,1230.04,43.1493,227.37,20.3024,0.243879,832.4,0.28429
sarp-50-25-C-8,,,,,,,,,,,,,,,,,,,50.0,25.0,21.0,926.655,502.42,729.79,16.0,7189.2,699.285,Feasible,699.285,1230.04,43.1493,227.37,20.3024,0.243879,832.4,0.28429
sarp-50-25-C-8,,,,,,,,,,,,,,,,,,,50.0,25.0,21.0,926.655,502.42,729.79,16.0,7189.2,699.285,Feasible,699.285,1230.04,43.1493,227.37,20.3024,0.243879,832.4,0.28429
sarp-50-25-C-8,,,,,,,,,,,,,,,,,,,50.0,25.0,21.0,926.655,502.42,729.79,16.0,7189.2,699.285,Feasible,699.285,1230.04,43.1493,227.37,20.3024,0.243879,832.4,0.28429
sarp-50-25-C-8,,,,,,,,,,,,,,,,,,,50.0,25.0,21.0,926.655,502.42,729.79,16.0,7189.2,699.285,Feasible,699.285,1230.04,43.1493,227.37,20.3024,0.243879,832.4,0.28429
