Instance Name,n_x,m_x,served_x,prof Customer_x,prof Parcel_x,costs_x,K_x,Sol Time_x,Sol Val_x,sol Stat_x,LB_x,UB_x,GAP_x,vrps_x,e(h)_x,et(%)_x,e(km)_x,ed(%)_x,n_y,m_y,served_y,prof Customer_y,prof Parcel_y,costs_y,K_y,Sol Time_y,Sol Val_y,sol Stat_y,LB_y,UB_y,GAP_y,vrps_y,e(h)_y,et(%)_y,e(km)_y,ed(%)_y
sarp-16-8-A-9,,,,,,,,,,,,,,,,,,,16,8,3,100.062,33.701,94.208,6,0.27,39.555,Optimal,39.555,39.555,0.0,60.507,4.24634,0.415282,174.1,0.601589
sarp-16-8-A-9,,,,,,,,,,,,,,,,,,,16,8,3,100.062,33.701,94.208,6,0.27,39.555,Optimal,39.555,39.555,0.0,60.507,4.24634,0.415282,174.1,0.601589
sarp-16-8-A-9,,,,,,,,,,,,,,,,,,,16,8,3,100.062,33.701,94.208,6,0.27,39.555,Optimal,39.555,39.555,0.0,60.507,4.24634,0.415282,174.1,0.601589
sarp-16-8-A-9,,,,,,,,,,,,,,,,,,,16,8,3,100.062,33.701,94.208,6,0.27,39.555,Optimal,39.555,39.555,0.0,60.507,4.24634,0.415282,174.1,0.601589
sarp-16-8-A-9,,,,,,,,,,,,,,,,,,,16,8,3,100.062,33.701,94.208,6,0.27,39.555,Optimal,39.555,39.555,0.0,60.507,4.24634,0.415282,174.1,0.601589
sarp-16-8-A-9,,,,,,,,,,,,,,,,,,,16,8,3,100.062,33.701,94.208,6,0.27,39.555,Optimal,39.555,39.555,0.0,60.507,4.24634,0.415282,174.1,0.601589
sarp-16-8-A-9,,,,,,,,,,,,,,,,,,,16,8,3,100.062,33.701,94.208,6,0.27,39.555,Optimal,39.555,39.555,0.0,60.507,4.24634,0.415282,174.1,0.601589
sarp-16-8-A-9,,,,,,,,,,,,,,,,,,,16,8,3,100.062,33.701,94.208,6,0.27,39.555,Optimal,39.555,39.555,0.0,60.507,4.24634,0.415282,174.1,0.601589
sarp-16-8-A-9,,,,,,,,,,,,,,,,,,,16,8,3,100.062,33.701,94.208,6,0.27,39.555,Optimal,39.555,39.555,0.0,60.507,4.24634,0.415282,174.1,0.601589
sarp-16-8-A-9,,,,,,,,,,,,,,,,,,,16,8,3,100.062,33.701,94.208,6,0.27,39.555,Optimal,39.555,39.555,0.0,60.507,4.24634,0.415282,174.1,0.601589
sarp-16-8-A-9,,,,,,,,,,,,,,,,,,,16,8,3,100.062,33.701,94.208,6,0.27,39.555,Optimal,39.555,39.555,0.0,60.507,4.24634,0.415282,174.1,0.601589
sarp-16-8-A-9,,,,,,,,,,,,,,,,,,,16,8,3,100.062,33.701,94.208,6,0.27,39.555,Optimal,39.555,39.555,0.0,60.507,4.24634,0.415282,174.1,0.601589
sarp-16-8-A-9,,,,,,,,,,,,,,,,,,,16,8,3,100.062,33.701,94.208,6,0.27,39.555,Optimal,39.555,39.555,0.0,60.507,4.24634,0.415282,174.1,0.601589
sarp-16-8-A-9,,,,,,,,,,,,,,,,,,,16,8,3,100.062,33.701,94.208,6,0.27,39.555,Optimal,39.555,39.555,0.0,60.507,4.24634,0.415282,174.1,0.601589
sarp-16-8-A-9,,,,,,,,,,,,,,,,,,,16,8,3,100.062,33.701,94.208,6,0.27,39.555,Optimal,39.555,39.555,0.0,60.507,4.24634,0.415282,174.1,0.601589
sarp-16-8-A-9,,,,,,,,,,,,,,,,,,,16,8,3,100.062,33.701,94.208,6,0.27,39.555,Optimal,39.555,39.555,0.0,60.507,4.24634,0.415282,174.1,0.601589
sarp-16-8-A-9,,,,,,,,,,,,,,,,,,,16,8,3,100.062,33.701,94.208,6,0.27,39.555,Optimal,39.555,39.555,0.0,60.507,4.24634,0.415282,174.1,0.601589
sarp-16-8-A-9,,,,,,,,,,,,,,,,,,,16,8,3,100.062,33.701,94.208,6,0.27,39.555,Optimal,39.555,39.555,0.0,60.507,4.24634,0.415282,174.1,0.601589
sarp-16-8-A-9,,,,,,,,,,,,,,,,,,,16,8,3,100.062,33.701,94.208,6,0.27,39.555,Optimal,39.555,39.555,0.0,60.507,4.24634,0.415282,174.1,0.601589
sarp-16-8-A-9,,,,,,,,,,,,,,,,,,,16,8,3,100.062,33.701,94.208,6,0.27,39.555,Optimal,39.555,39.555,0.0,60.507,4.24634,0.415282,174.1,0.601589
sarp-16-8-A-9,,,,,,,,,,,,,,,,,,,16,8,3,100.062,33.701,94.208,6,0.27,39.555,Optimal,39.555,39.555,0.0,60.507,4.24634,0.415282,174.1,0.601589
sarp-16-8-A-9,,,,,,,,,,,,,,,,,,,16,8,3,100.062,33.701,94.208,6,0.27,39.555,Optimal,39.555,39.555,0.0,60.507,4.24634,0.415282,174.1,0.601589
sarp-16-8-A-9,,,,,,,,,,,,,,,,,,,16,8,3,100.062,33.701,94.208,6,0.27,39.555,Optimal,39.555,39.555,0.0,60.507,4.24634,0.415282,174.1,0.601589
sarp-16-8-A-9,,,,,,,,,,,,,,,,,,,16,8,3,100.062,33.701,94.208,6,0.27,39.555,Optimal,39.555,39.555,0.0,60.507,4.24634,0.415282,174.1,0.601589
sarp-16-8-A-9,,,,,,,,,,,,,,,,,,,16,8,3,100.062,33.701,94.208,6,0.27,39.555,Optimal,39.555,39.555,0.0,60.507,4.24634,0.415282,174.1,0.601589
sarp-16-8-A-9,,,,,,,,,,,,,,,,,,,16,8,3,100.062,33.701,94.208,6,0.27,39.555,Optimal,39.555,39.555,0.0,60.507,4.24634,0.415282,174.1,0.601589
sarp-16-8-A-9,,,,,,,,,,,,,,,,,,,16,8,3,100.062,33.701,94.208,6,0.27,39.555,Optimal,39.555,39.555,0.0,60.507,4.24634,0.415282,174.1,0.601589
sarp-16-8-A-9,,,,,,,,,,,,,,,,,,,16,8,3,100.062,33.701,94.208,6,0.27,39.555,Optimal,39.555,39.555,0.0,60.507,4.24634,0.415282,174.1,0.601589
sarp-16-8-A-10,,,,,,,,,,,,,,,,,,,16,8,5,101.259,65.824,115.138,6,0.65,51.945,Optimal,51.945,51.945,-4.10363e-14,49.314,4.37317,0.373153,179.3,0.532047
sarp-16-8-A-10,,,,,,,,,,,,,,,,,,,16,8,5,101.259,65.824,115.138,6,0.65,51.945,Optimal,51.945,51.945,-4.10363e-14,49.314,4.37317,0.373153,179.3,0.532047
sarp-16-8-A-10,,,,,,,,,,,,,,,,,,,16,8,5,101.259,65.824,115.138,6,0.65,51.945,Optimal,51.945,51.945,-4.10363e-14,49.314,4.37317,0.373153,179.3,0.532047
sarp-16-8-A-10,,,,,,,,,,,,,,,,,,,16,8,5,101.259,65.824,115.138,6,0.65,51.945,Optimal,51.945,51.945,-4.10363e-14,49.314,4.37317,0.373153,179.3,0.532047
sarp-16-8-A-10,,,,,,,,,,,,,,,,,,,16,8,5,101.259,65.824,115.138,6,0.65,51.945,Optimal,51.945,51.945,-4.10363e-14,49.314,4.37317,0.373153,179.3,0.532047
sarp-16-8-A-10,,,,,,,,,,,,,,,,,,,16,8,5,101.259,65.824,115.138,6,0.65,51.945,Optimal,51.945,51.945,-4.10363e-14,49.314,4.37317,0.373153,179.3,0.532047
sarp-16-8-A-10,,,,,,,,,,,,,,,,,,,16,8,5,101.259,65.824,115.138,6,0.65,51.945,Optimal,51.945,51.945,-4.10363e-14,49.314,4.37317,0.373153,179.3,0.532047
sarp-16-8-A-10,,,,,,,,,,,,,,,,,,,16,8,5,101.259,65.824,115.138,6,0.65,51.945,Optimal,51.945,51.945,-4.10363e-14,49.314,4.37317,0.373153,179.3,0.532047
sarp-16-8-A-10,,,,,,,,,,,,,,,,,,,16,8,5,101.259,65.824,115.138,6,0.65,51.945,Optimal,51.945,51.945,-4.10363e-14,49.314,4.37317,0.373153,179.3,0.532047
sarp-16-8-A-10,,,,,,,,,,,,,,,,,,,16,8,5,101.259,65.824,115.138,6,0.65,51.945,Optimal,51.945,51.945,-4.10363e-14,49.314,4.37317,0.373153,179.3,0.532047
sarp-16-8-A-10,,,,,,,,,,,,,,,,,,,16,8,5,101.259,65.824,115.138,6,0.65,51.945,Optimal,51.945,51.945,-4.10363e-14,49.314,4.37317,0.373153,179.3,0.532047
sarp-16-8-A-10,,,,,,,,,,,,,,,,,,,16,8,5,101.259,65.824,115.138,6,0.65,51.945,Optimal,51.945,51.945,-4.10363e-14,49.314,4.37317,0.373153,179.3,0.532047
sarp-16-8-A-10,,,,,,,,,,,,,,,,,,,16,8,5,101.259,65.824,115.138,6,0.65,51.945,Optimal,51.945,51.945,-4.10363e-14,49.314,4.37317,0.373153,179.3,0.532047
sarp-16-8-A-10,,,,,,,,,,,,,,,,,,,16,8,5,101.259,65.824,115.138,6,0.65,51.945,Optimal,51.945,51.945,-4.10363e-14,49.314,4.37317,0.373153,179.3,0.532047
sarp-16-8-A-10,,,,,,,,,,,,,,,,,,,16,8,5,101.259,65.824,115.138,6,0.65,51.945,Optimal,51.945,51.945,-4.10363e-14,49.314,4.37317,0.373153,179.3,0.532047
sarp-16-8-A-10,,,,,,,,,,,,,,,,,,,16,8,5,101.259,65.824,115.138,6,0.65,51.945,Optimal,51.945,51.945,-4.10363e-14,49.314,4.37317,0.373153,179.3,0.532047
sarp-16-8-A-10,,,,,,,,,,,,,,,,,,,16,8,5,101.259,65.824,115.138,6,0.65,51.945,Optimal,51.945,51.945,-4.10363e-14,49.314,4.37317,0.373153,179.3,0.532047
sarp-16-8-A-10,,,,,,,,,,,,,,,,,,,16,8,5,101.259,65.824,115.138,6,0.65,51.945,Optimal,51.945,51.945,-4.10363e-14,49.314,4.37317,0.373153,179.3,0.532047
sarp-16-8-A-10,,,,,,,,,,,,,,,,,,,16,8,5,101.259,65.824,115.138,6,0.65,51.945,Optimal,51.945,51.945,-4.10363e-14,49.314,4.37317,0.373153,179.3,0.532047
sarp-16-8-A-10,,,,,,,,,,,,,,,,,,,16,8,5,101.259,65.824,115.138,6,0.65,51.945,Optimal,51.945,51.945,-4.10363e-14,49.314,4.37317,0.373153,179.3,0.532047
sarp-16-8-A-10,,,,,,,,,,,,,,,,,,,16,8,5,101.259,65.824,115.138,6,0.65,51.945,Optimal,51.945,51.945,-4.10363e-14,49.314,4.37317,0.373153,179.3,0.532047
sarp-16-8-A-10,,,,,,,,,,,,,,,,,,,16,8,5,101.259,65.824,115.138,6,0.65,51.945,Optimal,51.945,51.945,-4.10363e-14,49.314,4.37317,0.373153,179.3,0.532047
sarp-16-8-A-10,,,,,,,,,,,,,,,,,,,16,8,5,101.259,65.824,115.138,6,0.65,51.945,Optimal,51.945,51.945,-4.10363e-14,49.314,4.37317,0.373153,179.3,0.532047
sarp-16-8-A-10,,,,,,,,,,,,,,,,,,,16,8,5,101.259,65.824,115.138,6,0.65,51.945,Optimal,51.945,51.945,-4.10363e-14,49.314,4.37317,0.373153,179.3,0.532047
sarp-16-8-A-10,,,,,,,,,,,,,,,,,,,16,8,5,101.259,65.824,115.138,6,0.65,51.945,Optimal,51.945,51.945,-4.10363e-14,49.314,4.37317,0.373153,179.3,0.532047
sarp-16-8-A-10,,,,,,,,,,,,,,,,,,,16,8,5,101.259,65.824,115.138,6,0.65,51.945,Optimal,51.945,51.945,-4.10363e-14,49.314,4.37317,0.373153,179.3,0.532047
sarp-16-8-A-10,,,,,,,,,,,,,,,,,,,16,8,5,101.259,65.824,115.138,6,0.65,51.945,Optimal,51.945,51.945,-4.10363e-14,49.314,4.37317,0.373153,179.3,0.532047
sarp-16-8-A-10,,,,,,,,,,,,,,,,,,,16,8,5,101.259,65.824,115.138,6,0.65,51.945,Optimal,51.945,51.945,-4.10363e-14,49.314,4.37317,0.373153,179.3,0.532047
sarp-16-8-B-9,,,,,,,,,,,,,,,,,,,16,8,6,116.706,77.113,128.754,6,0.67,65.065,Optimal,65.065,65.065,-2.1841e-14,51.641,4.81707,0.363029,197.5,0.501651
sarp-16-8-B-9,,,,,,,,,,,,,,,,,,,16,8,6,116.706,77.113,128.754,6,0.67,65.065,Optimal,65.065,65.065,-2.1841e-14,51.641,4.81707,0.363029,197.5,0.501651
sarp-16-8-B-9,,,,,,,,,,,,,,,,,,,16,8,6,116.706,77.113,128.754,6,0.67,65.065,Optimal,65.065,65.065,-2.1841e-14,51.641,4.81707,0.363029,197.5,0.501651
sarp-16-8-B-9,,,,,,,,,,,,,,,,,,,16,8,6,116.706,77.113,128.754,6,0.67,65.065,Optimal,65.065,65.065,-2.1841e-14,51.641,4.81707,0.363029,197.5,0.501651
sarp-16-8-B-9,,,,,,,,,,,,,,,,,,,16,8,6,116.706,77.113,128.754,6,0.67,65.065,Optimal,65.065,65.065,-2.1841e-14,51.641,4.81707,0.363029,197.5,0.501651
sarp-16-8-B-9,,,,,,,,,,,,,,,,,,,16,8,6,116.706,77.113,128.754,6,0.67,65.065,Optimal,65.065,65.065,-2.1841e-14,51.641,4.81707,0.363029,197.5,0.501651
sarp-16-8-B-9,,,,,,,,,,,,,,,,,,,16,8,6,116.706,77.113,128.754,6,0.67,65.065,Optimal,65.065,65.065,-2.1841e-14,51.641,4.81707,0.363029,197.5,0.501651
sarp-16-8-B-9,,,,,,,,,,,,,,,,,,,16,8,6,116.706,77.113,128.754,6,0.67,65.065,Optimal,65.065,65.065,-2.1841e-14,51.641,4.81707,0.363029,197.5,0.501651
sarp-16-8-B-9,,,,,,,,,,,,,,,,,,,16,8,6,116.706,77.113,128.754,6,0.67,65.065,Optimal,65.065,65.065,-2.1841e-14,51.641,4.81707,0.363029,197.5,0.501651
sarp-16-8-B-9,,,,,,,,,,,,,,,,,,,16,8,6,116.706,77.113,128.754,6,0.67,65.065,Optimal,65.065,65.065,-2.1841e-14,51.641,4.81707,0.363029,197.5,0.501651
sarp-16-8-B-9,,,,,,,,,,,,,,,,,,,16,8,6,116.706,77.113,128.754,6,0.67,65.065,Optimal,65.065,65.065,-2.1841e-14,51.641,4.81707,0.363029,197.5,0.501651
sarp-16-8-B-9,,,,,,,,,,,,,,,,,,,16,8,6,116.706,77.113,128.754,6,0.67,65.065,Optimal,65.065,65.065,-2.1841e-14,51.641,4.81707,0.363029,197.5,0.501651
sarp-16-8-B-9,,,,,,,,,,,,,,,,,,,16,8,6,116.706,77.113,128.754,6,0.67,65.065,Optimal,65.065,65.065,-2.1841e-14,51.641,4.81707,0.363029,197.5,0.501651
sarp-16-8-B-9,,,,,,,,,,,,,,,,,,,16,8,6,116.706,77.113,128.754,6,0.67,65.065,Optimal,65.065,65.065,-2.1841e-14,51.641,4.81707,0.363029,197.5,0.501651
sarp-16-8-B-9,,,,,,,,,,,,,,,,,,,16,8,6,116.706,77.113,128.754,6,0.67,65.065,Optimal,65.065,65.065,-2.1841e-14,51.641,4.81707,0.363029,197.5,0.501651
sarp-16-8-B-9,,,,,,,,,,,,,,,,,,,16,8,6,116.706,77.113,128.754,6,0.67,65.065,Optimal,65.065,65.065,-2.1841e-14,51.641,4.81707,0.363029,197.5,0.501651
sarp-16-8-B-9,,,,,,,,,,,,,,,,,,,16,8,6,116.706,77.113,128.754,6,0.67,65.065,Optimal,65.065,65.065,-2.1841e-14,51.641,4.81707,0.363029,197.5,0.501651
sarp-16-8-B-9,,,,,,,,,,,,,,,,,,,16,8,6,116.706,77.113,128.754,6,0.67,65.065,Optimal,65.065,65.065,-2.1841e-14,51.641,4.81707,0.363029,197.5,0.501651
sarp-16-8-B-9,,,,,,,,,,,,,,,,,,,16,8,6,116.706,77.113,128.754,6,0.67,65.065,Optimal,65.065,65.065,-2.1841e-14,51.641,4.81707,0.363029,197.5,0.501651
sarp-16-8-B-9,,,,,,,,,,,,,,,,,,,16,8,6,116.706,77.113,128.754,6,0.67,65.065,Optimal,65.065,65.065,-2.1841e-14,51.641,4.81707,0.363029,197.5,0.501651
sarp-16-8-B-9,,,,,,,,,,,,,,,,,,,16,8,6,116.706,77.113,128.754,6,0.67,65.065,Optimal,65.065,65.065,-2.1841e-14,51.641,4.81707,0.363029,197.5,0.501651
sarp-16-8-B-9,,,,,,,,,,,,,,,,,,,16,8,6,116.706,77.113,128.754,6,0.67,65.065,Optimal,65.065,65.065,-2.1841e-14,51.641,4.81707,0.363029,197.5,0.501651
sarp-16-8-B-9,,,,,,,,,,,,,,,,,,,16,8,6,116.706,77.113,128.754,6,0.67,65.065,Optimal,65.065,65.065,-2.1841e-14,51.641,4.81707,0.363029,197.5,0.501651
sarp-16-8-B-9,,,,,,,,,,,,,,,,,,,16,8,6,116.706,77.113,128.754,6,0.67,65.065,Optimal,65.065,65.065,-2.1841e-14,51.641,4.81707,0.363029,197.5,0.501651
sarp-16-8-B-9,,,,,,,,,,,,,,,,,,,16,8,6,116.706,77.113,128.754,6,0.67,65.065,Optimal,65.065,65.065,-2.1841e-14,51.641,4.81707,0.363029,197.5,0.501651
sarp-16-8-B-9,,,,,,,,,,,,,,,,,,,16,8,6,116.706,77.113,128.754,6,0.67,65.065,Optimal,65.065,65.065,-2.1841e-14,51.641,4.81707,0.363029,197.5,0.501651
sarp-16-8-B-9,,,,,,,,,,,,,,,,,,,16,8,6,116.706,77.113,128.754,6,0.67,65.065,Optimal,65.065,65.065,-2.1841e-14,51.641,4.81707,0.363029,197.5,0.501651
sarp-16-8-B-9,,,,,,,,,,,,,,,,,,,16,8,6,116.706,77.113,128.754,6,0.67,65.065,Optimal,65.065,65.065,-2.1841e-14,51.641,4.81707,0.363029,197.5,0.501651
sarp-16-8-B-10,,,,,,,,,,,,,,,,,,,16,8,7,131.412,84.418,130.594,6,0.15,85.236,Optimal,85.236,85.236,0.0,46.176,4.68537,0.330827,192.1,0.453601
sarp-16-8-B-10,,,,,,,,,,,,,,,,,,,16,8,7,131.412,84.418,130.594,6,0.15,85.236,Optimal,85.236,85.236,0.0,46.176,4.68537,0.330827,192.1,0.453601
sarp-16-8-B-10,,,,,,,,,,,,,,,,,,,16,8,7,131.412,84.418,130.594,6,0.15,85.236,Optimal,85.236,85.236,0.0,46.176,4.68537,0.330827,192.1,0.453601
sarp-16-8-B-10,,,,,,,,,,,,,,,,,,,16,8,7,131.412,84.418,130.594,6,0.15,85.236,Optimal,85.236,85.236,0.0,46.176,4.68537,0.330827,192.1,0.453601
sarp-16-8-B-10,,,,,,,,,,,,,,,,,,,16,8,7,131.412,84.418,130.594,6,0.15,85.236,Optimal,85.236,85.236,0.0,46.176,4.68537,0.330827,192.1,0.453601
sarp-16-8-B-10,,,,,,,,,,,,,,,,,,,16,8,7,131.412,84.418,130.594,6,0.15,85.236,Optimal,85.236,85.236,0.0,46.176,4.68537,0.330827,192.1,0.453601
sarp-16-8-B-10,,,,,,,,,,,,,,,,,,,16,8,7,131.412,84.418,130.594,6,0.15,85.236,Optimal,85.236,85.236,0.0,46.176,4.68537,0.330827,192.1,0.453601
sarp-16-8-B-10,,,,,,,,,,,,,,,,,,,16,8,7,131.412,84.418,130.594,6,0.15,85.236,Optimal,85.236,85.236,0.0,46.176,4.68537,0.330827,192.1,0.453601
sarp-16-8-B-10,,,,,,,,,,,,,,,,,,,16,8,7,131.412,84.418,130.594,6,0.15,85.236,Optimal,85.236,85.236,0.0,46.176,4.68537,0.330827,192.1,0.453601
sarp-16-8-B-10,,,,,,,,,,,,,,,,,,,16,8,7,131.412,84.418,130.594,6,0.15,85.236,Optimal,85.236,85.236,0.0,46.176,4.68537,0.330827,192.1,0.453601
sarp-16-8-B-10,,,,,,,,,,,,,,,,,,,16,8,7,131.412,84.418,130.594,6,0.15,85.236,Optimal,85.236,85.236,0.0,46.176,4.68537,0.330827,192.1,0.453601
sarp-16-8-B-10,,,,,,,,,,,,,,,,,,,16,8,7,131.412,84.418,130.594,6,0.15,85.236,Optimal,85.236,85.236,0.0,46.176,4.68537,0.330827,192.1,0.453601
sarp-16-8-B-10,,,,,,,,,,,,,,,,,,,16,8,7,131.412,84.418,130.594,6,0.15,85.236,Optimal,85.236,85.236,0.0,46.176,4.68537,0.330827,192.1,0.453601
sarp-16-8-B-10,,,,,,,,,,,,,,,,,,,16,8,7,131.412,84.418,130.594,6,0.15,85.236,Optimal,85.236,85.236,0.0,46.176,4.68537,0.330827,192.1,0.453601
sarp-16-8-B-10,,,,,,,,,,,,,,,,,,,16,8,7,131.412,84.418,130.594,6,0.15,85.236,Optimal,85.236,85.236,0.0,46.176,4.68537,0.330827,192.1,0.453601
sarp-16-8-B-10,,,,,,,,,,,,,,,,,,,16,8,7,131.412,84.418,130.594,6,0.15,85.236,Optimal,85.236,85.236,0.0,46.176,4.68537,0.330827,192.1,0.453601
sarp-16-8-B-10,,,,,,,,,,,,,,,,,,,16,8,7,131.412,84.418,130.594,6,0.15,85.236,Optimal,85.236,85.236,0.0,46.176,4.68537,0.330827,192.1,0.453601
sarp-16-8-B-10,,,,,,,,,,,,,,,,,,,16,8,7,131.412,84.418,130.594,6,0.15,85.236,Optimal,85.236,85.236,0.0,46.176,4.68537,0.330827,192.1,0.453601
sarp-16-8-B-10,,,,,,,,,,,,,,,,,,,16,8,7,131.412,84.418,130.594,6,0.15,85.236,Optimal,85.236,85.236,0.0,46.176,4.68537,0.330827,192.1,0.453601
sarp-16-8-B-10,,,,,,,,,,,,,,,,,,,16,8,7,131.412,84.418,130.594,6,0.15,85.236,Optimal,85.236,85.236,0.0,46.176,4.68537,0.330827,192.1,0.453601
sarp-16-8-B-10,,,,,,,,,,,,,,,,,,,16,8,7,131.412,84.418,130.594,6,0.15,85.236,Optimal,85.236,85.236,0.0,46.176,4.68537,0.330827,192.1,0.453601
sarp-16-8-B-10,,,,,,,,,,,,,,,,,,,16,8,7,131.412,84.418,130.594,6,0.15,85.236,Optimal,85.236,85.236,0.0,46.176,4.68537,0.330827,192.1,0.453601
sarp-16-8-B-10,,,,,,,,,,,,,,,,,,,16,8,7,131.412,84.418,130.594,6,0.15,85.236,Optimal,85.236,85.236,0.0,46.176,4.68537,0.330827,192.1,0.453601
sarp-16-8-B-10,,,,,,,,,,,,,,,,,,,16,8,7,131.412,84.418,130.594,6,0.15,85.236,Optimal,85.236,85.236,0.0,46.176,4.68537,0.330827,192.1,0.453601
sarp-16-8-B-10,,,,,,,,,,,,,,,,,,,16,8,7,131.412,84.418,130.594,6,0.15,85.236,Optimal,85.236,85.236,0.0,46.176,4.68537,0.330827,192.1,0.453601
sarp-16-8-B-10,,,,,,,,,,,,,,,,,,,16,8,7,131.412,84.418,130.594,6,0.15,85.236,Optimal,85.236,85.236,0.0,46.176,4.68537,0.330827,192.1,0.453601
sarp-16-8-B-10,,,,,,,,,,,,,,,,,,,16,8,7,131.412,84.418,130.594,6,0.15,85.236,Optimal,85.236,85.236,0.0,46.176,4.68537,0.330827,192.1,0.453601
sarp-16-8-B-10,,,,,,,,,,,,,,,,,,,16,8,7,131.412,84.418,130.594,6,0.15,85.236,Optimal,85.236,85.236,0.0,46.176,4.68537,0.330827,192.1,0.453601
sarp-16-8-C-9,,,,,,,,,,,,,,,,,,,16,8,6,304.122,169.907,193.246,6,6.57,280.783,Optimal,280.783,280.783,0.0,23.339,6.01463,0.243427,246.6,0.285847
sarp-16-8-C-9,,,,,,,,,,,,,,,,,,,16,8,6,304.122,169.907,193.246,6,6.57,280.783,Optimal,280.783,280.783,0.0,23.339,6.01463,0.243427,246.6,0.285847
sarp-16-8-C-9,,,,,,,,,,,,,,,,,,,16,8,6,304.122,169.907,193.246,6,6.57,280.783,Optimal,280.783,280.783,0.0,23.339,6.01463,0.243427,246.6,0.285847
sarp-16-8-C-9,,,,,,,,,,,,,,,,,,,16,8,6,304.122,169.907,193.246,6,6.57,280.783,Optimal,280.783,280.783,0.0,23.339,6.01463,0.243427,246.6,0.285847
sarp-16-8-C-9,,,,,,,,,,,,,,,,,,,16,8,6,304.122,169.907,193.246,6,6.57,280.783,Optimal,280.783,280.783,0.0,23.339,6.01463,0.243427,246.6,0.285847
sarp-16-8-C-9,,,,,,,,,,,,,,,,,,,16,8,6,304.122,169.907,193.246,6,6.57,280.783,Optimal,280.783,280.783,0.0,23.339,6.01463,0.243427,246.6,0.285847
sarp-16-8-C-9,,,,,,,,,,,,,,,,,,,16,8,6,304.122,169.907,193.246,6,6.57,280.783,Optimal,280.783,280.783,0.0,23.339,6.01463,0.243427,246.6,0.285847
sarp-16-8-C-9,,,,,,,,,,,,,,,,,,,16,8,6,304.122,169.907,193.246,6,6.57,280.783,Optimal,280.783,280.783,0.0,23.339,6.01463,0.243427,246.6,0.285847
sarp-16-8-C-9,,,,,,,,,,,,,,,,,,,16,8,6,304.122,169.907,193.246,6,6.57,280.783,Optimal,280.783,280.783,0.0,23.339,6.01463,0.243427,246.6,0.285847
sarp-16-8-C-9,,,,,,,,,,,,,,,,,,,16,8,6,304.122,169.907,193.246,6,6.57,280.783,Optimal,280.783,280.783,0.0,23.339,6.01463,0.243427,246.6,0.285847
sarp-16-8-C-9,,,,,,,,,,,,,,,,,,,16,8,6,304.122,169.907,193.246,6,6.57,280.783,Optimal,280.783,280.783,0.0,23.339,6.01463,0.243427,246.6,0.285847
sarp-16-8-C-9,,,,,,,,,,,,,,,,,,,16,8,6,304.122,169.907,193.246,6,6.57,280.783,Optimal,280.783,280.783,0.0,23.339,6.01463,0.243427,246.6,0.285847
sarp-16-8-C-9,,,,,,,,,,,,,,,,,,,16,8,6,304.122,169.907,193.246,6,6.57,280.783,Optimal,280.783,280.783,0.0,23.339,6.01463,0.243427,246.6,0.285847
sarp-16-8-C-9,,,,,,,,,,,,,,,,,,,16,8,6,304.122,169.907,193.246,6,6.57,280.783,Optimal,280.783,280.783,0.0,23.339,6.01463,0.243427,246.6,0.285847
sarp-16-8-C-9,,,,,,,,,,,,,,,,,,,16,8,6,304.122,169.907,193.246,6,6.57,280.783,Optimal,280.783,280.783,0.0,23.339,6.01463,0.243427,246.6,0.285847
sarp-16-8-C-9,,,,,,,,,,,,,,,,,,,16,8,6,304.122,169.907,193.246,6,6.57,280.783,Optimal,280.783,280.783,0.0,23.339,6.01463,0.243427,246.6,0.285847
sarp-16-8-C-9,,,,,,,,,,,,,,,,,,,16,8,6,304.122,169.907,193.246,6,6.57,280.783,Optimal,280.783,280.783,0.0,23.339,6.01463,0.243427,246.6,0.285847
sarp-16-8-C-9,,,,,,,,,,,,,,,,,,,16,8,6,304.122,169.907,193.246,6,6.57,280.783,Optimal,280.783,280.783,0.0,23.339,6.01463,0.243427,246.6,0.285847
sarp-16-8-C-9,,,,,,,,,,,,,,,,,,,16,8,6,304.122,169.907,193.246,6,6.57,280.783,Optimal,280.783,280.783,0.0,23.339,6.01463,0.243427,246.6,0.285847
sarp-16-8-C-9,,,,,,,,,,,,,,,,,,,16,8,6,304.122,169.907,193.246,6,6.57,280.783,Optimal,280.783,280.783,0.0,23.339,6.01463,0.243427,246.6,0.285847
sarp-16-8-C-9,,,,,,,,,,,,,,,,,,,16,8,6,304.122,169.907,193.246,6,6.57,280.783,Optimal,280.783,280.783,0.0,23.339,6.01463,0.243427,246.6,0.285847
sarp-16-8-C-9,,,,,,,,,,,,,,,,,,,16,8,6,304.122,169.907,193.246,6,6.57,280.783,Optimal,280.783,280.783,0.0,23.339,6.01463,0.243427,246.6,0.285847
sarp-16-8-C-9,,,,,,,,,,,,,,,,,,,16,8,6,304.122,169.907,193.246,6,6.57,280.783,Optimal,280.783,280.783,0.0,23.339,6.01463,0.243427,246.6,0.285847
sarp-16-8-C-9,,,,,,,,,,,,,,,,,,,16,8,6,304.122,169.907,193.246,6,6.57,280.783,Optimal,280.783,280.783,0.0,23.339,6.01463,0.243427,246.6,0.285847
sarp-16-8-C-9,,,,,,,,,,,,,,,,,,,16,8,6,304.122,169.907,193.246,6,6.57,280.783,Optimal,280.783,280.783,0.0,23.339,6.01463,0.243427,246.6,0.285847
sarp-16-8-C-9,,,,,,,,,,,,,,,,,,,16,8,6,304.122,169.907,193.246,6,6.57,280.783,Optimal,280.783,280.783,0.0,23.339,6.01463,0.243427,246.6,0.285847
sarp-16-8-C-9,,,,,,,,,,,,,,,,,,,16,8,6,304.122,169.907,193.246,6,6.57,280.783,Optimal,280.783,280.783,0.0,23.339,6.01463,0.243427,246.6,0.285847
sarp-16-8-C-9,,,,,,,,,,,,,,,,,,,16,8,6,304.122,169.907,193.246,6,6.57,280.783,Optimal,280.783,280.783,0.0,23.339,6.01463,0.243427,246.6,0.285847
sarp-16-8-C-10,,,,,,,,,,,,,,,,,,,16,8,7,268.155,150.818,192.786,6,7.37,226.187,Optimal,226.187,226.187,0.0,41.968,5.93171,0.254455,243.2,0.304533
sarp-16-8-C-10,,,,,,,,,,,,,,,,,,,16,8,7,268.155,150.818,192.786,6,7.37,226.187,Optimal,226.187,226.187,0.0,41.968,5.93171,0.254455,243.2,0.304533
sarp-16-8-C-10,,,,,,,,,,,,,,,,,,,16,8,7,268.155,150.818,192.786,6,7.37,226.187,Optimal,226.187,226.187,0.0,41.968,5.93171,0.254455,243.2,0.304533
sarp-16-8-C-10,,,,,,,,,,,,,,,,,,,16,8,7,268.155,150.818,192.786,6,7.37,226.187,Optimal,226.187,226.187,0.0,41.968,5.93171,0.254455,243.2,0.304533
sarp-16-8-C-10,,,,,,,,,,,,,,,,,,,16,8,7,268.155,150.818,192.786,6,7.37,226.187,Optimal,226.187,226.187,0.0,41.968,5.93171,0.254455,243.2,0.304533
sarp-16-8-C-10,,,,,,,,,,,,,,,,,,,16,8,7,268.155,150.818,192.786,6,7.37,226.187,Optimal,226.187,226.187,0.0,41.968,5.93171,0.254455,243.2,0.304533
sarp-16-8-C-10,,,,,,,,,,,,,,,,,,,16,8,7,268.155,150.818,192.786,6,7.37,226.187,Optimal,226.187,226.187,0.0,41.968,5.93171,0.254455,243.2,0.304533
sarp-16-8-C-10,,,,,,,,,,,,,,,,,,,16,8,7,268.155,150.818,192.786,6,7.37,226.187,Optimal,226.187,226.187,0.0,41.968,5.93171,0.254455,243.2,0.304533
sarp-16-8-C-10,,,,,,,,,,,,,,,,,,,16,8,7,268.155,150.818,192.786,6,7.37,226.187,Optimal,226.187,226.187,0.0,41.968,5.93171,0.254455,243.2,0.304533
sarp-16-8-C-10,,,,,,,,,,,,,,,,,,,16,8,7,268.155,150.818,192.786,6,7.37,226.187,Optimal,226.187,226.187,0.0,41.968,5.93171,0.254455,243.2,0.304533
sarp-16-8-C-10,,,,,,,,,,,,,,,,,,,16,8,7,268.155,150.818,192.786,6,7.37,226.187,Optimal,226.187,226.187,0.0,41.968,5.93171,0.254455,243.2,0.304533
sarp-16-8-C-10,,,,,,,,,,,,,,,,,,,16,8,7,268.155,150.818,192.786,6,7.37,226.187,Optimal,226.187,226.187,0.0,41.968,5.93171,0.254455,243.2,0.304533
sarp-16-8-C-10,,,,,,,,,,,,,,,,,,,16,8,7,268.155,150.818,192.786,6,7.37,226.187,Optimal,226.187,226.187,0.0,41.968,5.93171,0.254455,243.2,0.304533
sarp-16-8-C-10,,,,,,,,,,,,,,,,,,,16,8,7,268.155,150.818,192.786,6,7.37,226.187,Optimal,226.187,226.187,0.0,41.968,5.93171,0.254455,243.2,0.304533
sarp-16-8-C-10,,,,,,,,,,,,,,,,,,,16,8,7,268.155,150.818,192.786,6,7.37,226.187,Optimal,226.187,226.187,0.0,41.968,5.93171,0.254455,243.2,0.304533
sarp-16-8-C-10,,,,,,,,,,,,,,,,,,,16,8,7,268.155,150.818,192.786,6,7.37,226.187,Optimal,226.187,226.187,0.0,41.968,5.93171,0.254455,243.2,0.304533
sarp-16-8-C-10,,,,,,,,,,,,,,,,,,,16,8,7,268.155,150.818,192.786,6,7.37,226.187,Optimal,226.187,226.187,0.0,41.968,5.93171,0.254455,243.2,0.304533
sarp-16-8-C-10,,,,,,,,,,,,,,,,,,,16,8,7,268.155,150.818,192.786,6,7.37,226.187,Optimal,226.187,226.187,0.0,41.968,5.93171,0.254455,243.2,0.304533
sarp-16-8-C-10,,,,,,,,,,,,,,,,,,,16,8,7,268.155,150.818,192.786,6,7.37,226.187,Optimal,226.187,226.187,0.0,41.968,5.93171,0.254455,243.2,0.304533
sarp-16-8-C-10,,,,,,,,,,,,,,,,,,,16,8,7,268.155,150.818,192.786,6,7.37,226.187,Optimal,226.187,226.187,0.0,41.968,5.93171,0.254455,243.2,0.304533
sarp-16-8-C-10,,,,,,,,,,,,,,,,,,,16,8,7,268.155,150.818,192.786,6,7.37,226.187,Optimal,226.187,226.187,0.0,41.968,5.93171,0.254455,243.2,0.304533
sarp-16-8-C-10,,,,,,,,,,,,,,,,,,,16,8,7,268.155,150.818,192.786,6,7.37,226.187,Optimal,226.187,226.187,0.0,41.968,5.93171,0.254455,243.2,0.304533
sarp-16-8-C-10,,,,,,,,,,,,,,,,,,,16,8,7,268.155,150.818,192.786,6,7.37,226.187,Optimal,226.187,226.187,0.0,41.968,5.93171,0.254455,243.2,0.304533
sarp-16-8-C-10,,,,,,,,,,,,,,,,,,,16,8,7,268.155,150.818,192.786,6,7.37,226.187,Optimal,226.187,226.187,0.0,41.968,5.93171,0.254455,243.2,0.304533
sarp-16-8-C-10,,,,,,,,,,,,,,,,,,,16,8,7,268.155,150.818,192.786,6,7.37,226.187,Optimal,226.187,226.187,0.0,41.968,5.93171,0.254455,243.2,0.304533
sarp-16-8-C-10,,,,,,,,,,,,,,,,,,,16,8,7,268.155,150.818,192.786,6,7.37,226.187,Optimal,226.187,226.187,0.0,41.968,5.93171,0.254455,243.2,0.304533
sarp-16-8-C-10,,,,,,,,,,,,,,,,,,,16,8,7,268.155,150.818,192.786,6,7.37,226.187,Optimal,226.187,226.187,0.0,41.968,5.93171,0.254455,243.2,0.304533
sarp-16-8-C-10,,,,,,,,,,,,,,,,,,,16,8,7,268.155,150.818,192.786,6,7.37,226.187,Optimal,226.187,226.187,0.0,41.968,5.93171,0.254455,243.2,0.304533
sarp-20-10-A-9,,,,,,,,,,,,,,,,,,,20,10,7,107.607,66.407,151.754,6,36.26,22.26,Optimal,22.26,22.26,-3.19202e-14,85.347,6.2878,0.43732,257.8,0.636543
sarp-20-10-A-9,,,,,,,,,,,,,,,,,,,20,10,7,107.607,66.407,151.754,6,36.26,22.26,Optimal,22.26,22.26,-3.19202e-14,85.347,6.2878,0.43732,257.8,0.636543
sarp-20-10-A-9,,,,,,,,,,,,,,,,,,,20,10,7,107.607,66.407,151.754,6,36.26,22.26,Optimal,22.26,22.26,-3.19202e-14,85.347,6.2878,0.43732,257.8,0.636543
sarp-20-10-A-9,,,,,,,,,,,,,,,,,,,20,10,7,107.607,66.407,151.754,6,36.26,22.26,Optimal,22.26,22.26,-3.19202e-14,85.347,6.2878,0.43732,257.8,0.636543
sarp-20-10-A-9,,,,,,,,,,,,,,,,,,,20,10,7,107.607,66.407,151.754,6,36.26,22.26,Optimal,22.26,22.26,-3.19202e-14,85.347,6.2878,0.43732,257.8,0.636543
sarp-20-10-A-9,,,,,,,,,,,,,,,,,,,20,10,7,107.607,66.407,151.754,6,36.26,22.26,Optimal,22.26,22.26,-3.19202e-14,85.347,6.2878,0.43732,257.8,0.636543
sarp-20-10-A-9,,,,,,,,,,,,,,,,,,,20,10,7,107.607,66.407,151.754,6,36.26,22.26,Optimal,22.26,22.26,-3.19202e-14,85.347,6.2878,0.43732,257.8,0.636543
sarp-20-10-A-9,,,,,,,,,,,,,,,,,,,20,10,7,107.607,66.407,151.754,6,36.26,22.26,Optimal,22.26,22.26,-3.19202e-14,85.347,6.2878,0.43732,257.8,0.636543
sarp-20-10-A-9,,,,,,,,,,,,,,,,,,,20,10,7,107.607,66.407,151.754,6,36.26,22.26,Optimal,22.26,22.26,-3.19202e-14,85.347,6.2878,0.43732,257.8,0.636543
sarp-20-10-A-9,,,,,,,,,,,,,,,,,,,20,10,7,107.607,66.407,151.754,6,36.26,22.26,Optimal,22.26,22.26,-3.19202e-14,85.347,6.2878,0.43732,257.8,0.636543
sarp-20-10-A-9,,,,,,,,,,,,,,,,,,,20,10,7,107.607,66.407,151.754,6,36.26,22.26,Optimal,22.26,22.26,-3.19202e-14,85.347,6.2878,0.43732,257.8,0.636543
sarp-20-10-A-9,,,,,,,,,,,,,,,,,,,20,10,7,107.607,66.407,151.754,6,36.26,22.26,Optimal,22.26,22.26,-3.19202e-14,85.347,6.2878,0.43732,257.8,0.636543
sarp-20-10-A-9,,,,,,,,,,,,,,,,,,,20,10,7,107.607,66.407,151.754,6,36.26,22.26,Optimal,22.26,22.26,-3.19202e-14,85.347,6.2878,0.43732,257.8,0.636543
sarp-20-10-A-9,,,,,,,,,,,,,,,,,,,20,10,7,107.607,66.407,151.754,6,36.26,22.26,Optimal,22.26,22.26,-3.19202e-14,85.347,6.2878,0.43732,257.8,0.636543
sarp-20-10-A-9,,,,,,,,,,,,,,,,,,,20,10,7,107.607,66.407,151.754,6,36.26,22.26,Optimal,22.26,22.26,-3.19202e-14,85.347,6.2878,0.43732,257.8,0.636543
sarp-20-10-A-9,,,,,,,,,,,,,,,,,,,20,10,7,107.607,66.407,151.754,6,36.26,22.26,Optimal,22.26,22.26,-3.19202e-14,85.347,6.2878,0.43732,257.8,0.636543
sarp-20-10-A-9,,,,,,,,,,,,,,,,,,,20,10,7,107.607,66.407,151.754,6,36.26,22.26,Optimal,22.26,22.26,-3.19202e-14,85.347,6.2878,0.43732,257.8,0.636543
sarp-20-10-A-9,,,,,,,,,,,,,,,,,,,20,10,7,107.607,66.407,151.754,6,36.26,22.26,Optimal,22.26,22.26,-3.19202e-14,85.347,6.2878,0.43732,257.8,0.636543
sarp-20-10-A-9,,,,,,,,,,,,,,,,,,,20,10,7,107.607,66.407,151.754,6,36.26,22.26,Optimal,22.26,22.26,-3.19202e-14,85.347,6.2878,0.43732,257.8,0.636543
sarp-20-10-A-9,,,,,,,,,,,,,,,,,,,20,10,7,107.607,66.407,151.754,6,36.26,22.26,Optimal,22.26,22.26,-3.19202e-14,85.347,6.2878,0.43732,257.8,0.636543
sarp-20-10-A-9,,,,,,,,,,,,,,,,,,,20,10,7,107.607,66.407,151.754,6,36.26,22.26,Optimal,22.26,22.26,-3.19202e-14,85.347,6.2878,0.43732,257.8,0.636543
sarp-20-10-A-9,,,,,,,,,,,,,,,,,,,20,10,7,107.607,66.407,151.754,6,36.26,22.26,Optimal,22.26,22.26,-3.19202e-14,85.347,6.2878,0.43732,257.8,0.636543
sarp-20-10-A-9,,,,,,,,,,,,,,,,,,,20,10,7,107.607,66.407,151.754,6,36.26,22.26,Optimal,22.26,22.26,-3.19202e-14,85.347,6.2878,0.43732,257.8,0.636543
sarp-20-10-A-9,,,,,,,,,,,,,,,,,,,20,10,7,107.607,66.407,151.754,6,36.26,22.26,Optimal,22.26,22.26,-3.19202e-14,85.347,6.2878,0.43732,257.8,0.636543
sarp-20-10-A-9,,,,,,,,,,,,,,,,,,,20,10,7,107.607,66.407,151.754,6,36.26,22.26,Optimal,22.26,22.26,-3.19202e-14,85.347,6.2878,0.43732,257.8,0.636543
sarp-20-10-A-9,,,,,,,,,,,,,,,,,,,20,10,7,107.607,66.407,151.754,6,36.26,22.26,Optimal,22.26,22.26,-3.19202e-14,85.347,6.2878,0.43732,257.8,0.636543
sarp-20-10-A-9,,,,,,,,,,,,,,,,,,,20,10,7,107.607,66.407,151.754,6,36.26,22.26,Optimal,22.26,22.26,-3.19202e-14,85.347,6.2878,0.43732,257.8,0.636543
sarp-20-10-A-9,,,,,,,,,,,,,,,,,,,20,10,7,107.607,66.407,151.754,6,36.26,22.26,Optimal,22.26,22.26,-3.19202e-14,85.347,6.2878,0.43732,257.8,0.636543
sarp-20-10-B-9,,,,,,,,,,,,,,,,,,,20,10,7,138.444,96.951,138.276,6,3.82,97.119,Optimal,97.119,97.119,0.0,41.325,4.59512,0.306691,188.4,0.438343
sarp-20-10-B-9,,,,,,,,,,,,,,,,,,,20,10,7,138.444,96.951,138.276,6,3.82,97.119,Optimal,97.119,97.119,0.0,41.325,4.59512,0.306691,188.4,0.438343
sarp-20-10-B-9,,,,,,,,,,,,,,,,,,,20,10,7,138.444,96.951,138.276,6,3.82,97.119,Optimal,97.119,97.119,0.0,41.325,4.59512,0.306691,188.4,0.438343
sarp-20-10-B-9,,,,,,,,,,,,,,,,,,,20,10,7,138.444,96.951,138.276,6,3.82,97.119,Optimal,97.119,97.119,0.0,41.325,4.59512,0.306691,188.4,0.438343
sarp-20-10-B-9,,,,,,,,,,,,,,,,,,,20,10,7,138.444,96.951,138.276,6,3.82,97.119,Optimal,97.119,97.119,0.0,41.325,4.59512,0.306691,188.4,0.438343
sarp-20-10-B-9,,,,,,,,,,,,,,,,,,,20,10,7,138.444,96.951,138.276,6,3.82,97.119,Optimal,97.119,97.119,0.0,41.325,4.59512,0.306691,188.4,0.438343
sarp-20-10-B-9,,,,,,,,,,,,,,,,,,,20,10,7,138.444,96.951,138.276,6,3.82,97.119,Optimal,97.119,97.119,0.0,41.325,4.59512,0.306691,188.4,0.438343
sarp-20-10-B-9,,,,,,,,,,,,,,,,,,,20,10,7,138.444,96.951,138.276,6,3.82,97.119,Optimal,97.119,97.119,0.0,41.325,4.59512,0.306691,188.4,0.438343
sarp-20-10-B-9,,,,,,,,,,,,,,,,,,,20,10,7,138.444,96.951,138.276,6,3.82,97.119,Optimal,97.119,97.119,0.0,41.325,4.59512,0.306691,188.4,0.438343
sarp-20-10-B-9,,,,,,,,,,,,,,,,,,,20,10,7,138.444,96.951,138.276,6,3.82,97.119,Optimal,97.119,97.119,0.0,41.325,4.59512,0.306691,188.4,0.438343
sarp-20-10-B-9,,,,,,,,,,,,,,,,,,,20,10,7,138.444,96.951,138.276,6,3.82,97.119,Optimal,97.119,97.119,0.0,41.325,4.59512,0.306691,188.4,0.438343
sarp-20-10-B-9,,,,,,,,,,,,,,,,,,,20,10,7,138.444,96.951,138.276,6,3.82,97.119,Optimal,97.119,97.119,0.0,41.325,4.59512,0.306691,188.4,0.438343
sarp-20-10-B-9,,,,,,,,,,,,,,,,,,,20,10,7,138.444,96.951,138.276,6,3.82,97.119,Optimal,97.119,97.119,0.0,41.325,4.59512,0.306691,188.4,0.438343
sarp-20-10-B-9,,,,,,,,,,,,,,,,,,,20,10,7,138.444,96.951,138.276,6,3.82,97.119,Optimal,97.119,97.119,0.0,41.325,4.59512,0.306691,188.4,0.438343
sarp-20-10-B-9,,,,,,,,,,,,,,,,,,,20,10,7,138.444,96.951,138.276,6,3.82,97.119,Optimal,97.119,97.119,0.0,41.325,4.59512,0.306691,188.4,0.438343
sarp-20-10-B-9,,,,,,,,,,,,,,,,,,,20,10,7,138.444,96.951,138.276,6,3.82,97.119,Optimal,97.119,97.119,0.0,41.325,4.59512,0.306691,188.4,0.438343
sarp-20-10-B-9,,,,,,,,,,,,,,,,,,,20,10,7,138.444,96.951,138.276,6,3.82,97.119,Optimal,97.119,97.119,0.0,41.325,4.59512,0.306691,188.4,0.438343
sarp-20-10-B-9,,,,,,,,,,,,,,,,,,,20,10,7,138.444,96.951,138.276,6,3.82,97.119,Optimal,97.119,97.119,0.0,41.325,4.59512,0.306691,188.4,0.438343
sarp-20-10-B-9,,,,,,,,,,,,,,,,,,,20,10,7,138.444,96.951,138.276,6,3.82,97.119,Optimal,97.119,97.119,0.0,41.325,4.59512,0.306691,188.4,0.438343
sarp-20-10-B-9,,,,,,,,,,,,,,,,,,,20,10,7,138.444,96.951,138.276,6,3.82,97.119,Optimal,97.119,97.119,0.0,41.325,4.59512,0.306691,188.4,0.438343
sarp-20-10-B-9,,,,,,,,,,,,,,,,,,,20,10,7,138.444,96.951,138.276,6,3.82,97.119,Optimal,97.119,97.119,0.0,41.325,4.59512,0.306691,188.4,0.438343
sarp-20-10-B-9,,,,,,,,,,,,,,,,,,,20,10,7,138.444,96.951,138.276,6,3.82,97.119,Optimal,97.119,97.119,0.0,41.325,4.59512,0.306691,188.4,0.438343
sarp-20-10-B-9,,,,,,,,,,,,,,,,,,,20,10,7,138.444,96.951,138.276,6,3.82,97.119,Optimal,97.119,97.119,0.0,41.325,4.59512,0.306691,188.4,0.438343
sarp-20-10-B-9,,,,,,,,,,,,,,,,,,,20,10,7,138.444,96.951,138.276,6,3.82,97.119,Optimal,97.119,97.119,0.0,41.325,4.59512,0.306691,188.4,0.438343
sarp-20-10-B-9,,,,,,,,,,,,,,,,,,,20,10,7,138.444,96.951,138.276,6,3.82,97.119,Optimal,97.119,97.119,0.0,41.325,4.59512,0.306691,188.4,0.438343
sarp-20-10-B-9,,,,,,,,,,,,,,,,,,,20,10,7,138.444,96.951,138.276,6,3.82,97.119,Optimal,97.119,97.119,0.0,41.325,4.59512,0.306691,188.4,0.438343
sarp-20-10-B-9,,,,,,,,,,,,,,,,,,,20,10,7,138.444,96.951,138.276,6,3.82,97.119,Optimal,97.119,97.119,0.0,41.325,4.59512,0.306691,188.4,0.438343
sarp-20-10-B-9,,,,,,,,,,,,,,,,,,,20,10,7,138.444,96.951,138.276,6,3.82,97.119,Optimal,97.119,97.119,0.0,41.325,4.59512,0.306691,188.4,0.438343
sarp-20-10-C-9,,,,,,,,,,,,,,,,,,,20,10,10,364.449,249.425,247.986,7,536.57,365.888,Optimal,365.888,365.888,4.5383e-05,-1.439,6.83415,0.220665,280.2,0.263148
sarp-20-10-C-9,,,,,,,,,,,,,,,,,,,20,10,10,364.449,249.425,247.986,7,536.57,365.888,Optimal,365.888,365.888,4.5383e-05,-1.439,6.83415,0.220665,280.2,0.263148
sarp-20-10-C-9,,,,,,,,,,,,,,,,,,,20,10,10,364.449,249.425,247.986,7,536.57,365.888,Optimal,365.888,365.888,4.5383e-05,-1.439,6.83415,0.220665,280.2,0.263148
sarp-20-10-C-9,,,,,,,,,,,,,,,,,,,20,10,10,364.449,249.425,247.986,7,536.57,365.888,Optimal,365.888,365.888,4.5383e-05,-1.439,6.83415,0.220665,280.2,0.263148
sarp-20-10-C-9,,,,,,,,,,,,,,,,,,,20,10,10,364.449,249.425,247.986,7,536.57,365.888,Optimal,365.888,365.888,4.5383e-05,-1.439,6.83415,0.220665,280.2,0.263148
sarp-20-10-C-9,,,,,,,,,,,,,,,,,,,20,10,10,364.449,249.425,247.986,7,536.57,365.888,Optimal,365.888,365.888,4.5383e-05,-1.439,6.83415,0.220665,280.2,0.263148
sarp-20-10-C-9,,,,,,,,,,,,,,,,,,,20,10,10,364.449,249.425,247.986,7,536.57,365.888,Optimal,365.888,365.888,4.5383e-05,-1.439,6.83415,0.220665,280.2,0.263148
sarp-20-10-C-9,,,,,,,,,,,,,,,,,,,20,10,10,364.449,249.425,247.986,7,536.57,365.888,Optimal,365.888,365.888,4.5383e-05,-1.439,6.83415,0.220665,280.2,0.263148
sarp-20-10-C-9,,,,,,,,,,,,,,,,,,,20,10,10,364.449,249.425,247.986,7,536.57,365.888,Optimal,365.888,365.888,4.5383e-05,-1.439,6.83415,0.220665,280.2,0.263148
sarp-20-10-C-9,,,,,,,,,,,,,,,,,,,20,10,10,364.449,249.425,247.986,7,536.57,365.888,Optimal,365.888,365.888,4.5383e-05,-1.439,6.83415,0.220665,280.2,0.263148
sarp-20-10-C-9,,,,,,,,,,,,,,,,,,,20,10,10,364.449,249.425,247.986,7,536.57,365.888,Optimal,365.888,365.888,4.5383e-05,-1.439,6.83415,0.220665,280.2,0.263148
sarp-20-10-C-9,,,,,,,,,,,,,,,,,,,20,10,10,364.449,249.425,247.986,7,536.57,365.888,Optimal,365.888,365.888,4.5383e-05,-1.439,6.83415,0.220665,280.2,0.263148
sarp-20-10-C-9,,,,,,,,,,,,,,,,,,,20,10,10,364.449,249.425,247.986,7,536.57,365.888,Optimal,365.888,365.888,4.5383e-05,-1.439,6.83415,0.220665,280.2,0.263148
sarp-20-10-C-9,,,,,,,,,,,,,,,,,,,20,10,10,364.449,249.425,247.986,7,536.57,365.888,Optimal,365.888,365.888,4.5383e-05,-1.439,6.83415,0.220665,280.2,0.263148
sarp-20-10-C-9,,,,,,,,,,,,,,,,,,,20,10,10,364.449,249.425,247.986,7,536.57,365.888,Optimal,365.888,365.888,4.5383e-05,-1.439,6.83415,0.220665,280.2,0.263148
sarp-20-10-C-9,,,,,,,,,,,,,,,,,,,20,10,10,364.449,249.425,247.986,7,536.57,365.888,Optimal,365.888,365.888,4.5383e-05,-1.439,6.83415,0.220665,280.2,0.263148
sarp-20-10-C-9,,,,,,,,,,,,,,,,,,,20,10,10,364.449,249.425,247.986,7,536.57,365.888,Optimal,365.888,365.888,4.5383e-05,-1.439,6.83415,0.220665,280.2,0.263148
sarp-20-10-C-9,,,,,,,,,,,,,,,,,,,20,10,10,364.449,249.425,247.986,7,536.57,365.888,Optimal,365.888,365.888,4.5383e-05,-1.439,6.83415,0.220665,280.2,0.263148
sarp-20-10-C-9,,,,,,,,,,,,,,,,,,,20,10,10,364.449,249.425,247.986,7,536.57,365.888,Optimal,365.888,365.888,4.5383e-05,-1.439,6.83415,0.220665,280.2,0.263148
sarp-20-10-C-9,,,,,,,,,,,,,,,,,,,20,10,10,364.449,249.425,247.986,7,536.57,365.888,Optimal,365.888,365.888,4.5383e-05,-1.439,6.83415,0.220665,280.2,0.263148
sarp-20-10-C-9,,,,,,,,,,,,,,,,,,,20,10,10,364.449,249.425,247.986,7,536.57,365.888,Optimal,365.888,365.888,4.5383e-05,-1.439,6.83415,0.220665,280.2,0.263148
sarp-20-10-C-9,,,,,,,,,,,,,,,,,,,20,10,10,364.449,249.425,247.986,7,536.57,365.888,Optimal,365.888,365.888,4.5383e-05,-1.439,6.83415,0.220665,280.2,0.263148
sarp-20-10-C-9,,,,,,,,,,,,,,,,,,,20,10,10,364.449,249.425,247.986,7,536.57,365.888,Optimal,365.888,365.888,4.5383e-05,-1.439,6.83415,0.220665,280.2,0.263148
sarp-20-10-C-9,,,,,,,,,,,,,,,,,,,20,10,10,364.449,249.425,247.986,7,536.57,365.888,Optimal,365.888,365.888,4.5383e-05,-1.439,6.83415,0.220665,280.2,0.263148
sarp-20-10-C-9,,,,,,,,,,,,,,,,,,,20,10,10,364.449,249.425,247.986,7,536.57,365.888,Optimal,365.888,365.888,4.5383e-05,-1.439,6.83415,0.220665,280.2,0.263148
sarp-20-10-C-9,,,,,,,,,,,,,,,,,,,20,10,10,364.449,249.425,247.986,7,536.57,365.888,Optimal,365.888,365.888,4.5383e-05,-1.439,6.83415,0.220665,280.2,0.263148
sarp-20-10-C-9,,,,,,,,,,,,,,,,,,,20,10,10,364.449,249.425,247.986,7,536.57,365.888,Optimal,365.888,365.888,4.5383e-05,-1.439,6.83415,0.220665,280.2,0.263148
sarp-20-10-C-9,,,,,,,,,,,,,,,,,,,20,10,10,364.449,249.425,247.986,7,536.57,365.888,Optimal,365.888,365.888,4.5383e-05,-1.439,6.83415,0.220665,280.2,0.263148
sarp-20-10-A-10,,,,,,,,,,,,,,,,,,,20,10,4,118.95,32.872,141.174,6,23.88,10.648,Optimal,10.648,10.648,0.0,108.302,6.03415,0.43718,247.4,0.615576
sarp-20-10-A-10,,,,,,,,,,,,,,,,,,,20,10,4,118.95,32.872,141.174,6,23.88,10.648,Optimal,10.648,10.648,0.0,108.302,6.03415,0.43718,247.4,0.615576
sarp-20-10-A-10,,,,,,,,,,,,,,,,,,,20,10,4,118.95,32.872,141.174,6,23.88,10.648,Optimal,10.648,10.648,0.0,108.302,6.03415,0.43718,247.4,0.615576
sarp-20-10-A-10,,,,,,,,,,,,,,,,,,,20,10,4,118.95,32.872,141.174,6,23.88,10.648,Optimal,10.648,10.648,0.0,108.302,6.03415,0.43718,247.4,0.615576
sarp-20-10-A-10,,,,,,,,,,,,,,,,,,,20,10,4,118.95,32.872,141.174,6,23.88,10.648,Optimal,10.648,10.648,0.0,108.302,6.03415,0.43718,247.4,0.615576
sarp-20-10-A-10,,,,,,,,,,,,,,,,,,,20,10,4,118.95,32.872,141.174,6,23.88,10.648,Optimal,10.648,10.648,0.0,108.302,6.03415,0.43718,247.4,0.615576
sarp-20-10-A-10,,,,,,,,,,,,,,,,,,,20,10,4,118.95,32.872,141.174,6,23.88,10.648,Optimal,10.648,10.648,0.0,108.302,6.03415,0.43718,247.4,0.615576
sarp-20-10-A-10,,,,,,,,,,,,,,,,,,,20,10,4,118.95,32.872,141.174,6,23.88,10.648,Optimal,10.648,10.648,0.0,108.302,6.03415,0.43718,247.4,0.615576
sarp-20-10-A-10,,,,,,,,,,,,,,,,,,,20,10,4,118.95,32.872,141.174,6,23.88,10.648,Optimal,10.648,10.648,0.0,108.302,6.03415,0.43718,247.4,0.615576
sarp-20-10-A-10,,,,,,,,,,,,,,,,,,,20,10,4,118.95,32.872,141.174,6,23.88,10.648,Optimal,10.648,10.648,0.0,108.302,6.03415,0.43718,247.4,0.615576
sarp-20-10-A-10,,,,,,,,,,,,,,,,,,,20,10,4,118.95,32.872,141.174,6,23.88,10.648,Optimal,10.648,10.648,0.0,108.302,6.03415,0.43718,247.4,0.615576
sarp-20-10-A-10,,,,,,,,,,,,,,,,,,,20,10,4,118.95,32.872,141.174,6,23.88,10.648,Optimal,10.648,10.648,0.0,108.302,6.03415,0.43718,247.4,0.615576
sarp-20-10-A-10,,,,,,,,,,,,,,,,,,,20,10,4,118.95,32.872,141.174,6,23.88,10.648,Optimal,10.648,10.648,0.0,108.302,6.03415,0.43718,247.4,0.615576
sarp-20-10-A-10,,,,,,,,,,,,,,,,,,,20,10,4,118.95,32.872,141.174,6,23.88,10.648,Optimal,10.648,10.648,0.0,108.302,6.03415,0.43718,247.4,0.615576
sarp-20-10-A-10,,,,,,,,,,,,,,,,,,,20,10,4,118.95,32.872,141.174,6,23.88,10.648,Optimal,10.648,10.648,0.0,108.302,6.03415,0.43718,247.4,0.615576
sarp-20-10-A-10,,,,,,,,,,,,,,,,,,,20,10,4,118.95,32.872,141.174,6,23.88,10.648,Optimal,10.648,10.648,0.0,108.302,6.03415,0.43718,247.4,0.615576
sarp-20-10-A-10,,,,,,,,,,,,,,,,,,,20,10,4,118.95,32.872,141.174,6,23.88,10.648,Optimal,10.648,10.648,0.0,108.302,6.03415,0.43718,247.4,0.615576
sarp-20-10-A-10,,,,,,,,,,,,,,,,,,,20,10,4,118.95,32.872,141.174,6,23.88,10.648,Optimal,10.648,10.648,0.0,108.302,6.03415,0.43718,247.4,0.615576
sarp-20-10-A-10,,,,,,,,,,,,,,,,,,,20,10,4,118.95,32.872,141.174,6,23.88,10.648,Optimal,10.648,10.648,0.0,108.302,6.03415,0.43718,247.4,0.615576
sarp-20-10-A-10,,,,,,,,,,,,,,,,,,,20,10,4,118.95,32.872,141.174,6,23.88,10.648,Optimal,10.648,10.648,0.0,108.302,6.03415,0.43718,247.4,0.615576
sarp-20-10-A-10,,,,,,,,,,,,,,,,,,,20,10,4,118.95,32.872,141.174,6,23.88,10.648,Optimal,10.648,10.648,0.0,108.302,6.03415,0.43718,247.4,0.615576
sarp-20-10-A-10,,,,,,,,,,,,,,,,,,,20,10,4,118.95,32.872,141.174,6,23.88,10.648,Optimal,10.648,10.648,0.0,108.302,6.03415,0.43718,247.4,0.615576
sarp-20-10-A-10,,,,,,,,,,,,,,,,,,,20,10,4,118.95,32.872,141.174,6,23.88,10.648,Optimal,10.648,10.648,0.0,108.302,6.03415,0.43718,247.4,0.615576
sarp-20-10-A-10,,,,,,,,,,,,,,,,,,,20,10,4,118.95,32.872,141.174,6,23.88,10.648,Optimal,10.648,10.648,0.0,108.302,6.03415,0.43718,247.4,0.615576
sarp-20-10-A-10,,,,,,,,,,,,,,,,,,,20,10,4,118.95,32.872,141.174,6,23.88,10.648,Optimal,10.648,10.648,0.0,108.302,6.03415,0.43718,247.4,0.615576
sarp-20-10-A-10,,,,,,,,,,,,,,,,,,,20,10,4,118.95,32.872,141.174,6,23.88,10.648,Optimal,10.648,10.648,0.0,108.302,6.03415,0.43718,247.4,0.615576
sarp-20-10-A-10,,,,,,,,,,,,,,,,,,,20,10,4,118.95,32.872,141.174,6,23.88,10.648,Optimal,10.648,10.648,0.0,108.302,6.03415,0.43718,247.4,0.615576
sarp-20-10-A-10,,,,,,,,,,,,,,,,,,,20,10,4,118.95,32.872,141.174,6,23.88,10.648,Optimal,10.648,10.648,0.0,108.302,6.03415,0.43718,247.4,0.615576
sarp-20-10-B-10,,,,,,,,,,,,,,,,,,,20,10,9,142.32,109.071,164.22,6,31.19,87.171,Optimal,87.171,87.171,-3.26045e-14,55.149,5.9439,0.352592,243.7,0.49432
sarp-20-10-B-10,,,,,,,,,,,,,,,,,,,20,10,9,142.32,109.071,164.22,6,31.19,87.171,Optimal,87.171,87.171,-3.26045e-14,55.149,5.9439,0.352592,243.7,0.49432
sarp-20-10-B-10,,,,,,,,,,,,,,,,,,,20,10,9,142.32,109.071,164.22,6,31.19,87.171,Optimal,87.171,87.171,-3.26045e-14,55.149,5.9439,0.352592,243.7,0.49432
sarp-20-10-B-10,,,,,,,,,,,,,,,,,,,20,10,9,142.32,109.071,164.22,6,31.19,87.171,Optimal,87.171,87.171,-3.26045e-14,55.149,5.9439,0.352592,243.7,0.49432
sarp-20-10-B-10,,,,,,,,,,,,,,,,,,,20,10,9,142.32,109.071,164.22,6,31.19,87.171,Optimal,87.171,87.171,-3.26045e-14,55.149,5.9439,0.352592,243.7,0.49432
sarp-20-10-B-10,,,,,,,,,,,,,,,,,,,20,10,9,142.32,109.071,164.22,6,31.19,87.171,Optimal,87.171,87.171,-3.26045e-14,55.149,5.9439,0.352592,243.7,0.49432
sarp-20-10-B-10,,,,,,,,,,,,,,,,,,,20,10,9,142.32,109.071,164.22,6,31.19,87.171,Optimal,87.171,87.171,-3.26045e-14,55.149,5.9439,0.352592,243.7,0.49432
sarp-20-10-B-10,,,,,,,,,,,,,,,,,,,20,10,9,142.32,109.071,164.22,6,31.19,87.171,Optimal,87.171,87.171,-3.26045e-14,55.149,5.9439,0.352592,243.7,0.49432
sarp-20-10-B-10,,,,,,,,,,,,,,,,,,,20,10,9,142.32,109.071,164.22,6,31.19,87.171,Optimal,87.171,87.171,-3.26045e-14,55.149,5.9439,0.352592,243.7,0.49432
sarp-20-10-B-10,,,,,,,,,,,,,,,,,,,20,10,9,142.32,109.071,164.22,6,31.19,87.171,Optimal,87.171,87.171,-3.26045e-14,55.149,5.9439,0.352592,243.7,0.49432
sarp-20-10-B-10,,,,,,,,,,,,,,,,,,,20,10,9,142.32,109.071,164.22,6,31.19,87.171,Optimal,87.171,87.171,-3.26045e-14,55.149,5.9439,0.352592,243.7,0.49432
sarp-20-10-B-10,,,,,,,,,,,,,,,,,,,20,10,9,142.32,109.071,164.22,6,31.19,87.171,Optimal,87.171,87.171,-3.26045e-14,55.149,5.9439,0.352592,243.7,0.49432
sarp-20-10-B-10,,,,,,,,,,,,,,,,,,,20,10,9,142.32,109.071,164.22,6,31.19,87.171,Optimal,87.171,87.171,-3.26045e-14,55.149,5.9439,0.352592,243.7,0.49432
sarp-20-10-B-10,,,,,,,,,,,,,,,,,,,20,10,9,142.32,109.071,164.22,6,31.19,87.171,Optimal,87.171,87.171,-3.26045e-14,55.149,5.9439,0.352592,243.7,0.49432
sarp-20-10-B-10,,,,,,,,,,,,,,,,,,,20,10,9,142.32,109.071,164.22,6,31.19,87.171,Optimal,87.171,87.171,-3.26045e-14,55.149,5.9439,0.352592,243.7,0.49432
sarp-20-10-B-10,,,,,,,,,,,,,,,,,,,20,10,9,142.32,109.071,164.22,6,31.19,87.171,Optimal,87.171,87.171,-3.26045e-14,55.149,5.9439,0.352592,243.7,0.49432
sarp-20-10-B-10,,,,,,,,,,,,,,,,,,,20,10,9,142.32,109.071,164.22,6,31.19,87.171,Optimal,87.171,87.171,-3.26045e-14,55.149,5.9439,0.352592,243.7,0.49432
sarp-20-10-B-10,,,,,,,,,,,,,,,,,,,20,10,9,142.32,109.071,164.22,6,31.19,87.171,Optimal,87.171,87.171,-3.26045e-14,55.149,5.9439,0.352592,243.7,0.49432
sarp-20-10-B-10,,,,,,,,,,,,,,,,,,,20,10,9,142.32,109.071,164.22,6,31.19,87.171,Optimal,87.171,87.171,-3.26045e-14,55.149,5.9439,0.352592,243.7,0.49432
sarp-20-10-B-10,,,,,,,,,,,,,,,,,,,20,10,9,142.32,109.071,164.22,6,31.19,87.171,Optimal,87.171,87.171,-3.26045e-14,55.149,5.9439,0.352592,243.7,0.49432
sarp-20-10-B-10,,,,,,,,,,,,,,,,,,,20,10,9,142.32,109.071,164.22,6,31.19,87.171,Optimal,87.171,87.171,-3.26045e-14,55.149,5.9439,0.352592,243.7,0.49432
sarp-20-10-B-10,,,,,,,,,,,,,,,,,,,20,10,9,142.32,109.071,164.22,6,31.19,87.171,Optimal,87.171,87.171,-3.26045e-14,55.149,5.9439,0.352592,243.7,0.49432
sarp-20-10-B-10,,,,,,,,,,,,,,,,,,,20,10,9,142.32,109.071,164.22,6,31.19,87.171,Optimal,87.171,87.171,-3.26045e-14,55.149,5.9439,0.352592,243.7,0.49432
sarp-20-10-B-10,,,,,,,,,,,,,,,,,,,20,10,9,142.32,109.071,164.22,6,31.19,87.171,Optimal,87.171,87.171,-3.26045e-14,55.149,5.9439,0.352592,243.7,0.49432
sarp-20-10-B-10,,,,,,,,,,,,,,,,,,,20,10,9,142.32,109.071,164.22,6,31.19,87.171,Optimal,87.171,87.171,-3.26045e-14,55.149,5.9439,0.352592,243.7,0.49432
sarp-20-10-B-10,,,,,,,,,,,,,,,,,,,20,10,9,142.32,109.071,164.22,6,31.19,87.171,Optimal,87.171,87.171,-3.26045e-14,55.149,5.9439,0.352592,243.7,0.49432
sarp-20-10-B-10,,,,,,,,,,,,,,,,,,,20,10,9,142.32,109.071,164.22,6,31.19,87.171,Optimal,87.171,87.171,-3.26045e-14,55.149,5.9439,0.352592,243.7,0.49432
sarp-20-10-B-10,,,,,,,,,,,,,,,,,,,20,10,9,142.32,109.071,164.22,6,31.19,87.171,Optimal,87.171,87.171,-3.26045e-14,55.149,5.9439,0.352592,243.7,0.49432
sarp-20-10-C-10,,,,,,,,,,,,,,,,,,,20,10,8,399.675,183.853,213.624,8,153.26,369.904,Optimal,369.904,369.937,0.00885377,29.771,6.8122,0.224656,279.3,0.26552
sarp-20-10-C-10,,,,,,,,,,,,,,,,,,,20,10,8,399.675,183.853,213.624,8,153.26,369.904,Optimal,369.904,369.937,0.00885377,29.771,6.8122,0.224656,279.3,0.26552
sarp-20-10-C-10,,,,,,,,,,,,,,,,,,,20,10,8,399.675,183.853,213.624,8,153.26,369.904,Optimal,369.904,369.937,0.00885377,29.771,6.8122,0.224656,279.3,0.26552
sarp-20-10-C-10,,,,,,,,,,,,,,,,,,,20,10,8,399.675,183.853,213.624,8,153.26,369.904,Optimal,369.904,369.937,0.00885377,29.771,6.8122,0.224656,279.3,0.26552
sarp-20-10-C-10,,,,,,,,,,,,,,,,,,,20,10,8,399.675,183.853,213.624,8,153.26,369.904,Optimal,369.904,369.937,0.00885377,29.771,6.8122,0.224656,279.3,0.26552
sarp-20-10-C-10,,,,,,,,,,,,,,,,,,,20,10,8,399.675,183.853,213.624,8,153.26,369.904,Optimal,369.904,369.937,0.00885377,29.771,6.8122,0.224656,279.3,0.26552
sarp-20-10-C-10,,,,,,,,,,,,,,,,,,,20,10,8,399.675,183.853,213.624,8,153.26,369.904,Optimal,369.904,369.937,0.00885377,29.771,6.8122,0.224656,279.3,0.26552
sarp-20-10-C-10,,,,,,,,,,,,,,,,,,,20,10,8,399.675,183.853,213.624,8,153.26,369.904,Optimal,369.904,369.937,0.00885377,29.771,6.8122,0.224656,279.3,0.26552
sarp-20-10-C-10,,,,,,,,,,,,,,,,,,,20,10,8,399.675,183.853,213.624,8,153.26,369.904,Optimal,369.904,369.937,0.00885377,29.771,6.8122,0.224656,279.3,0.26552
sarp-20-10-C-10,,,,,,,,,,,,,,,,,,,20,10,8,399.675,183.853,213.624,8,153.26,369.904,Optimal,369.904,369.937,0.00885377,29.771,6.8122,0.224656,279.3,0.26552
sarp-20-10-C-10,,,,,,,,,,,,,,,,,,,20,10,8,399.675,183.853,213.624,8,153.26,369.904,Optimal,369.904,369.937,0.00885377,29.771,6.8122,0.224656,279.3,0.26552
sarp-20-10-C-10,,,,,,,,,,,,,,,,,,,20,10,8,399.675,183.853,213.624,8,153.26,369.904,Optimal,369.904,369.937,0.00885377,29.771,6.8122,0.224656,279.3,0.26552
sarp-20-10-C-10,,,,,,,,,,,,,,,,,,,20,10,8,399.675,183.853,213.624,8,153.26,369.904,Optimal,369.904,369.937,0.00885377,29.771,6.8122,0.224656,279.3,0.26552
sarp-20-10-C-10,,,,,,,,,,,,,,,,,,,20,10,8,399.675,183.853,213.624,8,153.26,369.904,Optimal,369.904,369.937,0.00885377,29.771,6.8122,0.224656,279.3,0.26552
sarp-20-10-C-10,,,,,,,,,,,,,,,,,,,20,10,8,399.675,183.853,213.624,8,153.26,369.904,Optimal,369.904,369.937,0.00885377,29.771,6.8122,0.224656,279.3,0.26552
sarp-20-10-C-10,,,,,,,,,,,,,,,,,,,20,10,8,399.675,183.853,213.624,8,153.26,369.904,Optimal,369.904,369.937,0.00885377,29.771,6.8122,0.224656,279.3,0.26552
sarp-20-10-C-10,,,,,,,,,,,,,,,,,,,20,10,8,399.675,183.853,213.624,8,153.26,369.904,Optimal,369.904,369.937,0.00885377,29.771,6.8122,0.224656,279.3,0.26552
sarp-20-10-C-10,,,,,,,,,,,,,,,,,,,20,10,8,399.675,183.853,213.624,8,153.26,369.904,Optimal,369.904,369.937,0.00885377,29.771,6.8122,0.224656,279.3,0.26552
sarp-20-10-C-10,,,,,,,,,,,,,,,,,,,20,10,8,399.675,183.853,213.624,8,153.26,369.904,Optimal,369.904,369.937,0.00885377,29.771,6.8122,0.224656,279.3,0.26552
sarp-20-10-C-10,,,,,,,,,,,,,,,,,,,20,10,8,399.675,183.853,213.624,8,153.26,369.904,Optimal,369.904,369.937,0.00885377,29.771,6.8122,0.224656,279.3,0.26552
sarp-20-10-C-10,,,,,,,,,,,,,,,,,,,20,10,8,399.675,183.853,213.624,8,153.26,369.904,Optimal,369.904,369.937,0.00885377,29.771,6.8122,0.224656,279.3,0.26552
sarp-20-10-C-10,,,,,,,,,,,,,,,,,,,20,10,8,399.675,183.853,213.624,8,153.26,369.904,Optimal,369.904,369.937,0.00885377,29.771,6.8122,0.224656,279.3,0.26552
sarp-20-10-C-10,,,,,,,,,,,,,,,,,,,20,10,8,399.675,183.853,213.624,8,153.26,369.904,Optimal,369.904,369.937,0.00885377,29.771,6.8122,0.224656,279.3,0.26552
sarp-20-10-C-10,,,,,,,,,,,,,,,,,,,20,10,8,399.675,183.853,213.624,8,153.26,369.904,Optimal,369.904,369.937,0.00885377,29.771,6.8122,0.224656,279.3,0.26552
sarp-20-10-C-10,,,,,,,,,,,,,,,,,,,20,10,8,399.675,183.853,213.624,8,153.26,369.904,Optimal,369.904,369.937,0.00885377,29.771,6.8122,0.224656,279.3,0.26552
sarp-20-10-C-10,,,,,,,,,,,,,,,,,,,20,10,8,399.675,183.853,213.624,8,153.26,369.904,Optimal,369.904,369.937,0.00885377,29.771,6.8122,0.224656,279.3,0.26552
sarp-20-10-C-10,,,,,,,,,,,,,,,,,,,20,10,8,399.675,183.853,213.624,8,153.26,369.904,Optimal,369.904,369.937,0.00885377,29.771,6.8122,0.224656,279.3,0.26552
sarp-20-10-C-10,,,,,,,,,,,,,,,,,,,20,10,8,399.675,183.853,213.624,8,153.26,369.904,Optimal,369.904,369.937,0.00885377,29.771,6.8122,0.224656,279.3,0.26552
sarp-30-15-A-9,,,,,,,,,,,,,,,,,,,30,15,12,159.159,97.454,195.224,8,249.61,61.389,Optimal,61.389,61.395,0.00976351,97.77,7.08049,0.353981,290.3,0.544551
sarp-30-15-A-9,,,,,,,,,,,,,,,,,,,30,15,12,159.159,97.454,195.224,8,249.61,61.389,Optimal,61.389,61.395,0.00976351,97.77,7.08049,0.353981,290.3,0.544551
sarp-30-15-A-9,,,,,,,,,,,,,,,,,,,30,15,12,159.159,97.454,195.224,8,249.61,61.389,Optimal,61.389,61.395,0.00976351,97.77,7.08049,0.353981,290.3,0.544551
sarp-30-15-A-9,,,,,,,,,,,,,,,,,,,30,15,12,159.159,97.454,195.224,8,249.61,61.389,Optimal,61.389,61.395,0.00976351,97.77,7.08049,0.353981,290.3,0.544551
sarp-30-15-A-9,,,,,,,,,,,,,,,,,,,30,15,12,159.159,97.454,195.224,8,249.61,61.389,Optimal,61.389,61.395,0.00976351,97.77,7.08049,0.353981,290.3,0.544551
sarp-30-15-A-9,,,,,,,,,,,,,,,,,,,30,15,12,159.159,97.454,195.224,8,249.61,61.389,Optimal,61.389,61.395,0.00976351,97.77,7.08049,0.353981,290.3,0.544551
sarp-30-15-A-9,,,,,,,,,,,,,,,,,,,30,15,12,159.159,97.454,195.224,8,249.61,61.389,Optimal,61.389,61.395,0.00976351,97.77,7.08049,0.353981,290.3,0.544551
sarp-30-15-A-9,,,,,,,,,,,,,,,,,,,30,15,12,159.159,97.454,195.224,8,249.61,61.389,Optimal,61.389,61.395,0.00976351,97.77,7.08049,0.353981,290.3,0.544551
sarp-30-15-A-9,,,,,,,,,,,,,,,,,,,30,15,12,159.159,97.454,195.224,8,249.61,61.389,Optimal,61.389,61.395,0.00976351,97.77,7.08049,0.353981,290.3,0.544551
sarp-30-15-A-9,,,,,,,,,,,,,,,,,,,30,15,12,159.159,97.454,195.224,8,249.61,61.389,Optimal,61.389,61.395,0.00976351,97.77,7.08049,0.353981,290.3,0.544551
sarp-30-15-A-9,,,,,,,,,,,,,,,,,,,30,15,12,159.159,97.454,195.224,8,249.61,61.389,Optimal,61.389,61.395,0.00976351,97.77,7.08049,0.353981,290.3,0.544551
sarp-30-15-A-9,,,,,,,,,,,,,,,,,,,30,15,12,159.159,97.454,195.224,8,249.61,61.389,Optimal,61.389,61.395,0.00976351,97.77,7.08049,0.353981,290.3,0.544551
sarp-30-15-A-9,,,,,,,,,,,,,,,,,,,30,15,12,159.159,97.454,195.224,8,249.61,61.389,Optimal,61.389,61.395,0.00976351,97.77,7.08049,0.353981,290.3,0.544551
sarp-30-15-A-9,,,,,,,,,,,,,,,,,,,30,15,12,159.159,97.454,195.224,8,249.61,61.389,Optimal,61.389,61.395,0.00976351,97.77,7.08049,0.353981,290.3,0.544551
sarp-30-15-A-9,,,,,,,,,,,,,,,,,,,30,15,12,159.159,97.454,195.224,8,249.61,61.389,Optimal,61.389,61.395,0.00976351,97.77,7.08049,0.353981,290.3,0.544551
sarp-30-15-A-9,,,,,,,,,,,,,,,,,,,30,15,12,159.159,97.454,195.224,8,249.61,61.389,Optimal,61.389,61.395,0.00976351,97.77,7.08049,0.353981,290.3,0.544551
sarp-30-15-A-9,,,,,,,,,,,,,,,,,,,30,15,12,159.159,97.454,195.224,8,249.61,61.389,Optimal,61.389,61.395,0.00976351,97.77,7.08049,0.353981,290.3,0.544551
sarp-30-15-A-9,,,,,,,,,,,,,,,,,,,30,15,12,159.159,97.454,195.224,8,249.61,61.389,Optimal,61.389,61.395,0.00976351,97.77,7.08049,0.353981,290.3,0.544551
sarp-30-15-A-9,,,,,,,,,,,,,,,,,,,30,15,12,159.159,97.454,195.224,8,249.61,61.389,Optimal,61.389,61.395,0.00976351,97.77,7.08049,0.353981,290.3,0.544551
sarp-30-15-A-9,,,,,,,,,,,,,,,,,,,30,15,12,159.159,97.454,195.224,8,249.61,61.389,Optimal,61.389,61.395,0.00976351,97.77,7.08049,0.353981,290.3,0.544551
sarp-30-15-A-9,,,,,,,,,,,,,,,,,,,30,15,12,159.159,97.454,195.224,8,249.61,61.389,Optimal,61.389,61.395,0.00976351,97.77,7.08049,0.353981,290.3,0.544551
sarp-30-15-A-9,,,,,,,,,,,,,,,,,,,30,15,12,159.159,97.454,195.224,8,249.61,61.389,Optimal,61.389,61.395,0.00976351,97.77,7.08049,0.353981,290.3,0.544551
sarp-30-15-A-9,,,,,,,,,,,,,,,,,,,30,15,12,159.159,97.454,195.224,8,249.61,61.389,Optimal,61.389,61.395,0.00976351,97.77,7.08049,0.353981,290.3,0.544551
sarp-30-15-A-9,,,,,,,,,,,,,,,,,,,30,15,12,159.159,97.454,195.224,8,249.61,61.389,Optimal,61.389,61.395,0.00976351,97.77,7.08049,0.353981,290.3,0.544551
sarp-30-15-A-9,,,,,,,,,,,,,,,,,,,30,15,12,159.159,97.454,195.224,8,249.61,61.389,Optimal,61.389,61.395,0.00976351,97.77,7.08049,0.353981,290.3,0.544551
sarp-30-15-A-9,,,,,,,,,,,,,,,,,,,30,15,12,159.159,97.454,195.224,8,249.61,61.389,Optimal,61.389,61.395,0.00976351,97.77,7.08049,0.353981,290.3,0.544551
sarp-30-15-A-9,,,,,,,,,,,,,,,,,,,30,15,12,159.159,97.454,195.224,8,249.61,61.389,Optimal,61.389,61.395,0.00976351,97.77,7.08049,0.353981,290.3,0.544551
sarp-30-15-A-9,,,,,,,,,,,,,,,,,,,30,15,12,159.159,97.454,195.224,8,249.61,61.389,Optimal,61.389,61.395,0.00976351,97.77,7.08049,0.353981,290.3,0.544551
sarp-30-15-A-10,,,,,,,,,,,,,,,,,,,30,15,11,160.299,82.015,181.056,8,13.27,61.258,Optimal,61.258,61.2583,0.000408108,99.041,7.52195,0.393133,308.4,0.611541
sarp-30-15-A-10,,,,,,,,,,,,,,,,,,,30,15,11,160.299,82.015,181.056,8,13.27,61.258,Optimal,61.258,61.2583,0.000408108,99.041,7.52195,0.393133,308.4,0.611541
sarp-30-15-A-10,,,,,,,,,,,,,,,,,,,30,15,11,160.299,82.015,181.056,8,13.27,61.258,Optimal,61.258,61.2583,0.000408108,99.041,7.52195,0.393133,308.4,0.611541
sarp-30-15-A-10,,,,,,,,,,,,,,,,,,,30,15,11,160.299,82.015,181.056,8,13.27,61.258,Optimal,61.258,61.2583,0.000408108,99.041,7.52195,0.393133,308.4,0.611541
sarp-30-15-A-10,,,,,,,,,,,,,,,,,,,30,15,11,160.299,82.015,181.056,8,13.27,61.258,Optimal,61.258,61.2583,0.000408108,99.041,7.52195,0.393133,308.4,0.611541
sarp-30-15-A-10,,,,,,,,,,,,,,,,,,,30,15,11,160.299,82.015,181.056,8,13.27,61.258,Optimal,61.258,61.2583,0.000408108,99.041,7.52195,0.393133,308.4,0.611541
sarp-30-15-A-10,,,,,,,,,,,,,,,,,,,30,15,11,160.299,82.015,181.056,8,13.27,61.258,Optimal,61.258,61.2583,0.000408108,99.041,7.52195,0.393133,308.4,0.611541
sarp-30-15-A-10,,,,,,,,,,,,,,,,,,,30,15,11,160.299,82.015,181.056,8,13.27,61.258,Optimal,61.258,61.2583,0.000408108,99.041,7.52195,0.393133,308.4,0.611541
sarp-30-15-A-10,,,,,,,,,,,,,,,,,,,30,15,11,160.299,82.015,181.056,8,13.27,61.258,Optimal,61.258,61.2583,0.000408108,99.041,7.52195,0.393133,308.4,0.611541
sarp-30-15-A-10,,,,,,,,,,,,,,,,,,,30,15,11,160.299,82.015,181.056,8,13.27,61.258,Optimal,61.258,61.2583,0.000408108,99.041,7.52195,0.393133,308.4,0.611541
sarp-30-15-A-10,,,,,,,,,,,,,,,,,,,30,15,11,160.299,82.015,181.056,8,13.27,61.258,Optimal,61.258,61.2583,0.000408108,99.041,7.52195,0.393133,308.4,0.611541
sarp-30-15-A-10,,,,,,,,,,,,,,,,,,,30,15,11,160.299,82.015,181.056,8,13.27,61.258,Optimal,61.258,61.2583,0.000408108,99.041,7.52195,0.393133,308.4,0.611541
sarp-30-15-A-10,,,,,,,,,,,,,,,,,,,30,15,11,160.299,82.015,181.056,8,13.27,61.258,Optimal,61.258,61.2583,0.000408108,99.041,7.52195,0.393133,308.4,0.611541
sarp-30-15-A-10,,,,,,,,,,,,,,,,,,,30,15,11,160.299,82.015,181.056,8,13.27,61.258,Optimal,61.258,61.2583,0.000408108,99.041,7.52195,0.393133,308.4,0.611541
sarp-30-15-A-10,,,,,,,,,,,,,,,,,,,30,15,11,160.299,82.015,181.056,8,13.27,61.258,Optimal,61.258,61.2583,0.000408108,99.041,7.52195,0.393133,308.4,0.611541
sarp-30-15-A-10,,,,,,,,,,,,,,,,,,,30,15,11,160.299,82.015,181.056,8,13.27,61.258,Optimal,61.258,61.2583,0.000408108,99.041,7.52195,0.393133,308.4,0.611541
sarp-30-15-A-10,,,,,,,,,,,,,,,,,,,30,15,11,160.299,82.015,181.056,8,13.27,61.258,Optimal,61.258,61.2583,0.000408108,99.041,7.52195,0.393133,308.4,0.611541
sarp-30-15-A-10,,,,,,,,,,,,,,,,,,,30,15,11,160.299,82.015,181.056,8,13.27,61.258,Optimal,61.258,61.2583,0.000408108,99.041,7.52195,0.393133,308.4,0.611541
sarp-30-15-A-10,,,,,,,,,,,,,,,,,,,30,15,11,160.299,82.015,181.056,8,13.27,61.258,Optimal,61.258,61.2583,0.000408108,99.041,7.52195,0.393133,308.4,0.611541
sarp-30-15-A-10,,,,,,,,,,,,,,,,,,,30,15,11,160.299,82.015,181.056,8,13.27,61.258,Optimal,61.258,61.2583,0.000408108,99.041,7.52195,0.393133,308.4,0.611541
sarp-30-15-A-10,,,,,,,,,,,,,,,,,,,30,15,11,160.299,82.015,181.056,8,13.27,61.258,Optimal,61.258,61.2583,0.000408108,99.041,7.52195,0.393133,308.4,0.611541
sarp-30-15-A-10,,,,,,,,,,,,,,,,,,,30,15,11,160.299,82.015,181.056,8,13.27,61.258,Optimal,61.258,61.2583,0.000408108,99.041,7.52195,0.393133,308.4,0.611541
sarp-30-15-A-10,,,,,,,,,,,,,,,,,,,30,15,11,160.299,82.015,181.056,8,13.27,61.258,Optimal,61.258,61.2583,0.000408108,99.041,7.52195,0.393133,308.4,0.611541
sarp-30-15-A-10,,,,,,,,,,,,,,,,,,,30,15,11,160.299,82.015,181.056,8,13.27,61.258,Optimal,61.258,61.2583,0.000408108,99.041,7.52195,0.393133,308.4,0.611541
sarp-30-15-A-10,,,,,,,,,,,,,,,,,,,30,15,11,160.299,82.015,181.056,8,13.27,61.258,Optimal,61.258,61.2583,0.000408108,99.041,7.52195,0.393133,308.4,0.611541
sarp-30-15-A-10,,,,,,,,,,,,,,,,,,,30,15,11,160.299,82.015,181.056,8,13.27,61.258,Optimal,61.258,61.2583,0.000408108,99.041,7.52195,0.393133,308.4,0.611541
sarp-30-15-A-10,,,,,,,,,,,,,,,,,,,30,15,11,160.299,82.015,181.056,8,13.27,61.258,Optimal,61.258,61.2583,0.000408108,99.041,7.52195,0.393133,308.4,0.611541
sarp-30-15-A-10,,,,,,,,,,,,,,,,,,,30,15,11,160.299,82.015,181.056,8,13.27,61.258,Optimal,61.258,61.2583,0.000408108,99.041,7.52195,0.393133,308.4,0.611541
sarp-30-15-B-9,,,,,,,,,,,,,,,,,,,30,15,10,177.741,108.74,196.604,8,73.4,89.877,Optimal,89.877,89.877,0.0,87.864,8.02683,0.39084,329.1,0.578688
sarp-30-15-B-9,,,,,,,,,,,,,,,,,,,30,15,10,177.741,108.74,196.604,8,73.4,89.877,Optimal,89.877,89.877,0.0,87.864,8.02683,0.39084,329.1,0.578688
sarp-30-15-B-9,,,,,,,,,,,,,,,,,,,30,15,10,177.741,108.74,196.604,8,73.4,89.877,Optimal,89.877,89.877,0.0,87.864,8.02683,0.39084,329.1,0.578688
sarp-30-15-B-9,,,,,,,,,,,,,,,,,,,30,15,10,177.741,108.74,196.604,8,73.4,89.877,Optimal,89.877,89.877,0.0,87.864,8.02683,0.39084,329.1,0.578688
sarp-30-15-B-9,,,,,,,,,,,,,,,,,,,30,15,10,177.741,108.74,196.604,8,73.4,89.877,Optimal,89.877,89.877,0.0,87.864,8.02683,0.39084,329.1,0.578688
sarp-30-15-B-9,,,,,,,,,,,,,,,,,,,30,15,10,177.741,108.74,196.604,8,73.4,89.877,Optimal,89.877,89.877,0.0,87.864,8.02683,0.39084,329.1,0.578688
sarp-30-15-B-9,,,,,,,,,,,,,,,,,,,30,15,10,177.741,108.74,196.604,8,73.4,89.877,Optimal,89.877,89.877,0.0,87.864,8.02683,0.39084,329.1,0.578688
sarp-30-15-B-9,,,,,,,,,,,,,,,,,,,30,15,10,177.741,108.74,196.604,8,73.4,89.877,Optimal,89.877,89.877,0.0,87.864,8.02683,0.39084,329.1,0.578688
sarp-30-15-B-9,,,,,,,,,,,,,,,,,,,30,15,10,177.741,108.74,196.604,8,73.4,89.877,Optimal,89.877,89.877,0.0,87.864,8.02683,0.39084,329.1,0.578688
sarp-30-15-B-9,,,,,,,,,,,,,,,,,,,30,15,10,177.741,108.74,196.604,8,73.4,89.877,Optimal,89.877,89.877,0.0,87.864,8.02683,0.39084,329.1,0.578688
sarp-30-15-B-9,,,,,,,,,,,,,,,,,,,30,15,10,177.741,108.74,196.604,8,73.4,89.877,Optimal,89.877,89.877,0.0,87.864,8.02683,0.39084,329.1,0.578688
sarp-30-15-B-9,,,,,,,,,,,,,,,,,,,30,15,10,177.741,108.74,196.604,8,73.4,89.877,Optimal,89.877,89.877,0.0,87.864,8.02683,0.39084,329.1,0.578688
sarp-30-15-B-9,,,,,,,,,,,,,,,,,,,30,15,10,177.741,108.74,196.604,8,73.4,89.877,Optimal,89.877,89.877,0.0,87.864,8.02683,0.39084,329.1,0.578688
sarp-30-15-B-9,,,,,,,,,,,,,,,,,,,30,15,10,177.741,108.74,196.604,8,73.4,89.877,Optimal,89.877,89.877,0.0,87.864,8.02683,0.39084,329.1,0.578688
sarp-30-15-B-9,,,,,,,,,,,,,,,,,,,30,15,10,177.741,108.74,196.604,8,73.4,89.877,Optimal,89.877,89.877,0.0,87.864,8.02683,0.39084,329.1,0.578688
sarp-30-15-B-9,,,,,,,,,,,,,,,,,,,30,15,10,177.741,108.74,196.604,8,73.4,89.877,Optimal,89.877,89.877,0.0,87.864,8.02683,0.39084,329.1,0.578688
sarp-30-15-B-9,,,,,,,,,,,,,,,,,,,30,15,10,177.741,108.74,196.604,8,73.4,89.877,Optimal,89.877,89.877,0.0,87.864,8.02683,0.39084,329.1,0.578688
sarp-30-15-B-9,,,,,,,,,,,,,,,,,,,30,15,10,177.741,108.74,196.604,8,73.4,89.877,Optimal,89.877,89.877,0.0,87.864,8.02683,0.39084,329.1,0.578688
sarp-30-15-B-9,,,,,,,,,,,,,,,,,,,30,15,10,177.741,108.74,196.604,8,73.4,89.877,Optimal,89.877,89.877,0.0,87.864,8.02683,0.39084,329.1,0.578688
sarp-30-15-B-9,,,,,,,,,,,,,,,,,,,30,15,10,177.741,108.74,196.604,8,73.4,89.877,Optimal,89.877,89.877,0.0,87.864,8.02683,0.39084,329.1,0.578688
sarp-30-15-B-9,,,,,,,,,,,,,,,,,,,30,15,10,177.741,108.74,196.604,8,73.4,89.877,Optimal,89.877,89.877,0.0,87.864,8.02683,0.39084,329.1,0.578688
sarp-30-15-B-9,,,,,,,,,,,,,,,,,,,30,15,10,177.741,108.74,196.604,8,73.4,89.877,Optimal,89.877,89.877,0.0,87.864,8.02683,0.39084,329.1,0.578688
sarp-30-15-B-9,,,,,,,,,,,,,,,,,,,30,15,10,177.741,108.74,196.604,8,73.4,89.877,Optimal,89.877,89.877,0.0,87.864,8.02683,0.39084,329.1,0.578688
sarp-30-15-B-9,,,,,,,,,,,,,,,,,,,30,15,10,177.741,108.74,196.604,8,73.4,89.877,Optimal,89.877,89.877,0.0,87.864,8.02683,0.39084,329.1,0.578688
sarp-30-15-B-9,,,,,,,,,,,,,,,,,,,30,15,10,177.741,108.74,196.604,8,73.4,89.877,Optimal,89.877,89.877,0.0,87.864,8.02683,0.39084,329.1,0.578688
sarp-30-15-B-9,,,,,,,,,,,,,,,,,,,30,15,10,177.741,108.74,196.604,8,73.4,89.877,Optimal,89.877,89.877,0.0,87.864,8.02683,0.39084,329.1,0.578688
sarp-30-15-B-9,,,,,,,,,,,,,,,,,,,30,15,10,177.741,108.74,196.604,8,73.4,89.877,Optimal,89.877,89.877,0.0,87.864,8.02683,0.39084,329.1,0.578688
sarp-30-15-B-9,,,,,,,,,,,,,,,,,,,30,15,10,177.741,108.74,196.604,8,73.4,89.877,Optimal,89.877,89.877,0.0,87.864,8.02683,0.39084,329.1,0.578688
sarp-30-15-B-10,,,,,,,,,,,,,,,,,,,30,15,13,194.1,142.69,222.41,9,323.45,114.38,Optimal,114.38,114.389,0.00821744,79.72,7.99268,0.345918,327.7,0.501454
sarp-30-15-B-10,,,,,,,,,,,,,,,,,,,30,15,13,194.1,142.69,222.41,9,323.45,114.38,Optimal,114.38,114.389,0.00821744,79.72,7.99268,0.345918,327.7,0.501454
sarp-30-15-B-10,,,,,,,,,,,,,,,,,,,30,15,13,194.1,142.69,222.41,9,323.45,114.38,Optimal,114.38,114.389,0.00821744,79.72,7.99268,0.345918,327.7,0.501454
sarp-30-15-B-10,,,,,,,,,,,,,,,,,,,30,15,13,194.1,142.69,222.41,9,323.45,114.38,Optimal,114.38,114.389,0.00821744,79.72,7.99268,0.345918,327.7,0.501454
sarp-30-15-B-10,,,,,,,,,,,,,,,,,,,30,15,13,194.1,142.69,222.41,9,323.45,114.38,Optimal,114.38,114.389,0.00821744,79.72,7.99268,0.345918,327.7,0.501454
sarp-30-15-B-10,,,,,,,,,,,,,,,,,,,30,15,13,194.1,142.69,222.41,9,323.45,114.38,Optimal,114.38,114.389,0.00821744,79.72,7.99268,0.345918,327.7,0.501454
sarp-30-15-B-10,,,,,,,,,,,,,,,,,,,30,15,13,194.1,142.69,222.41,9,323.45,114.38,Optimal,114.38,114.389,0.00821744,79.72,7.99268,0.345918,327.7,0.501454
sarp-30-15-B-10,,,,,,,,,,,,,,,,,,,30,15,13,194.1,142.69,222.41,9,323.45,114.38,Optimal,114.38,114.389,0.00821744,79.72,7.99268,0.345918,327.7,0.501454
sarp-30-15-B-10,,,,,,,,,,,,,,,,,,,30,15,13,194.1,142.69,222.41,9,323.45,114.38,Optimal,114.38,114.389,0.00821744,79.72,7.99268,0.345918,327.7,0.501454
sarp-30-15-B-10,,,,,,,,,,,,,,,,,,,30,15,13,194.1,142.69,222.41,9,323.45,114.38,Optimal,114.38,114.389,0.00821744,79.72,7.99268,0.345918,327.7,0.501454
sarp-30-15-B-10,,,,,,,,,,,,,,,,,,,30,15,13,194.1,142.69,222.41,9,323.45,114.38,Optimal,114.38,114.389,0.00821744,79.72,7.99268,0.345918,327.7,0.501454
sarp-30-15-B-10,,,,,,,,,,,,,,,,,,,30,15,13,194.1,142.69,222.41,9,323.45,114.38,Optimal,114.38,114.389,0.00821744,79.72,7.99268,0.345918,327.7,0.501454
sarp-30-15-B-10,,,,,,,,,,,,,,,,,,,30,15,13,194.1,142.69,222.41,9,323.45,114.38,Optimal,114.38,114.389,0.00821744,79.72,7.99268,0.345918,327.7,0.501454
sarp-30-15-B-10,,,,,,,,,,,,,,,,,,,30,15,13,194.1,142.69,222.41,9,323.45,114.38,Optimal,114.38,114.389,0.00821744,79.72,7.99268,0.345918,327.7,0.501454
sarp-30-15-B-10,,,,,,,,,,,,,,,,,,,30,15,13,194.1,142.69,222.41,9,323.45,114.38,Optimal,114.38,114.389,0.00821744,79.72,7.99268,0.345918,327.7,0.501454
sarp-30-15-B-10,,,,,,,,,,,,,,,,,,,30,15,13,194.1,142.69,222.41,9,323.45,114.38,Optimal,114.38,114.389,0.00821744,79.72,7.99268,0.345918,327.7,0.501454
sarp-30-15-B-10,,,,,,,,,,,,,,,,,,,30,15,13,194.1,142.69,222.41,9,323.45,114.38,Optimal,114.38,114.389,0.00821744,79.72,7.99268,0.345918,327.7,0.501454
sarp-30-15-B-10,,,,,,,,,,,,,,,,,,,30,15,13,194.1,142.69,222.41,9,323.45,114.38,Optimal,114.38,114.389,0.00821744,79.72,7.99268,0.345918,327.7,0.501454
sarp-30-15-B-10,,,,,,,,,,,,,,,,,,,30,15,13,194.1,142.69,222.41,9,323.45,114.38,Optimal,114.38,114.389,0.00821744,79.72,7.99268,0.345918,327.7,0.501454
sarp-30-15-B-10,,,,,,,,,,,,,,,,,,,30,15,13,194.1,142.69,222.41,9,323.45,114.38,Optimal,114.38,114.389,0.00821744,79.72,7.99268,0.345918,327.7,0.501454
sarp-30-15-B-10,,,,,,,,,,,,,,,,,,,30,15,13,194.1,142.69,222.41,9,323.45,114.38,Optimal,114.38,114.389,0.00821744,79.72,7.99268,0.345918,327.7,0.501454
sarp-30-15-B-10,,,,,,,,,,,,,,,,,,,30,15,13,194.1,142.69,222.41,9,323.45,114.38,Optimal,114.38,114.389,0.00821744,79.72,7.99268,0.345918,327.7,0.501454
sarp-30-15-B-10,,,,,,,,,,,,,,,,,,,30,15,13,194.1,142.69,222.41,9,323.45,114.38,Optimal,114.38,114.389,0.00821744,79.72,7.99268,0.345918,327.7,0.501454
sarp-30-15-B-10,,,,,,,,,,,,,,,,,,,30,15,13,194.1,142.69,222.41,9,323.45,114.38,Optimal,114.38,114.389,0.00821744,79.72,7.99268,0.345918,327.7,0.501454
sarp-30-15-B-10,,,,,,,,,,,,,,,,,,,30,15,13,194.1,142.69,222.41,9,323.45,114.38,Optimal,114.38,114.389,0.00821744,79.72,7.99268,0.345918,327.7,0.501454
sarp-30-15-B-10,,,,,,,,,,,,,,,,,,,30,15,13,194.1,142.69,222.41,9,323.45,114.38,Optimal,114.38,114.389,0.00821744,79.72,7.99268,0.345918,327.7,0.501454
sarp-30-15-B-10,,,,,,,,,,,,,,,,,,,30,15,13,194.1,142.69,222.41,9,323.45,114.38,Optimal,114.38,114.389,0.00821744,79.72,7.99268,0.345918,327.7,0.501454
sarp-30-15-B-10,,,,,,,,,,,,,,,,,,,30,15,13,194.1,142.69,222.41,9,323.45,114.38,Optimal,114.38,114.389,0.00821744,79.72,7.99268,0.345918,327.7,0.501454
sarp-30-15-C-9,,,,,,,,,,,,,,,,,,,30,15,14,511.191,379.407,386.308,10,7195.27,504.29,Feasible,504.29,545.14,7.49348,6.901,9.31707,0.204632,382.0,0.243918
sarp-30-15-C-9,,,,,,,,,,,,,,,,,,,30,15,14,511.191,379.407,386.308,10,7195.27,504.29,Feasible,504.29,545.14,7.49348,6.901,9.31707,0.204632,382.0,0.243918
sarp-30-15-C-9,,,,,,,,,,,,,,,,,,,30,15,14,511.191,379.407,386.308,10,7195.27,504.29,Feasible,504.29,545.14,7.49348,6.901,9.31707,0.204632,382.0,0.243918
sarp-30-15-C-9,,,,,,,,,,,,,,,,,,,30,15,14,511.191,379.407,386.308,10,7195.27,504.29,Feasible,504.29,545.14,7.49348,6.901,9.31707,0.204632,382.0,0.243918
sarp-30-15-C-9,,,,,,,,,,,,,,,,,,,30,15,14,511.191,379.407,386.308,10,7195.27,504.29,Feasible,504.29,545.14,7.49348,6.901,9.31707,0.204632,382.0,0.243918
sarp-30-15-C-9,,,,,,,,,,,,,,,,,,,30,15,14,511.191,379.407,386.308,10,7195.27,504.29,Feasible,504.29,545.14,7.49348,6.901,9.31707,0.204632,382.0,0.243918
sarp-30-15-C-9,,,,,,,,,,,,,,,,,,,30,15,14,511.191,379.407,386.308,10,7195.27,504.29,Feasible,504.29,545.14,7.49348,6.901,9.31707,0.204632,382.0,0.243918
sarp-30-15-C-9,,,,,,,,,,,,,,,,,,,30,15,14,511.191,379.407,386.308,10,7195.27,504.29,Feasible,504.29,545.14,7.49348,6.901,9.31707,0.204632,382.0,0.243918
sarp-30-15-C-9,,,,,,,,,,,,,,,,,,,30,15,14,511.191,379.407,386.308,10,7195.27,504.29,Feasible,504.29,545.14,7.49348,6.901,9.31707,0.204632,382.0,0.243918
sarp-30-15-C-9,,,,,,,,,,,,,,,,,,,30,15,14,511.191,379.407,386.308,10,7195.27,504.29,Feasible,504.29,545.14,7.49348,6.901,9.31707,0.204632,382.0,0.243918
sarp-30-15-C-9,,,,,,,,,,,,,,,,,,,30,15,14,511.191,379.407,386.308,10,7195.27,504.29,Feasible,504.29,545.14,7.49348,6.901,9.31707,0.204632,382.0,0.243918
sarp-30-15-C-9,,,,,,,,,,,,,,,,,,,30,15,14,511.191,379.407,386.308,10,7195.27,504.29,Feasible,504.29,545.14,7.49348,6.901,9.31707,0.204632,382.0,0.243918
sarp-30-15-C-9,,,,,,,,,,,,,,,,,,,30,15,14,511.191,379.407,386.308,10,7195.27,504.29,Feasible,504.29,545.14,7.49348,6.901,9.31707,0.204632,382.0,0.243918
sarp-30-15-C-9,,,,,,,,,,,,,,,,,,,30,15,14,511.191,379.407,386.308,10,7195.27,504.29,Feasible,504.29,545.14,7.49348,6.901,9.31707,0.204632,382.0,0.243918
sarp-30-15-C-9,,,,,,,,,,,,,,,,,,,30,15,14,511.191,379.407,386.308,10,7195.27,504.29,Feasible,504.29,545.14,7.49348,6.901,9.31707,0.204632,382.0,0.243918
sarp-30-15-C-9,,,,,,,,,,,,,,,,,,,30,15,14,511.191,379.407,386.308,10,7195.27,504.29,Feasible,504.29,545.14,7.49348,6.901,9.31707,0.204632,382.0,0.243918
sarp-30-15-C-9,,,,,,,,,,,,,,,,,,,30,15,14,511.191,379.407,386.308,10,7195.27,504.29,Feasible,504.29,545.14,7.49348,6.901,9.31707,0.204632,382.0,0.243918
sarp-30-15-C-9,,,,,,,,,,,,,,,,,,,30,15,14,511.191,379.407,386.308,10,7195.27,504.29,Feasible,504.29,545.14,7.49348,6.901,9.31707,0.204632,382.0,0.243918
sarp-30-15-C-9,,,,,,,,,,,,,,,,,,,30,15,14,511.191,379.407,386.308,10,7195.27,504.29,Feasible,504.29,545.14,7.49348,6.901,9.31707,0.204632,382.0,0.243918
sarp-30-15-C-9,,,,,,,,,,,,,,,,,,,30,15,14,511.191,379.407,386.308,10,7195.27,504.29,Feasible,504.29,545.14,7.49348,6.901,9.31707,0.204632,382.0,0.243918
sarp-30-15-C-9,,,,,,,,,,,,,,,,,,,30,15,14,511.191,379.407,386.308,10,7195.27,504.29,Feasible,504.29,545.14,7.49348,6.901,9.31707,0.204632,382.0,0.243918
sarp-30-15-C-9,,,,,,,,,,,,,,,,,,,30,15,14,511.191,379.407,386.308,10,7195.27,504.29,Feasible,504.29,545.14,7.49348,6.901,9.31707,0.204632,382.0,0.243918
sarp-30-15-C-9,,,,,,,,,,,,,,,,,,,30,15,14,511.191,379.407,386.308,10,7195.27,504.29,Feasible,504.29,545.14,7.49348,6.901,9.31707,0.204632,382.0,0.243918
sarp-30-15-C-9,,,,,,,,,,,,,,,,,,,30,15,14,511.191,379.407,386.308,10,7195.27,504.29,Feasible,504.29,545.14,7.49348,6.901,9.31707,0.204632,382.0,0.243918
sarp-30-15-C-9,,,,,,,,,,,,,,,,,,,30,15,14,511.191,379.407,386.308,10,7195.27,504.29,Feasible,504.29,545.14,7.49348,6.901,9.31707,0.204632,382.0,0.243918
sarp-30-15-C-9,,,,,,,,,,,,,,,,,,,30,15,14,511.191,379.407,386.308,10,7195.27,504.29,Feasible,504.29,545.14,7.49348,6.901,9.31707,0.204632,382.0,0.243918
sarp-30-15-C-9,,,,,,,,,,,,,,,,,,,30,15,14,511.191,379.407,386.308,10,7195.27,504.29,Feasible,504.29,545.14,7.49348,6.901,9.31707,0.204632,382.0,0.243918
sarp-30-15-C-9,,,,,,,,,,,,,,,,,,,30,15,14,511.191,379.407,386.308,10,7195.27,504.29,Feasible,504.29,545.14,7.49348,6.901,9.31707,0.204632,382.0,0.243918
sarp-30-15-C-10,,,,,,,,,,,,,,,,,,,30,15,10,540.603,254.903,329.912,8,7170.05,465.594,Feasible,465.594,536.405,13.201,75.009,10.4463,0.242192,428.3,0.286469
sarp-30-15-C-10,,,,,,,,,,,,,,,,,,,30,15,10,540.603,254.903,329.912,8,7170.05,465.594,Feasible,465.594,536.405,13.201,75.009,10.4463,0.242192,428.3,0.286469
sarp-30-15-C-10,,,,,,,,,,,,,,,,,,,30,15,10,540.603,254.903,329.912,8,7170.05,465.594,Feasible,465.594,536.405,13.201,75.009,10.4463,0.242192,428.3,0.286469
sarp-30-15-C-10,,,,,,,,,,,,,,,,,,,30,15,10,540.603,254.903,329.912,8,7170.05,465.594,Feasible,465.594,536.405,13.201,75.009,10.4463,0.242192,428.3,0.286469
sarp-30-15-C-10,,,,,,,,,,,,,,,,,,,30,15,10,540.603,254.903,329.912,8,7170.05,465.594,Feasible,465.594,536.405,13.201,75.009,10.4463,0.242192,428.3,0.286469
sarp-30-15-C-10,,,,,,,,,,,,,,,,,,,30,15,10,540.603,254.903,329.912,8,7170.05,465.594,Feasible,465.594,536.405,13.201,75.009,10.4463,0.242192,428.3,0.286469
sarp-30-15-C-10,,,,,,,,,,,,,,,,,,,30,15,10,540.603,254.903,329.912,8,7170.05,465.594,Feasible,465.594,536.405,13.201,75.009,10.4463,0.242192,428.3,0.286469
sarp-30-15-C-10,,,,,,,,,,,,,,,,,,,30,15,10,540.603,254.903,329.912,8,7170.05,465.594,Feasible,465.594,536.405,13.201,75.009,10.4463,0.242192,428.3,0.286469
sarp-30-15-C-10,,,,,,,,,,,,,,,,,,,30,15,10,540.603,254.903,329.912,8,7170.05,465.594,Feasible,465.594,536.405,13.201,75.009,10.4463,0.242192,428.3,0.286469
sarp-30-15-C-10,,,,,,,,,,,,,,,,,,,30,15,10,540.603,254.903,329.912,8,7170.05,465.594,Feasible,465.594,536.405,13.201,75.009,10.4463,0.242192,428.3,0.286469
sarp-30-15-C-10,,,,,,,,,,,,,,,,,,,30,15,10,540.603,254.903,329.912,8,7170.05,465.594,Feasible,465.594,536.405,13.201,75.009,10.4463,0.242192,428.3,0.286469
sarp-30-15-C-10,,,,,,,,,,,,,,,,,,,30,15,10,540.603,254.903,329.912,8,7170.05,465.594,Feasible,465.594,536.405,13.201,75.009,10.4463,0.242192,428.3,0.286469
sarp-30-15-C-10,,,,,,,,,,,,,,,,,,,30,15,10,540.603,254.903,329.912,8,7170.05,465.594,Feasible,465.594,536.405,13.201,75.009,10.4463,0.242192,428.3,0.286469
sarp-30-15-C-10,,,,,,,,,,,,,,,,,,,30,15,10,540.603,254.903,329.912,8,7170.05,465.594,Feasible,465.594,536.405,13.201,75.009,10.4463,0.242192,428.3,0.286469
sarp-30-15-C-10,,,,,,,,,,,,,,,,,,,30,15,10,540.603,254.903,329.912,8,7170.05,465.594,Feasible,465.594,536.405,13.201,75.009,10.4463,0.242192,428.3,0.286469
sarp-30-15-C-10,,,,,,,,,,,,,,,,,,,30,15,10,540.603,254.903,329.912,8,7170.05,465.594,Feasible,465.594,536.405,13.201,75.009,10.4463,0.242192,428.3,0.286469
sarp-30-15-C-10,,,,,,,,,,,,,,,,,,,30,15,10,540.603,254.903,329.912,8,7170.05,465.594,Feasible,465.594,536.405,13.201,75.009,10.4463,0.242192,428.3,0.286469
sarp-30-15-C-10,,,,,,,,,,,,,,,,,,,30,15,10,540.603,254.903,329.912,8,7170.05,465.594,Feasible,465.594,536.405,13.201,75.009,10.4463,0.242192,428.3,0.286469
sarp-30-15-C-10,,,,,,,,,,,,,,,,,,,30,15,10,540.603,254.903,329.912,8,7170.05,465.594,Feasible,465.594,536.405,13.201,75.009,10.4463,0.242192,428.3,0.286469
sarp-30-15-C-10,,,,,,,,,,,,,,,,,,,30,15,10,540.603,254.903,329.912,8,7170.05,465.594,Feasible,465.594,536.405,13.201,75.009,10.4463,0.242192,428.3,0.286469
sarp-30-15-C-10,,,,,,,,,,,,,,,,,,,30,15,10,540.603,254.903,329.912,8,7170.05,465.594,Feasible,465.594,536.405,13.201,75.009,10.4463,0.242192,428.3,0.286469
sarp-30-15-C-10,,,,,,,,,,,,,,,,,,,30,15,10,540.603,254.903,329.912,8,7170.05,465.594,Feasible,465.594,536.405,13.201,75.009,10.4463,0.242192,428.3,0.286469
sarp-30-15-C-10,,,,,,,,,,,,,,,,,,,30,15,10,540.603,254.903,329.912,8,7170.05,465.594,Feasible,465.594,536.405,13.201,75.009,10.4463,0.242192,428.3,0.286469
sarp-30-15-C-10,,,,,,,,,,,,,,,,,,,30,15,10,540.603,254.903,329.912,8,7170.05,465.594,Feasible,465.594,536.405,13.201,75.009,10.4463,0.242192,428.3,0.286469
sarp-30-15-C-10,,,,,,,,,,,,,,,,,,,30,15,10,540.603,254.903,329.912,8,7170.05,465.594,Feasible,465.594,536.405,13.201,75.009,10.4463,0.242192,428.3,0.286469
sarp-30-15-C-10,,,,,,,,,,,,,,,,,,,30,15,10,540.603,254.903,329.912,8,7170.05,465.594,Feasible,465.594,536.405,13.201,75.009,10.4463,0.242192,428.3,0.286469
sarp-30-15-C-10,,,,,,,,,,,,,,,,,,,30,15,10,540.603,254.903,329.912,8,7170.05,465.594,Feasible,465.594,536.405,13.201,75.009,10.4463,0.242192,428.3,0.286469
sarp-30-15-C-10,,,,,,,,,,,,,,,,,,,30,15,10,540.603,254.903,329.912,8,7170.05,465.594,Feasible,465.594,536.405,13.201,75.009,10.4463,0.242192,428.3,0.286469
sarp-40-20-A-9,,,,,,,,,,,,,,,,,,,40,20,11,210.54,66.494,220.248,10,5.18,56.786,Optimal,56.786,56.786,-5.00506e-14,153.754,8.9,0.376457,364.9,0.58779
sarp-40-20-A-9,,,,,,,,,,,,,,,,,,,40,20,11,210.54,66.494,220.248,10,5.18,56.786,Optimal,56.786,56.786,-5.00506e-14,153.754,8.9,0.376457,364.9,0.58779
sarp-40-20-A-9,,,,,,,,,,,,,,,,,,,40,20,11,210.54,66.494,220.248,10,5.18,56.786,Optimal,56.786,56.786,-5.00506e-14,153.754,8.9,0.376457,364.9,0.58779
sarp-40-20-A-9,,,,,,,,,,,,,,,,,,,40,20,11,210.54,66.494,220.248,10,5.18,56.786,Optimal,56.786,56.786,-5.00506e-14,153.754,8.9,0.376457,364.9,0.58779
sarp-40-20-A-9,,,,,,,,,,,,,,,,,,,40,20,11,210.54,66.494,220.248,10,5.18,56.786,Optimal,56.786,56.786,-5.00506e-14,153.754,8.9,0.376457,364.9,0.58779
sarp-40-20-A-9,,,,,,,,,,,,,,,,,,,40,20,11,210.54,66.494,220.248,10,5.18,56.786,Optimal,56.786,56.786,-5.00506e-14,153.754,8.9,0.376457,364.9,0.58779
sarp-40-20-A-9,,,,,,,,,,,,,,,,,,,40,20,11,210.54,66.494,220.248,10,5.18,56.786,Optimal,56.786,56.786,-5.00506e-14,153.754,8.9,0.376457,364.9,0.58779
sarp-40-20-A-9,,,,,,,,,,,,,,,,,,,40,20,11,210.54,66.494,220.248,10,5.18,56.786,Optimal,56.786,56.786,-5.00506e-14,153.754,8.9,0.376457,364.9,0.58779
sarp-40-20-A-9,,,,,,,,,,,,,,,,,,,40,20,11,210.54,66.494,220.248,10,5.18,56.786,Optimal,56.786,56.786,-5.00506e-14,153.754,8.9,0.376457,364.9,0.58779
sarp-40-20-A-9,,,,,,,,,,,,,,,,,,,40,20,11,210.54,66.494,220.248,10,5.18,56.786,Optimal,56.786,56.786,-5.00506e-14,153.754,8.9,0.376457,364.9,0.58779
sarp-40-20-A-9,,,,,,,,,,,,,,,,,,,40,20,11,210.54,66.494,220.248,10,5.18,56.786,Optimal,56.786,56.786,-5.00506e-14,153.754,8.9,0.376457,364.9,0.58779
sarp-40-20-A-9,,,,,,,,,,,,,,,,,,,40,20,11,210.54,66.494,220.248,10,5.18,56.786,Optimal,56.786,56.786,-5.00506e-14,153.754,8.9,0.376457,364.9,0.58779
sarp-40-20-A-9,,,,,,,,,,,,,,,,,,,40,20,11,210.54,66.494,220.248,10,5.18,56.786,Optimal,56.786,56.786,-5.00506e-14,153.754,8.9,0.376457,364.9,0.58779
sarp-40-20-A-9,,,,,,,,,,,,,,,,,,,40,20,11,210.54,66.494,220.248,10,5.18,56.786,Optimal,56.786,56.786,-5.00506e-14,153.754,8.9,0.376457,364.9,0.58779
sarp-40-20-A-9,,,,,,,,,,,,,,,,,,,40,20,11,210.54,66.494,220.248,10,5.18,56.786,Optimal,56.786,56.786,-5.00506e-14,153.754,8.9,0.376457,364.9,0.58779
sarp-40-20-A-9,,,,,,,,,,,,,,,,,,,40,20,11,210.54,66.494,220.248,10,5.18,56.786,Optimal,56.786,56.786,-5.00506e-14,153.754,8.9,0.376457,364.9,0.58779
sarp-40-20-A-9,,,,,,,,,,,,,,,,,,,40,20,11,210.54,66.494,220.248,10,5.18,56.786,Optimal,56.786,56.786,-5.00506e-14,153.754,8.9,0.376457,364.9,0.58779
sarp-40-20-A-9,,,,,,,,,,,,,,,,,,,40,20,11,210.54,66.494,220.248,10,5.18,56.786,Optimal,56.786,56.786,-5.00506e-14,153.754,8.9,0.376457,364.9,0.58779
sarp-40-20-A-9,,,,,,,,,,,,,,,,,,,40,20,11,210.54,66.494,220.248,10,5.18,56.786,Optimal,56.786,56.786,-5.00506e-14,153.754,8.9,0.376457,364.9,0.58779
sarp-40-20-A-9,,,,,,,,,,,,,,,,,,,40,20,11,210.54,66.494,220.248,10,5.18,56.786,Optimal,56.786,56.786,-5.00506e-14,153.754,8.9,0.376457,364.9,0.58779
sarp-40-20-A-9,,,,,,,,,,,,,,,,,,,40,20,11,210.54,66.494,220.248,10,5.18,56.786,Optimal,56.786,56.786,-5.00506e-14,153.754,8.9,0.376457,364.9,0.58779
sarp-40-20-A-9,,,,,,,,,,,,,,,,,,,40,20,11,210.54,66.494,220.248,10,5.18,56.786,Optimal,56.786,56.786,-5.00506e-14,153.754,8.9,0.376457,364.9,0.58779
sarp-40-20-A-9,,,,,,,,,,,,,,,,,,,40,20,11,210.54,66.494,220.248,10,5.18,56.786,Optimal,56.786,56.786,-5.00506e-14,153.754,8.9,0.376457,364.9,0.58779
sarp-40-20-A-9,,,,,,,,,,,,,,,,,,,40,20,11,210.54,66.494,220.248,10,5.18,56.786,Optimal,56.786,56.786,-5.00506e-14,153.754,8.9,0.376457,364.9,0.58779
sarp-40-20-A-9,,,,,,,,,,,,,,,,,,,40,20,11,210.54,66.494,220.248,10,5.18,56.786,Optimal,56.786,56.786,-5.00506e-14,153.754,8.9,0.376457,364.9,0.58779
sarp-40-20-A-9,,,,,,,,,,,,,,,,,,,40,20,11,210.54,66.494,220.248,10,5.18,56.786,Optimal,56.786,56.786,-5.00506e-14,153.754,8.9,0.376457,364.9,0.58779
sarp-40-20-A-9,,,,,,,,,,,,,,,,,,,40,20,11,210.54,66.494,220.248,10,5.18,56.786,Optimal,56.786,56.786,-5.00506e-14,153.754,8.9,0.376457,364.9,0.58779
sarp-40-20-A-9,,,,,,,,,,,,,,,,,,,40,20,11,210.54,66.494,220.248,10,5.18,56.786,Optimal,56.786,56.786,-5.00506e-14,153.754,8.9,0.376457,364.9,0.58779
sarp-40-20-A-10,,,,,,,,,,,,,,,,,,,40,20,14,192.528,97.456,206.77,10,43.73,83.214,Optimal,83.214,83.2215,0.00905691,109.314,8.17073,0.360642,335.0,0.598321
sarp-40-20-A-10,,,,,,,,,,,,,,,,,,,40,20,14,192.528,97.456,206.77,10,43.73,83.214,Optimal,83.214,83.2215,0.00905691,109.314,8.17073,0.360642,335.0,0.598321
sarp-40-20-A-10,,,,,,,,,,,,,,,,,,,40,20,14,192.528,97.456,206.77,10,43.73,83.214,Optimal,83.214,83.2215,0.00905691,109.314,8.17073,0.360642,335.0,0.598321
sarp-40-20-A-10,,,,,,,,,,,,,,,,,,,40,20,14,192.528,97.456,206.77,10,43.73,83.214,Optimal,83.214,83.2215,0.00905691,109.314,8.17073,0.360642,335.0,0.598321
sarp-40-20-A-10,,,,,,,,,,,,,,,,,,,40,20,14,192.528,97.456,206.77,10,43.73,83.214,Optimal,83.214,83.2215,0.00905691,109.314,8.17073,0.360642,335.0,0.598321
sarp-40-20-A-10,,,,,,,,,,,,,,,,,,,40,20,14,192.528,97.456,206.77,10,43.73,83.214,Optimal,83.214,83.2215,0.00905691,109.314,8.17073,0.360642,335.0,0.598321
sarp-40-20-A-10,,,,,,,,,,,,,,,,,,,40,20,14,192.528,97.456,206.77,10,43.73,83.214,Optimal,83.214,83.2215,0.00905691,109.314,8.17073,0.360642,335.0,0.598321
sarp-40-20-A-10,,,,,,,,,,,,,,,,,,,40,20,14,192.528,97.456,206.77,10,43.73,83.214,Optimal,83.214,83.2215,0.00905691,109.314,8.17073,0.360642,335.0,0.598321
sarp-40-20-A-10,,,,,,,,,,,,,,,,,,,40,20,14,192.528,97.456,206.77,10,43.73,83.214,Optimal,83.214,83.2215,0.00905691,109.314,8.17073,0.360642,335.0,0.598321
sarp-40-20-A-10,,,,,,,,,,,,,,,,,,,40,20,14,192.528,97.456,206.77,10,43.73,83.214,Optimal,83.214,83.2215,0.00905691,109.314,8.17073,0.360642,335.0,0.598321
sarp-40-20-A-10,,,,,,,,,,,,,,,,,,,40,20,14,192.528,97.456,206.77,10,43.73,83.214,Optimal,83.214,83.2215,0.00905691,109.314,8.17073,0.360642,335.0,0.598321
sarp-40-20-A-10,,,,,,,,,,,,,,,,,,,40,20,14,192.528,97.456,206.77,10,43.73,83.214,Optimal,83.214,83.2215,0.00905691,109.314,8.17073,0.360642,335.0,0.598321
sarp-40-20-A-10,,,,,,,,,,,,,,,,,,,40,20,14,192.528,97.456,206.77,10,43.73,83.214,Optimal,83.214,83.2215,0.00905691,109.314,8.17073,0.360642,335.0,0.598321
sarp-40-20-A-10,,,,,,,,,,,,,,,,,,,40,20,14,192.528,97.456,206.77,10,43.73,83.214,Optimal,83.214,83.2215,0.00905691,109.314,8.17073,0.360642,335.0,0.598321
sarp-40-20-A-10,,,,,,,,,,,,,,,,,,,40,20,14,192.528,97.456,206.77,10,43.73,83.214,Optimal,83.214,83.2215,0.00905691,109.314,8.17073,0.360642,335.0,0.598321
sarp-40-20-A-10,,,,,,,,,,,,,,,,,,,40,20,14,192.528,97.456,206.77,10,43.73,83.214,Optimal,83.214,83.2215,0.00905691,109.314,8.17073,0.360642,335.0,0.598321
sarp-40-20-A-10,,,,,,,,,,,,,,,,,,,40,20,14,192.528,97.456,206.77,10,43.73,83.214,Optimal,83.214,83.2215,0.00905691,109.314,8.17073,0.360642,335.0,0.598321
sarp-40-20-A-10,,,,,,,,,,,,,,,,,,,40,20,14,192.528,97.456,206.77,10,43.73,83.214,Optimal,83.214,83.2215,0.00905691,109.314,8.17073,0.360642,335.0,0.598321
sarp-40-20-A-10,,,,,,,,,,,,,,,,,,,40,20,14,192.528,97.456,206.77,10,43.73,83.214,Optimal,83.214,83.2215,0.00905691,109.314,8.17073,0.360642,335.0,0.598321
sarp-40-20-A-10,,,,,,,,,,,,,,,,,,,40,20,14,192.528,97.456,206.77,10,43.73,83.214,Optimal,83.214,83.2215,0.00905691,109.314,8.17073,0.360642,335.0,0.598321
sarp-40-20-A-10,,,,,,,,,,,,,,,,,,,40,20,14,192.528,97.456,206.77,10,43.73,83.214,Optimal,83.214,83.2215,0.00905691,109.314,8.17073,0.360642,335.0,0.598321
sarp-40-20-A-10,,,,,,,,,,,,,,,,,,,40,20,14,192.528,97.456,206.77,10,43.73,83.214,Optimal,83.214,83.2215,0.00905691,109.314,8.17073,0.360642,335.0,0.598321
sarp-40-20-A-10,,,,,,,,,,,,,,,,,,,40,20,14,192.528,97.456,206.77,10,43.73,83.214,Optimal,83.214,83.2215,0.00905691,109.314,8.17073,0.360642,335.0,0.598321
sarp-40-20-A-10,,,,,,,,,,,,,,,,,,,40,20,14,192.528,97.456,206.77,10,43.73,83.214,Optimal,83.214,83.2215,0.00905691,109.314,8.17073,0.360642,335.0,0.598321
sarp-40-20-A-10,,,,,,,,,,,,,,,,,,,40,20,14,192.528,97.456,206.77,10,43.73,83.214,Optimal,83.214,83.2215,0.00905691,109.314,8.17073,0.360642,335.0,0.598321
sarp-40-20-A-10,,,,,,,,,,,,,,,,,,,40,20,14,192.528,97.456,206.77,10,43.73,83.214,Optimal,83.214,83.2215,0.00905691,109.314,8.17073,0.360642,335.0,0.598321
sarp-40-20-A-10,,,,,,,,,,,,,,,,,,,40,20,14,192.528,97.456,206.77,10,43.73,83.214,Optimal,83.214,83.2215,0.00905691,109.314,8.17073,0.360642,335.0,0.598321
sarp-40-20-A-10,,,,,,,,,,,,,,,,,,,40,20,14,192.528,97.456,206.77,10,43.73,83.214,Optimal,83.214,83.2215,0.00905691,109.314,8.17073,0.360642,335.0,0.598321
sarp-40-20-B-9,,,,,,,,,,,,,,,,,,,40,20,13,228.552,109.988,211.186,12,1781.88,127.354,Optimal,127.354,127.356,0.00179132,101.198,8.74146,0.360249,358.4,0.566461
sarp-40-20-B-9,,,,,,,,,,,,,,,,,,,40,20,13,228.552,109.988,211.186,12,1781.88,127.354,Optimal,127.354,127.356,0.00179132,101.198,8.74146,0.360249,358.4,0.566461
sarp-40-20-B-9,,,,,,,,,,,,,,,,,,,40,20,13,228.552,109.988,211.186,12,1781.88,127.354,Optimal,127.354,127.356,0.00179132,101.198,8.74146,0.360249,358.4,0.566461
sarp-40-20-B-9,,,,,,,,,,,,,,,,,,,40,20,13,228.552,109.988,211.186,12,1781.88,127.354,Optimal,127.354,127.356,0.00179132,101.198,8.74146,0.360249,358.4,0.566461
sarp-40-20-B-9,,,,,,,,,,,,,,,,,,,40,20,13,228.552,109.988,211.186,12,1781.88,127.354,Optimal,127.354,127.356,0.00179132,101.198,8.74146,0.360249,358.4,0.566461
sarp-40-20-B-9,,,,,,,,,,,,,,,,,,,40,20,13,228.552,109.988,211.186,12,1781.88,127.354,Optimal,127.354,127.356,0.00179132,101.198,8.74146,0.360249,358.4,0.566461
sarp-40-20-B-9,,,,,,,,,,,,,,,,,,,40,20,13,228.552,109.988,211.186,12,1781.88,127.354,Optimal,127.354,127.356,0.00179132,101.198,8.74146,0.360249,358.4,0.566461
sarp-40-20-B-9,,,,,,,,,,,,,,,,,,,40,20,13,228.552,109.988,211.186,12,1781.88,127.354,Optimal,127.354,127.356,0.00179132,101.198,8.74146,0.360249,358.4,0.566461
sarp-40-20-B-9,,,,,,,,,,,,,,,,,,,40,20,13,228.552,109.988,211.186,12,1781.88,127.354,Optimal,127.354,127.356,0.00179132,101.198,8.74146,0.360249,358.4,0.566461
sarp-40-20-B-9,,,,,,,,,,,,,,,,,,,40,20,13,228.552,109.988,211.186,12,1781.88,127.354,Optimal,127.354,127.356,0.00179132,101.198,8.74146,0.360249,358.4,0.566461
sarp-40-20-B-9,,,,,,,,,,,,,,,,,,,40,20,13,228.552,109.988,211.186,12,1781.88,127.354,Optimal,127.354,127.356,0.00179132,101.198,8.74146,0.360249,358.4,0.566461
sarp-40-20-B-9,,,,,,,,,,,,,,,,,,,40,20,13,228.552,109.988,211.186,12,1781.88,127.354,Optimal,127.354,127.356,0.00179132,101.198,8.74146,0.360249,358.4,0.566461
sarp-40-20-B-9,,,,,,,,,,,,,,,,,,,40,20,13,228.552,109.988,211.186,12,1781.88,127.354,Optimal,127.354,127.356,0.00179132,101.198,8.74146,0.360249,358.4,0.566461
sarp-40-20-B-9,,,,,,,,,,,,,,,,,,,40,20,13,228.552,109.988,211.186,12,1781.88,127.354,Optimal,127.354,127.356,0.00179132,101.198,8.74146,0.360249,358.4,0.566461
sarp-40-20-B-9,,,,,,,,,,,,,,,,,,,40,20,13,228.552,109.988,211.186,12,1781.88,127.354,Optimal,127.354,127.356,0.00179132,101.198,8.74146,0.360249,358.4,0.566461
sarp-40-20-B-9,,,,,,,,,,,,,,,,,,,40,20,13,228.552,109.988,211.186,12,1781.88,127.354,Optimal,127.354,127.356,0.00179132,101.198,8.74146,0.360249,358.4,0.566461
sarp-40-20-B-9,,,,,,,,,,,,,,,,,,,40,20,13,228.552,109.988,211.186,12,1781.88,127.354,Optimal,127.354,127.356,0.00179132,101.198,8.74146,0.360249,358.4,0.566461
sarp-40-20-B-9,,,,,,,,,,,,,,,,,,,40,20,13,228.552,109.988,211.186,12,1781.88,127.354,Optimal,127.354,127.356,0.00179132,101.198,8.74146,0.360249,358.4,0.566461
sarp-40-20-B-9,,,,,,,,,,,,,,,,,,,40,20,13,228.552,109.988,211.186,12,1781.88,127.354,Optimal,127.354,127.356,0.00179132,101.198,8.74146,0.360249,358.4,0.566461
sarp-40-20-B-9,,,,,,,,,,,,,,,,,,,40,20,13,228.552,109.988,211.186,12,1781.88,127.354,Optimal,127.354,127.356,0.00179132,101.198,8.74146,0.360249,358.4,0.566461
sarp-40-20-B-9,,,,,,,,,,,,,,,,,,,40,20,13,228.552,109.988,211.186,12,1781.88,127.354,Optimal,127.354,127.356,0.00179132,101.198,8.74146,0.360249,358.4,0.566461
sarp-40-20-B-9,,,,,,,,,,,,,,,,,,,40,20,13,228.552,109.988,211.186,12,1781.88,127.354,Optimal,127.354,127.356,0.00179132,101.198,8.74146,0.360249,358.4,0.566461
sarp-40-20-B-9,,,,,,,,,,,,,,,,,,,40,20,13,228.552,109.988,211.186,12,1781.88,127.354,Optimal,127.354,127.356,0.00179132,101.198,8.74146,0.360249,358.4,0.566461
sarp-40-20-B-9,,,,,,,,,,,,,,,,,,,40,20,13,228.552,109.988,211.186,12,1781.88,127.354,Optimal,127.354,127.356,0.00179132,101.198,8.74146,0.360249,358.4,0.566461
sarp-40-20-B-9,,,,,,,,,,,,,,,,,,,40,20,13,228.552,109.988,211.186,12,1781.88,127.354,Optimal,127.354,127.356,0.00179132,101.198,8.74146,0.360249,358.4,0.566461
sarp-40-20-B-9,,,,,,,,,,,,,,,,,,,40,20,13,228.552,109.988,211.186,12,1781.88,127.354,Optimal,127.354,127.356,0.00179132,101.198,8.74146,0.360249,358.4,0.566461
sarp-40-20-B-9,,,,,,,,,,,,,,,,,,,40,20,13,228.552,109.988,211.186,12,1781.88,127.354,Optimal,127.354,127.356,0.00179132,101.198,8.74146,0.360249,358.4,0.566461
sarp-40-20-B-9,,,,,,,,,,,,,,,,,,,40,20,13,228.552,109.988,211.186,12,1781.88,127.354,Optimal,127.354,127.356,0.00179132,101.198,8.74146,0.360249,358.4,0.566461
sarp-40-20-B-10,,,,,,,,,,,,,,,,,,,40,20,15,234.594,169.086,283.636,10,7195.27,120.044,Feasible,120.044,156.963,23.5209,114.55,9.86098,0.343607,404.3,0.50487
sarp-40-20-B-10,,,,,,,,,,,,,,,,,,,40,20,15,234.594,169.086,283.636,10,7195.27,120.044,Feasible,120.044,156.963,23.5209,114.55,9.86098,0.343607,404.3,0.50487
sarp-40-20-B-10,,,,,,,,,,,,,,,,,,,40,20,15,234.594,169.086,283.636,10,7195.27,120.044,Feasible,120.044,156.963,23.5209,114.55,9.86098,0.343607,404.3,0.50487
sarp-40-20-B-10,,,,,,,,,,,,,,,,,,,40,20,15,234.594,169.086,283.636,10,7195.27,120.044,Feasible,120.044,156.963,23.5209,114.55,9.86098,0.343607,404.3,0.50487
sarp-40-20-B-10,,,,,,,,,,,,,,,,,,,40,20,15,234.594,169.086,283.636,10,7195.27,120.044,Feasible,120.044,156.963,23.5209,114.55,9.86098,0.343607,404.3,0.50487
sarp-40-20-B-10,,,,,,,,,,,,,,,,,,,40,20,15,234.594,169.086,283.636,10,7195.27,120.044,Feasible,120.044,156.963,23.5209,114.55,9.86098,0.343607,404.3,0.50487
sarp-40-20-B-10,,,,,,,,,,,,,,,,,,,40,20,15,234.594,169.086,283.636,10,7195.27,120.044,Feasible,120.044,156.963,23.5209,114.55,9.86098,0.343607,404.3,0.50487
sarp-40-20-B-10,,,,,,,,,,,,,,,,,,,40,20,15,234.594,169.086,283.636,10,7195.27,120.044,Feasible,120.044,156.963,23.5209,114.55,9.86098,0.343607,404.3,0.50487
sarp-40-20-B-10,,,,,,,,,,,,,,,,,,,40,20,15,234.594,169.086,283.636,10,7195.27,120.044,Feasible,120.044,156.963,23.5209,114.55,9.86098,0.343607,404.3,0.50487
sarp-40-20-B-10,,,,,,,,,,,,,,,,,,,40,20,15,234.594,169.086,283.636,10,7195.27,120.044,Feasible,120.044,156.963,23.5209,114.55,9.86098,0.343607,404.3,0.50487
sarp-40-20-B-10,,,,,,,,,,,,,,,,,,,40,20,15,234.594,169.086,283.636,10,7195.27,120.044,Feasible,120.044,156.963,23.5209,114.55,9.86098,0.343607,404.3,0.50487
sarp-40-20-B-10,,,,,,,,,,,,,,,,,,,40,20,15,234.594,169.086,283.636,10,7195.27,120.044,Feasible,120.044,156.963,23.5209,114.55,9.86098,0.343607,404.3,0.50487
sarp-40-20-B-10,,,,,,,,,,,,,,,,,,,40,20,15,234.594,169.086,283.636,10,7195.27,120.044,Feasible,120.044,156.963,23.5209,114.55,9.86098,0.343607,404.3,0.50487
sarp-40-20-B-10,,,,,,,,,,,,,,,,,,,40,20,15,234.594,169.086,283.636,10,7195.27,120.044,Feasible,120.044,156.963,23.5209,114.55,9.86098,0.343607,404.3,0.50487
sarp-40-20-B-10,,,,,,,,,,,,,,,,,,,40,20,15,234.594,169.086,283.636,10,7195.27,120.044,Feasible,120.044,156.963,23.5209,114.55,9.86098,0.343607,404.3,0.50487
sarp-40-20-B-10,,,,,,,,,,,,,,,,,,,40,20,15,234.594,169.086,283.636,10,7195.27,120.044,Feasible,120.044,156.963,23.5209,114.55,9.86098,0.343607,404.3,0.50487
sarp-40-20-B-10,,,,,,,,,,,,,,,,,,,40,20,15,234.594,169.086,283.636,10,7195.27,120.044,Feasible,120.044,156.963,23.5209,114.55,9.86098,0.343607,404.3,0.50487
sarp-40-20-B-10,,,,,,,,,,,,,,,,,,,40,20,15,234.594,169.086,283.636,10,7195.27,120.044,Feasible,120.044,156.963,23.5209,114.55,9.86098,0.343607,404.3,0.50487
sarp-40-20-B-10,,,,,,,,,,,,,,,,,,,40,20,15,234.594,169.086,283.636,10,7195.27,120.044,Feasible,120.044,156.963,23.5209,114.55,9.86098,0.343607,404.3,0.50487
sarp-40-20-B-10,,,,,,,,,,,,,,,,,,,40,20,15,234.594,169.086,283.636,10,7195.27,120.044,Feasible,120.044,156.963,23.5209,114.55,9.86098,0.343607,404.3,0.50487
sarp-40-20-B-10,,,,,,,,,,,,,,,,,,,40,20,15,234.594,169.086,283.636,10,7195.27,120.044,Feasible,120.044,156.963,23.5209,114.55,9.86098,0.343607,404.3,0.50487
sarp-40-20-B-10,,,,,,,,,,,,,,,,,,,40,20,15,234.594,169.086,283.636,10,7195.27,120.044,Feasible,120.044,156.963,23.5209,114.55,9.86098,0.343607,404.3,0.50487
sarp-40-20-B-10,,,,,,,,,,,,,,,,,,,40,20,15,234.594,169.086,283.636,10,7195.27,120.044,Feasible,120.044,156.963,23.5209,114.55,9.86098,0.343607,404.3,0.50487
sarp-40-20-B-10,,,,,,,,,,,,,,,,,,,40,20,15,234.594,169.086,283.636,10,7195.27,120.044,Feasible,120.044,156.963,23.5209,114.55,9.86098,0.343607,404.3,0.50487
sarp-40-20-B-10,,,,,,,,,,,,,,,,,,,40,20,15,234.594,169.086,283.636,10,7195.27,120.044,Feasible,120.044,156.963,23.5209,114.55,9.86098,0.343607,404.3,0.50487
sarp-40-20-B-10,,,,,,,,,,,,,,,,,,,40,20,15,234.594,169.086,283.636,10,7195.27,120.044,Feasible,120.044,156.963,23.5209,114.55,9.86098,0.343607,404.3,0.50487
sarp-40-20-B-10,,,,,,,,,,,,,,,,,,,40,20,15,234.594,169.086,283.636,10,7195.27,120.044,Feasible,120.044,156.963,23.5209,114.55,9.86098,0.343607,404.3,0.50487
sarp-40-20-B-10,,,,,,,,,,,,,,,,,,,40,20,15,234.594,169.086,283.636,10,7195.27,120.044,Feasible,120.044,156.963,23.5209,114.55,9.86098,0.343607,404.3,0.50487
sarp-40-20-C-9,,,,,,,,,,,,,,,,,,,40,20,17,677.997,384.971,397.624,12,7182.45,665.344,Feasible,665.344,804.121,17.2582,12.653,11.6537,0.215614,477.8,0.261593
sarp-40-20-C-9,,,,,,,,,,,,,,,,,,,40,20,17,677.997,384.971,397.624,12,7182.45,665.344,Feasible,665.344,804.121,17.2582,12.653,11.6537,0.215614,477.8,0.261593
sarp-40-20-C-9,,,,,,,,,,,,,,,,,,,40,20,17,677.997,384.971,397.624,12,7182.45,665.344,Feasible,665.344,804.121,17.2582,12.653,11.6537,0.215614,477.8,0.261593
sarp-40-20-C-9,,,,,,,,,,,,,,,,,,,40,20,17,677.997,384.971,397.624,12,7182.45,665.344,Feasible,665.344,804.121,17.2582,12.653,11.6537,0.215614,477.8,0.261593
sarp-40-20-C-9,,,,,,,,,,,,,,,,,,,40,20,17,677.997,384.971,397.624,12,7182.45,665.344,Feasible,665.344,804.121,17.2582,12.653,11.6537,0.215614,477.8,0.261593
sarp-40-20-C-9,,,,,,,,,,,,,,,,,,,40,20,17,677.997,384.971,397.624,12,7182.45,665.344,Feasible,665.344,804.121,17.2582,12.653,11.6537,0.215614,477.8,0.261593
sarp-40-20-C-9,,,,,,,,,,,,,,,,,,,40,20,17,677.997,384.971,397.624,12,7182.45,665.344,Feasible,665.344,804.121,17.2582,12.653,11.6537,0.215614,477.8,0.261593
sarp-40-20-C-9,,,,,,,,,,,,,,,,,,,40,20,17,677.997,384.971,397.624,12,7182.45,665.344,Feasible,665.344,804.121,17.2582,12.653,11.6537,0.215614,477.8,0.261593
sarp-40-20-C-9,,,,,,,,,,,,,,,,,,,40,20,17,677.997,384.971,397.624,12,7182.45,665.344,Feasible,665.344,804.121,17.2582,12.653,11.6537,0.215614,477.8,0.261593
sarp-40-20-C-9,,,,,,,,,,,,,,,,,,,40,20,17,677.997,384.971,397.624,12,7182.45,665.344,Feasible,665.344,804.121,17.2582,12.653,11.6537,0.215614,477.8,0.261593
sarp-40-20-C-9,,,,,,,,,,,,,,,,,,,40,20,17,677.997,384.971,397.624,12,7182.45,665.344,Feasible,665.344,804.121,17.2582,12.653,11.6537,0.215614,477.8,0.261593
sarp-40-20-C-9,,,,,,,,,,,,,,,,,,,40,20,17,677.997,384.971,397.624,12,7182.45,665.344,Feasible,665.344,804.121,17.2582,12.653,11.6537,0.215614,477.8,0.261593
sarp-40-20-C-9,,,,,,,,,,,,,,,,,,,40,20,17,677.997,384.971,397.624,12,7182.45,665.344,Feasible,665.344,804.121,17.2582,12.653,11.6537,0.215614,477.8,0.261593
sarp-40-20-C-9,,,,,,,,,,,,,,,,,,,40,20,17,677.997,384.971,397.624,12,7182.45,665.344,Feasible,665.344,804.121,17.2582,12.653,11.6537,0.215614,477.8,0.261593
sarp-40-20-C-9,,,,,,,,,,,,,,,,,,,40,20,17,677.997,384.971,397.624,12,7182.45,665.344,Feasible,665.344,804.121,17.2582,12.653,11.6537,0.215614,477.8,0.261593
sarp-40-20-C-9,,,,,,,,,,,,,,,,,,,40,20,17,677.997,384.971,397.624,12,7182.45,665.344,Feasible,665.344,804.121,17.2582,12.653,11.6537,0.215614,477.8,0.261593
sarp-40-20-C-9,,,,,,,,,,,,,,,,,,,40,20,17,677.997,384.971,397.624,12,7182.45,665.344,Feasible,665.344,804.121,17.2582,12.653,11.6537,0.215614,477.8,0.261593
sarp-40-20-C-9,,,,,,,,,,,,,,,,,,,40,20,17,677.997,384.971,397.624,12,7182.45,665.344,Feasible,665.344,804.121,17.2582,12.653,11.6537,0.215614,477.8,0.261593
sarp-40-20-C-9,,,,,,,,,,,,,,,,,,,40,20,17,677.997,384.971,397.624,12,7182.45,665.344,Feasible,665.344,804.121,17.2582,12.653,11.6537,0.215614,477.8,0.261593
sarp-40-20-C-9,,,,,,,,,,,,,,,,,,,40,20,17,677.997,384.971,397.624,12,7182.45,665.344,Feasible,665.344,804.121,17.2582,12.653,11.6537,0.215614,477.8,0.261593
sarp-40-20-C-9,,,,,,,,,,,,,,,,,,,40,20,17,677.997,384.971,397.624,12,7182.45,665.344,Feasible,665.344,804.121,17.2582,12.653,11.6537,0.215614,477.8,0.261593
sarp-40-20-C-9,,,,,,,,,,,,,,,,,,,40,20,17,677.997,384.971,397.624,12,7182.45,665.344,Feasible,665.344,804.121,17.2582,12.653,11.6537,0.215614,477.8,0.261593
sarp-40-20-C-9,,,,,,,,,,,,,,,,,,,40,20,17,677.997,384.971,397.624,12,7182.45,665.344,Feasible,665.344,804.121,17.2582,12.653,11.6537,0.215614,477.8,0.261593
sarp-40-20-C-9,,,,,,,,,,,,,,,,,,,40,20,17,677.997,384.971,397.624,12,7182.45,665.344,Feasible,665.344,804.121,17.2582,12.653,11.6537,0.215614,477.8,0.261593
sarp-40-20-C-9,,,,,,,,,,,,,,,,,,,40,20,17,677.997,384.971,397.624,12,7182.45,665.344,Feasible,665.344,804.121,17.2582,12.653,11.6537,0.215614,477.8,0.261593
sarp-40-20-C-9,,,,,,,,,,,,,,,,,,,40,20,17,677.997,384.971,397.624,12,7182.45,665.344,Feasible,665.344,804.121,17.2582,12.653,11.6537,0.215614,477.8,0.261593
sarp-40-20-C-9,,,,,,,,,,,,,,,,,,,40,20,17,677.997,384.971,397.624,12,7182.45,665.344,Feasible,665.344,804.121,17.2582,12.653,11.6537,0.215614,477.8,0.261593
sarp-40-20-C-9,,,,,,,,,,,,,,,,,,,40,20,17,677.997,384.971,397.624,12,7182.45,665.344,Feasible,665.344,804.121,17.2582,12.653,11.6537,0.215614,477.8,0.261593
sarp-40-20-C-10,,,,,,,,,,,,,,,,,,,40,20,15,641.346,445.393,493.074,10,7190.11,593.665,Feasible,593.665,828.577,28.3513,47.681,15.0439,0.262968,616.8,0.313144
sarp-40-20-C-10,,,,,,,,,,,,,,,,,,,40,20,15,641.346,445.393,493.074,10,7190.11,593.665,Feasible,593.665,828.577,28.3513,47.681,15.0439,0.262968,616.8,0.313144
sarp-40-20-C-10,,,,,,,,,,,,,,,,,,,40,20,15,641.346,445.393,493.074,10,7190.11,593.665,Feasible,593.665,828.577,28.3513,47.681,15.0439,0.262968,616.8,0.313144
sarp-40-20-C-10,,,,,,,,,,,,,,,,,,,40,20,15,641.346,445.393,493.074,10,7190.11,593.665,Feasible,593.665,828.577,28.3513,47.681,15.0439,0.262968,616.8,0.313144
sarp-40-20-C-10,,,,,,,,,,,,,,,,,,,40,20,15,641.346,445.393,493.074,10,7190.11,593.665,Feasible,593.665,828.577,28.3513,47.681,15.0439,0.262968,616.8,0.313144
sarp-40-20-C-10,,,,,,,,,,,,,,,,,,,40,20,15,641.346,445.393,493.074,10,7190.11,593.665,Feasible,593.665,828.577,28.3513,47.681,15.0439,0.262968,616.8,0.313144
sarp-40-20-C-10,,,,,,,,,,,,,,,,,,,40,20,15,641.346,445.393,493.074,10,7190.11,593.665,Feasible,593.665,828.577,28.3513,47.681,15.0439,0.262968,616.8,0.313144
sarp-40-20-C-10,,,,,,,,,,,,,,,,,,,40,20,15,641.346,445.393,493.074,10,7190.11,593.665,Feasible,593.665,828.577,28.3513,47.681,15.0439,0.262968,616.8,0.313144
sarp-40-20-C-10,,,,,,,,,,,,,,,,,,,40,20,15,641.346,445.393,493.074,10,7190.11,593.665,Feasible,593.665,828.577,28.3513,47.681,15.0439,0.262968,616.8,0.313144
sarp-40-20-C-10,,,,,,,,,,,,,,,,,,,40,20,15,641.346,445.393,493.074,10,7190.11,593.665,Feasible,593.665,828.577,28.3513,47.681,15.0439,0.262968,616.8,0.313144
sarp-40-20-C-10,,,,,,,,,,,,,,,,,,,40,20,15,641.346,445.393,493.074,10,7190.11,593.665,Feasible,593.665,828.577,28.3513,47.681,15.0439,0.262968,616.8,0.313144
sarp-40-20-C-10,,,,,,,,,,,,,,,,,,,40,20,15,641.346,445.393,493.074,10,7190.11,593.665,Feasible,593.665,828.577,28.3513,47.681,15.0439,0.262968,616.8,0.313144
sarp-40-20-C-10,,,,,,,,,,,,,,,,,,,40,20,15,641.346,445.393,493.074,10,7190.11,593.665,Feasible,593.665,828.577,28.3513,47.681,15.0439,0.262968,616.8,0.313144
sarp-40-20-C-10,,,,,,,,,,,,,,,,,,,40,20,15,641.346,445.393,493.074,10,7190.11,593.665,Feasible,593.665,828.577,28.3513,47.681,15.0439,0.262968,616.8,0.313144
sarp-40-20-C-10,,,,,,,,,,,,,,,,,,,40,20,15,641.346,445.393,493.074,10,7190.11,593.665,Feasible,593.665,828.577,28.3513,47.681,15.0439,0.262968,616.8,0.313144
sarp-40-20-C-10,,,,,,,,,,,,,,,,,,,40,20,15,641.346,445.393,493.074,10,7190.11,593.665,Feasible,593.665,828.577,28.3513,47.681,15.0439,0.262968,616.8,0.313144
sarp-40-20-C-10,,,,,,,,,,,,,,,,,,,40,20,15,641.346,445.393,493.074,10,7190.11,593.665,Feasible,593.665,828.577,28.3513,47.681,15.0439,0.262968,616.8,0.313144
sarp-40-20-C-10,,,,,,,,,,,,,,,,,,,40,20,15,641.346,445.393,493.074,10,7190.11,593.665,Feasible,593.665,828.577,28.3513,47.681,15.0439,0.262968,616.8,0.313144
sarp-40-20-C-10,,,,,,,,,,,,,,,,,,,40,20,15,641.346,445.393,493.074,10,7190.11,593.665,Feasible,593.665,828.577,28.3513,47.681,15.0439,0.262968,616.8,0.313144
sarp-40-20-C-10,,,,,,,,,,,,,,,,,,,40,20,15,641.346,445.393,493.074,10,7190.11,593.665,Feasible,593.665,828.577,28.3513,47.681,15.0439,0.262968,616.8,0.313144
sarp-40-20-C-10,,,,,,,,,,,,,,,,,,,40,20,15,641.346,445.393,493.074,10,7190.11,593.665,Feasible,593.665,828.577,28.3513,47.681,15.0439,0.262968,616.8,0.313144
sarp-40-20-C-10,,,,,,,,,,,,,,,,,,,40,20,15,641.346,445.393,493.074,10,7190.11,593.665,Feasible,593.665,828.577,28.3513,47.681,15.0439,0.262968,616.8,0.313144
sarp-40-20-C-10,,,,,,,,,,,,,,,,,,,40,20,15,641.346,445.393,493.074,10,7190.11,593.665,Feasible,593.665,828.577,28.3513,47.681,15.0439,0.262968,616.8,0.313144
sarp-40-20-C-10,,,,,,,,,,,,,,,,,,,40,20,15,641.346,445.393,493.074,10,7190.11,593.665,Feasible,593.665,828.577,28.3513,47.681,15.0439,0.262968,616.8,0.313144
sarp-40-20-C-10,,,,,,,,,,,,,,,,,,,40,20,15,641.346,445.393,493.074,10,7190.11,593.665,Feasible,593.665,828.577,28.3513,47.681,15.0439,0.262968,616.8,0.313144
sarp-40-20-C-10,,,,,,,,,,,,,,,,,,,40,20,15,641.346,445.393,493.074,10,7190.11,593.665,Feasible,593.665,828.577,28.3513,47.681,15.0439,0.262968,616.8,0.313144
sarp-40-20-C-10,,,,,,,,,,,,,,,,,,,40,20,15,641.346,445.393,493.074,10,7190.11,593.665,Feasible,593.665,828.577,28.3513,47.681,15.0439,0.262968,616.8,0.313144
sarp-40-20-C-10,,,,,,,,,,,,,,,,,,,40,20,15,641.346,445.393,493.074,10,7190.11,593.665,Feasible,593.665,828.577,28.3513,47.681,15.0439,0.262968,616.8,0.313144
sarp-50-25-A-9,,,,,,,,,,,,,,,,,,,50,25,20,232.452,129.417,237.36,12,641.35,124.509,Optimal,124.509,124.509,0.0,107.943,10.0244,0.367643,411.0,0.642589
sarp-50-25-A-9,,,,,,,,,,,,,,,,,,,50,25,20,232.452,129.417,237.36,12,641.35,124.509,Optimal,124.509,124.509,0.0,107.943,10.0244,0.367643,411.0,0.642589
sarp-50-25-A-9,,,,,,,,,,,,,,,,,,,50,25,20,232.452,129.417,237.36,12,641.35,124.509,Optimal,124.509,124.509,0.0,107.943,10.0244,0.367643,411.0,0.642589
sarp-50-25-A-9,,,,,,,,,,,,,,,,,,,50,25,20,232.452,129.417,237.36,12,641.35,124.509,Optimal,124.509,124.509,0.0,107.943,10.0244,0.367643,411.0,0.642589
sarp-50-25-A-9,,,,,,,,,,,,,,,,,,,50,25,20,232.452,129.417,237.36,12,641.35,124.509,Optimal,124.509,124.509,0.0,107.943,10.0244,0.367643,411.0,0.642589
sarp-50-25-A-9,,,,,,,,,,,,,,,,,,,50,25,20,232.452,129.417,237.36,12,641.35,124.509,Optimal,124.509,124.509,0.0,107.943,10.0244,0.367643,411.0,0.642589
sarp-50-25-A-9,,,,,,,,,,,,,,,,,,,50,25,20,232.452,129.417,237.36,12,641.35,124.509,Optimal,124.509,124.509,0.0,107.943,10.0244,0.367643,411.0,0.642589
sarp-50-25-A-9,,,,,,,,,,,,,,,,,,,50,25,20,232.452,129.417,237.36,12,641.35,124.509,Optimal,124.509,124.509,0.0,107.943,10.0244,0.367643,411.0,0.642589
sarp-50-25-A-9,,,,,,,,,,,,,,,,,,,50,25,20,232.452,129.417,237.36,12,641.35,124.509,Optimal,124.509,124.509,0.0,107.943,10.0244,0.367643,411.0,0.642589
sarp-50-25-A-9,,,,,,,,,,,,,,,,,,,50,25,20,232.452,129.417,237.36,12,641.35,124.509,Optimal,124.509,124.509,0.0,107.943,10.0244,0.367643,411.0,0.642589
sarp-50-25-A-9,,,,,,,,,,,,,,,,,,,50,25,20,232.452,129.417,237.36,12,641.35,124.509,Optimal,124.509,124.509,0.0,107.943,10.0244,0.367643,411.0,0.642589
sarp-50-25-A-9,,,,,,,,,,,,,,,,,,,50,25,20,232.452,129.417,237.36,12,641.35,124.509,Optimal,124.509,124.509,0.0,107.943,10.0244,0.367643,411.0,0.642589
sarp-50-25-A-9,,,,,,,,,,,,,,,,,,,50,25,20,232.452,129.417,237.36,12,641.35,124.509,Optimal,124.509,124.509,0.0,107.943,10.0244,0.367643,411.0,0.642589
sarp-50-25-A-9,,,,,,,,,,,,,,,,,,,50,25,20,232.452,129.417,237.36,12,641.35,124.509,Optimal,124.509,124.509,0.0,107.943,10.0244,0.367643,411.0,0.642589
sarp-50-25-A-9,,,,,,,,,,,,,,,,,,,50,25,20,232.452,129.417,237.36,12,641.35,124.509,Optimal,124.509,124.509,0.0,107.943,10.0244,0.367643,411.0,0.642589
sarp-50-25-A-9,,,,,,,,,,,,,,,,,,,50,25,20,232.452,129.417,237.36,12,641.35,124.509,Optimal,124.509,124.509,0.0,107.943,10.0244,0.367643,411.0,0.642589
sarp-50-25-A-9,,,,,,,,,,,,,,,,,,,50,25,20,232.452,129.417,237.36,12,641.35,124.509,Optimal,124.509,124.509,0.0,107.943,10.0244,0.367643,411.0,0.642589
sarp-50-25-A-9,,,,,,,,,,,,,,,,,,,50,25,20,232.452,129.417,237.36,12,641.35,124.509,Optimal,124.509,124.509,0.0,107.943,10.0244,0.367643,411.0,0.642589
sarp-50-25-A-9,,,,,,,,,,,,,,,,,,,50,25,20,232.452,129.417,237.36,12,641.35,124.509,Optimal,124.509,124.509,0.0,107.943,10.0244,0.367643,411.0,0.642589
sarp-50-25-A-9,,,,,,,,,,,,,,,,,,,50,25,20,232.452,129.417,237.36,12,641.35,124.509,Optimal,124.509,124.509,0.0,107.943,10.0244,0.367643,411.0,0.642589
sarp-50-25-A-9,,,,,,,,,,,,,,,,,,,50,25,20,232.452,129.417,237.36,12,641.35,124.509,Optimal,124.509,124.509,0.0,107.943,10.0244,0.367643,411.0,0.642589
sarp-50-25-A-9,,,,,,,,,,,,,,,,,,,50,25,20,232.452,129.417,237.36,12,641.35,124.509,Optimal,124.509,124.509,0.0,107.943,10.0244,0.367643,411.0,0.642589
sarp-50-25-A-9,,,,,,,,,,,,,,,,,,,50,25,20,232.452,129.417,237.36,12,641.35,124.509,Optimal,124.509,124.509,0.0,107.943,10.0244,0.367643,411.0,0.642589
sarp-50-25-A-9,,,,,,,,,,,,,,,,,,,50,25,20,232.452,129.417,237.36,12,641.35,124.509,Optimal,124.509,124.509,0.0,107.943,10.0244,0.367643,411.0,0.642589
sarp-50-25-A-9,,,,,,,,,,,,,,,,,,,50,25,20,232.452,129.417,237.36,12,641.35,124.509,Optimal,124.509,124.509,0.0,107.943,10.0244,0.367643,411.0,0.642589
sarp-50-25-A-9,,,,,,,,,,,,,,,,,,,50,25,20,232.452,129.417,237.36,12,641.35,124.509,Optimal,124.509,124.509,0.0,107.943,10.0244,0.367643,411.0,0.642589
sarp-50-25-A-9,,,,,,,,,,,,,,,,,,,50,25,20,232.452,129.417,237.36,12,641.35,124.509,Optimal,124.509,124.509,0.0,107.943,10.0244,0.367643,411.0,0.642589
sarp-50-25-A-9,,,,,,,,,,,,,,,,,,,50,25,20,232.452,129.417,237.36,12,641.35,124.509,Optimal,124.509,124.509,0.0,107.943,10.0244,0.367643,411.0,0.642589
sarp-50-25-A-10,,,,,,,,,,,,,,,,,,,50,25,20,235.302,146.764,275.586,12,717.8,106.48,Optimal,106.48,106.48,0.0,128.822,10.6707,0.362759,437.5,0.601209
sarp-50-25-A-10,,,,,,,,,,,,,,,,,,,50,25,20,235.302,146.764,275.586,12,717.8,106.48,Optimal,106.48,106.48,0.0,128.822,10.6707,0.362759,437.5,0.601209
sarp-50-25-A-10,,,,,,,,,,,,,,,,,,,50,25,20,235.302,146.764,275.586,12,717.8,106.48,Optimal,106.48,106.48,0.0,128.822,10.6707,0.362759,437.5,0.601209
sarp-50-25-A-10,,,,,,,,,,,,,,,,,,,50,25,20,235.302,146.764,275.586,12,717.8,106.48,Optimal,106.48,106.48,0.0,128.822,10.6707,0.362759,437.5,0.601209
sarp-50-25-A-10,,,,,,,,,,,,,,,,,,,50,25,20,235.302,146.764,275.586,12,717.8,106.48,Optimal,106.48,106.48,0.0,128.822,10.6707,0.362759,437.5,0.601209
sarp-50-25-A-10,,,,,,,,,,,,,,,,,,,50,25,20,235.302,146.764,275.586,12,717.8,106.48,Optimal,106.48,106.48,0.0,128.822,10.6707,0.362759,437.5,0.601209
sarp-50-25-A-10,,,,,,,,,,,,,,,,,,,50,25,20,235.302,146.764,275.586,12,717.8,106.48,Optimal,106.48,106.48,0.0,128.822,10.6707,0.362759,437.5,0.601209
sarp-50-25-A-10,,,,,,,,,,,,,,,,,,,50,25,20,235.302,146.764,275.586,12,717.8,106.48,Optimal,106.48,106.48,0.0,128.822,10.6707,0.362759,437.5,0.601209
sarp-50-25-A-10,,,,,,,,,,,,,,,,,,,50,25,20,235.302,146.764,275.586,12,717.8,106.48,Optimal,106.48,106.48,0.0,128.822,10.6707,0.362759,437.5,0.601209
sarp-50-25-A-10,,,,,,,,,,,,,,,,,,,50,25,20,235.302,146.764,275.586,12,717.8,106.48,Optimal,106.48,106.48,0.0,128.822,10.6707,0.362759,437.5,0.601209
sarp-50-25-A-10,,,,,,,,,,,,,,,,,,,50,25,20,235.302,146.764,275.586,12,717.8,106.48,Optimal,106.48,106.48,0.0,128.822,10.6707,0.362759,437.5,0.601209
sarp-50-25-A-10,,,,,,,,,,,,,,,,,,,50,25,20,235.302,146.764,275.586,12,717.8,106.48,Optimal,106.48,106.48,0.0,128.822,10.6707,0.362759,437.5,0.601209
sarp-50-25-A-10,,,,,,,,,,,,,,,,,,,50,25,20,235.302,146.764,275.586,12,717.8,106.48,Optimal,106.48,106.48,0.0,128.822,10.6707,0.362759,437.5,0.601209
sarp-50-25-A-10,,,,,,,,,,,,,,,,,,,50,25,20,235.302,146.764,275.586,12,717.8,106.48,Optimal,106.48,106.48,0.0,128.822,10.6707,0.362759,437.5,0.601209
sarp-50-25-A-10,,,,,,,,,,,,,,,,,,,50,25,20,235.302,146.764,275.586,12,717.8,106.48,Optimal,106.48,106.48,0.0,128.822,10.6707,0.362759,437.5,0.601209
sarp-50-25-A-10,,,,,,,,,,,,,,,,,,,50,25,20,235.302,146.764,275.586,12,717.8,106.48,Optimal,106.48,106.48,0.0,128.822,10.6707,0.362759,437.5,0.601209
sarp-50-25-A-10,,,,,,,,,,,,,,,,,,,50,25,20,235.302,146.764,275.586,12,717.8,106.48,Optimal,106.48,106.48,0.0,128.822,10.6707,0.362759,437.5,0.601209
sarp-50-25-A-10,,,,,,,,,,,,,,,,,,,50,25,20,235.302,146.764,275.586,12,717.8,106.48,Optimal,106.48,106.48,0.0,128.822,10.6707,0.362759,437.5,0.601209
sarp-50-25-A-10,,,,,,,,,,,,,,,,,,,50,25,20,235.302,146.764,275.586,12,717.8,106.48,Optimal,106.48,106.48,0.0,128.822,10.6707,0.362759,437.5,0.601209
sarp-50-25-A-10,,,,,,,,,,,,,,,,,,,50,25,20,235.302,146.764,275.586,12,717.8,106.48,Optimal,106.48,106.48,0.0,128.822,10.6707,0.362759,437.5,0.601209
sarp-50-25-A-10,,,,,,,,,,,,,,,,,,,50,25,20,235.302,146.764,275.586,12,717.8,106.48,Optimal,106.48,106.48,0.0,128.822,10.6707,0.362759,437.5,0.601209
sarp-50-25-A-10,,,,,,,,,,,,,,,,,,,50,25,20,235.302,146.764,275.586,12,717.8,106.48,Optimal,106.48,106.48,0.0,128.822,10.6707,0.362759,437.5,0.601209
sarp-50-25-A-10,,,,,,,,,,,,,,,,,,,50,25,20,235.302,146.764,275.586,12,717.8,106.48,Optimal,106.48,106.48,0.0,128.822,10.6707,0.362759,437.5,0.601209
sarp-50-25-A-10,,,,,,,,,,,,,,,,,,,50,25,20,235.302,146.764,275.586,12,717.8,106.48,Optimal,106.48,106.48,0.0,128.822,10.6707,0.362759,437.5,0.601209
sarp-50-25-A-10,,,,,,,,,,,,,,,,,,,50,25,20,235.302,146.764,275.586,12,717.8,106.48,Optimal,106.48,106.48,0.0,128.822,10.6707,0.362759,437.5,0.601209
sarp-50-25-A-10,,,,,,,,,,,,,,,,,,,50,25,20,235.302,146.764,275.586,12,717.8,106.48,Optimal,106.48,106.48,0.0,128.822,10.6707,0.362759,437.5,0.601209
sarp-50-25-A-10,,,,,,,,,,,,,,,,,,,50,25,20,235.302,146.764,275.586,12,717.8,106.48,Optimal,106.48,106.48,0.0,128.822,10.6707,0.362759,437.5,0.601209
sarp-50-25-A-10,,,,,,,,,,,,,,,,,,,50,25,20,235.302,146.764,275.586,12,717.8,106.48,Optimal,106.48,106.48,0.0,128.822,10.6707,0.362759,437.5,0.601209
sarp-50-25-B-9,,,,,,,,,,,,,,,,,,,50,25,18,281.358,161.453,275.126,12,7191.87,167.685,Feasible,167.685,177.076,5.3032,113.673,9.75122,0.314267,399.8,0.495108
sarp-50-25-B-9,,,,,,,,,,,,,,,,,,,50,25,18,281.358,161.453,275.126,12,7191.87,167.685,Feasible,167.685,177.076,5.3032,113.673,9.75122,0.314267,399.8,0.495108
sarp-50-25-B-9,,,,,,,,,,,,,,,,,,,50,25,18,281.358,161.453,275.126,12,7191.87,167.685,Feasible,167.685,177.076,5.3032,113.673,9.75122,0.314267,399.8,0.495108
sarp-50-25-B-9,,,,,,,,,,,,,,,,,,,50,25,18,281.358,161.453,275.126,12,7191.87,167.685,Feasible,167.685,177.076,5.3032,113.673,9.75122,0.314267,399.8,0.495108
sarp-50-25-B-9,,,,,,,,,,,,,,,,,,,50,25,18,281.358,161.453,275.126,12,7191.87,167.685,Feasible,167.685,177.076,5.3032,113.673,9.75122,0.314267,399.8,0.495108
sarp-50-25-B-9,,,,,,,,,,,,,,,,,,,50,25,18,281.358,161.453,275.126,12,7191.87,167.685,Feasible,167.685,177.076,5.3032,113.673,9.75122,0.314267,399.8,0.495108
sarp-50-25-B-9,,,,,,,,,,,,,,,,,,,50,25,18,281.358,161.453,275.126,12,7191.87,167.685,Feasible,167.685,177.076,5.3032,113.673,9.75122,0.314267,399.8,0.495108
sarp-50-25-B-9,,,,,,,,,,,,,,,,,,,50,25,18,281.358,161.453,275.126,12,7191.87,167.685,Feasible,167.685,177.076,5.3032,113.673,9.75122,0.314267,399.8,0.495108
sarp-50-25-B-9,,,,,,,,,,,,,,,,,,,50,25,18,281.358,161.453,275.126,12,7191.87,167.685,Feasible,167.685,177.076,5.3032,113.673,9.75122,0.314267,399.8,0.495108
sarp-50-25-B-9,,,,,,,,,,,,,,,,,,,50,25,18,281.358,161.453,275.126,12,7191.87,167.685,Feasible,167.685,177.076,5.3032,113.673,9.75122,0.314267,399.8,0.495108
sarp-50-25-B-9,,,,,,,,,,,,,,,,,,,50,25,18,281.358,161.453,275.126,12,7191.87,167.685,Feasible,167.685,177.076,5.3032,113.673,9.75122,0.314267,399.8,0.495108
sarp-50-25-B-9,,,,,,,,,,,,,,,,,,,50,25,18,281.358,161.453,275.126,12,7191.87,167.685,Feasible,167.685,177.076,5.3032,113.673,9.75122,0.314267,399.8,0.495108
sarp-50-25-B-9,,,,,,,,,,,,,,,,,,,50,25,18,281.358,161.453,275.126,12,7191.87,167.685,Feasible,167.685,177.076,5.3032,113.673,9.75122,0.314267,399.8,0.495108
sarp-50-25-B-9,,,,,,,,,,,,,,,,,,,50,25,18,281.358,161.453,275.126,12,7191.87,167.685,Feasible,167.685,177.076,5.3032,113.673,9.75122,0.314267,399.8,0.495108
sarp-50-25-B-9,,,,,,,,,,,,,,,,,,,50,25,18,281.358,161.453,275.126,12,7191.87,167.685,Feasible,167.685,177.076,5.3032,113.673,9.75122,0.314267,399.8,0.495108
sarp-50-25-B-9,,,,,,,,,,,,,,,,,,,50,25,18,281.358,161.453,275.126,12,7191.87,167.685,Feasible,167.685,177.076,5.3032,113.673,9.75122,0.314267,399.8,0.495108
sarp-50-25-B-9,,,,,,,,,,,,,,,,,,,50,25,18,281.358,161.453,275.126,12,7191.87,167.685,Feasible,167.685,177.076,5.3032,113.673,9.75122,0.314267,399.8,0.495108
sarp-50-25-B-9,,,,,,,,,,,,,,,,,,,50,25,18,281.358,161.453,275.126,12,7191.87,167.685,Feasible,167.685,177.076,5.3032,113.673,9.75122,0.314267,399.8,0.495108
sarp-50-25-B-9,,,,,,,,,,,,,,,,,,,50,25,18,281.358,161.453,275.126,12,7191.87,167.685,Feasible,167.685,177.076,5.3032,113.673,9.75122,0.314267,399.8,0.495108
sarp-50-25-B-9,,,,,,,,,,,,,,,,,,,50,25,18,281.358,161.453,275.126,12,7191.87,167.685,Feasible,167.685,177.076,5.3032,113.673,9.75122,0.314267,399.8,0.495108
sarp-50-25-B-9,,,,,,,,,,,,,,,,,,,50,25,18,281.358,161.453,275.126,12,7191.87,167.685,Feasible,167.685,177.076,5.3032,113.673,9.75122,0.314267,399.8,0.495108
sarp-50-25-B-9,,,,,,,,,,,,,,,,,,,50,25,18,281.358,161.453,275.126,12,7191.87,167.685,Feasible,167.685,177.076,5.3032,113.673,9.75122,0.314267,399.8,0.495108
sarp-50-25-B-9,,,,,,,,,,,,,,,,,,,50,25,18,281.358,161.453,275.126,12,7191.87,167.685,Feasible,167.685,177.076,5.3032,113.673,9.75122,0.314267,399.8,0.495108
sarp-50-25-B-9,,,,,,,,,,,,,,,,,,,50,25,18,281.358,161.453,275.126,12,7191.87,167.685,Feasible,167.685,177.076,5.3032,113.673,9.75122,0.314267,399.8,0.495108
sarp-50-25-B-9,,,,,,,,,,,,,,,,,,,50,25,18,281.358,161.453,275.126,12,7191.87,167.685,Feasible,167.685,177.076,5.3032,113.673,9.75122,0.314267,399.8,0.495108
sarp-50-25-B-9,,,,,,,,,,,,,,,,,,,50,25,18,281.358,161.453,275.126,12,7191.87,167.685,Feasible,167.685,177.076,5.3032,113.673,9.75122,0.314267,399.8,0.495108
sarp-50-25-B-9,,,,,,,,,,,,,,,,,,,50,25,18,281.358,161.453,275.126,12,7191.87,167.685,Feasible,167.685,177.076,5.3032,113.673,9.75122,0.314267,399.8,0.495108
sarp-50-25-B-9,,,,,,,,,,,,,,,,,,,50,25,18,281.358,161.453,275.126,12,7191.87,167.685,Feasible,167.685,177.076,5.3032,113.673,9.75122,0.314267,399.8,0.495108
sarp-50-25-B-10,,,,,,,,,,,,,,,,,,,50,25,20,279.648,191.252,304.336,12,7177.49,166.564,Feasible,166.564,191.271,12.9173,113.084,11.0488,0.336469,453.0,0.521889
sarp-50-25-B-10,,,,,,,,,,,,,,,,,,,50,25,20,279.648,191.252,304.336,12,7177.49,166.564,Feasible,166.564,191.271,12.9173,113.084,11.0488,0.336469,453.0,0.521889
sarp-50-25-B-10,,,,,,,,,,,,,,,,,,,50,25,20,279.648,191.252,304.336,12,7177.49,166.564,Feasible,166.564,191.271,12.9173,113.084,11.0488,0.336469,453.0,0.521889
sarp-50-25-B-10,,,,,,,,,,,,,,,,,,,50,25,20,279.648,191.252,304.336,12,7177.49,166.564,Feasible,166.564,191.271,12.9173,113.084,11.0488,0.336469,453.0,0.521889
sarp-50-25-B-10,,,,,,,,,,,,,,,,,,,50,25,20,279.648,191.252,304.336,12,7177.49,166.564,Feasible,166.564,191.271,12.9173,113.084,11.0488,0.336469,453.0,0.521889
sarp-50-25-B-10,,,,,,,,,,,,,,,,,,,50,25,20,279.648,191.252,304.336,12,7177.49,166.564,Feasible,166.564,191.271,12.9173,113.084,11.0488,0.336469,453.0,0.521889
sarp-50-25-B-10,,,,,,,,,,,,,,,,,,,50,25,20,279.648,191.252,304.336,12,7177.49,166.564,Feasible,166.564,191.271,12.9173,113.084,11.0488,0.336469,453.0,0.521889
sarp-50-25-B-10,,,,,,,,,,,,,,,,,,,50,25,20,279.648,191.252,304.336,12,7177.49,166.564,Feasible,166.564,191.271,12.9173,113.084,11.0488,0.336469,453.0,0.521889
sarp-50-25-B-10,,,,,,,,,,,,,,,,,,,50,25,20,279.648,191.252,304.336,12,7177.49,166.564,Feasible,166.564,191.271,12.9173,113.084,11.0488,0.336469,453.0,0.521889
sarp-50-25-B-10,,,,,,,,,,,,,,,,,,,50,25,20,279.648,191.252,304.336,12,7177.49,166.564,Feasible,166.564,191.271,12.9173,113.084,11.0488,0.336469,453.0,0.521889
sarp-50-25-B-10,,,,,,,,,,,,,,,,,,,50,25,20,279.648,191.252,304.336,12,7177.49,166.564,Feasible,166.564,191.271,12.9173,113.084,11.0488,0.336469,453.0,0.521889
sarp-50-25-B-10,,,,,,,,,,,,,,,,,,,50,25,20,279.648,191.252,304.336,12,7177.49,166.564,Feasible,166.564,191.271,12.9173,113.084,11.0488,0.336469,453.0,0.521889
sarp-50-25-B-10,,,,,,,,,,,,,,,,,,,50,25,20,279.648,191.252,304.336,12,7177.49,166.564,Feasible,166.564,191.271,12.9173,113.084,11.0488,0.336469,453.0,0.521889
sarp-50-25-B-10,,,,,,,,,,,,,,,,,,,50,25,20,279.648,191.252,304.336,12,7177.49,166.564,Feasible,166.564,191.271,12.9173,113.084,11.0488,0.336469,453.0,0.521889
sarp-50-25-B-10,,,,,,,,,,,,,,,,,,,50,25,20,279.648,191.252,304.336,12,7177.49,166.564,Feasible,166.564,191.271,12.9173,113.084,11.0488,0.336469,453.0,0.521889
sarp-50-25-B-10,,,,,,,,,,,,,,,,,,,50,25,20,279.648,191.252,304.336,12,7177.49,166.564,Feasible,166.564,191.271,12.9173,113.084,11.0488,0.336469,453.0,0.521889
sarp-50-25-B-10,,,,,,,,,,,,,,,,,,,50,25,20,279.648,191.252,304.336,12,7177.49,166.564,Feasible,166.564,191.271,12.9173,113.084,11.0488,0.336469,453.0,0.521889
sarp-50-25-B-10,,,,,,,,,,,,,,,,,,,50,25,20,279.648,191.252,304.336,12,7177.49,166.564,Feasible,166.564,191.271,12.9173,113.084,11.0488,0.336469,453.0,0.521889
sarp-50-25-B-10,,,,,,,,,,,,,,,,,,,50,25,20,279.648,191.252,304.336,12,7177.49,166.564,Feasible,166.564,191.271,12.9173,113.084,11.0488,0.336469,453.0,0.521889
sarp-50-25-B-10,,,,,,,,,,,,,,,,,,,50,25,20,279.648,191.252,304.336,12,7177.49,166.564,Feasible,166.564,191.271,12.9173,113.084,11.0488,0.336469,453.0,0.521889
sarp-50-25-B-10,,,,,,,,,,,,,,,,,,,50,25,20,279.648,191.252,304.336,12,7177.49,166.564,Feasible,166.564,191.271,12.9173,113.084,11.0488,0.336469,453.0,0.521889
sarp-50-25-B-10,,,,,,,,,,,,,,,,,,,50,25,20,279.648,191.252,304.336,12,7177.49,166.564,Feasible,166.564,191.271,12.9173,113.084,11.0488,0.336469,453.0,0.521889
sarp-50-25-B-10,,,,,,,,,,,,,,,,,,,50,25,20,279.648,191.252,304.336,12,7177.49,166.564,Feasible,166.564,191.271,12.9173,113.084,11.0488,0.336469,453.0,0.521889
sarp-50-25-B-10,,,,,,,,,,,,,,,,,,,50,25,20,279.648,191.252,304.336,12,7177.49,166.564,Feasible,166.564,191.271,12.9173,113.084,11.0488,0.336469,453.0,0.521889
sarp-50-25-B-10,,,,,,,,,,,,,,,,,,,50,25,20,279.648,191.252,304.336,12,7177.49,166.564,Feasible,166.564,191.271,12.9173,113.084,11.0488,0.336469,453.0,0.521889
sarp-50-25-B-10,,,,,,,,,,,,,,,,,,,50,25,20,279.648,191.252,304.336,12,7177.49,166.564,Feasible,166.564,191.271,12.9173,113.084,11.0488,0.336469,453.0,0.521889
sarp-50-25-B-10,,,,,,,,,,,,,,,,,,,50,25,20,279.648,191.252,304.336,12,7177.49,166.564,Feasible,166.564,191.271,12.9173,113.084,11.0488,0.336469,453.0,0.521889
sarp-50-25-B-10,,,,,,,,,,,,,,,,,,,50,25,20,279.648,191.252,304.336,12,7177.49,166.564,Feasible,166.564,191.271,12.9173,113.084,11.0488,0.336469,453.0,0.521889
sarp-50-25-C-9,,,,,,,,,,,,,,,,,,,50,25,25,890.859,655.642,532.496,16,7174.45,1014.01,Feasible,1014.0,1217.08,16.6853,-123.146,12.4317,0.17285,509.7,0.209211
sarp-50-25-C-9,,,,,,,,,,,,,,,,,,,50,25,25,890.859,655.642,532.496,16,7174.45,1014.01,Feasible,1014.0,1217.08,16.6853,-123.146,12.4317,0.17285,509.7,0.209211
sarp-50-25-C-9,,,,,,,,,,,,,,,,,,,50,25,25,890.859,655.642,532.496,16,7174.45,1014.01,Feasible,1014.0,1217.08,16.6853,-123.146,12.4317,0.17285,509.7,0.209211
sarp-50-25-C-9,,,,,,,,,,,,,,,,,,,50,25,25,890.859,655.642,532.496,16,7174.45,1014.01,Feasible,1014.0,1217.08,16.6853,-123.146,12.4317,0.17285,509.7,0.209211
sarp-50-25-C-9,,,,,,,,,,,,,,,,,,,50,25,25,890.859,655.642,532.496,16,7174.45,1014.01,Feasible,1014.0,1217.08,16.6853,-123.146,12.4317,0.17285,509.7,0.209211
sarp-50-25-C-9,,,,,,,,,,,,,,,,,,,50,25,25,890.859,655.642,532.496,16,7174.45,1014.01,Feasible,1014.0,1217.08,16.6853,-123.146,12.4317,0.17285,509.7,0.209211
sarp-50-25-C-9,,,,,,,,,,,,,,,,,,,50,25,25,890.859,655.642,532.496,16,7174.45,1014.01,Feasible,1014.0,1217.08,16.6853,-123.146,12.4317,0.17285,509.7,0.209211
sarp-50-25-C-9,,,,,,,,,,,,,,,,,,,50,25,25,890.859,655.642,532.496,16,7174.45,1014.01,Feasible,1014.0,1217.08,16.6853,-123.146,12.4317,0.17285,509.7,0.209211
sarp-50-25-C-9,,,,,,,,,,,,,,,,,,,50,25,25,890.859,655.642,532.496,16,7174.45,1014.01,Feasible,1014.0,1217.08,16.6853,-123.146,12.4317,0.17285,509.7,0.209211
sarp-50-25-C-9,,,,,,,,,,,,,,,,,,,50,25,25,890.859,655.642,532.496,16,7174.45,1014.01,Feasible,1014.0,1217.08,16.6853,-123.146,12.4317,0.17285,509.7,0.209211
sarp-50-25-C-9,,,,,,,,,,,,,,,,,,,50,25,25,890.859,655.642,532.496,16,7174.45,1014.01,Feasible,1014.0,1217.08,16.6853,-123.146,12.4317,0.17285,509.7,0.209211
sarp-50-25-C-9,,,,,,,,,,,,,,,,,,,50,25,25,890.859,655.642,532.496,16,7174.45,1014.01,Feasible,1014.0,1217.08,16.6853,-123.146,12.4317,0.17285,509.7,0.209211
sarp-50-25-C-9,,,,,,,,,,,,,,,,,,,50,25,25,890.859,655.642,532.496,16,7174.45,1014.01,Feasible,1014.0,1217.08,16.6853,-123.146,12.4317,0.17285,509.7,0.209211
sarp-50-25-C-9,,,,,,,,,,,,,,,,,,,50,25,25,890.859,655.642,532.496,16,7174.45,1014.01,Feasible,1014.0,1217.08,16.6853,-123.146,12.4317,0.17285,509.7,0.209211
sarp-50-25-C-9,,,,,,,,,,,,,,,,,,,50,25,25,890.859,655.642,532.496,16,7174.45,1014.01,Feasible,1014.0,1217.08,16.6853,-123.146,12.4317,0.17285,509.7,0.209211
sarp-50-25-C-9,,,,,,,,,,,,,,,,,,,50,25,25,890.859,655.642,532.496,16,7174.45,1014.01,Feasible,1014.0,1217.08,16.6853,-123.146,12.4317,0.17285,509.7,0.209211
sarp-50-25-C-9,,,,,,,,,,,,,,,,,,,50,25,25,890.859,655.642,532.496,16,7174.45,1014.01,Feasible,1014.0,1217.08,16.6853,-123.146,12.4317,0.17285,509.7,0.209211
sarp-50-25-C-9,,,,,,,,,,,,,,,,,,,50,25,25,890.859,655.642,532.496,16,7174.45,1014.01,Feasible,1014.0,1217.08,16.6853,-123.146,12.4317,0.17285,509.7,0.209211
sarp-50-25-C-9,,,,,,,,,,,,,,,,,,,50,25,25,890.859,655.642,532.496,16,7174.45,1014.01,Feasible,1014.0,1217.08,16.6853,-123.146,12.4317,0.17285,509.7,0.209211
sarp-50-25-C-9,,,,,,,,,,,,,,,,,,,50,25,25,890.859,655.642,532.496,16,7174.45,1014.01,Feasible,1014.0,1217.08,16.6853,-123.146,12.4317,0.17285,509.7,0.209211
sarp-50-25-C-9,,,,,,,,,,,,,,,,,,,50,25,25,890.859,655.642,532.496,16,7174.45,1014.01,Feasible,1014.0,1217.08,16.6853,-123.146,12.4317,0.17285,509.7,0.209211
sarp-50-25-C-9,,,,,,,,,,,,,,,,,,,50,25,25,890.859,655.642,532.496,16,7174.45,1014.01,Feasible,1014.0,1217.08,16.6853,-123.146,12.4317,0.17285,509.7,0.209211
sarp-50-25-C-9,,,,,,,,,,,,,,,,,,,50,25,25,890.859,655.642,532.496,16,7174.45,1014.01,Feasible,1014.0,1217.08,16.6853,-123.146,12.4317,0.17285,509.7,0.209211
sarp-50-25-C-9,,,,,,,,,,,,,,,,,,,50,25,25,890.859,655.642,532.496,16,7174.45,1014.01,Feasible,1014.0,1217.08,16.6853,-123.146,12.4317,0.17285,509.7,0.209211
sarp-50-25-C-9,,,,,,,,,,,,,,,,,,,50,25,25,890.859,655.642,532.496,16,7174.45,1014.01,Feasible,1014.0,1217.08,16.6853,-123.146,12.4317,0.17285,509.7,0.209211
sarp-50-25-C-9,,,,,,,,,,,,,,,,,,,50,25,25,890.859,655.642,532.496,16,7174.45,1014.01,Feasible,1014.0,1217.08,16.6853,-123.146,12.4317,0.17285,509.7,0.209211
sarp-50-25-C-9,,,,,,,,,,,,,,,,,,,50,25,25,890.859,655.642,532.496,16,7174.45,1014.01,Feasible,1014.0,1217.08,16.6853,-123.146,12.4317,0.17285,509.7,0.209211
sarp-50-25-C-9,,,,,,,,,,,,,,,,,,,50,25,25,890.859,655.642,532.496,16,7174.45,1014.01,Feasible,1014.0,1217.08,16.6853,-123.146,12.4317,0.17285,509.7,0.209211
sarp-50-25-C-10,,,,,,,,,,,,,,,,,,,50,25,23,926.655,526.243,459.908,16,7196.13,992.99,Feasible,992.99,1153.45,13.9115,-66.335,11.7463,0.16957,481.6,0.205698
sarp-50-25-C-10,,,,,,,,,,,,,,,,,,,50,25,23,926.655,526.243,459.908,16,7196.13,992.99,Feasible,992.99,1153.45,13.9115,-66.335,11.7463,0.16957,481.6,0.205698
sarp-50-25-C-10,,,,,,,,,,,,,,,,,,,50,25,23,926.655,526.243,459.908,16,7196.13,992.99,Feasible,992.99,1153.45,13.9115,-66.335,11.7463,0.16957,481.6,0.205698
sarp-50-25-C-10,,,,,,,,,,,,,,,,,,,50,25,23,926.655,526.243,459.908,16,7196.13,992.99,Feasible,992.99,1153.45,13.9115,-66.335,11.7463,0.16957,481.6,0.205698
sarp-50-25-C-10,,,,,,,,,,,,,,,,,,,50,25,23,926.655,526.243,459.908,16,7196.13,992.99,Feasible,992.99,1153.45,13.9115,-66.335,11.7463,0.16957,481.6,0.205698
sarp-50-25-C-10,,,,,,,,,,,,,,,,,,,50,25,23,926.655,526.243,459.908,16,7196.13,992.99,Feasible,992.99,1153.45,13.9115,-66.335,11.7463,0.16957,481.6,0.205698
sarp-50-25-C-10,,,,,,,,,,,,,,,,,,,50,25,23,926.655,526.243,459.908,16,7196.13,992.99,Feasible,992.99,1153.45,13.9115,-66.335,11.7463,0.16957,481.6,0.205698
sarp-50-25-C-10,,,,,,,,,,,,,,,,,,,50,25,23,926.655,526.243,459.908,16,7196.13,992.99,Feasible,992.99,1153.45,13.9115,-66.335,11.7463,0.16957,481.6,0.205698
sarp-50-25-C-10,,,,,,,,,,,,,,,,,,,50,25,23,926.655,526.243,459.908,16,7196.13,992.99,Feasible,992.99,1153.45,13.9115,-66.335,11.7463,0.16957,481.6,0.205698
sarp-50-25-C-10,,,,,,,,,,,,,,,,,,,50,25,23,926.655,526.243,459.908,16,7196.13,992.99,Feasible,992.99,1153.45,13.9115,-66.335,11.7463,0.16957,481.6,0.205698
sarp-50-25-C-10,,,,,,,,,,,,,,,,,,,50,25,23,926.655,526.243,459.908,16,7196.13,992.99,Feasible,992.99,1153.45,13.9115,-66.335,11.7463,0.16957,481.6,0.205698
sarp-50-25-C-10,,,,,,,,,,,,,,,,,,,50,25,23,926.655,526.243,459.908,16,7196.13,992.99,Feasible,992.99,1153.45,13.9115,-66.335,11.7463,0.16957,481.6,0.205698
sarp-50-25-C-10,,,,,,,,,,,,,,,,,,,50,25,23,926.655,526.243,459.908,16,7196.13,992.99,Feasible,992.99,1153.45,13.9115,-66.335,11.7463,0.16957,481.6,0.205698
sarp-50-25-C-10,,,,,,,,,,,,,,,,,,,50,25,23,926.655,526.243,459.908,16,7196.13,992.99,Feasible,992.99,1153.45,13.9115,-66.335,11.7463,0.16957,481.6,0.205698
sarp-50-25-C-10,,,,,,,,,,,,,,,,,,,50,25,23,926.655,526.243,459.908,16,7196.13,992.99,Feasible,992.99,1153.45,13.9115,-66.335,11.7463,0.16957,481.6,0.205698
sarp-50-25-C-10,,,,,,,,,,,,,,,,,,,50,25,23,926.655,526.243,459.908,16,7196.13,992.99,Feasible,992.99,1153.45,13.9115,-66.335,11.7463,0.16957,481.6,0.205698
sarp-50-25-C-10,,,,,,,,,,,,,,,,,,,50,25,23,926.655,526.243,459.908,16,7196.13,992.99,Feasible,992.99,1153.45,13.9115,-66.335,11.7463,0.16957,481.6,0.205698
sarp-50-25-C-10,,,,,,,,,,,,,,,,,,,50,25,23,926.655,526.243,459.908,16,7196.13,992.99,Feasible,992.99,1153.45,13.9115,-66.335,11.7463,0.16957,481.6,0.205698
sarp-50-25-C-10,,,,,,,,,,,,,,,,,,,50,25,23,926.655,526.243,459.908,16,7196.13,992.99,Feasible,992.99,1153.45,13.9115,-66.335,11.7463,0.16957,481.6,0.205698
sarp-50-25-C-10,,,,,,,,,,,,,,,,,,,50,25,23,926.655,526.243,459.908,16,7196.13,992.99,Feasible,992.99,1153.45,13.9115,-66.335,11.7463,0.16957,481.6,0.205698
sarp-50-25-C-10,,,,,,,,,,,,,,,,,,,50,25,23,926.655,526.243,459.908,16,7196.13,992.99,Feasible,992.99,1153.45,13.9115,-66.335,11.7463,0.16957,481.6,0.205698
sarp-50-25-C-10,,,,,,,,,,,,,,,,,,,50,25,23,926.655,526.243,459.908,16,7196.13,992.99,Feasible,992.99,1153.45,13.9115,-66.335,11.7463,0.16957,481.6,0.205698
sarp-50-25-C-10,,,,,,,,,,,,,,,,,,,50,25,23,926.655,526.243,459.908,16,7196.13,992.99,Feasible,992.99,1153.45,13.9115,-66.335,11.7463,0.16957,481.6,0.205698
sarp-50-25-C-10,,,,,,,,,,,,,,,,,,,50,25,23,926.655,526.243,459.908,16,7196.13,992.99,Feasible,992.99,1153.45,13.9115,-66.335,11.7463,0.16957,481.6,0.205698
sarp-50-25-C-10,,,,,,,,,,,,,,,,,,,50,25,23,926.655,526.243,459.908,16,7196.13,992.99,Feasible,992.99,1153.45,13.9115,-66.335,11.7463,0.16957,481.6,0.205698
sarp-50-25-C-10,,,,,,,,,,,,,,,,,,,50,25,23,926.655,526.243,459.908,16,7196.13,992.99,Feasible,992.99,1153.45,13.9115,-66.335,11.7463,0.16957,481.6,0.205698
sarp-50-25-C-10,,,,,,,,,,,,,,,,,,,50,25,23,926.655,526.243,459.908,16,7196.13,992.99,Feasible,992.99,1153.45,13.9115,-66.335,11.7463,0.16957,481.6,0.205698
sarp-50-25-C-10,,,,,,,,,,,,,,,,,,,50,25,23,926.655,526.243,459.908,16,7196.13,992.99,Feasible,992.99,1153.45,13.9115,-66.335,11.7463,0.16957,481.6,0.205698
