Instance Name: sarp-50-25-A-1

K: 8
Profits: 
0: 4.152
1: 4.152
2: 3.81
3: 3.468
4: 3.981
5: 4.437
6: 3.297
7: 3.924
8: 3.981
9: 3.753
10: 3.867
11: 3.81
12: 3.411
13: 3.981
14: 3.753
15: 3.753
16: 3.468
17: 3.696
18: 3.411
19: 3.81
20: 3.867
21: 4.722
22: 3.297
23: 3.297
24: 3.696
25: 4.266
26: 4.893
27: 4.152
28: 4.323
29: 3.696
30: 3.354
31: 3.981
32: 3.981
33: 3.867
34: 3.924
35: 4.152
36: 4.038
37: 4.038
38: 4.323
39: 3.81
40: 4.038
41: 3.753
42: 4.152
43: 3.81
44: 3.582
45: 3.354
46: 4.95
47: 4.095
48: 5.235
49: 3.867
50: 3.404
51: 3.653
52: 3.819
53: 4.234
54: 6.226
55: 3.072
56: 7.056
57: 3.736
58: 6.226
59: 5.479
60: 3.736
61: 3.819
62: 5.396
63: 8.135
64: 4.483
65: 7.388
66: 4.815
67: 5.064
68: 3.404
69: 3.985
70: 4.234
71: 5.23
72: 6.89
73: 9.297
74: 4.483
75: 0
76: 0
77: 0
78: 0
79: 0
80: 0
81: 0
82: 0
83: 0
84: 0
85: 0
86: 0
87: 0
88: 0
89: 0
90: 0
91: 0
92: 0
93: 0
94: 0
95: 0
96: 0
97: 0
98: 0
99: 0
100: 0
101: 0
102: 0
103: 0
104: 0
105: 0
106: 0
107: 0
108: 0
109: 0
110: 0
111: 0
112: 0
113: 0
114: 0
115: 0
Multi parcel
MIP Node V2
profit: 196.428
cutoff: 68
Cutoff Value: 128.428
Version identifier: 22.1.1.0 | 2022-11-28 | 9160aff4d
CPXPARAM_Threads                                 1
CPXPARAM_TimeLimit                               7200
CPXPARAM_MIP_Tolerances_LowerCutoff              128.42800000000003
Tried aggregator 1 time.
MIP Presolve eliminated 4664 rows and 1114 columns.
MIP Presolve modified 10882 coefficients.
Reduced MIP has 3752 rows, 47125 columns, and 176236 nonzeros.
Reduced MIP has 47075 binaries, 0 generals, 0 SOSs, and 0 indicators.
Presolve time = 0.14 sec. (175.95 ticks)
Tried aggregator 1 time.
Detecting symmetries...
Reduced MIP has 3752 rows, 47125 columns, and 176236 nonzeros.
Reduced MIP has 47075 binaries, 0 generals, 0 SOSs, and 0 indicators.
Presolve time = 0.10 sec. (87.98 ticks)
Probing time = 0.02 sec. (17.07 ticks)
Clique table members: 31283.
MIP emphasis: balance optimality and feasibility.
MIP search method: dynamic search.
Parallel mode: none, using 1 thread.
Root relaxation solution time = 0.89 sec. (1395.75 ticks)

        Nodes                                         Cuts/
   Node  Left     Objective  IInf  Best Integer    Best Bound    ItCnt     Gap

      0     0      191.4864   365                    191.4864     4494         
      0     0      188.3731   495                   Cuts: 385     5523         
      0     0      186.0912   486                   Cuts: 166     6879         
      0     0      185.1597   496                   Cuts: 130     7622         
      0     0      184.5254   430                    Cuts: 45     8216         
      0     0      183.8502   514                    Cuts: 57     9049         
Detecting symmetries...
      0     0      183.4922   513                    Cuts: 63     9755         
      0     0      182.9978   564                    Cuts: 48    10372         
      0     0      182.7310   582                   Cuts: 143    11026         
      0     0      182.3132   577                    Cuts: 33    11753         
      0     0      181.6487   632                    Cuts: 48    12529         
      0     0      181.2531   659                   Cuts: 105    14236         
      0     0      181.2100   726                    Cuts: 31    14735         
      0     0      181.1261   714                    Cuts: 53    15152         
      0     0      181.0290   714                    Cuts: 26    15526         
      0     0      181.0163   737                    Cuts: 13    15690         
      0     0      180.9960   716                     Cuts: 5    15815         
      0     0      180.9527   876                     Cuts: 5    15980         
      0     0      180.7524   760                     Cuts: 8    16306         
      0     0      180.6333   715                    Cuts: 12    16669         
      0     0      180.6048   758                    Cuts: 17    16872         
Heuristic still looking.
Detecting symmetries...
      0     2      180.6048   739                    180.6046    16872         
Elapsed time = 21.08 sec. (32336.31 ticks, tree = 0.01 MB, solutions = 0)
      1     3      179.8981   558                    180.6046    17637         
      2     4      179.3621   434                    180.6046    18176         
      4     6      166.7559   430                    180.6046    19552         
      5     7      179.0298   465                    180.6046    19871         
      6     8      178.2814   484                    180.6046    20221         
      7     9      168.4971   381                    180.6046    20867         
      8    10      178.2061   433                    180.6046    21032         
     10    12      177.4548   409                    180.6046    21534         
     12    14      175.8118   386                    180.6046    22157         
     21    21      176.8663   457                    180.6046    23397         
Elapsed time = 25.29 sec. (39632.60 ticks, tree = 0.90 MB, solutions = 0)
     24    24      161.1751   460                    180.6046    24804         
     28    28      177.8014   438                    180.6046    25990         
     35    35      176.5847   410                    180.6046    27498         
     43    41      176.1770   407                    180.6046    28766         
     47    45      174.4867   465                    180.6046    30166         
     50    48      174.0914   408                    180.6046    30920         
     55    53      163.2156   374                    180.6046    32542         
     62    60      171.7836   397                    180.6046    34001         
     66    64      173.0666   437                    180.6046    35265         
     72    70      162.6684   434                    180.6046    37117         
Elapsed time = 32.13 sec. (51204.54 ticks, tree = 3.22 MB, solutions = 0)
     78    74      160.5283   326                    180.6046    38841         
     82    78      162.2444   317                    180.6046    40349         
     90    84      161.2009   311                    180.6046    42010         
    100    94      160.1768   279                    180.6046    43431         
    115   107      155.9493   203                    180.6046    44981         
    132   122      152.4259   182                    180.6046    46668         
    158   144      149.3333   151                    180.6046    48578         
    190   164      144.1063   122                    180.6046    50718         
    229   185    infeasible                          180.6046    53127         
    242   188      178.6735   510                    180.5002    55036         
Elapsed time = 39.44 sec. (62810.04 ticks, tree = 8.86 MB, solutions = 0)
    244   190      175.3857   556                    180.5002    56295         
    246   192      174.6924   489                    180.5002    57413         
    251   193        cutoff                          180.5002    58715         
    255   197      175.7946   513                    180.5002    60060         
    258   200      175.7293   482                    180.5002    61254         
    260   202      175.7293   478                    180.5002    61696         
    265   207      168.7281   503                    180.5002    63513         
    270   212      173.8691   443                    180.5002    64741         
    278   218      161.8381   422                    180.5002    66272         
    285   223      168.3058   420                    180.5002    67501         
Elapsed time = 46.91 sec. (75452.64 ticks, tree = 10.51 MB, solutions = 0)
    291   229      164.1197   306                    180.5002    68820         
    296   234      164.6409   306                    180.5002    70295         
    306   244      161.5787   235                    180.5002    71616         
    313   251      157.5266   164                    180.5002    73449         
    324   262      161.3986   191                    180.5002    75048         
    332   270      154.7323   141                    180.5002    76894         
    352   288      151.5827   199                    180.5002    78604         
    382   308        cutoff                          180.5002    80569         
    389   311      180.2773   695                    180.4985    81529         
    396   318      179.5683   656                    180.4985    82944         
Elapsed time = 53.47 sec. (86153.89 ticks, tree = 14.99 MB, solutions = 0)
    400   322      179.2796   627                    180.4985    83627         
    402   324      179.8968   619                    180.4302    85204         
    413   335      179.1997   620                    180.4302    86403         
    423   345      178.8743   567                    180.4302    87308         
    430   352      178.2402   582                    180.4302    88415         
    435   357      177.7675   521                    180.4302    89557         
    440   362      177.0963   547                    180.4302    90743         
    446   368      176.5578   545                    180.4302    91864         
    451   373      175.7618   513                    180.4302    92951         
    458   380      175.3355   549                    180.4302    93989         
Elapsed time = 63.81 sec. (103895.55 ticks, tree = 17.62 MB, solutions = 0)
    463   385      174.5160   599                    180.4302    95107         
    470   392      173.9896   537                    180.4302    96066         
    479   401      173.4807   562                    180.4302    97122         
    480   402      173.4252   580                    180.4302    97306         
    486   408      172.9979   596                    180.4302    98274         
    497   419      172.2735   559                    180.4302    99378         
    502   424      164.2256   476                    180.4302   100583         
    510   432      163.4191   460                    180.4302   101689         
    520   442      162.6748   473                    180.4302   102681         

Performing restart 1

Repeating presolve.
Tried aggregator 2 times.
MIP Presolve eliminated 5 rows and 504 columns.
MIP Presolve modified 39487 coefficients.
Aggregator did 4 substitutions.
Reduced MIP has 3743 rows, 46617 columns, and 165351 nonzeros.
Reduced MIP has 46567 binaries, 0 generals, 0 SOSs, and 0 indicators.
Presolve time = 0.14 sec. (166.38 ticks)
Tried aggregator 2 times.
MIP Presolve eliminated 0 rows and 25 columns.
Aggregator did 6 substitutions.
Reduced MIP has 3737 rows, 46586 columns, and 165241 nonzeros.
Reduced MIP has 46536 binaries, 0 generals, 0 SOSs, and 0 indicators.
Presolve time = 0.12 sec. (124.50 ticks)
Represolve time = 1.33 sec. (1417.77 ticks)
    526     0      180.2654   707                    Cuts: 53   110568         
    526     0      179.8919   623                    Cuts: 46   111160         
    526     0      179.7305   700                    Cuts: 46   111734         
    526     0      179.6820   676                    Cuts: 37   112103         
    526     0      179.4811   697                    Cuts: 14   112426         
    526     0      179.3511   769                    Cuts: 21   112753         
    526     0      179.3382   762                     Cuts: 9   112858         
    526     0      179.2566   750                    Cuts: 16   113119         
    526     0      179.2528   766                    Cuts: 24   113158         
    526     0      179.2041   831                    Cuts: 12   113312         
    526     0      179.1751   795                    Cuts: 22   113407         
    526     0      179.1211   817                    Cuts: 15   113616         
    526     0      178.9817   823                     Cuts: 9   113925         
    526     0      178.9735   838                     Cuts: 5   114009         
    526     0      178.8924   755                    Cuts: 10   114412         
    526     0      178.7552   834                    Cuts: 15   114890         
    526     0      178.6990   855                    Cuts: 23   115187         
    526     0      178.6906   840                    Cuts: 29   115327         
    526     0      178.5154   825                    Cuts: 19   115780         
    526     0      178.4494   857                    Cuts: 14   116344         
    526     0      178.4354   866                    Cuts: 13   116615         
    526     0      178.4296   898                    Cuts: 13   116794         
    526     0      178.3705   880                    Cuts: 12   117361         
    526     0      178.3377   809                    Cuts: 11   117662         
    526     0      178.3281   868                    Cuts: 18   117802         
    526     2      178.3281   872                    178.3281   117802         
Elapsed time = 135.69 sec. (220762.55 ticks, tree = 0.01 MB, solutions = 0)
    527     3      178.2980   807                    178.2978   118071         
    528     4      173.5747   541                    178.2978   119706         
    529     5      177.9419   777                    178.2978   120270         
    530     6      173.8036   581                    177.9418   121963         
    531     7      177.9059   750                    177.9416   122073         
    532     8      177.8956   772                    177.9416   122173         
    533     9      177.8221   804                    177.9416   122379         
    534    10      177.7318   765                    177.9416   122678         
    535    11      168.7610   601                    177.9416   123882         
    536    12      177.6830   765                    177.9416   124151         
Elapsed time = 348.47 sec. (593824.74 ticks, tree = 0.45 MB, solutions = 0)
    537    13      177.5430   692                    177.9416   124523         
    538    14      175.9552   723                    177.9416   125552         
    539    15      177.5388   706                    177.9416   125618         
    540    16      177.4576   693                    177.9416   125716         
    541    17      177.4576   695                    177.9416   125718         
    542    18      177.4551   682                    177.9416   125751         
    543    19      171.2527   505                    177.9416   126728         
    544    20      177.3917   749                    177.9416   126953         
    545    21      170.5772   565                    177.9416   128480         
    546    22      177.3747   695                    177.9416   128596         
Elapsed time = 443.11 sec. (757244.06 ticks, tree = 0.89 MB, solutions = 0)
    547    23      177.3727   728                    177.9416   128692         
    548    24      177.3636   725                    177.9416   128794         
    549    25      177.3626   714                    177.9416   128819         
    550    26      177.3100   724                    177.9416   129017         
    551    27      177.3067   722                    177.9416   129067         
    552    28      165.5260   526                    177.9416   130708         
    553    29      177.2833   716                    177.9416   130853         
    554    30      176.7628   543                    177.9416   131684         
    556    32      177.2286   657                    177.9416   131989         
    557    33      167.3261   596                    177.9416   133340         
Elapsed time = 501.15 sec. (857420.47 ticks, tree = 1.37 MB, solutions = 0)
    560    36      177.2079   666                    177.9416   133505         
    561    37      177.1865   652                    177.9416   133646         
    562    37      169.9884   548                    177.9416   135005         
    563    38      169.9884   550                    177.9416   135009         
    564    39      167.8006   447                    177.9416   135565         
    567    40      167.6712   490                    177.9416   136168         
    569    42      167.5456   521                    177.9416   136598         
    572    45      167.4879   400                    177.9416   136938         
    576    45      167.4375   419                    177.9416   137730         
    579    48      167.2915   470                    177.9416   138122         
Elapsed time = 541.78 sec. (927127.55 ticks, tree = 2.06 MB, solutions = 0)
    585    51      167.2238   470                    177.9416   138809         
    596    58      166.9885   406                    177.9416   139888         
    599    60      166.9304   408                    177.9416   140299         
    605    65      166.5114   387                    177.9416   140783         
    607    65      165.9642   431                    177.9416   141406         
    609    67      165.3540   415                    177.9416   141851         
    610    68      162.8867   388                    177.9416   142215         
    613    71      165.2339   414                    177.9416   142653         
    616    74      164.5909   392                    177.9416   143352         
    618    75      164.0492   478                    177.9416   143655         
Elapsed time = 572.54 sec. (979528.79 ticks, tree = 3.33 MB, solutions = 0)
    623    79      159.9976   393                    177.9416   144967         
    626    82      163.5562   437                    177.9416   145274         
    628    83      163.4456   469                    177.9416   145620         
    629    84      163.4147   478                    177.9416   145815         
    632    86      162.7384   449                    177.9416   146561         
    634    88      159.8864   367                    177.9416   147540         
    636    90      160.0535   387                    177.9416   148419         
    640    92      162.1195   442                    177.9416   149270         
    644    95      161.8527   420                    177.9416   149757         
    648    99      161.5341   470                    177.9416   150540         
Elapsed time = 608.34 sec. (1041095.06 ticks, tree = 4.47 MB, solutions = 0)
    654   104      161.2075   421                    177.9416   151502         
    655   104      158.7822   422                    177.9416   152295         
    659   107      158.2665   447                    177.9416   152658         
    660   107      158.1571   496                    177.9416   152866         
    666   112      157.4297   392                    177.9416   154236         
    671   116      155.7646   439                    177.9416   155205         
    674   115      175.8739   527                    177.9024   158533         
    675   116      174.4983   620                    177.9024   159242         
    676   117      174.1647   581                    177.9024   159949         
    680   121      173.4561   599                    177.9024   161373         
Elapsed time = 640.53 sec. (1095711.76 ticks, tree = 5.45 MB, solutions = 0)
    681   122      149.1726   431                    177.9024   172375         
    684   125      162.6505   398                    177.9024   173726         
    686   127      173.1736   614                    177.9024   173966         
    687   128      167.8176   434                    177.9024   175667         
    689   130      172.0396   609                    177.9024   176543         
    690   130      165.0102   529                    177.9024   178449         
    693   133      160.7534   478                    177.9024   179760         
    697   137      171.5856   559                    177.9024   180928         
    698   138      167.2408   444                    177.9024   182910         
    701   141      159.5532   455                    177.9024   184468         
Elapsed time = 685.89 sec. (1173813.30 ticks, tree = 6.41 MB, solutions = 0)
    706   146      171.4104   628                    177.9024   185459         
    711   151      161.9805   434                    177.9024   188108         
    715   155      160.1180   510                    177.9024   190752         
    717   157      159.0093   457                    177.9024   192637         
    722   162      157.8614   592                    177.9024   195532         
    726   166      171.0623   604                    177.9024   196153         
    733   173      167.6579   567                    177.9024   198317         
    735   175      160.4647   483                    177.9024   201385         
    738   178      166.1725   611                    177.9024   202683         
    743   183      165.0613   641                    177.9024   204239         
Elapsed time = 723.95 sec. (1238353.68 ticks, tree = 8.22 MB, solutions = 0)
    745   185      163.8825   531                    177.9024   205575         
    747   187      163.7328   533                    177.9024   205931         
    749   189      161.2136   491                    177.9024   206850         
    757   197      161.8748   573                    177.9024   209072         
    765   205      160.5386   518                    177.9024   210828         
    770   209      134.8220   520                    177.9024   214765         
    772   209      134.8041   544                    177.9024   214812         
    776   210      131.5545   570                    177.9024   216645         
    788   214      129.9642   508                    177.9024   217930         
    805   218      176.2910   617                    177.8947   220124         
Elapsed time = 758.62 sec. (1294579.60 ticks, tree = 9.89 MB, solutions = 0)
    807   220      176.2142   704                    177.8947   220437         
    812   225      175.4440   573                    177.8947   221650         
    824   237      174.9672   486                    177.8947   222722         
    826   239      174.8586   427                    177.8947   222927         
    834   247      174.2557   540                    177.8947   224614         
    846   259      173.8747   604                    177.8947   225928         
    857   270      173.4269   621                    177.8947   227079         
    866   279      173.2113   571                    177.8947   227923         
    886   299      172.4530   547                    177.8947   230487         
    889   302      172.3429   548                    177.8947   230864         
Elapsed time = 793.07 sec. (1344008.46 ticks, tree = 13.82 MB, solutions = 0)
    897   310      170.7089   571                    177.8947   232021         
    902   315      170.5242   602                    177.8947   232586         
    907   320      170.4024   604                    177.8947   233159         
    916   328      169.4955   533                    177.8947   233950         
    928   340      171.2363   580                    177.7305   236674         
    933   345      169.9575   597                    177.7305   238787         
    941   353      169.4112   578                    177.7305   240225         
    952   364      168.8391   641                    177.7305   241248         
    970   382      168.1773   579                    177.7305   244273         
    985   396      167.4631   495                    177.7305   246138         
Elapsed time = 821.83 sec. (1392405.72 ticks, tree = 18.09 MB, solutions = 0)
    989   399      166.9581   547                    177.7305   246966         
   1005   415      165.7290   510                    177.7305   248720         
   1013   423      165.3702   451                    177.7305   249609         
   1027   437      164.6480   580                    177.7305   250827         
   1043   453      164.0201   562                    177.7305   252764         
   1048   458      162.7272   523                    177.7305   255059         
   1055   464      161.8735   534                    177.7305   257055         
   1065   474      161.4181   521                    177.7305   258439         
   1074   483      160.4455   496                    177.7305   259960         
   1082   491      159.5137   470                    177.7305   261605         
Elapsed time = 846.46 sec. (1434058.65 ticks, tree = 22.37 MB, solutions = 0)
   1088   497      159.3772   583                    177.7305   262013         
   1095   504      158.2824   582                    177.7305   263146         
   1105   514      157.4193   508                    177.7305   264561         
   1115   524      156.2455   506                    177.7305   266364         
   1125   534      155.3741   518                    177.7305   267745         
   1128   536      166.4806   579                    177.5415   270093         
   1139   547      166.2106   593                    177.5415   271414         
   1146   554      166.0875   584                    177.5415   272049         
   1158   566      165.6881   546                    177.5415   273877         
   1187   595      165.1265   392                    177.5415   275655         
Elapsed time = 871.74 sec. (1477068.14 ticks, tree = 27.30 MB, solutions = 0)
   1203   611      164.4196   524                    177.5415   276980         
   1212   620      163.3540   357                    177.5415   278024         
   1218   626      162.6579   470                    177.5415   278677         
   1234   642      162.1853   459                    177.5415   279999         
   1245   653      161.7436   385                    177.5415   280947         
   1255   663      160.6935   354                    177.5415   282193         
   1264   672      160.3944   372                    177.5415   282754         
   1273   681      158.9955   345                    177.5415   283887         
   1278   686      158.6230   386                    177.5415   284729         
   1285   693      158.3191   417                    177.5415   285173         
Elapsed time = 900.64 sec. (1521105.66 ticks, tree = 31.94 MB, solutions = 0)
   1292   700      158.2175   494                    177.5415   285546         
   1301   709      158.0055   388                    177.5415   286023         
   1310   718      157.7647   446                    177.5415   286645         
   1323   731      157.4815   369                    177.5415   287449         
   1327   735      157.2646   400                    177.5415   287857         
   1329   737      164.8232   574                    177.5292   289558         
   1332   740      164.2901   532                    177.5292   290371         
   1339   747      164.1472   513                    177.5292   292511         
   1354   762      161.2894   436                    177.5292   295357         
   1362   770      160.0644   443                    177.5292   297807         
Elapsed time = 929.47 sec. (1565159.16 ticks, tree = 35.60 MB, solutions = 0)
   1368   776      159.7243   452                    177.5292   299682         
   1376   784      158.5660   389                    177.5292   301672         
   1391   795      154.9175   370                    177.5292   303773         
   1398   802      152.0800   356                    177.5292   305624         
   1404   807      154.1466   513                    177.5292   306674         
   1413   813      152.1868   362                    177.5292   307645         
   1422   822      150.4498   336                    177.5292   308723         
   1431   830      145.7334   344                    177.5292   309611         
   1433   831      148.3013   306                    177.5292   310200         
   1435   832      136.2823   352                    177.5292   311232         
Elapsed time = 961.59 sec. (1611727.42 ticks, tree = 38.54 MB, solutions = 0)
   1438   831      173.8467   606                    177.4544   312793         
   1440   833      172.5096   606                    177.4544   313288         
   1444   837      172.3732   606                    177.4544   314109         
   1447   840      172.0218   621                    177.4544   315055         
   1456   849      170.0980   595                    177.4544   317299         
   1472   865      163.1035   555                    177.4544   320365         
   1486   879      162.8988   477                    177.4544   321479         
   1517   910      161.6023   433                    177.4544   324412         
   1535   928      161.0277   463                    177.4544   325914         
   1562   955      160.0876   484                    177.4544   328210         
Elapsed time = 995.95 sec. (1659335.01 ticks, tree = 44.38 MB, solutions = 0)
   1572   965      159.4306   460                    177.4544   329237         

Performing restart 2

Repeating presolve.
Tried aggregator 1 time.
MIP Presolve eliminated 0 rows and 9 columns.
Reduced MIP has 3737 rows, 46577 columns, and 171069 nonzeros.
Reduced MIP has 46527 binaries, 0 generals, 0 SOSs, and 0 indicators.
Presolve time = 0.06 sec. (77.78 ticks)
Tried aggregator 1 time.
Reduced MIP has 3737 rows, 46577 columns, and 171069 nonzeros.
Reduced MIP has 46527 binaries, 0 generals, 0 SOSs, and 0 indicators.
Presolve time = 0.10 sec. (96.26 ticks)
Represolve time = 0.94 sec. (701.01 ticks)
   1578     0      177.9925   677                    Cuts: 11   338519         
   1578     0      177.7272   777                    Cuts: 48   339353         
   1578     0      177.5809   799                    Cuts: 57   340060         
   1578     0      177.4052   737                    Cuts: 11   340422         
   1578     0      177.3491   681                    Cuts: 11   340701         
   1578     0      177.2757   718                     Cuts: 8   341153         
   1578     0      177.2533   735                    Cuts: 15   341403         
   1578     0      177.2512   742                    Cuts: 10   341548         
   1578     0      177.2313   730                     Cuts: 7   341802         
   1578     0      177.1988   856                     Cuts: 7   342185         
   1578     0      177.1897   778                    Cuts: 40   342355         
   1578     0      177.1824   786                     Cuts: 9   342597         
   1578     0      177.1433   757                    Cuts: 12   342808         
   1578     0      177.0247   777                    Cuts: 14   343601         
   1578     0      177.0016   823                    Cuts: 59   343894         
   1578     0      176.9830   775                    Cuts: 11   344109         
   1578     0      176.8988   744                    Cuts: 11   344679         
   1578     0      176.7716   774                    Cuts: 29   345346         
   1578     0      176.7317   813                    Cuts: 16   345623         
   1578     0      176.6899   789                     Cuts: 3   345806         
   1578     0      176.6675   843                    Cuts: 68   346067         
   1578     0      176.5363   863                     Cuts: 6   346510         
   1578     0      176.5316   854                    Cuts: 14   346664         
   1578     0      176.5305   851                     Cuts: 6   346755         
   1578     0      176.5155   867                    Cuts: 22   346913         
   1578     0      176.5095   866                    Cuts: 72   347064         
   1578     0      176.5020   867                    Cuts: 23   347228         
   1578     0      176.5020   872                     Cuts: 3   347245         
   1578     2      176.5020   861                    176.5014   347245         
   1579     3      176.3613   769                    176.3612   348013         
   1580     4      176.1956   714                    176.3612   348833         
   1581     5      174.9385   813                    176.1950   350499         
   1582     6      174.2853   622                    176.1950   351647         
   1583     7      174.1299   709                    176.1950   353183         
   1584     8      174.0585   721                    176.1950   354061         
   1585     9      167.3783   611                    176.1950   355594         
   1586    10      173.9897   712                    176.1950   355891         
Elapsed time = 1613.88 sec. (2637401.38 ticks, tree = 0.35 MB, solutions = 0)
   1587    11      173.9175   729                    176.1950   356094         
   1588    12      173.7576   777                    176.1950   356605         
   1589    13      173.7357   725                    176.1950   356833         
   1590    14      173.6813   752                    176.1950   357080         
   1591    15      165.1268   457                    176.1950   359286         
   1592    16      173.6791   755                    176.1950   359353         
   1593    17      173.6666   725                    176.1950   359516         
   1594    18      173.6546   696                    176.1950   359710         
   1595    19      173.5089   817                    176.1950   360208         
   1596    20      168.6721   527                    176.1950   362126         
Elapsed time = 1722.58 sec. (2821576.88 ticks, tree = 0.78 MB, solutions = 0)
   1597    21      165.0460   721                    176.1950   363897         
   1598    22      173.0796   813                    176.1950   364612         
   1599    23      173.0331   828                    176.1950   364831         
   1600    24      162.9508   515                    176.1950   367509         
   1601    25      172.8702   740                    176.1950   367968         
   1602    26      172.3970   695                    176.1950   369295         
   1603    27      172.3804   711                    176.1950   369516         
   1604    28      172.3600   725                    176.1950   369650         
   1605    29      164.3264   447                    176.1950   371631         
   1607    31      164.1042   539                    176.1950   373463         
Elapsed time = 1820.93 sec. (2988685.42 ticks, tree = 1.28 MB, solutions = 0)
   1608    32      172.2121   757                    176.1950   373871         
   1609    33      169.0856   384                    176.1950   375994         
   1611    35      160.3871   471                    176.1950   377828         
   1612    36      168.8328   451                    176.1950   378029         
   1613    37      168.6939   499                    176.1950   378211         
   1614    38      167.6992   457                    176.1950   378862         
   1615    39      168.4705   458                    176.1950   379194         
   1616    40      164.4658   425                    176.1950   380074         
   1617    41      168.3555   546                    176.1950   380319         
   1619    43      168.2255   466                    176.1950   380686         
Elapsed time = 1873.58 sec. (3069104.27 ticks, tree = 1.84 MB, solutions = 0)
   1620    44      168.1998   480                    176.1950   380775         
   1623    47      168.1074   509                    176.1950   381195         
   1624    48      166.7242   459                    176.1950   382186         
   1626    50      163.8960   434                    176.1950   383495         
   1629    53      164.7500   435                    176.1950   384567         
   1632    56      160.6945   254                    176.1950   385101         
   1635    59      155.5871   288                    176.1950   386182         
   1639    63      159.3935   340                    176.1950   387395         
   1643    67      165.6338   428                    176.1950   388155         
   1646    70      154.3070   262                    176.1950   390034         
Elapsed time = 1907.77 sec. (3125003.75 ticks, tree = 3.12 MB, solutions = 0)
   1649    72      145.5426   299                    176.1950   391376         
   1655    75      143.7999   193                    176.1950   392324         
   1658    78      143.2312   264                    176.1950   392607         
   1661    81      143.0743   278                    176.1950   392968         
   1663    83      141.6479   344                    176.1950   393604         
   1672    89      138.2895   257                    176.1950   394581         
   1683   100      136.1388   175                    176.1950   395770         
   1698   115      135.5485   202                    176.1950   396470         
   1703   116      132.6596   272                    176.1950   397225         
   1705   116      132.4952   253                    176.1950   397971         
Elapsed time = 1938.53 sec. (3171121.86 ticks, tree = 5.34 MB, solutions = 0)
   1707   116      176.1356   682                    176.1945   398913         
   1709   118      176.1120   738                    176.1945   399080         
   1711   120      168.3874   464                    176.1945   401173         
   1713   122      164.1495   485                    176.1945   404067         
   1716   125      175.9471   670                    176.1945   404515         
   1721   130      175.8069   708                    176.1945   405502         
   1722   131      169.2624   407                    176.1945   407745         
   1724   133      174.0415   537                    176.1945   409465         
   1728   137      166.2683   416                    176.1945   410966         
   1731   140      167.0606   551                    176.1945   412847         
Elapsed time = 1984.88 sec. (3247885.73 ticks, tree = 6.36 MB, solutions = 0)
   1735   144      168.7060   495                    176.1945   415921         
   1737   146      171.1594   635                    176.1945   418292         
   1741   150      173.7427   535                    176.1945   419689         
   1744   153      159.6790   485                    176.1945   422239         
   1746   155      157.7830   537                    176.1945   424183         
   1748   157      162.8342   586                    176.1945   426329         
   1752   161      173.8863   479                    176.1945   428058         
   1755   164      169.6740   517                    176.1945   429970         
   1757   166      172.6386   393                    176.1945   431657         
   1762   171      170.6880   453                    176.1945   433792         
Elapsed time = 2026.94 sec. (3316847.07 ticks, tree = 7.75 MB, solutions = 0)
   1765   174      167.3831   354                    176.1945   434640         
   1771   180      170.7165   421                    176.1945   436384         
   1774   183      167.4276   335                    176.1945   437518         
   1777   186      158.2856   403                    176.1945   439207         
   1782   191      171.4758   439                    176.1945   439972         
   1788   196      171.0283   321                    176.1945   440587         
   1802   203      170.5525   335                    176.1945   441694         
   1810   209      170.2266   383                    176.1945   442446         
   1818   217      169.8794   411                    176.1945   442922         
   1825   221      169.4804   318                    176.1945   443861         
Elapsed time = 2056.36 sec. (3364271.89 ticks, tree = 10.09 MB, solutions = 0)
   1827   221      168.2341   465                    176.1945   444688         
   1830   224      152.0160   379                    176.1945   447179         
   1839   227      173.0629   448                    176.1871   449495         
   1855   243      171.9584   439                    176.1871   451424         
   1864   252      171.1560   413                    176.1871   452762         
   1881   269      170.8398   396                    176.1871   454002         
   1886   274      170.2012   472                    176.1871   454750         
   1892   280      169.7027   477                    176.1871   455704         
   1898   285      169.2504   441                    176.1871   456638         
   1906   293      167.8192   425                    176.1871   458132         
Elapsed time = 2086.76 sec. (3412667.49 ticks, tree = 13.39 MB, solutions = 0)
   1913   300      167.6992   485                    176.1871   458893         
   1920   307      167.2219   406                    176.1871   459864         
   1928   315      166.9979   430                    176.1871   460567         
   1935   322      166.1168   402                    176.1871   461834         
   1943   330      165.4872   320                    176.1871   462591         
   1949   336      165.3032   309                    176.1871   463161         
   1953   340      165.1031   360                    176.1871   463547         
   1962   349      164.6398   491                    176.1871   464724         
   1966   353      164.4795   560                    176.1871   465326         
   1980   367      175.9549   741                    176.1349   467729         
Elapsed time = 2115.03 sec. (3457575.42 ticks, tree = 16.86 MB, solutions = 0)
   1986   373      175.6942   762                    176.1349   469056         
   1996   383      175.3406   768                    176.1349   470768         
   2004   391      174.8483   636                    176.1349   472181         
   2015   402      174.3831   622                    176.1349   473765         
   2032   419      173.6552   631                    176.1349   475884         
   2049   436      173.2920   601                    176.1349   477472         
   2058   445      172.8590   594                    176.1349   478714         
   2073   460      172.5101   587                    176.1349   480271         
   2080   467      171.8899   601                    176.1349   481826         
   2087   474      171.5921   570                    176.1349   482874         
Elapsed time = 2143.84 sec. (3502035.13 ticks, tree = 21.42 MB, solutions = 0)
   2098   485      170.8526   523                    176.1349   484242         
   2107   494      170.5323   521                    176.1349   485419         
   2116   503      169.9582   479                    176.1349   486808         
   2122   509      168.9519   503                    176.1349   488155         
   2130   517      168.4175   458                    176.1349   489255         
   2139   526      167.9187   492                    176.1349   490328         
   2152   539      165.4794   535                    176.1349   492480         
   2157   544      164.6851   533                    176.1349   493472         
   2166   553      163.0633   524                    176.1349   495354         
   2170   557      161.1982   538                    176.1349   497497         
Elapsed time = 2173.89 sec. (3549126.22 ticks, tree = 25.33 MB, solutions = 0)
   2175   562      159.8209   482                    176.1349   499256         
   2180   567      169.2218   535                    176.0680   503032         
   2190   577      168.6983   593                    176.0680   504686         
   2201   588      167.9044   592                    176.0680   506472         
   2214   601      166.8420   581                    176.0680   508419         
   2218   605      166.5586   615                    176.0680   509119         
   2227   614      165.9897   592                    176.0680   511121         
   2236   623      165.1266   530                    176.0680   512800         
   2246   633      164.7030   531                    176.0680   514479         
   2253   640      162.8578   549                    176.0680   517081         
Elapsed time = 2202.03 sec. (3593708.43 ticks, tree = 29.05 MB, solutions = 0)
   2259   646      161.7916   575                    176.0680   518850         
   2268   655      161.0634   595                    176.0680   520107         
   2278   665      159.5436   652                    176.0680   522853         
   2286   673      158.4069   516                    176.0680   524624         
   2295   682      157.2453   530                    176.0680   526102         
   2302   689      156.1082   446                    176.0680   528201         
   2311   698      154.8248   472                    176.0680   530751         
   2317   700      165.5037   446                    176.0121   534874         
   2326   709      164.1453   426                    176.0121   537553         
   2332   715      164.0077   396                    176.0121   541119         
Elapsed time = 2230.97 sec. (3640304.91 ticks, tree = 32.48 MB, solutions = 0)
   2344   727      158.7383   304                    176.0121   542959         
   2351   732      163.5219   295                    176.0121   547207         
   2362   741      162.6589   366                    176.0121   550778         
   2372   749      161.9436   292                    176.0121   555155         
   2378   755      161.8273   301                    176.0121   557577         
   2389   766      152.0925   325                    176.0121   560094         
   2399   772      153.8137   337                    176.0121   563749         
   2408   781      153.7582   309                    176.0121   565243         
   2420   791      153.3489   344                    176.0121   566286         
   2426   797      148.3520   307                    176.0121   568753         
Elapsed time = 2258.82 sec. (3684232.00 ticks, tree = 36.30 MB, solutions = 0)
   2431   796      167.6001   579                    176.0072   572357         
   2448   813      166.9244   546                    176.0072   574354         
   2458   823      166.0342   597                    176.0072   576347         
   2474   839      165.1157   520                    176.0072   579261         
   2483   848      163.8950   598                    176.0072   581466         
   2489   854      153.6551   449                    176.0072   583693         
   2494   859      139.4499   391                    176.0072   586725         
   2495   859      132.4792   459                    176.0072   589895         
   2500   862      171.9458   599                    175.9533   593515         
   2518   880      170.9289   559                    175.9533   596123         
Elapsed time = 2288.67 sec. (3731123.38 ticks, tree = 40.12 MB, solutions = 0)
   2532   894      170.0121   450                    175.9533   598506         
   2543   905      168.2475   518                    175.9533   601561         
   2558   920      166.9429   472                    175.9533   604185         
   2570   932      166.4398   473                    175.9533   605778         
   2580   942      165.7360   465                    175.9533   607319         
   2595   957      165.4462   544                    175.9533   608764         
   2607   969      165.1793   464                    175.9533   609980         
   2620   981      156.1491   473                    175.9533   612889         
   2622   982      154.1013   450                    175.9533   613880         
   2625   981      164.8591   591                    175.9425   618208         
Elapsed time = 2317.46 sec. (3775739.80 ticks, tree = 44.89 MB, solutions = 0)
   2634   990      164.0971   670                    175.9425   620287         
   2640   996      163.6650   716                    175.9425   621684         
   2653  1009      162.8622   640                    175.9425   624515         
   2663  1019      161.6004   589                    175.9425   627576         
   2670  1026      160.3959   549                    175.9425   629981         
   2679  1035      159.7317   552                    175.9425   631750         
   2692  1048      159.3120   528                    175.9425   633549         
   2698  1054      159.2120   570                    175.9425   634022         
   2705  1061      158.4685   474                    175.9425   635928         
   2711  1067      158.1092   499                    175.9425   637371         
Elapsed time = 2347.19 sec. (3822598.26 ticks, tree = 48.95 MB, solutions = 0)
   2715  1071      157.8894   481                    175.9425   638089         
   2726  1082      157.1102   477                    175.9425   639144         
   2744  1100      156.6411   546                    175.9425   641082         
   2755  1111      152.5604   417                    175.9425   642861         
   2765  1121      151.9914   461                    175.9425   644184         
   2770  1126      144.3123   427                    175.9425   645894         
   2773  1126      168.5252   403                    175.9363   649987         
   2791  1144      167.8207   356                    175.9363   652095         
   2806  1159      164.9463   447                    175.9363   655256         
   2816  1169      163.7723   435                    175.9363   657206         
Elapsed time = 2375.58 sec. (3867237.05 ticks, tree = 53.68 MB, solutions = 0)
   2833  1186      162.5116   320                    175.9363   659787         
   2853  1206      161.8910   346                    175.9363   661723         
   2870  1223      160.6506   455                    175.9363   663724         
   2880  1233      159.9886   566                    175.9363   665564         
   2893  1246      159.4798   411                    175.9363   667658         
   2901  1254      158.9351   315                    175.9363   668854         
   2910  1263      157.7089   437                    175.9363   670724         
   2916  1269      156.2674   437                    175.9363   672893         
   2920  1273      155.3789   454                    175.9363   674559         
   2925  1277      154.5368   444                    175.9363   676347         
Elapsed time = 2402.67 sec. (3909065.89 ticks, tree = 58.67 MB, solutions = 0)
   2930  1280      152.8268   499                    175.9363   678612         
   2936  1285      150.6837   531                    175.9363   682046         
   2940  1285      172.0317   437                    175.9186   687627         
   2945  1290      159.9267   348                    175.9186   690790         
   2957  1302      170.3830   417                    175.9186   694295         
   2971  1314      169.7048   445                    175.9186   696866         
   2976  1319      149.4587   399                    175.9186   700293         
   2987  1328      162.8836   375                    175.9186   702869         
   2993  1334      142.0842   369                    175.9186   708746         
   3000  1335      169.8806   527                    175.9101   713847         
Elapsed time = 2431.68 sec. (3955502.62 ticks, tree = 61.39 MB, solutions = 0)
   3014  1349      168.9697   569                    175.9101   716469         
   3026  1361      168.3682   561                    175.9101   720024         
   3036  1371      166.9550   540                    175.9101   723962         
   3047  1382      165.2190   550                    175.9101   727085         
   3062  1397      162.9188   499                    175.9101   730383         
   3069  1404      160.2284   429                    175.9101   734065         
   3078  1413      156.8155   463                    175.9101   739050         
   3080  1412        cutoff                          175.9101   746065         
   3086  1418      165.6558   637                    175.7949   749042         
   3096  1428      165.1036   534                    175.7949   750630         
Elapsed time = 2459.90 sec. (4000092.24 ticks, tree = 65.52 MB, solutions = 0)
   3108  1440      163.0819   604                    175.7949   753741         
   3115  1447      161.2325   487                    175.7949   755948         
   3120  1452      160.3122   467                    175.7949   757762         
   3130  1462      157.2095   462                    175.7949   761649         
   3141  1473      155.9298   522                    175.7949   764946         
   3152  1484      155.5051   461                    175.7949   767254         
   3169  1501      153.9412   429                    175.7949   770032         
   3178  1510      150.7614   629                    175.7949   772365         
   3188  1520      149.6287   492                    175.7949   774891         
   3196  1528      139.1608   438                    175.7949   779495         
Elapsed time = 2486.79 sec. (4042405.03 ticks, tree = 70.11 MB, solutions = 0)
   3199  1529        cutoff                          175.7949   786555         
   3201  1529      173.8010   646                    175.7920   789715         
   3217  1545      172.8879   705                    175.7920   792390         
   3230  1558      171.5613   644                    175.7920   795532         
   3244  1572      170.5647   668                    175.7920   798751         
   3258  1586      169.6678   637                    175.7920   801319         
   3272  1600      168.6506   611                    175.7920   804398         
   3291  1619      167.7550   622                    175.7920   807365         
   3308  1636      166.5679   526                    175.7920   810590         
   3326  1654      165.0285   415                    175.7920   813324         
Elapsed time = 2515.36 sec. (4085339.68 ticks, tree = 75.69 MB, solutions = 0)
   3349  1677      164.8342   449                    175.7920   814518         
   3365  1693      164.4623   502                    175.7920   816021         
   3388  1716      164.3215   548                    175.7920   817084         
   3409  1737      163.5001   362                    175.7920   819195         
   3415  1742      152.2493   360                    175.7920   822785         
   3419  1742      163.0730   570                    175.7665   827059         
   3431  1754      161.1356   556                    175.7665   830204         
   3445  1768      157.7633   558                    175.7665   834058         
   3460  1783      156.1022   643                    175.7665   836933         
   3480  1803      154.8457   561                    175.7665   839789         
Elapsed time = 2544.70 sec. (4129511.54 ticks, tree = 82.66 MB, solutions = 0)
   3498  1821      154.0003   475                    175.7665   841959         
   3518  1841      153.3385   505                    175.7665   843576         
   3539  1861      152.8121   442                    175.7665   845003         
   3551  1872      151.7831   355                    175.7665   847036         
   3559  1880      134.1306   360                    175.7665   852067         
   3570  1887      169.1794   438                    175.7657   856171         
   3578  1895      164.8832   431                    175.7657   859178         
   3589  1906      159.2567   397                    175.7657   863053         
   3595  1910      144.7773   415                    175.7657   869389         
   3608  1923      153.7787   429                    175.7657   873604         
Elapsed time = 2575.74 sec. (4176990.00 ticks, tree = 88.32 MB, solutions = 0)
   3618  1932      146.3139   412                    175.7657   878070         
   3620  1932      173.3993   623                    175.7228   883334         
   3637  1949      172.7958   575                    175.7228   885148         
   3652  1964      171.8872   589                    175.7228   887409         
   3664  1976      170.6434   581                    175.7228   889992         
   3681  1993      169.4730   548                    175.7228   892879         
   3697  2009      168.7286   410                    175.7228   895695         
   3715  2027      165.8999   547                    175.7228   899076         
   3727  2039      164.0240   528                    175.7228   902478         
   3740  2052      163.1905   520                    175.7228   904700         
Elapsed time = 2603.49 sec. (4219000.66 ticks, tree = 94.20 MB, solutions = 0)
   3747  2059      162.4894   552                    175.7228   906068         
   3764  2076      161.0589   455                    175.7228   908777         
   3791  2103      160.5701   437                    175.7228   910853         
   3811  2123      160.0109   477                    175.7228   913296         
   3820  2131      158.3177   495                    175.7228   915273         
   3837  2148      157.2729   527                    175.7228   917847         
   3852  2163      156.6260   500                    175.7228   919741         
   3865  2176      151.8889   424                    175.7228   922789         
   3867  2177      135.8147   461                    175.7228   927597         
   3869  2177      173.4122   642                    175.7202   930881         
Elapsed time = 2631.59 sec. (4261516.04 ticks, tree = 100.11 MB, solutions = 0)
   3884  2192      172.1954   619                    175.7202   934283         
   3893  2201      170.6102   635                    175.7202   937563         
   3908  2216      169.2685   604                    175.7202   941066         
   3926  2234      168.2196   576                    175.7202   944409         
   3939  2247      166.2268   473                    175.7202   947621         
   3966  2274      165.4752   492                    175.7202   950102         
   3985  2293      164.5777   451                    175.7202   952153         
   4004  2312      162.8705   397                    175.7202   954461         
   4019  2327      159.2725   320                    175.7202   956542         
   4030  2337      146.1795   255                    175.7202   958559         
Elapsed time = 2658.80 sec. (4302427.51 ticks, tree = 107.73 MB, solutions = 0)
   4040  2345      164.4473   470                    175.6938   963060         
   4059  2364      162.7971   452                    175.6938   966254         
   4077  2382      160.7451   494                    175.6938   969452         
   4086  2391      158.7736   491                    175.6938   972464         
   4096  2401      155.8297   354                    175.6938   976056         
   4110  2413      153.5977   507                    175.6938   979732         
   4122  2425      152.8017   526                    175.6938   981538         
   4136  2439      152.0955   357                    175.6938   983874         
   4145  2448      151.2045   546                    175.6938   986643         
   4151  2454      149.7356   447                    175.6938   991069         
Elapsed time = 2687.34 sec. (4346367.23 ticks, tree = 113.23 MB, solutions = 0)
   4154  2457      141.6643   477                    175.6938   995787         
   4155  2457      128.6017   458                    175.6938   999773         
   4163  2463      171.4614   527                    175.6768  1003237         
   4181  2481      169.7324   430                    175.6768  1006632         
   4201  2501      167.4982   405                    175.6768  1009937         
   4218  2518      166.1776   348                    175.6768  1013079         
   4242  2542      164.7507   398                    175.6768  1016189         
   4275  2574      164.1724   484                    175.6768  1018531         
   4307  2606      163.8958   381                    175.6768  1019948         
   4335  2634      162.9842   391                    175.6768  1022337         
Elapsed time = 2714.79 sec. (4387088.62 ticks, tree = 121.74 MB, solutions = 0)
   4348  2641    infeasible                          175.6479  1026966         
   4355  2648      161.0990   510                    175.6479  1031215         
   4377  2666      161.8425   366                    175.6479  1034921         
   4380  2669      161.3677   372                    175.6479  1035623         
   4385  2672    infeasible                          175.6479  1037917         
   4394  2679      167.4093   413                    175.6218  1041766         
   4414  2699      165.2538   427                    175.6218  1045188         
   4433  2718      163.6840   431                    175.6218  1048665         
   4447  2732      162.6498   432                    175.6218  1051908         
   4462  2747      160.1684   417                    175.6218  1055095         
Elapsed time = 2741.33 sec. (4428026.83 ticks, tree = 126.93 MB, solutions = 0)
   4469  2754      156.9185   453                    175.6218  1058897         
   4480  2765      154.9143   540                    175.6218  1062583         
   4489  2774      153.1866   487                    175.6218  1066444         
   4494  2779      148.8825   506                    175.6218  1071077         
   4497  2782      143.6613   409                    175.6218  1075061         
   4499  2784      136.4087   317                    175.6218  1078985         
   4511  2792        cutoff                          175.6218  1084513         
   4523  2804      162.7219   632                    175.6090  1088403         
   4534  2815      161.0623   540                    175.6090  1091767         
   4543  2824      159.8413   579                    175.6090  1095492         
Elapsed time = 2767.99 sec. (4470165.44 ticks, tree = 130.57 MB, solutions = 0)
   4559  2840      158.4423   584                    175.6090  1099272         
   4573  2854      157.6310   503                    175.6090  1102800         
   4585  2866      155.9183   478                    175.6090  1105204         
   4608  2888      154.2206   495                    175.6090  1108293         
   4631  2911      152.4337   494                    175.6090  1110790         
   4645  2925      151.7001   393                    175.6090  1112748         
   4661  2941      151.0084   507                    175.6090  1114810         
   4674  2954      150.4450   410                    175.6090  1116382         
   4684  2964      148.7608   387                    175.6090  1118359         
   4695  2975      147.4160   418                    175.6090  1120057         
Elapsed time = 2794.92 sec. (4510986.37 ticks, tree = 137.72 MB, solutions = 0)
   4705  2985      146.7620   455                    175.6090  1121184         
   4712  2991      142.5682   376                    175.6090  1123941         
   4722  2997      165.6873   440                    175.5579  1127523         
   4744  3019      163.2667   565                    175.5579  1131222         
   4752  3027      161.2889   493                    175.5579  1134746         
   4761  3036      157.6083   485                    175.5579  1139053         
   4766  3040      155.2896   434                    175.5579  1142450         
   4770  3040      164.1933   424                    175.5480  1147235         
   4785  3055      163.1308   519                    175.5480  1149539         
   4800  3070      161.9246   421                    175.5480  1151983         
Elapsed time = 2822.72 sec. (4554501.78 ticks, tree = 142.00 MB, solutions = 0)
   4818  3088      161.1164   506                    175.5480  1154149         
   4836  3106      159.5816   453                    175.5480  1156260         
   4867  3137      159.2019   489                    175.5480  1157715         
   4890  3160      158.9465   543                    175.5480  1158937         
   4917  3187      156.4911   554                    175.5480  1161226         
   4922  3192      155.5060   550                    175.5480  1162014         
   4931  3200      133.8916   459                    175.5480  1165216         
   4937  3204      167.5449   573                    175.5476  1169588         
   4945  3212      162.2299   551                    175.5476  1173660         
   4959  3226      160.5840   423                    175.5476  1177214         
Elapsed time = 2851.22 sec. (4597693.00 ticks, tree = 149.01 MB, solutions = 0)
   4966  3233      150.0375   379                    175.5476  1181195         
   4977  3244      157.6747   467                    175.5476  1185014         
   4986  3253      146.9249   496                    175.5476  1190806         
   5018  3281      154.2813   379                    175.5476  1193764         
   5022  3283    infeasible                          175.5476  1196533         
   5034  3293      167.7613   533                    175.5433  1200218         
   5053  3312      166.6437   515                    175.5433  1203227         
   5075  3334      165.2525   507                    175.5433  1206378         
   5082  3341      151.1788   351                    175.5433  1209214         
   5091  3345      166.4920   589                    175.5330  1213844         
Elapsed time = 2880.04 sec. (4641995.02 ticks, tree = 154.70 MB, solutions = 0)
   5105  3359      164.7598   474                    175.5330  1217622         
   5123  3377      163.7014   515                    175.5330  1220826         
   5139  3393      161.9024   541                    175.5330  1224365         
   5155  3409      160.6147   529                    175.5330  1227562         
   5178  3432      159.9951   484                    175.5330  1229525         
   5198  3452      158.2001   413                    175.5330  1232345         
   5216  3470      157.6311   479                    175.5330  1234567         
   5242  3496      156.7406   417                    175.5330  1237433         
   5248  3500    infeasible                          175.5330  1242259         
   5261  3511      164.3432   577                    175.4921  1246006         
Elapsed time = 2907.16 sec. (4682261.30 ticks, tree = 162.56 MB, solutions = 0)
   5277  3527      162.8995   558                    175.4921  1249356         
   5294  3544      161.6461   477                    175.4921  1252702         
   5320  3570      159.7915   503                    175.4921  1256022         
   5356  3606      159.3753   511                    175.4921  1258189         
   5368  3617      154.1331   462                    175.4921  1263133         
   5376  3623    infeasible                          175.4921  1268031         
   5383  3628      173.8465   589                    175.3830  1271418         
   5394  3639      171.8697   578                    175.3830  1274145         
   5410  3655      170.7480   500                    175.3830  1277375         
   5429  3674      169.6202   404                    175.3830  1280508         
Elapsed time = 2934.50 sec. (4722900.89 ticks, tree = 170.24 MB, solutions = 0)
   5436  3679      168.2925   344                    175.3830  1284756         
   5469  3712      166.8620   457                    175.3830  1287811         
   5500  3742      166.3952   383                    175.3830  1290516         
   5514  3751        cutoff                          175.3830  1296552         
   5520  3755      157.6056   477                    175.3785  1301339         
   5530  3765      160.2738   436                    175.3785  1304676         
   5540  3773      166.4393   469                    175.3785  1309166         
   5547  3780      159.9214   410                    175.3785  1313201         
   5555  3788      147.6489   474                    175.3785  1318499         
   5569  3802      165.2447   470                    175.3785  1321302         
Elapsed time = 2963.27 sec. (4766988.89 ticks, tree = 176.25 MB, solutions = 0)
   5589  3822      160.8250   477                    175.3785  1325150         
   5607  3840      151.3727   471                    175.3785  1328815         
   5620  3849      150.4252   502                    175.3785  1333360         
   5629  3849      158.6470   537                    175.3740  1339317         
   5650  3870      157.7213   568                    175.3740  1342511         
   5663  3883      156.4259   513                    175.3740  1345481         
   5675  3895      154.2956   488                    175.3740  1348883         
   5690  3910      152.8674   517                    175.3740  1351935         
   5712  3932      151.7088   523                    175.3740  1355011         
   5726  3946      148.4230   533                    175.3740  1358854         
Elapsed time = 2991.35 sec. (4809216.00 ticks, tree = 183.12 MB, solutions = 0)
   5737  3955      142.1294   330                    175.3740  1364325         
   5749  3967      138.8059   286                    175.3740  1367952         
   5761  3979      135.1669   257                    175.3740  1369969         
   5766  3980      169.8090   573                    175.3359  1373341         
   5789  4003      168.6358   449                    175.3359  1376422         
   5812  4026      167.3091   421                    175.3359  1379585         
   5831  4045      166.3467   529                    175.3359  1382998         
   5866  4080      166.0623   475                    175.3359  1384487         
   5897  4111      165.7315   398                    175.3359  1385962         
   5922  4136      164.8877   468                    175.3359  1388919         
Elapsed time = 3018.80 sec. (4849663.22 ticks, tree = 191.81 MB, solutions = 0)
   5926  4138      137.7426   456                    175.3359  1397432         
   5929  4136      163.0324   545                    175.3328  1402257         
   5930  4137      159.7476   515                    175.3328  1407385         
   5940  4143      170.0159   545                    175.3078  1411510         
   5961  4164      169.1579   551                    175.3078  1414481         
   5968  4171      164.3307   442                    175.3078  1419179         
   5979  4180  -1.00000e+75   248                    175.3078  1422231         
   6004  4205      161.7434   514                    175.3078  1425233         
   6035  4236      160.9896   389                    175.3078  1427635         
   6062  4261    infeasible                          175.3078  1431259         
Elapsed time = 3049.30 sec. (4896589.62 ticks, tree = 197.77 MB, solutions = 0)
   6072  4269      169.8233   417                    175.2903  1435917         
   6086  4279      168.3612   326                    175.2903  1440084         
   6105  4294      166.9065   441                    175.2903  1443706         
   6122  4309      164.1585   365                    175.2903  1446959         
   6142  4325      147.5901   444                    175.2903  1452579         
   6150  4327      171.7297   680                    175.2587  1457862         
   6167  4344      170.6114   661                    175.2587  1460881         
   6180  4357      169.2931   582                    175.2587  1464198         
   6193  4370      166.6123   558                    175.2587  1467689         
   6209  4386      164.0867   476                    175.2587  1471240         
Elapsed time = 3077.94 sec. (4940353.76 ticks, tree = 203.62 MB, solutions = 0)
   6222  4399      159.8251   545                    175.2587  1475093         
   6233  4410      158.7371   535                    175.2587  1478164         
   6249  4426      157.7669   528                    175.2587  1481120         
   6255  4428      175.1465   658                    175.2579  1485029         
   6268  4441      174.1550   679                    175.2579  1488230         
   6284  4457      173.4113   661                    175.2579  1491097         
   6301  4474      172.3684   600                    175.2579  1494196         
   6320  4493      171.7227   707                    175.2579  1497011         
   6341  4514      170.9069   621                    175.2579  1499788         
   6358  4531      169.5433   654                    175.2579  1503269         
Elapsed time = 3104.85 sec. (4980403.05 ticks, tree = 210.06 MB, solutions = 0)
   6376  4549      168.6129   604                    175.2579  1506353         
   6400  4573      167.2963   554                    175.2579  1508583         
   6436  4609      166.9847   581                    175.2579  1510498         
   6459  4632      166.0173   494                    175.2579  1512819         
   6474  4647      164.7373   442                    175.2579  1516717         
   6479  4649    infeasible                          175.2579  1520774         
   6485  4653      167.5611   539                    175.2434  1524872         
   6495  4663      165.7110   648                    175.2434  1528630         
   6508  4676      164.2920   513                    175.2434  1531985         
   6524  4692      162.5086   449                    175.2434  1535827         
Elapsed time = 3131.76 sec. (5020499.84 ticks, tree = 217.37 MB, solutions = 0)
   6546  4714      160.2773   391                    175.2434  1539117         
   6573  4741      151.1167   470                    175.2434  1542015         
   6591  4755      174.4117   622                    175.2433  1545180         
   6609  4773      173.2272   655                    175.2433  1548441         
   6626  4790      171.9939   671                    175.2433  1551230         
   6646  4810      170.5136   631                    175.2433  1554251         
   6662  4826      168.2673   557                    175.2433  1557660         
   6681  4845      166.3199   624                    175.2433  1561440         
   6695  4859      164.8924   570                    175.2433  1564908         
   6718  4882      164.0294   482                    175.2433  1567580         
Elapsed time = 3159.90 sec. (5061822.58 ticks, tree = 225.89 MB, solutions = 0)
   6753  4917      162.0512   445                    175.2433  1570353         
   6782  4946      157.5496   405                    175.2433  1573879         
   6786  4948    infeasible                          175.2433  1578473         
   6794  4954      163.4440   457                    175.2283  1582305         
   6801  4957        cutoff                          175.2283  1587895         
   6807  4961      156.3633   612                    175.2283  1591452         
   6813  4961      169.0080   615                    175.2271  1597469         
   6818  4966      164.4344   574                    175.2271  1600833         
   6828  4976      163.0634   577                    175.2271  1604153         
   6838  4986      161.2085   603                    175.2271  1608319         
Elapsed time = 3187.75 sec. (5105374.22 ticks, tree = 230.73 MB, solutions = 0)
   6849  4997      160.0998   479                    175.2271  1611686         
   6864  5012      151.4344   503                    175.2271  1615837         
   6876  5024      148.4167   530                    175.2271  1619553         
   6884  5032      143.3272   418                    175.2271  1624317         
   6895  5042      136.9724   413                    175.2271  1628535         
   6903  5046      170.6465   549                    175.2271  1635462         
   6923  5066      169.0992   627                    175.2271  1638656         
   6930  5073      166.3685   547                    175.2271  1642503         
   6941  5084      163.3203   494                    175.2271  1645560         
   6944  5087      152.5259   555                    175.2271  1650729         
Elapsed time = 3214.81 sec. (5147375.20 ticks, tree = 235.40 MB, solutions = 0)
   6955  5098      148.6800   579                    175.2271  1654189         
   6973  5116      145.5222   534                    175.2271  1658559         
   6985  5128      141.3558   334                    175.2271  1662921         
   6994  5137      134.1354   337                    175.2271  1664946         
   7006  5144      170.8764   569                    175.2048  1670667         
   7014  5152      168.6084   612                    175.2048  1673984         
   7027  5165      167.6988   614                    175.2048  1676769         
   7035  5173      165.2122   534                    175.2048  1680573         
   7037  5175      153.4100   463                    175.2048  1685750         
   7044  5182      146.3129   492                    175.2048  1689356         
Elapsed time = 3243.04 sec. (5191123.09 ticks, tree = 239.79 MB, solutions = 0)
   7057  5195      141.9937   377                    175.2048  1693804         
   7064  5202      137.1345   374                    175.2048  1698798         
   7070  5204      166.1776   530                    175.1653  1705152         
   7083  5217      162.5269   437                    175.1653  1709736         
   7099  5233      160.3444   466                    175.1653  1713760         
   7115  5249      158.8061   455                    175.1653  1716893         
   7132  5266      156.4800   452                    175.1653  1721063         
   7155  5289      155.0260   446                    175.1653  1723848         
   7193  5327      154.2845   468                    175.1653  1726559         
   7208  5338      172.5968   744                    175.1391  1730456         
Elapsed time = 3272.58 sec. (5235422.06 ticks, tree = 247.16 MB, solutions = 0)
   7218  5348      163.8330   642                    175.1391  1735393         
   7225  5355      167.3042   594                    175.1391  1740624         
   7232  5362      168.3841   544                    175.1391  1746314         
   7242  5372      163.6972   618                    175.1391  1750395         
   7247  5377      165.2224   505                    175.1391  1754172         
   7258  5386      163.3540   440                    175.1391  1759262         
   7275  5401      160.7788   394                    175.1391  1762622         
   7287  5413      159.4389   395                    175.1391  1765255         
   7296  5422      158.5750   500                    175.1391  1768742         
   7306  5428    infeasible                          175.1391  1774356         
Elapsed time = 3302.75 sec. (5283601.07 ticks, tree = 251.33 MB, solutions = 0)
   7310  5430      162.8114   545                    175.1352  1777273         
   7316  5436      158.9818   539                    175.1352  1779427         
   7325  5445      156.4099   468                    175.1352  1781983         
   7335  5455      152.8667   537                    175.1352  1784302         
   7345  5465      148.1225   541                    175.1352  1787335         
   7362  5482      144.4012   427                    175.1352  1791191         
   7383  5503      141.4961   272                    175.1352  1794966         
   7396  5516      139.0281   325                    175.1352  1796918         
   7405  5524      128.8723   445                    175.1352  1801936         
   7411  5526      161.4372   523                    175.1268  1805820         
Elapsed time = 3329.05 sec. (5324744.72 ticks, tree = 255.88 MB, solutions = 0)
   7423  5538      158.5911   531                    175.1268  1808837         
   7436  5551      156.3973   502                    175.1268  1812141         
   7453  5568      154.4671   588                    175.1268  1815520         
   7468  5583      152.2583   530                    175.1268  1818762         
   7481  5596      149.3850   511                    175.1268  1822172         
   7488  5603      145.2954   529                    175.1268  1829774         
   7491  5602      163.9630   488                    175.1262  1837195         
   7501  5612      157.8753   527                    175.1262  1840912         
   7504  5615      153.2807   444                    175.1262  1845295         
   7508  5615      168.1333   613                    175.0866  1850107         
Elapsed time = 3357.29 sec. (5368931.86 ticks, tree = 260.02 MB, solutions = 0)
   7522  5629      165.4615   537                    175.0866  1853788         
   7531  5638      158.2031   430                    175.0866  1857737         
   7550  5657      154.4157   476                    175.0866  1861241         
   7565  5672      150.9695   372                    175.0866  1864706         
   7583  5690      146.8350   537                    175.0866  1868989         
   7600  5707      145.0295   496                    175.0866  1872355         
   7609  5716      141.7275   475                    175.0866  1876288         
   7623  5729      134.0515   442                    175.0866  1881741         
   7636  5736      162.4205   448                    175.0673  1886441         
   7647  5745      147.8028   339                    175.0673  1890778         
Elapsed time = 3384.82 sec. (5410812.51 ticks, tree = 266.16 MB, solutions = 0)
   7664  5758      156.6367   431                    175.0673  1894722         
   7683  5771      155.1679   405                    175.0673  1898532         
   7693  5777      173.2889   412                    174.9796  1901627         
   7723  5807      171.5516   422                    174.9796  1904637         
   7741  5825      169.7978   456                    174.9796  1908045         
   7763  5847      167.0156   486                    174.9796  1911941         
   7778  5862      165.7466   550                    174.9796  1915333         
   7795  5879      164.4780   499                    174.9796  1918591         
   7803  5887      162.1152   371                    174.9796  1923363         
   7807  5891      155.8856   492                    174.9796  1929538         
Elapsed time = 3412.81 sec. (5453348.87 ticks, tree = 272.90 MB, solutions = 0)
   7820  5900      156.3053   504                    174.9693  1932927         
   7844  5924      154.9863   499                    174.9693  1935943         
   7860  5940      153.7356   495                    174.9693  1939318         
   7876  5956      152.5481   405                    174.9693  1942315         
   7904  5984      151.3532   429                    174.9693  1945299         
   7918  5998      149.1542   524                    174.9693  1949016         
   7924  6000      159.5277   563                    174.9409  1953603         
   7946  6022      157.8196   602                    174.9409  1956546         
   7965  6041      156.5106   434                    174.9409  1959673         
   7978  6054      155.3489   426                    174.9409  1961874         
Elapsed time = 3440.57 sec. (5493991.65 ticks, tree = 280.54 MB, solutions = 0)
   8001  6077      149.7883   531                    174.9409  1966547         
   8007  6079      168.0338   664                    174.9348  1972384         
   8020  6092      166.6786   567                    174.9348  1975613         
   8030  6102      164.6462   579                    174.9348  1979055         
   8040  6112      163.4900   538                    174.9348  1982620         
   8050  6122      162.0397   568                    174.9348  1985922         
   8070  6142      160.5073   563                    174.9348  1988762         
   8087  6159      158.1804   592                    174.9348  1992298         
   8104  6176      155.5269   505                    174.9348  1995515         
   8115  6187      151.9862   465                    174.9348  1998688         
Elapsed time = 3468.52 sec. (5536366.16 ticks, tree = 286.66 MB, solutions = 0)
   8124  6196      131.7139   413                    174.9348  2007400         
   8138  6204      168.6210   395                    174.8318  2012192         
   8151  6215    infeasible                          174.8318  2015481         
   8163  6225      157.8435   553                    174.8318  2021024         
   8175  6237      161.4569   511                    174.8318  2024393         
   8193  6251      169.6112   449                    174.7929  2027928         
   8215  6273      168.1113   487                    174.7929  2031024         
   8235  6293      166.1972   495                    174.7929  2034475         
   8256  6314      165.2899   504                    174.7929  2037471         
   8279  6337      163.7194   631                    174.7929  2040527         
Elapsed time = 3498.62 sec. (5581951.96 ticks, tree = 293.59 MB, solutions = 0)
   8296  6354      162.3933   430                    174.7929  2044112         
   8301  6357    infeasible                          174.7929  2050786         
   8320  6374      167.3814   390                    174.7478  2054444         
   8340  6394      166.2099   515                    174.7478  2057752         
   8357  6411      164.6549   528                    174.7478  2060990         
   8373  6427      162.9097   424                    174.7478  2064469         
   8390  6444      162.0913   449                    174.7478  2066089         
   8416  6470      161.5788   505                    174.7478  2068956         
   8437  6491      160.8153   462                    174.7478  2071904         
   8447  6497      168.5266   519                    174.7035  2077307         
Elapsed time = 3526.98 sec. (5624144.67 ticks, tree = 300.95 MB, solutions = 0)
   8474  6524      166.8237   467                    174.7035  2080709         
   8485  6535      163.4472   503                    174.7035  2084513         
   8508  6558      161.8686   485                    174.7035  2087581         
   8533  6583      160.2628   523                    174.7035  2090779         
   8553  6603      159.0985   481                    174.7035  2093760         
   8563  6613      156.5568   441                    174.7035  2097901         
   8569  6617    infeasible                          174.7035  2103196         
   8584  6630      168.9952   568                    174.6967  2106814         
   8598  6644      166.1372   529                    174.6967  2110575         
   8614  6660      163.8914   534                    174.6967  2113919         
Elapsed time = 3554.75 sec. (5665391.56 ticks, tree = 308.50 MB, solutions = 0)
   8632  6678      162.0518   474                    174.6967  2117236         
   8640  6686      158.8414   503                    174.6967  2121128         
   8671  6717      157.4435   410                    174.6967  2124216         
   8691  6737      145.1796   475                    174.6967  2128113         
   8700  6738      171.4547   548                    174.6786  2131267         
   8714  6750      160.6639   499                    174.6786  2135557         
   8725  6761      154.5477   429                    174.6786  2139813         
   8735  6771      151.9914   380                    174.6786  2144146         
   8744  6780      147.9294   248                    174.6786  2147271         
   8755  6791      151.4230   305                    174.6786  2149679         
Elapsed time = 3581.85 sec. (5707345.38 ticks, tree = 314.73 MB, solutions = 0)
   8761  6797      150.7891   337                    174.6786  2152156         
   8767  6803      150.6202   275                    174.6786  2153856         
   8778  6814      150.4544   283                    174.6786  2155512         
   8786  6822      144.0624   215                    174.6786  2157122         
   8793  6827      149.4857   317                    174.6786  2159436         
   8804  6836      149.4270   261                    174.6786  2160780         
   8810  6838      131.2459   313                    174.6786  2164960         
   8815  6840      168.2522   538                    174.6744  2168983         
   8827  6852      166.6216   492                    174.6744  2171784         
   8842  6867      164.5693   556                    174.6744  2175446         
Elapsed time = 3609.63 sec. (5750900.82 ticks, tree = 318.28 MB, solutions = 0)
   8865  6890      163.6029   496                    174.6744  2178295         
   8881  6906      160.1688   504                    174.6744  2182116         
   8897  6922      157.1196   411                    174.6744  2187017         
   8905  6930      151.2495   423                    174.6744  2191450         
   8911  6936      131.7869   450                    174.6744  2201512         
   8917  6938      161.0586   543                    174.6614  2206889         
   8922  6941    infeasible                          174.6614  2212477         
   8941  6958      166.9777   512                    174.6493  2216062         
   8965  6982      165.7971   457                    174.6493  2218977         
   8983  7000      164.0667   482                    174.6493  2222133         
Elapsed time = 3639.74 sec. (5797024.88 ticks, tree = 324.38 MB, solutions = 0)
   9007  7024      155.4963   466                    174.6493  2225136         
   9012  7021        cutoff                          174.6427  2231063         
   9018  7025      159.2442   555                    174.6388  2235879         
   9028  7034      154.7116   471                    174.6388  2239528         
   9038  7044      149.1418   451                    174.6388  2243694         
   9046  7052      138.4936   444                    174.6388  2247475         
   9079  7085      132.9421   307                    174.6388  2253289         
   9108  7112      130.6395   244                    174.6388  2255979         
   9121  7114      161.7335   531                    174.6369  2259177         
   9131  7124      158.8698   555                    174.6369  2262870         
Elapsed time = 3667.04 sec. (5837673.56 ticks, tree = 330.24 MB, solutions = 0)
   9145  7138      155.3207   441                    174.6369  2266577         
   9158  7151      152.9250   468                    174.6369  2269472         
   9177  7170      148.7476   514                    174.6369  2272957         
   9180  7171        cutoff                          174.6369  2278258         
   9191  7180      168.7597   549                    174.6364  2281240         
   9210  7199      166.0327   494                    174.6364  2284532         
   9234  7223      163.4522   509                    174.6364  2287820         
   9252  7241      160.2676   419                    174.6364  2291322         
   9270  7259      150.1255   395                    174.6364  2295646         
   9284  7273      147.4764   355                    174.6364  2299775         
Elapsed time = 3694.66 sec. (5879211.18 ticks, tree = 337.32 MB, solutions = 0)
   9303  7292      145.8644   286                    174.6364  2303332         
   9316  7305      144.4471   320                    174.6364  2305572         
   9323  7312      143.8264   328                    174.6364  2306642         
   9348  7337      143.2719   270                    174.6364  2308120         
   9359  7348      142.4901   388                    174.6364  2309375         
   9377  7366      142.0149   308                    174.6364  2310467         
   9385  7374      141.7168   397                    174.6364  2311473         
   9397  7386      141.5990   334                    174.6364  2312462         
   9406  7393      140.8427   378                    174.6364  2314357         
   9414  7401      139.8712   443                    174.6364  2315496         
Elapsed time = 3721.73 sec. (5920134.12 ticks, tree = 343.40 MB, solutions = 0)
   9418  7405      139.5851   458                    174.6364  2316098         
   9427  7414      139.2009   364                    174.6364  2316886         
   9435  7422      138.6739   426                    174.6364  2318077         
   9441  7428      137.5151   397                    174.6364  2319924         
   9443  7429      131.5672   386                    174.6364  2321435         
   9448  7429      168.1179   569                    174.6329  2325072         
   9457  7438      164.5659   630                    174.6329  2328710         
   9465  7446      158.1319   582                    174.6329  2332831         
   9477  7458      155.4823   515                    174.6329  2336600         
   9493  7474      151.1120   545                    174.6329  2340704         
Elapsed time = 3749.42 sec. (5962184.64 ticks, tree = 346.88 MB, solutions = 0)
   9503  7484      147.4841   543                    174.6329  2344769         
   9511  7492      143.5539   488                    174.6329  2349141         
   9514  7491      162.2102   556                    174.6228  2356553         
   9520  7495    infeasible                          174.6228  2363759         
   9522  7495      169.5841   525                    174.6193  2367902         
   9543  7516      168.5335   505                    174.6193  2370716         
   9557  7530      166.5487   525                    174.6193  2374032         
   9577  7550      164.8975   540                    174.6193  2377217         
   9592  7565      163.4485   576                    174.6193  2380626         
   9608  7581      161.5487   530                    174.6193  2383461         
Elapsed time = 3779.10 sec. (6008581.16 ticks, tree = 351.62 MB, solutions = 0)
   9629  7602      160.4991   588                    174.6193  2386706         
   9660  7633      160.1936   611                    174.6193  2389198         
   9688  7661      159.3394   549                    174.6193  2392063         
   9700  7673      151.7112   433                    174.6193  2396617         
   9716  7686      174.4447   629                    174.6174  2400046         
   9735  7705      172.9642   557                    174.6174  2403533         
   9754  7724      171.5128   484                    174.6174  2406847         
   9776  7746      170.4363   585                    174.6174  2409822         
   9798  7768      169.0679   633                    174.6174  2412904         
   9815  7785      167.4627   502                    174.6174  2416264         
Elapsed time = 3807.23 sec. (6048701.24 ticks, tree = 361.16 MB, solutions = 0)
   9848  7818      166.7697   563                    174.6174  2418814         
   9866  7836      164.7506   486                    174.6174  2422555         
   9871  7837      172.5754   505                    174.6147  2427457         
   9892  7858      170.7709   537                    174.6147  2430591         
   9909  7875      166.8065   464                    174.6147  2434629         
   9927  7893      165.0185   508                    174.6147  2437985         
   9939  7905      160.5343   530                    174.6147  2442055         
   9963  7929      159.1041   483                    174.6147  2445164         
   9975  7941      150.8514   340                    174.6147  2449570         
   9991  7953      159.9768   481                    174.5545  2453434         
Elapsed time = 3834.97 sec. (6089722.26 ticks, tree = 369.15 MB, solutions = 0)
  10017  7979      158.1408   462                    174.5545  2456510         
  10038  8000      156.2347   429                    174.5545  2460248         
  10055  8017      143.8553   449                    174.5545  2466199         
  10061  8019      152.4200   435                    174.5369  2470825         
  10073  8031      146.6319   353                    174.5369  2474760         
  10085  8043      138.7903   329                    174.5369  2477972         
  10098  8054      132.5932   340                    174.5369  2481634         
  10104  8058      164.6151   516                    174.5354  2485004         
  10115  8069      161.8448   434                    174.5354  2488757         
  10127  8078      168.7738   533                    174.5231  2491499         
Elapsed time = 3862.51 sec. (6131784.04 ticks, tree = 375.10 MB, solutions = 0)
  10135  8086      161.8072   460                    174.5231  2494848         
  10136  8085    infeasible                          174.5231  2500179         
  10138  8085      162.0348   641                    174.5229  2504685         
  10145  8092      160.6796   557                    174.5229  2508664         
  10155  8102      158.1220   564                    174.5229  2513988         
  10157  8104      155.5444   497                    174.5229  2518792         
  10158  8103        cutoff                          174.5229  2524536         
  10160  8103      163.2108   561                    174.5213  2531417         
  10170  8113      160.0683   624                    174.5213  2535067         
  10177  8120      157.9091   515                    174.5213  2538093         
Elapsed time = 3889.69 sec. (6176348.30 ticks, tree = 377.06 MB, solutions = 0)
  10190  8133      154.9174   622                    174.5213  2541601         
  10205  8148      153.1581   574                    174.5213  2544961         
  10224  8167      148.7771   547                    174.5213  2548563         
  10229  8172      142.4525   517                    174.5213  2556817         
  10231  8170        cutoff                          174.5213  2563553         
  10243  8182      168.2398   447                    174.5180  2567399         
  10248  8187      145.2441   444                    174.5180  2572974         
  10259  8194        cutoff                          174.5180  2578569         
  10270  8199        cutoff                          174.5180  2584502         
  10290  8209      167.6219   550                    174.5173  2605582         
Elapsed time = 3926.46 sec. (6234258.81 ticks, tree = 381.62 MB, solutions = 0)
  10351  8270      152.2738   533                    174.5173  2618867         
  10423  8336      162.8752   442                    174.5138  2632907         
  10491  8404      157.5737   539                    174.5138  2645299         
  10522  8431      156.3688   594                    174.5122  2662041         
  10589  8494      172.6468   444                    174.5117  2681096         
  10650  8551      157.6638   349                    174.5117  2698052         
  10701  8599      138.9833   239                    174.5117  2705899         
  10706  8599      163.6375   524                    174.5115  2713219         
  10774  8663      157.1785   518                    174.5109  2727408         
  10833  8722      146.5411   415                    174.5109  2738592         
Elapsed time = 4031.38 sec. (6393480.93 ticks, tree = 405.83 MB, solutions = 0)
  10892  8775      160.3223   427                    174.4892  2752922         
  10973  8856      144.5556   354                    174.4892  2766621         
  11036  8919      141.2312   248                    174.4892  2771949         
  11083  8963      140.4196   270                    174.4892  2776106         
  11120  8998      138.1522   211                    174.4892  2780796         
  11158  9027      136.5946   328                    174.4892  2786578         
  11206  9073      134.7865   256                    174.4892  2791880         
  11259  9122      155.5302   474                    174.4441  2804325         
  11317  9176      164.6033   599                    174.4381  2822932         
  11355  9212      156.0246   413                    174.4381  2839894         
Elapsed time = 4138.08 sec. (6550630.80 ticks, tree = 429.15 MB, solutions = 0)
  11432  9279      152.4379   466                    174.4380  2854452         
  11499  9339      160.7293   492                    174.4352  2870945         
  11550  9386      155.6708   495                    174.4250  2886609         
  11621  9457      136.9039   370                    174.4250  2900594         
  11710  9520      129.3908   228                    174.4250  2908823         
  11738  9532      150.2350   391                    174.4152  2925857         
  11785  9573      156.4478   430                    174.4152  2941079         
  11852  9629      146.1888   204                    174.4152  2954919         
  11936  9703      167.3004   568                    174.3923  2968593         
  12000  9767      158.7525   503                    174.3923  2978375         
Elapsed time = 4243.97 sec. (6706132.56 ticks, tree = 455.50 MB, solutions = 0)
  12061  9828      141.8228   355                    174.3923  2993643         
  12154  9917      160.1929   544                    174.3917  3006903         
  12205  9962      151.8317   518                    174.3906  3021189         
  12243  9998    infeasible                          174.3906  3040977         
  12278 10023      161.8903   581                    174.3415  3057656         
  12349 10094      148.1158   525                    174.3415  3071452         
  12386 10126      156.5007   533                    174.3412  3087398         
  12444 10182        cutoff                          174.3412  3102473         
  12534 10270      149.6254   509                    174.3386  3114464         
  12585 10317      165.4596   573                    174.3372  3129327         
Elapsed time = 4349.12 sec. (6863718.46 ticks, tree = 481.41 MB, solutions = 0)
  12641 10373      154.4480   584                    174.3372  3144416         
  12666 10393      153.9462   503                    174.2916  3161951         
  12707 10431      153.9485   554                    174.2883  3177857         
  12763 10487      143.5033   517                    174.2883  3193443         
  12797 10517      164.5927   497                    174.2854  3213098         
  12888 10608      158.2485   491                    174.2854  3225379         
  12922 10638      167.9151   455                    174.2710  3239243         
  12982 10698      157.5779   567                    174.2710  3253572         
  13038 10750      154.4947   478                    174.2329  3268172         
  13084 10792      148.4957   474                    174.1895  3284967         
Elapsed time = 4452.69 sec. (7021850.71 ticks, tree = 503.73 MB, solutions = 0)
  13171 10875      163.1118   458                    174.1889  3299264         
  13229 10929      159.6271   554                    174.1800  3313680         
  13289 10989      146.6023   430                    174.1800  3328398         
  13356 11053      166.7493   425                    174.1570  3342833         
  13393 11086      155.9832   578                    174.1496  3359065         
  13452 11145      146.5354   513                    174.1496  3372108         
  13501 11190      144.3298   490                    174.1392  3395626         
  13527 11214      149.9090   553                    174.1392  3412302         
  13567 11245      168.6192   475                    174.1296  3432716         
  13666 11344      165.2574   451                    174.1296  3443555         
Elapsed time = 4556.46 sec. (7177452.19 ticks, tree = 529.77 MB, solutions = 0)
  13712 11386      172.7726   658                    174.1283  3456752         
  13781 11455      168.3232   514                    174.1283  3468845         
  13840 11514      163.4408   626                    174.1283  3480401         
  13887 11561      156.4490   602                    174.1283  3493279         
  13948 11618      167.1204   574                    174.1242  3506442         
  14011 11681      163.3651   455                    174.1242  3519310         
  14050 11720      155.6632   480                    174.1242  3533279         
  14081 11747      165.2023   501                    174.1240  3550172         
  14151 11817      160.9160   492                    174.1240  3562614         
  14175 11835      153.4809   410                    174.1209  3579809         
Elapsed time = 4658.76 sec. (7332561.22 ticks, tree = 551.84 MB, solutions = 0)
  14218 11866      168.5128   502                    174.1145  3595899         
  14287 11932      165.1022   538                    174.0863  3610363         
  14374 12019      159.1740   495                    174.0863  3622615         
  14400 12041      166.0029   534                    174.0699  3638924         
  14445 12081      169.0975   423                    174.0606  3652433         
  14502 12134      153.7523   340                    174.0606  3667939         
  14534 12163      148.2881   236                    174.0606  3676134         
  14582 12208      166.7920   616                    174.0569  3688483         
  14651 12277      161.4477   663                    174.0569  3700208         
  14681 12305        cutoff                          174.0569  3714943         
Elapsed time = 4761.04 sec. (7487945.55 ticks, tree = 573.76 MB, solutions = 0)
  14737 12359      162.4489   599                    174.0406  3730088         
  14799 12421      157.5159   635                    174.0406  3742110         
  14839 12460      153.1012   472                    174.0406  3755842         
  14895 12513      168.5173   679                    174.0367  3768647         
  14956 12574      156.2758   501                    174.0367  3781767         
  15022 12640      146.2694   235                    174.0367  3796774         
  15070 12688      141.5599   252                    174.0367  3802091         
  15124 12739      169.1508   678                    174.0186  3814214         
  15187 12802      159.4328   492                    174.0186  3828790         
  15234 12849      140.6036   298                    174.0186  3846391         
Elapsed time = 4862.89 sec. (7642639.11 ticks, tree = 599.19 MB, solutions = 0)
  15272 12882      154.0437   383                    174.0006  3862834         
  15336 12934      169.7892   640                    173.9728  3876211         
  15403 13001      165.1338   642                    173.9728  3888150         
  15457 13055      161.4275   649                    173.9728  3901842         
  15490 13086        cutoff                          173.9728  3924125         
  15558 13152      166.3009   564                    173.9389  3937116         
  15616 13210      160.7886   535                    173.9389  3948116         
  15680 13270      169.2803   612                    173.9195  3961708         
  15743 13333      162.4223   561                    173.9195  3974237         
  15810 13400      157.0511   557                    173.9195  3986179         
Elapsed time = 4969.65 sec. (7802937.61 ticks, tree = 624.50 MB, solutions = 0)
  15823 13409      171.2402   570                    173.9088  4002662         
  15853 13437      154.1469   573                    173.9088  4022145         
  15875 13451      162.4389   611                    173.8984  4039418         
  15951 13527      158.6234   531                    173.8984  4051536         
  15997 13571    infeasible                          173.8984  4066922         
  16051 13623      164.5937   570                    173.8943  4080288         
  16119 13691      160.0076   536                    173.8943  4092507         
  16169 13737      171.0283   568                    173.8916  4106101         
  16221 13789      165.2107   591                    173.8916  4118837         
  16280 13848      161.2779   473                    173.8916  4131408         
Elapsed time = 5073.56 sec. (7963041.08 ticks, tree = 644.82 MB, solutions = 0)
  16345 13910      162.9171   518                    173.8895  4144465         
  16414 13979      157.2871   570                    173.8895  4154936         
  16435 14000      140.2962   530                    173.8895  4169106         
  16478 14027      155.9244   429                    173.8853  4185212         
  16554 14095      165.0986   436                    173.8793  4198589         
  16591 14128      170.9428   426                    173.8250  4215282         
  16692 14229      162.5993   407                    173.8250  4228267         
  16700 14228      168.7335   501                    173.7574  4245214         
  16722 14248      168.1284   516                    173.7574  4264204         
  16748 14268      166.6137   525                    173.7574  4280345         
Elapsed time = 5174.35 sec. (8118509.31 ticks, tree = 664.47 MB, solutions = 0)
  16779 14287      163.4842   545                    173.7460  4300601         
  16859 14367      158.0454   414                    173.7460  4313450         
  16907 14415      151.3344   536                    173.7460  4329523         
  16971 14475      159.1677   511                    173.7341  4343365         
  17025 14525      157.1879   518                    173.7325  4357491         
  17106 14602      160.8318   453                    173.7318  4370604         
  17178 14674      155.6271   481                    173.7318  4382656         
  17226 14716      156.1588   382                    173.7306  4399823         
  17250 14736        cutoff                          173.7306  4421543         
  17286 14762      160.5211   499                    173.7306  4438342         
Elapsed time = 5281.33 sec. (8281885.26 ticks, tree = 687.65 MB, solutions = 0)
  17316 14779      160.1908   469                    173.7277  4454030         
  17399 14862      154.4764   494                    173.7277  4466384         
  17425 14884      167.4039   572                    173.7240  4484408         
  17477 14936      152.6287   553                    173.7240  4497742         
  17533 14988      153.6742   515                    173.7234  4512022         
  17600 15055      149.5128   518                    173.7234  4521252         
  17638 15089      170.2784   625                    173.7184  4536237         
  17708 15159      163.7819   600                    173.7184  4548354         
  17735 15186      146.5215   477                    173.7184  4565330         
  17761 15212      139.1782   324                    173.7184  4581516         
Elapsed time = 5383.01 sec. (8436186.25 ticks, tree = 708.58 MB, solutions = 0)
  17836 15284      166.7105   626                    173.7137  4599318         
  17891 15335      159.8041   492                    173.7059  4614306         
  17965 15409      149.3414   456                    173.7059  4627918         
  18010 15450      165.1359   453                    173.6995  4639588         
  18083 15519      163.2177   530                    173.6950  4653214         
  18147 15583      154.3921   480                    173.6950  4666752         
  18204 15637      156.3758   449                    173.6941  4681276         
  18274 15702      156.7986   429                    173.6868  4696368         
  18345 15760      129.2036   195                    173.6868  4709081         
  18395 15805      169.1472   524                    173.6812  4717524         
Elapsed time = 5487.42 sec. (8591538.46 ticks, tree = 736.34 MB, solutions = 0)
  18470 15880      164.3130   478                    173.6812  4729669         
  18523 15930      163.0135   550                    173.6790  4743926         
  18598 16005      152.5079   433                    173.6790  4757276         
  18652 16055      162.8555   557                    173.6716  4769955         
  18733 16136      157.7185   461                    173.6716  4782437         
  18778 16178      162.1425   476                    173.6714  4796257         
  18872 16272      157.1010   523                    173.6714  4808342         
  18927 16327      147.2385   466                    173.6714  4823120         
  18982 16364        cutoff                          173.6603  4838845         
  19044 16416      166.4423   607                    173.6540  4853235         
Elapsed time = 5591.24 sec. (8746082.20 ticks, tree = 764.96 MB, solutions = 0)
  19099 16471      161.8811   567                    173.6540  4867078         
  19148 16516      160.8385   467                    173.6427  4882666         
  19180 16544      167.7724   549                    173.6362  4900356         
  19274 16638      161.2216   486                    173.6362  4912352         
  19334 16694      163.8004   571                    173.6312  4927388         
  19368 16726        cutoff                          173.6312  4944909         
  19388 16744      155.1988   529                    173.6264  4963288         
  19436 16788      141.4106   323                    173.6264  4979367         
  19485 16832      161.5751   426                    173.6149  4993169         
  19552 16895      167.6298   546                    173.5978  5005946         
Elapsed time = 5693.42 sec. (8902914.42 ticks, tree = 787.56 MB, solutions = 0)
  19611 16954      162.5543   546                    173.5978  5014884         
  19652 16995      154.2755   519                    173.5978  5029290         
  19685 17022      148.2678   553                    173.5936  5046319         
  19735 17066      164.4864   506                    173.5826  5060918         
  19788 17117        cutoff                          173.5826  5077522         
  19861 17188      161.9227   540                    173.5804  5091021         
  19928 17251      162.4297   501                    173.5696  5104353         
  19997 17316      169.6604   504                    173.5663  5117714         
  20074 17391        cutoff                          173.5663  5135159         
  20097 17410      161.6884   575                    173.5628  5151799         
Elapsed time = 5799.36 sec. (9062749.53 ticks, tree = 811.68 MB, solutions = 0)
  20126 17433      166.9537   516                    173.5585  5167354         
  20194 17501      156.4176   490                    173.5585  5180621         
  20229 17532      163.1731   498                    173.5482  5195885         
  20278 17581      150.3849   468                    173.5482  5211236         
  20339 17638      163.2089   500                    173.5399  5228076         
  20414 17713      153.4588   456                    173.5399  5242228         
  20482 17777      168.3680   583                    173.5378  5253970         
  20549 17844      162.3584   551                    173.5378  5266881         
  20577 17868      156.3139   453                    173.5298  5283284         
  20627 17916      151.9982   265                    173.5298  5299810         
Elapsed time = 5903.73 sec. (9220259.91 ticks, tree = 835.13 MB, solutions = 0)
  20684 17970      160.6434   535                    173.5166  5313319         
  20741 18027      137.7847   434                    173.5166  5329472         
  20781 18063      158.6270   528                    173.5129  5339214         
  20826 18108      146.6687   422                    173.5129  5353990         
  20888 18167      162.9997   381                    173.5049  5370871         
  20971 18250      140.1133   281                    173.5049  5387144         
  21021 18296      148.7389   442                    173.5038  5403643         
  21065 18336      156.9451   516                    173.4944  5422679         
  21105 18374      149.1878   304                    173.4944  5437914         
  21145 18414      144.8032   151                    173.4944  5446989         
Elapsed time = 6007.66 sec. (9377714.60 ticks, tree = 858.83 MB, solutions = 0)
  21208 18472      162.7922   607                    173.4793  5461225         
  21263 18527      153.6446   420                    173.4793  5475493         
  21320 18580      165.8003   607                    173.4413  5491816         
  21352 18608      152.7800   478                    173.4261  5508483         
  21398 18648      165.7295   564                    173.4097  5526216         
  21442 18690        cutoff                          173.4097  5545038         
  21480 18720      160.8779   536                    173.4005  5560264         
  21536 18776      145.6436   417                    173.4005  5575967         
  21620 18860      133.9471   263                    173.4005  5591715         
  21685 18920      160.8005   460                    173.4005  5605579         
Elapsed time = 6113.54 sec. (9537581.46 ticks, tree = 882.90 MB, solutions = 0)
  21735 18970      149.2032   406                    173.4005  5619780         
  21810 19045      136.8382   253                    173.4005  5634534         
  21871 19102      158.5188   498                    173.3896  5646977         
  21906 19133    infeasible                          173.3896  5666931         
  21937 19146      160.5165   533                    173.3861  5688280         
  21972 19177      153.8136   476                    173.3807  5705854         
  21997 19195      168.0675   620                    173.3778  5721323         
  22059 19257      155.3321   477                    173.3778  5735029         
  22075 19267      152.8569   359                    173.3767  5753307         
  22165 19345      171.1157   416                    173.3719  5767377         
Elapsed time = 6216.86 sec. (9695525.08 ticks, tree = 903.02 MB, solutions = 0)
  22237 19417      162.1709   532                    173.3719  5780274         
  22277 19453      154.2815   552                    173.3716  5796568         
  22338 19514      144.0068   475                    173.3716  5810274         
  22416 19588      160.1844   466                    173.3710  5823966         
  22458 19626      161.5394   566                    173.3691  5839618         
  22493 19657        cutoff                          173.3691  5856217         
  22544 19690      154.5708   443                    173.3634  5873505         
  22602 19741      166.7425   395                    173.3607  5889757         
  22645 19780      157.9177   624                    173.3589  5905719         
  22704 19839      149.5722   506                    173.3589  5917502         
Elapsed time = 6320.34 sec. (9850467.12 ticks, tree = 926.31 MB, solutions = 0)
  22740 19873      133.3748   418                    173.3589  5934597         
  22795 19924      166.4812   530                    173.3576  5949201         
  22865 19994      156.6690   485                    173.3576  5961613         
  22940 20067      133.0003   283                    173.3576  5978188         
  23006 20125      166.0755   507                    173.3519  5995157         
  23092 20211      159.1401   518                    173.3519  6007620         
  23114 20228      166.8882   534                    173.3501  6026330         
  23185 20299      160.4863   496                    173.3501  6039416         
  23250 20364      152.8713   474                    173.3501  6054181         
  23309 20420      164.7002   538                    173.3376  6068326         
Elapsed time = 6425.16 sec. (10005386.80 ticks, tree = 953.62 MB, solutions = 0)
  23360 20471      156.4423   551                    173.3376  6081703         
  23402 20509      157.7840   439                    173.3355  6097492         
  23457 20564      147.0356   463                    173.3355  6112692         
  23484 20587      162.4937   557                    173.3324  6129524         
  23512 20607      171.1774   422                    173.3152  6147255         
  23575 20670      161.7225   485                    173.3152  6160696         
  23620 20709      158.6925   620                    173.3107  6175205         
  23682 20771      151.2748   526                    173.3107  6187534         
  23726 20813        cutoff                          173.3107  6202725         
  23791 20876      160.1100   435                    173.3097  6217229         
Elapsed time = 6528.52 sec. (10162780.89 ticks, tree = 975.04 MB, solutions = 0)
  23853 20938      137.9650   272                    173.3097  6234024         
  23905 20986      167.1649   442                    173.3069  6248644         
  23961 21042      160.5646   524                    173.3069  6262155         
  23979 21060      152.6511   537                    173.3069  6272148         
  24013 21094      143.9788   426                    173.3069  6288443         
  24085 21158      163.6019   555                    173.3037  6306309         
  24149 21210      170.3281   572                    173.2981  6322301         
  24227 21288      159.4421   573                    173.2981  6335857         
  24272 21329      155.0450   534                    173.2904  6351657         
  24326 21383      141.4041   552                    173.2904  6365855         
Elapsed time = 6631.92 sec. (10318366.93 ticks, tree = 998.87 MB, solutions = 0)
  24365 21418      168.7398   571                    173.2897  6380994         
  24446 21499      162.2573   494                    173.2897  6392754         
  24507 21558    infeasible                          173.2897  6407605         
  24563 21612      165.1175   432                    173.2889  6420631         
  24641 21690      158.4324   479                    173.2889  6434223         
  24680 21726      159.0445   426                    173.2761  6451947         
  24733 21767      151.0554   297                    173.2761  6467626         
  24787 21817      146.0556   243                    173.2761  6483782         
  24853 21878      154.7987   407                    173.2747  6497113         
  24933 21954      135.8261   302                    173.2747  6511328         
Elapsed time = 6735.84 sec. (10473455.78 ticks, tree = 1025.54 MB, solutions = 0)
  24992 22009      156.1144   438                    173.2629  6527345         
  25044 22057      165.8589   421                    173.2601  6547897         
  25141 22154      157.6849   484                    173.2601  6559318         
  25162 22167      158.1368   527                    173.2480  6578661         
  25194 22191      153.6701   546                    173.2477  6596286         
  25271 22268      138.6451   516                    173.2477  6611072         
  25322 22313      162.6858   538                    173.2471  6627369         
  25363 22352        cutoff                          173.2471  6655195         
  25442 22429      157.7737   485                    173.2471  6668636         
  25476 22461        cutoff                          173.2471  6687793         
Elapsed time = 6846.86 sec. (10641089.38 ticks, tree = 1049.80 MB, solutions = 0)
  25543 22526      148.7518   350                    173.2459  6702924         
  25679 22661      142.6366   272                    173.2459  6713136         
  25736 22718      141.3201   249                    173.2459  6717940         
  25790 22772      140.9938   257                    173.2459  6719926         
  25863 22825      154.0567   470                    173.2439  6729091         
  25926 22884      165.8134   531                    173.2435  6745627         
  25988 22946      146.1982   474                    173.2435  6759126         
  26035 22989      152.6577   543                    173.2429  6776988         
  26096 23050      130.0723   370                    173.2429  6793496         
  26144 23094      154.3112   498                    173.2388  6808236         
Elapsed time = 6952.83 sec. (10795864.08 ticks, tree = 1079.88 MB, solutions = 0)
  26194 23142    infeasible                          173.2388  6826680         
  26229 23171      158.3676   590                    173.2291  6841258         
  26298 23240      150.1158   527                    173.2291  6853481         
  26362 23304      146.2314   530                    173.2291  6864075         
  26402 23343      145.1259   528                    173.2291  6868150         
  26438 23374      162.3890   499                    173.2288  6878322         
  26519 23455      156.9233   499                    173.2288  6891437         
  26564 23495      163.6571   495                    173.2227  6907933         
  26619 23546      159.7814   512                    173.2221  6924381         
  26662 23587    infeasible                          173.2221  6942591         
Elapsed time = 7059.15 sec. (10956788.71 ticks, tree = 1103.20 MB, solutions = 0)
  26700 23619      137.6179   301                    173.2200  6959061         
  26794 23695      165.4547   421                    173.2193  6980246         
  26900 23801      159.4611   464                    173.2193  6992437         
  26953 23850      160.6804   569                    173.2136  7007098         
  27011 23908      150.9685   450                    173.2136  7021613         
  27076 23969      164.9720   398                    173.2110  7036735         
  27137 24025      161.0626   528                    173.2096  7053251         
  27230 24114      146.3815   272                    173.2096  7068875         
  27358 24231      165.2708   568                    173.2080  7079036         
  27395 24260      155.6762   445                    173.2078  7097663         
Elapsed time = 7165.91 sec. (11113706.96 ticks, tree = 1134.89 MB, solutions = 0)
  27469 24330      163.7898   441                    173.2069  7113445         
  27558 24419      156.7740   535                    173.2069  7125247         
  27616 24477      150.3548   508                    173.2069  7135976         

GUB cover cuts applied:  33
Clique cuts applied:  11
Cover cuts applied:  6
Implied bound cuts applied:  27
Flow cuts applied:  6
Mixed integer rounding cuts applied:  56
Zero-half cuts applied:  91
Lift and project cuts applied:  1
Gomory fractional cuts applied:  1

Root node processing (before b&c):
  Real time             =   20.46 sec. (31725.11 ticks)
Sequential b&c:
  Real time             = 7179.54 sec. (11132192.36 ticks)
                          ------------
Total (root+branch&cut) = 7200.00 sec. (11163917.47 ticks)

CPLEX Sol status: Unknown
Instance Name: sarp-50-25-A-2

K: 8
Profits: 
0: 3.582
1: 4.551
2: 3.696
3: 3.582
4: 4.551
5: 3.411
6: 3.468
7: 3.525
8: 3.582
9: 3.525
10: 4.095
11: 4.323
12: 4.209
13: 4.266
14: 4.152
15: 4.323
16: 3.981
17: 3.924
18: 3.981
19: 3.924
20: 5.349
21: 3.867
22: 3.981
23: 3.525
24: 3.696
25: 3.81
26: 3.867
27: 3.981
28: 4.095
29: 4.722
30: 4.323
31: 4.209
32: 3.525
33: 3.411
34: 3.468
35: 4.665
36: 3.867
37: 3.81
38: 5.178
39: 3.867
40: 4.665
41: 5.748
42: 4.038
43: 3.639
44: 3.639
45: 4.152
46: 4.665
47: 3.981
48: 5.121
49: 4.152
50: 3.736
51: 4.4
52: 5.811
53: 2.906
54: 5.064
55: 3.487
56: 3.985
57: 4.151
58: 5.645
59: 4.898
60: 4.981
61: 4.649
62: 4.317
63: 4.732
64: 4.151
65: 4.317
66: 4.815
67: 4.732
68: 3.736
69: 6.558
70: 3.985
71: 5.313
72: 7.803
73: 5.313
74: 6.226
75: 0
76: 0
77: 0
78: 0
79: 0
80: 0
81: 0
82: 0
83: 0
84: 0
85: 0
86: 0
87: 0
88: 0
89: 0
90: 0
91: 0
92: 0
93: 0
94: 0
95: 0
96: 0
97: 0
98: 0
99: 0
100: 0
101: 0
102: 0
103: 0
104: 0
105: 0
106: 0
107: 0
108: 0
109: 0
110: 0
111: 0
112: 0
113: 0
114: 0
115: 0
Multi parcel
MIP Node V2
profit: 203.667
cutoff: 55.7
Cutoff Value: 147.967
Version identifier: 22.1.1.0 | 2022-11-28 | 9160aff4d
CPXPARAM_Threads                                 1
CPXPARAM_TimeLimit                               7200
CPXPARAM_MIP_Tolerances_LowerCutoff              147.96699999999998
Tried aggregator 2 times.
MIP Presolve eliminated 4457 rows and 1347 columns.
MIP Presolve modified 6913 coefficients.
Aggregator did 5 substitutions.
Reduced MIP has 4197 rows, 48831 columns, and 187305 nonzeros.
Reduced MIP has 48781 binaries, 0 generals, 0 SOSs, and 0 indicators.
Presolve time = 0.17 sec. (203.63 ticks)
Tried aggregator 1 time.
Detecting symmetries...
Reduced MIP has 4197 rows, 48831 columns, and 187305 nonzeros.
Reduced MIP has 48781 binaries, 0 generals, 0 SOSs, and 0 indicators.
Presolve time = 0.10 sec. (93.52 ticks)
Probing time = 0.02 sec. (18.15 ticks)
Clique table members: 35656.
MIP emphasis: balance optimality and feasibility.
MIP search method: dynamic search.
Parallel mode: none, using 1 thread.
Root relaxation solution time = 1.18 sec. (1854.54 ticks)

        Nodes                                         Cuts/
   Node  Left     Objective  IInf  Best Integer    Best Bound    ItCnt     Gap

      0     0      202.9817   382                    202.9817     4591         
      0     0      199.2023   422                   Cuts: 175     5908         
      0     0      198.2634   450                   Cuts: 153     6455         
      0     0      197.6207   474                   Cuts: 197     7001         
      0     0      197.1890   544                    Cuts: 49     7418         
      0     0      196.9012   518                    Cuts: 50     7726         
Detecting symmetries...
      0     0      196.8203   615                    Cuts: 25     7993         
      0     0      196.5398   635                    Cuts: 23     8329         
      0     0      196.4346   661                    Cuts: 41     8561         
      0     0      196.0524   634                    Cuts: 13     8930         
      0     0      195.9329   592                    Cuts: 40     9186         
      0     0      195.8960   638                    Cuts: 18     9318         
      0     0      195.8414   625                     Cuts: 6     9503         
      0     0      195.8031   638                     Cuts: 9     9577         
      0     0      195.7526   621                     Cuts: 7     9711         
      0     0      195.6135   635                    Cuts: 13    10041         
      0     0      195.5199   641                    Cuts: 19    10337         
      0     0      195.4609   647                    Cuts: 11    10430         
      0     0      195.4572   661                    Cuts: 25    10464         
      0     0      195.4547   673                     Cuts: 5    10517         
Heuristic still looking.
Detecting symmetries...
      0     2      195.4547   673                    195.4547    10517         
Elapsed time = 19.65 sec. (29902.51 ticks, tree = 0.01 MB, solutions = 0)
      1     3      195.2871   598                    195.4546    10773         
      3     5      194.8785   569                    195.4412    11555         
      5     7      195.1913   608                    195.4412    11859         
      6     8      194.3939   503                    195.4412    12550         
      7     9      193.9656   498                    195.4412    12952         
      8    10      193.7710   507                    195.4412    13267         
      9    11      193.9459   517                    195.4412    13349         
     10    12      188.9646   437                    195.4412    14168         
     11    13      193.7966   499                    195.4412    14388         
     13    15      193.1146   450                    195.4412    15202         
Elapsed time = 23.47 sec. (36634.48 ticks, tree = 0.66 MB, solutions = 0)
     20    22      192.3087   368                    195.4412    16273         
     24    26      188.6631   378                    195.4412    17429         
     30    32      190.5024   390                    195.4412    18691         
     34    36      189.0557   281                    195.4412    19858         
     41    43      186.3566   285                    195.4412    21437         
     46    48      184.5169   272                    195.4412    22821         
     53    55      182.3866   322                    195.4412    24127         
     61    63      183.9798   283                    195.4412    25664         
     69    71      181.7098   258                    195.4412    27012         
     78    80      179.0562   230                    195.4412    28579         
Elapsed time = 29.97 sec. (47268.44 ticks, tree = 4.01 MB, solutions = 0)
     86    88      180.2844   245                    195.4412    30015         
     97    99      179.3217   206                    195.4412    31563         
    104   106      178.2561   193                    195.4412    32800         
    113   115      174.7013   217                    195.4412    34361         
    122   124      171.2713   214                    195.4412    35949         
    136   138      163.3742   157                    195.4412    37625         
    156   156      154.7919   184                    195.4412    39654         
    179   167      195.3398   653                    195.4407    41309         
    180   168      195.3113   670                    195.4407    41472         
    185   173      194.7256   600                    195.4407    42568         
Elapsed time = 37.48 sec. (59130.61 ticks, tree = 8.77 MB, solutions = 0)
    188   176      194.6323   596                    195.4407    43627         
    194   182      194.0307   409                    195.4407    44796         
    199   187      192.9465   327                    195.4407    45968         
    205   193      192.3176   317                    195.4407    47127         
    210   198      188.8147   292                    195.4407    48737         
    217   205      191.2035   296                    195.4407    50023         
    226   214      190.4263   275                    195.4407    51153         
    231   219      189.9119   330                    195.4407    52474         
    236   224      187.9072   278                    195.4407    53785         
    244   232      186.4646   282                    195.4407    55003         
Elapsed time = 43.76 sec. (69500.23 ticks, tree = 11.82 MB, solutions = 0)
    253   241      183.4355   203                    195.4407    56370         
    259   247      172.1390   171                    195.4407    57965         
    267   255      176.9478   213                    195.4407    59623         
    278   266      172.4276   207                    195.4407    61287         
    294   282      162.4330   187                    195.4407    62864         
    316   304      158.8410   154                    195.4407    64562         
    322   310      159.3602   156                    195.4407    65572         
    340   328      152.3304   164                    195.4407    67842         
    369   343      194.8264   614                    195.3113    69805         
    377   351      194.4446   607                    195.3113    70827         
Elapsed time = 50.49 sec. (79749.31 ticks, tree = 18.05 MB, solutions = 0)
    383   357      194.0315   602                    195.3113    71743         
    389   363      192.8846   610                    195.3113    73440         
    392   366      192.0601   604                    195.3113    74429         
    396   370      191.1077   548                    195.3113    75537         
    399   373      190.3403   569                    195.3113    76711         
    402   376      195.2985   656                    195.2971    77554         
    408   382      194.8484   626                    195.2971    78522         
    415   389      194.5085   612                    195.2971    79370         
    420   394      194.3550   604                    195.2971    79957         
    428   402      194.0454   622                    195.2971    80872         
Elapsed time = 59.83 sec. (95251.54 ticks, tree = 20.49 MB, solutions = 0)
    434   408      193.6523   648                    195.2971    81876         
    439   413      192.7062   623                    195.2971    83423         
    440   414      192.6079   659                    195.2971    83653         
    445   419      191.8169   615                    195.2971    84761         
    449   423      191.4699   643                    195.2971    85650         
    454   428      191.1003   659                    195.2971    86575         
    458   432      190.0899   597                    195.2971    87535         
    462   436      188.8864   556                    195.2971    88848         
    466   440      188.3414   601                    195.2971    89921         
    470   444      187.8057   562                    195.2971    90868         
Elapsed time = 66.77 sec. (106475.83 ticks, tree = 22.46 MB, solutions = 0)
    475   449      187.2356   589                    195.2971    91787         
    480   454      186.5068   589                    195.2971    92907         
    484   458      184.8243   529                    195.2971    94494         
    490   464      184.5066   574                    195.2971    95483         
    499   473      184.2710   573                    195.2971    96400         
    504   478      183.7077   515                    195.2971    97451         
    508   482      183.1393   521                    195.2971    98410         
    513   487      181.9718   537                    195.2971    99589         
    519   493      181.2586   557                    195.2971   100657         
    526   500      180.8370   600                    195.2971   101667         
Elapsed time = 73.46 sec. (117635.88 ticks, tree = 25.26 MB, solutions = 0)

Performing restart 1

Repeating presolve.
Tried aggregator 1 time.
MIP Presolve modified 47644 coefficients.
Reduced MIP has 4197 rows, 48831 columns, and 173893 nonzeros.
Reduced MIP has 48781 binaries, 0 generals, 0 SOSs, and 0 indicators.
Presolve time = 0.12 sec. (146.97 ticks)
Tried aggregator 2 times.
MIP Presolve eliminated 2 rows and 198 columns.
Aggregator did 1 substitutions.
Reduced MIP has 4194 rows, 48632 columns, and 173241 nonzeros.
Reduced MIP has 48582 binaries, 0 generals, 0 SOSs, and 0 indicators.
Presolve time = 0.13 sec. (125.19 ticks)
Represolve time = 2.62 sec. (2977.81 ticks)
    532     0      194.8257   527                   Cuts: 104   109594         
    532     0      194.3305   637                    Cuts: 47   110133         
    532     0      194.0884   610                    Cuts: 40   110631         
    532     0      193.9025   641                    Cuts: 29   111058         
    532     0      193.6567   719                    Cuts: 12   111649         
    532     0      193.3111   592                    Cuts: 33   112378         
    532     0      193.2022   626                    Cuts: 14   112719         
    532     0      193.0997   674                    Cuts: 14   113017         
    532     0      193.0538   705                     Cuts: 6   113173         
    532     0      193.0398   687                     Cuts: 4   113258         
    532     0      193.0156   686                    Cuts: 10   113457         
    532     0      192.9396   654                     Cuts: 9   113806         
    532     0      192.9271   715                    Cuts: 15   113910         
    532     0      192.9004   739                     Cuts: 6   114048         
    532     0      192.8971   748                    Cuts: 10   114103         
    532     0      192.8966   728                     Cuts: 4   114137         
    532     0      192.8852   710                    Cuts: 67   114276         
    532     0      192.8424   703                     Cuts: 5   114459         
    532     0      192.8337   672                    Cuts: 10   114637         
    532     0      192.8144   716                     Cuts: 8   114787         
    532     0      192.7072   714                     Cuts: 5   115222         
    532     0      192.6776   667                    Cuts: 14   115482         
    532     0      192.6455   771                    Cuts: 13   115660         
    532     0      192.6146   744                     Cuts: 4   115824         
    532     0      192.5998   714                     Cuts: 5   115921         
    532     0      192.5541   865                     Cuts: 5   116186         
    532     0      192.4975   799                    Cuts: 13   116485         
    532     0      192.4796   835                    Cuts: 11   116695         
    532     0      192.4789   862                     Cuts: 6   116754         
    532     2      192.4789   858                    192.4781   116754         
    533     3      192.4209   828                    192.4208   117123         
    534     4      192.3602   745                    192.4201   117430         
    535     5      192.3173   766                    192.4201   117627         
    536     6      189.4823   596                    192.4201   118462         
    537     7      192.2909   724                    192.4201   118629         
    538     8      192.2682   725                    192.4201   118806         
    539     9      191.2684   644                    192.4201   119810         
    540    10      187.1902   584                    192.4201   120357         
    541    11      190.7260   665                    192.4201   120856         
Elapsed time = 237.41 sec. (385488.80 ticks, tree = 0.44 MB, solutions = 0)
    542    12      190.6702   676                    192.4201   121071         
    543    13      190.6387   710                    192.4201   121242         
    544    14      184.6739   505                    192.4201   122568         
    545    15      190.6058   693                    192.4201   122847         
    546    16      190.3170   715                    192.4201   123308         
    547    17      190.3087   722                    192.4201   123393         
    548    18      190.2407   698                    192.4201   123662         
    549    19      190.2090   633                    192.4201   123910         
    550    20      190.2025   622                    192.4201   123988         
    551    21      190.0089   640                    192.4201   124453         
Elapsed time = 275.21 sec. (447879.70 ticks, tree = 0.94 MB, solutions = 0)
    552    22      189.9884   651                    192.4201   124618         
    554    24      189.9503   653                    192.4201   124870         
    556    26      188.8268   457                    192.4201   126207         
    558    28      187.4092   554                    192.4201   127111         
    560    30      186.4456   565                    192.4201   128449         
    562    32      189.5307   566                    192.4201   129220         
    563    33      189.5523   598                    192.4201   129746         
    567    37      182.4933   418                    192.4201   130763         
    572    42      187.5761   557                    192.4201   131590         
    575    45      188.7441   518                    192.4201   132517         
Elapsed time = 320.00 sec. (521655.42 ticks, tree = 2.18 MB, solutions = 0)
    580    50      186.8076   456                    192.4201   133793         
    586    56      186.1431   456                    192.4201   135444         
    589    59      188.8828   540                    192.4201   136618         
    592    62      187.1381   491                    192.4201   137629         
    598    68      187.7392   513                    192.4201   138584         
    600    70      186.7761   476                    192.4201   139175         
    604    74      186.4984   495                    192.4201   140582         
    608    78      186.3873   420                    192.4201   141247         
    613    82      185.8474   380                    192.4201   142083         
    622    90      182.5415   274                    192.4201   143675         
Elapsed time = 350.78 sec. (572187.93 ticks, tree = 4.50 MB, solutions = 0)
    627    94      182.1654   379                    192.4201   144317         
    632    97      182.0378   240                    192.4201   145027         
    638   101      181.6103   331                    192.4201   145950         
    646   107      175.7159   266                    192.4201   147394         
    653   113      178.2177   313                    192.4201   148795         
    662   121      175.5263   203                    192.4201   151072         
    670   125      174.0318   253                    192.4201   152433         
    675   130      172.8718   261                    192.4201   153598         
    684   138      172.0296   172                    192.4201   154982         
    698   152      172.8400   234                    192.4201   157041         
Elapsed time = 382.25 sec. (621723.63 ticks, tree = 7.70 MB, solutions = 0)
    710   164      167.8165   209                    192.4201   158639         
    718   170      167.8162   218                    192.4201   160420         
    725   177      162.4336   214                    192.4201   161573         
    732   184      166.4733   254                    192.4201   163330         
    740   189      154.6470   218                    192.4201   165422         
    766   201      191.3355   765                    192.3163   167776         
    767   202      191.3338   779                    192.3163   167826         
    768   203      191.2418   780                    192.3163   168119         
    769   204      190.1716   718                    192.3163   169438         
    771   206      191.1561   788                    192.3163   169898         
Elapsed time = 415.25 sec. (674917.78 ticks, tree = 10.48 MB, solutions = 0)
    774   209      191.0358   739                    192.3163   170486         
    779   214      187.9841   625                    192.3163   172739         
    782   217      185.6529   513                    192.3163   175291         
    785   220      189.5313   632                    192.3163   177332         
    792   227      189.5639   586                    192.3163   179623         
    794   229      189.5082   627                    192.3163   180501         
    796   231      189.3027   586                    192.3163   181216         
    800   235      187.7047   504                    192.3163   182414         
    803   238      185.7018   487                    192.3163   183240         
    808   242      183.4242   413                    192.3163   185057         
Elapsed time = 450.96 sec. (734247.87 ticks, tree = 12.33 MB, solutions = 0)
    813   247      183.2052   403                    192.3163   185867         
    819   253      181.8883   446                    192.3163   187323         
    821   254      166.2034   354                    192.3163   188481         
    826   254      190.8343   674                    192.2675   190661         
    832   260      189.9401   751                    192.2675   192230         
    839   267      189.4179   697                    192.2675   193550         
    852   280      189.1594   659                    192.2675   194709         
    871   299      188.8871   652                    192.2675   196397         
    885   313      188.4347   673                    192.2675   198027         
    892   320      188.0844   620                    192.2675   198987         
Elapsed time = 487.21 sec. (793489.87 ticks, tree = 16.05 MB, solutions = 0)
    901   329      187.7376   610                    192.2675   200182         
    919   347      187.3786   642                    192.2675   201929         
    929   357      187.0606   660                    192.2675   203349         
    934   362      192.2349   742                    192.2650   204108         
    942   370      191.6292   734                    192.2650   207263         
    959   387      188.8795   503                    192.2650   209741         
    973   401      188.2940   515                    192.2650   211621         
    987   415      187.8844   524                    192.2650   213550         
    994   422      186.8758   503                    192.2650   215080         
    995   423      186.8450   552                    192.2650   215261         
Elapsed time = 516.39 sec. (837446.92 ticks, tree = 20.92 MB, solutions = 0)
    997   425      186.6915   479                    192.2650   215591         
   1008   436      186.1549   490                    192.2650   217259         
   1025   453      185.6056   501                    192.2650   218765         
   1035   463      185.1524   508                    192.2650   219882         
   1048   476      184.9202   490                    192.2650   220690         
   1058   486      184.8647   436                    192.2650   221341         
   1065   493      184.3485   596                    192.2650   222391         
   1080   508      183.8069   430                    192.2650   223960         
   1102   530      183.2654   408                    192.2650   225851         
   1114   542      182.6488   419                    192.2650   227185         
Elapsed time = 543.31 sec. (879064.26 ticks, tree = 27.08 MB, solutions = 0)
   1128   556      182.1878   416                    192.2650   228368         
   1134   562      188.6654   735                    192.2341   230123         
   1143   571      188.1775   674                    192.2341   231871         
   1153   581      187.4237   602                    192.2341   233809         
   1169   597      186.6271   597                    192.2341   235920         
   1173   601      186.5810   632                    192.2341   236295         
   1199   627      186.0021   618                    192.2341   239137         
   1217   645      185.2365   630                    192.2341   241748         
   1235   663      184.3681   605                    192.2341   243730         
   1252   680      183.9802   594                    192.2341   245287         
Elapsed time = 569.80 sec. (922401.77 ticks, tree = 34.19 MB, solutions = 0)
   1263   691      183.5836   596                    192.2341   246448         
   1274   702      183.1691   552                    192.2341   247986         
   1286   714      182.6661   596                    192.2341   249378         
   1304   732      181.9910   633                    192.2341   251350         
   1323   751      181.5286   587                    192.2341   253791         
   1334   762      191.3040   621                    192.2113   256312         
   1342   770      190.4752   617                    192.2113   259178         
   1345   773      187.6321   536                    192.2113   262095         
   1353   781      186.7189   573                    192.2113   265567         
   1356   784      189.2983   589                    192.2113   266351         
Elapsed time = 596.93 sec. (964911.26 ticks, tree = 39.50 MB, solutions = 0)
   1360   788      180.9774   409                    192.2113   268668         
   1365   793      183.7806   431                    192.2113   270330         
   1376   804      188.5589   468                    192.2113   272657         
   1388   816      184.5303   381                    192.2113   275640         
   1398   826      181.8872   344                    192.2113   278715         
   1406   834      175.2971   278                    192.2113   281672         
   1412   840      185.2491   386                    192.2113   282613         
   1423   851      177.6943   365                    192.2113   284995         
   1433   861      167.3851   225                    192.2113   287162         
   1443   871      179.0867   385                    192.2113   288534         
Elapsed time = 625.03 sec. (1010388.26 ticks, tree = 44.06 MB, solutions = 0)
   1451   879      177.2769   268                    192.2113   290629         
   1460   888      175.0425   308                    192.2113   292571         
   1475   903      177.8214   383                    192.2113   294457         
   1488   916      176.9847   278                    192.2113   295961         
   1503   931      176.3261   186                    192.2113   298035         
   1510   938      172.9554   316                    192.2113   300007         
   1530   958      165.8138   303                    192.2113   302051         
   1550   978      191.0692   595                    192.0532   305409         
   1566   994      189.2442   568                    192.0532   309108         
   1578  1006      188.9351   517                    192.0532   310533         
Elapsed time = 653.22 sec. (1053735.31 ticks, tree = 51.03 MB, solutions = 0)
   1585  1013      188.7217   533                    192.0532   311307         

Performing restart 2

Repeating presolve.
Tried aggregator 1 time.
Reduced MIP has 4194 rows, 48632 columns, and 180999 nonzeros.
Reduced MIP has 48582 binaries, 0 generals, 0 SOSs, and 0 indicators.
Presolve time = 0.07 sec. (82.41 ticks)
Tried aggregator 1 time.
Reduced MIP has 4194 rows, 48632 columns, and 180999 nonzeros.
Reduced MIP has 48582 binaries, 0 generals, 0 SOSs, and 0 indicators.
Presolve time = 0.10 sec. (102.94 ticks)
Represolve time = 1.00 sec. (709.63 ticks)
   1596     0      192.3514   811                    Cuts: 78   320626         
   1596     0      192.2886   819                    Cuts: 30   320930         
   1596     0      192.2445   865                    Cuts: 16   321202         
   1596     0      192.2415   863                     Cuts: 8   321260         
   1596     0      192.2339   856                     Cuts: 3   321375         
   1596     0      192.2314   858                    Cuts: 96   321459         
   1596     0      192.2222   848                     Cuts: 3   321563         
   1596     0      192.1748   839                   Cuts: 139   321719         
   1596     0      192.1639   850                    Cuts: 37   321853         
   1596     0      192.1636   846                     Cuts: 5   321894         
   1596     0      192.1629   852                    Cuts: 24   321924         
   1596     0      192.1281   848                     Cuts: 2   322138         
   1596     0      192.1131   858                     Cuts: 8   322298         
   1596     0      192.0040   845                    Cuts: 19   322766         
   1596     0      191.9779   874                    Cuts: 39   322950         
   1596     0      191.9654   833                     Cuts: 7   323088         
   1596     0      191.8697   869                     Cuts: 9   323563         
   1596     0      191.8623   877                    Cuts: 11   323699         
   1596     2      191.8623   877                    191.8614   323699         
   1597     3      191.7860   849                    191.7853   323970         
   1598     4      187.5534   755                    191.7853   325325         
   1599     5      191.3885   804                    191.7853   325634         
   1600     6      191.1729   788                    191.7853   326174         
   1601     7      191.1480   730                    191.7853   326292         
   1602     8      191.1380   767                    191.7853   326418         
   1603     9      190.9726   810                    191.7853   326889         
   1604    10      190.7254   784                    191.7853   327441         
Elapsed time = 1015.86 sec. (1635963.95 ticks, tree = 0.38 MB, solutions = 0)
   1605    11      190.9380   797                    191.7853   327615         
   1606    12      188.4734   610                    191.7853   329301         
   1607    13      190.9218   838                    191.7853   329468         
   1608    14      190.2374   803                    191.7853   329835         
   1609    15      189.1437   728                    191.7853   330472         
   1610    16      189.0533   752                    191.7853   330673         
   1611    17      189.0445   758                    191.7853   330763         
   1612    18      188.8988   726                    191.7853   331230         
   1613    19      188.5421   705                    191.7853   331951         
   1614    20      188.4203   714                    191.7853   332300         
Elapsed time = 1072.74 sec. (1731295.04 ticks, tree = 0.80 MB, solutions = 0)
   1615    21      188.0592   649                    191.7853   333106         
   1616    22      188.4069   730                    191.7853   333238         
   1617    23      188.3892   725                    191.7853   333396         
   1618    24      188.3370   674                    191.7853   333710         
   1619    25      186.7433   588                    191.7853   334689         
   1621    27      187.7330   699                    191.7853   335842         
   1623    29      186.6762   598                    191.7853   336482         
   1625    31      186.0802   571                    191.7853   337690         
   1627    33      183.8968   517                    191.7853   338883         
   1630    36      182.8028   528                    191.7853   340088         
Elapsed time = 1118.07 sec. (1805843.19 ticks, tree = 1.64 MB, solutions = 0)
   1633    39      184.7083   500                    191.7853   341075         
   1636    42      186.0548   685                    191.7853   341773         
   1638    44      185.9978   647                    191.7853   342538         
   1639    45      179.7342   537                    191.7853   344114         
   1643    49      182.3385   518                    191.7853   345152         
   1645    51      181.5165   499                    191.7853   346249         
   1649    55      179.6444   358                    191.7853   347422         
   1651    57      177.6601   289                    191.7853   348396         
   1657    63      176.6099   253                    191.7853   349811         
   1660    66      176.8967   402                    191.7853   350850         
Elapsed time = 1153.60 sec. (1862985.98 ticks, tree = 3.15 MB, solutions = 0)
   1662    68      175.6904   487                    191.7853   351859         
   1667    73      175.5337   286                    191.7853   353664         
   1674    80      174.8625   244                    191.7853   354994         
   1677    83      171.5911   262                    191.7853   356674         
   1680    86      170.2860   265                    191.7853   358085         
   1689    95      169.4473   273                    191.7853   359559         
   1693    99      168.4190   281                    191.7853   360371         
   1703   109      169.5681   344                    191.7853   362062         
   1710   116      169.1085   235                    191.7853   363895         
   1716   122      168.8372   325                    191.7853   365351         
Elapsed time = 1188.20 sec. (1917671.70 ticks, tree = 6.05 MB, solutions = 0)
   1725   131      169.4581   217                    191.7853   367207         
   1733   139      171.0062   272                    191.7853   368687         
   1740   146      163.9714   266                    191.7853   369790         
   1744   150      170.7182   313                    191.7853   371155         
   1750   156      170.6230   410                    191.7853   372170         
   1754   159      162.9224   252                    191.7853   373183         
   1757   162      160.7144   320                    191.7853   374827         
   1773   178      158.7006   296                    191.7853   376113         
   1783   188      156.1698   258                    191.7853   377571         
   1800   205      157.6612   244                    191.7853   378449         
Elapsed time = 1217.17 sec. (1962961.90 ticks, tree = 10.35 MB, solutions = 0)
   1808   211      153.6286   378                    191.7853   379722         
   1835   237      153.2357   278                    191.7853   381686         
   1851   251      150.5489   188                    191.7853   383362         
   1880   260      188.4826   760                    191.3880   387576         
   1884   264      188.2940   747                    191.3880   388634         
   1890   270      187.7503   711                    191.3880   390537         
   1894   274      186.9501   591                    191.3880   392380         
   1896   276      185.7156   550                    191.3880   394027         
   1899   279      186.0063   582                    191.3880   395006         
   1903   283      187.4336   660                    191.3880   396330         
Elapsed time = 1244.95 sec. (2005913.09 ticks, tree = 14.36 MB, solutions = 0)
   1908   288      184.0191   533                    191.3880   397856         
   1912   290      183.4110   547                    191.3880   399153         
   1913   291      176.6052   437                    191.3880   400443         
   1919   297      179.8428   440                    191.3880   401998         
   1926   304      182.9682   512                    191.3880   404821         
   1931   309      178.6788   419                    191.3880   406203         
   1935   313      178.0089   414                    191.3880   407263         
   1940   317      170.6351   407                    191.3880   408616         
   1944   321      168.4428   291                    191.3880   410085         
   1949   326      170.0949   413                    191.3880   410745         
Elapsed time = 1273.99 sec. (2052807.78 ticks, tree = 16.52 MB, solutions = 0)
   1962   339      169.2536   348                    191.3880   412093         
   1968   345      168.7921   437                    191.3880   413218         
   1976   353      168.4241   399                    191.3880   414420         
   1986   362      159.0459   306                    191.3880   415748         
   1995   368  -1.00000e+75   270                    191.3880   417109         
   2000   373      184.8714   709                    191.1285   419297         
   2011   384      184.0026   660                    191.1285   421603         
   2023   396      183.5381   614                    191.1285   422973         
   2031   404      182.8154   665                    191.1285   424607         
   2036   409      182.4785   668                    191.1285   425440         
Elapsed time = 1302.69 sec. (2098944.20 ticks, tree = 20.70 MB, solutions = 0)
   2056   429      181.8583   625                    191.1285   427547         
   2063   436      181.3330   633                    191.1285   428661         
   2076   449      180.7078   619                    191.1285   429923         
   2087   460      180.4279   526                    191.1285   430953         
   2104   477      180.0192   529                    191.1285   432352         
   2119   492      179.5738   521                    191.1285   433541         
   2133   506      178.7549   638                    191.1285   434899         
   2141   514      178.3475   658                    191.1285   435821         
   2158   531      177.9851   626                    191.1285   437228         
   2170   543      177.7577   529                    191.1285   438277         
Elapsed time = 1327.49 sec. (2139607.80 ticks, tree = 27.12 MB, solutions = 0)
   2174   547      176.5055   426                    191.1285   439211         
   2182   555      176.0648   445                    191.1285   440273         
   2196   569      175.5454   435                    191.1285   441399         
   2203   576      189.1065   738                    190.9453   444117         
   2213   586      188.3460   691                    190.9453   447129         
   2224   597      185.6258   555                    190.9453   449945         
   2241   614      185.2070   535                    190.9453   451877         
   2255   628      184.5596   561                    190.9453   453354         
   2271   644      184.1907   571                    190.9453   454775         
   2278   651      184.0680   567                    190.9453   455509         
Elapsed time = 1352.68 sec. (2180721.89 ticks, tree = 32.45 MB, solutions = 0)
   2297   670      183.6968   517                    190.9453   456999         
   2316   689      183.3632   596                    190.9453   458403         
   2328   701      182.8173   546                    190.9453   459790         
   2342   715      181.8953   532                    190.9453   461373         
   2361   734      181.5996   498                    190.9453   462546         
   2376   749      180.4385   442                    190.9453   464124         
   2396   769      180.1149   439                    190.9453   465329         
   2399   772      188.3827   545                    190.9207   467457         
   2406   779      186.1590   460                    190.9207   469785         
   2410   783      187.0566   509                    190.9207   472219         
Elapsed time = 1381.03 sec. (2226656.35 ticks, tree = 39.23 MB, solutions = 0)
   2416   789      184.2115   439                    190.9207   474267         
   2425   798      184.3644   487                    190.9207   476865         
   2435   807      185.0404   284                    190.9207   478898         
   2447   817      184.4921   310                    190.9207   480529         
   2465   835      184.2802   290                    190.9207   482407         
   2473   842      155.7328   305                    190.9207   483783         
   2490   850      190.7351   740                    190.9200   485755         
   2499   859      190.1908   700                    190.9200   488697         
   2507   867      188.4049   631                    190.9200   492113         
   2520   880      187.5787   556                    190.9200   494816         
Elapsed time = 1407.05 sec. (2269106.43 ticks, tree = 44.10 MB, solutions = 0)
   2535   895      187.3101   603                    190.9200   496420         
   2551   911      186.0742   577                    190.9200   499467         
   2556   916      185.8353   527                    190.9200   500137         
   2568   928      184.7791   595                    190.9200   501576         
   2595   955      184.1741   667                    190.9200   503645         
   2615   975      183.4226   658                    190.9200   506076         
   2640  1000      182.7410   645                    190.9200   508536         
   2653  1013      181.5787   564                    190.9200   510578         
   2666  1026      181.3760   605                    190.9200   511828         
   2682  1042      180.7589   592                    190.9200   513521         
Elapsed time = 1434.42 sec. (2313717.74 ticks, tree = 52.05 MB, solutions = 0)
   2697  1057      180.1438   632                    190.9200   515154         
   2716  1076      179.7130   504                    190.9200   517140         
   2737  1096      179.1032   545                    190.9200   519188         
   2761  1120      178.3688   531                    190.9200   521267         
   2775  1134      176.8388   507                    190.9200   523241         
   2787  1146      176.1544   577                    190.9200   524598         
   2798  1157      190.3570   664                    190.8831   526768         
   2807  1166      189.4972   705                    190.8831   530045         
   2818  1177      188.4347   554                    190.8831   533006         
   2839  1198      187.7296   506                    190.8831   536331         
Elapsed time = 1459.83 sec. (2355343.97 ticks, tree = 59.79 MB, solutions = 0)
   2865  1224      186.6613   428                    190.8831   539174         
   2880  1239      186.0344   431                    190.8831   540999         
   2896  1253      185.3356   404                    190.8831   544360         
   2909  1266      184.7317   384                    190.8831   546750         
   2925  1282      184.0249   408                    190.8831   549100         
   2941  1297      183.3531   357                    190.8831   551273         
   2953  1309      183.0927   383                    190.8831   552773         
   2959  1315      182.6435   399                    190.8831   554369         
   2977  1332      181.9797   378                    190.8831   556696         
   2991  1346      175.9265   305                    190.8831   561159         
Elapsed time = 1486.65 sec. (2398740.86 ticks, tree = 67.34 MB, solutions = 0)
   2997  1352      170.6331   306                    190.8831   562354         
   3001  1356      182.8252   711                    190.7247   565028         
   3009  1364      180.9501   745                    190.7247   568620         
   3026  1381      179.8326   684                    190.7247   571710         
   3036  1391      179.4896   679                    190.7247   573133         
   3055  1410      178.6405   665                    190.7247   576354         
   3072  1427      177.9672   595                    190.7247   578614         
   3097  1452      177.1336   635                    190.7247   581653         
   3120  1475      176.5900   617                    190.7247   583594         
   3139  1494      176.1939   671                    190.7247   585554         
Elapsed time = 1512.59 sec. (2441747.48 ticks, tree = 74.42 MB, solutions = 0)
   3158  1513      175.7233   603                    190.7247   587261         
   3175  1530      174.6378   657                    190.7247   590011         
   3193  1548      174.1221   719                    190.7247   592106         
   3199  1554      189.8569   717                    190.7243   593682         
   3207  1562      187.4004   713                    190.7243   596386         
   3213  1568      186.6415   737                    190.7243   598659         
   3223  1578      185.6850   737                    190.7243   601070         
   3232  1587      184.6624   766                    190.7243   603309         
   3244  1599      183.8048   702                    190.7243   605593         
   3263  1618      183.1708   709                    190.7243   607960         
Elapsed time = 1537.31 sec. (2482587.92 ticks, tree = 80.43 MB, solutions = 0)
   3281  1636      182.7821   754                    190.7243   609972         
   3296  1651      182.2085   676                    190.7243   611862         
   3321  1676      181.2550   654                    190.7243   614686         
   3341  1696      180.6445   622                    190.7243   617216         
   3356  1711      179.0330   654                    190.7243   619461         
   3379  1734      178.3166   595                    190.7243   621835         
   3386  1741      177.3159   601                    190.7243   623335         
   3395  1750      176.4335   662                    190.7243   624750         
   3400  1755      186.2906   553                    190.5808   627669         
   3408  1763      183.0677   511                    190.5808   630866         
Elapsed time = 1564.72 sec. (2526125.14 ticks, tree = 87.52 MB, solutions = 0)
   3421  1776      184.8214   333                    190.5808   633806         
   3432  1787      183.3000   163                    190.5808   636661         
   3448  1803      182.0287   285                    190.5808   639210         
   3465  1820      180.3597   261                    190.5808   641965         
   3478  1833      177.9386   278                    190.5808   643968         
   3493  1848      179.6058   256                    190.5808   646057         
   3505  1860      178.8798   243                    190.5808   648327         
   3515  1870      176.6533   268                    190.5808   649573         
   3528  1883      168.4119   235                    190.5808   651658         
   3546  1901      177.0118   203                    190.5808   653312         
Elapsed time = 1593.17 sec. (2569297.74 ticks, tree = 94.66 MB, solutions = 0)
   3557  1912      176.2162   208                    190.5808   654487         
   3577  1929      172.7168   154                    190.5808   657413         
   3585  1937      173.8586   186                    190.5808   659981         
   3591  1943      175.1129   171                    190.5808   662175         
   3598  1950      187.7473   582                    190.5418   665096         
   3608  1960      186.3891   482                    190.5418   668127         
   3623  1975      185.2973   515                    190.5418   671163         
   3641  1993      184.4118   501                    190.5418   673711         
   3661  2013      183.5076   480                    190.5418   676576         
   3684  2036      182.0455   485                    190.5418   679400         
Elapsed time = 1620.74 sec. (2610465.74 ticks, tree = 101.48 MB, solutions = 0)
   3708  2060      181.4025   436                    190.5418   681409         
   3732  2084      180.9130   452                    190.5418   683027         
   3753  2105      180.1785   382                    190.5418   685160         
   3773  2125      179.7915   421                    190.5418   686504         
   3796  2148      178.7928   413                    190.5418   688100         
   3800  2152      187.8899   708                    190.4481   690460         
   3809  2161      185.8251   515                    190.4481   693638         
   3820  2172      184.6958   598                    190.4481   696133         
   3837  2189      183.7806   396                    190.4481   698299         
   3851  2203      180.7670   529                    190.4481   700592         
Elapsed time = 1648.15 sec. (2650929.22 ticks, tree = 110.11 MB, solutions = 0)
   3862  2214      178.1055   525                    190.4481   703148         
   3878  2230      175.4480   376                    190.4481   706092         
   3897  2249      174.3600   343                    190.4481   708200         
   3919  2271      172.5953   362                    190.4481   710092         
   3943  2295      172.0543   432                    190.4481   711669         
   3967  2319      171.4038   363                    190.4481   713153         
   3989  2341      170.6370   389                    190.4481   714514         
   3998  2350      185.5299   605                    190.4471   716997         
   4011  2363      183.5162   611                    190.4471   719857         
   4026  2378      182.5730   602                    190.4471   722621         
Elapsed time = 1676.83 sec. (2692905.80 ticks, tree = 119.07 MB, solutions = 0)
   4041  2393      181.5497   639                    190.4471   725047         
   4057  2407    infeasible                          190.4471   727919         
   4067  2417      175.9012   493                    190.4471   730781         
   4070  2420      171.4210   445                    190.4471   732831         
   4080  2430      170.8210   467                    190.4471   734113         
   4096  2446      169.2303   414                    190.4471   736278         
   4107  2457      167.3116   416                    190.4471   738343         
   4115  2465      166.7242   472                    190.4471   739312         
   4128  2478      165.7107   418                    190.4471   740375         
   4147  2497      165.1080   476                    190.4471   741895         
Elapsed time = 1703.94 sec. (2733214.26 ticks, tree = 125.15 MB, solutions = 0)
   4174  2524      164.0892   487                    190.4471   743870         
   4198  2548      189.9958   593                    190.3553   746242         
   4208  2558      188.3637   571                    190.3553   749479         
   4219  2569      187.5710   613                    190.3553   752528         
   4235  2585      186.6047   441                    190.3553   755586         
   4255  2605      185.2146   423                    190.3553   758458         
   4283  2633      184.6227   379                    190.3553   760961         
   4308  2658      183.6500   374                    190.3553   763177         
   4330  2680      182.9084   389                    190.3553   765608         
   4353  2703      182.2027   400                    190.3553   767485         
Elapsed time = 1732.20 sec. (2773837.78 ticks, tree = 135.33 MB, solutions = 0)
   4371  2721      181.2502   360                    190.3553   769426         
   4387  2737      180.8108   444                    190.3553   770619         
   4398  2748      185.3423   606                    190.3466   773141         
   4407  2757      184.0238   573                    190.3466   776326         
   4414  2764      179.2328   636                    190.3466   779092         
   4420  2770      182.2780   489                    190.3466   781596         
   4433  2783      181.3387   464                    190.3466   784812         
   4443  2793      180.2185   402                    190.3466   788243         
   4452  2802      171.0347   246                    190.3466   790778         
   4463  2813      172.0553   264                    190.3466   792975         
Elapsed time = 1759.68 sec. (2815836.25 ticks, tree = 140.97 MB, solutions = 0)
   4473  2823      169.4169   241                    190.3466   795641         
   4485  2835      168.6042   262                    190.3466   798284         
   4496  2846      167.2858   292                    190.3466   799709         
   4509  2858      154.2231   222                    190.3466   802221         
   4516  2859      189.1572   680                    190.3409   805706         
   4527  2870      187.9104   666                    190.3409   808927         
   4539  2882      186.5497   611                    190.3409   812163         
   4551  2894      185.5046   744                    190.3409   815415         
   4565  2908      184.7898   687                    190.3409   818706         
   4579  2922      184.1764   644                    190.3409   821636         
Elapsed time = 1789.94 sec. (2861588.37 ticks, tree = 146.60 MB, solutions = 0)
   4595  2938      183.5259   563                    190.3409   824377         
   4617  2960      183.1173   648                    190.3409   826849         
   4645  2988      182.4798   530                    190.3409   829402         
   4670  3013      181.8681   574                    190.3409   831619         
   4687  3030      180.8319   527                    190.3409   833843         
   4713  3056      179.9405   545                    190.3409   836050         
   4733  3076      179.4160   522                    190.3409   837421         
   4758  3101      178.2614   495                    190.3409   839486         
   4786  3129      177.0087   466                    190.3409   841591         
   4802  3145      186.1152   653                    190.3319   844465         
Elapsed time = 1818.62 sec. (2901407.11 ticks, tree = 158.13 MB, solutions = 0)
   4812  3155      184.3568   557                    190.3319   847928         
   4828  3171      183.3292   510                    190.3319   850987         
   4849  3192      182.1006   523                    190.3319   854056         
   4865  3208      181.2081   578                    190.3319   857077         
   4885  3228      180.5482   474                    190.3319   859472         
   4910  3253      179.4387   378                    190.3319   862172         
   4930  3273      178.7914   465                    190.3319   864333         
   4955  3298      178.0999   494                    190.3319   866222         
   4981  3324      177.5284   396                    190.3319   868320         
   4998  3341      189.3023   737                    190.2877   871273         
Elapsed time = 1847.09 sec. (2942152.82 ticks, tree = 168.18 MB, solutions = 0)
   5007  3350      187.3189   701                    190.2877   874921         
   5018  3361      186.1978   704                    190.2877   878313         
   5034  3377      185.2881   725                    190.2877   881319         
   5050  3393      184.6604   663                    190.2877   884262         
   5071  3414      183.9181   603                    190.2877   886794         
   5088  3431      182.7283   619                    190.2877   889398         
   5110  3453      182.0932   635                    190.2877   891724         
   5129  3472      181.4143   540                    190.2877   894051         
   5146  3489      180.6129   557                    190.2877   896585         
   5160  3503      179.6330   586                    190.2877   899627         
Elapsed time = 1875.41 sec. (2982575.42 ticks, tree = 176.10 MB, solutions = 0)
   5180  3523      178.9377   510                    190.2877   902057         
   5196  3539      178.6481   584                    190.2877   903404         
   5206  3549      187.1986   613                    190.2600   906751         
   5215  3558      186.0618   586                    190.2600   910064         
   5225  3568      184.9571   509                    190.2600   913398         
   5240  3583      183.8983   476                    190.2600   915983         
   5259  3602      182.4663   456                    190.2600   919039         
   5280  3623      181.1863   391                    190.2600   921796         
   5303  3646      180.2110   456                    190.2600   924064         
   5324  3667      177.9351   475                    190.2600   926730         
Elapsed time = 1906.03 sec. (3027589.81 ticks, tree = 184.52 MB, solutions = 0)
   5346  3689      176.5503   463                    190.2600   929027         
   5365  3708      175.7707   390                    190.2600   930561         
   5381  3724      174.6001   396                    190.2600   932026         
   5397  3740      174.0429   393                    190.2600   933456         
   5404  3747      186.5915   516                    190.2509   936707         
   5414  3757      184.9736   450                    190.2509   940473         
   5425  3768      185.1625   440                    190.2509   943592         
   5438  3779      183.0119   378                    190.2509   946609         
   5456  3797      181.7027   324                    190.2509   949495         
   5479  3820      179.8587   189                    190.2509   952205         
Elapsed time = 1932.46 sec. (3066636.03 ticks, tree = 192.41 MB, solutions = 0)
   5492  3829      172.4815   172                    190.2509   955585         
   5513  3850      170.4585   177                    190.2509   957597         
   5530  3867      170.3474   195                    190.2509   958809         
   5544  3881      167.4566   163                    190.2509   960138         
   5560  3897      167.9052   167                    190.2509   962002         
   5582  3917      153.3346   172                    190.2509   963645         
   5593  3922      185.6862   647                    190.2374   967113         
   5604  3933      184.1352   526                    190.2374   970214         
   5624  3953      182.9026   556                    190.2374   973223         
   5646  3975      181.9907   543                    190.2374   976037         
Elapsed time = 1960.15 sec. (3107340.20 ticks, tree = 200.41 MB, solutions = 0)
   5671  4000      180.8150   530                    190.2374   979040         
   5695  4024      179.5074   409                    190.2374   981808         
   5729  4058      178.4094   369                    190.2374   984341         
   5761  4090      177.1622   468                    190.2374   986913         
   5780  4109      176.7344   423                    190.2374   988417         
   5798  4127      190.1189   789                    190.2095   990029         
   5805  4134      188.7424   778                    190.2095   993123         
   5812  4141      187.4697   705                    190.2095   996372         
   5822  4151      186.6684   707                    190.2095   999802         
   5830  4159      185.8208   702                    190.2095  1002079         
Elapsed time = 1987.53 sec. (3146771.09 ticks, tree = 209.90 MB, solutions = 0)
   5844  4173      184.5884   658                    190.2095  1004788         
   5860  4189      183.6543   615                    190.2095  1007722         
   5876  4205      182.7845   547                    190.2095  1010421         
   5893  4222      182.0167   600                    190.2095  1013153         
   5910  4239      180.9862   622                    190.2095  1015637         
   5927  4256      180.2908   572                    190.2095  1017861         
   5942  4271      179.0346   602                    190.2095  1020210         
   5959  4288      178.1020   489                    190.2095  1022715         
   5981  4310      177.3084   576                    190.2095  1025058         
   5996  4325      176.4384   513                    190.2095  1026976         
Elapsed time = 2015.72 sec. (3186975.26 ticks, tree = 217.80 MB, solutions = 0)
   6002  4331      182.8643   686                    190.2080  1030413         
   6010  4339      181.9714   726                    190.2080  1033867         
   6023  4352      181.3550   692                    190.2080  1036897         
   6036  4365      180.4242   629                    190.2080  1040152         
   6048  4377      179.7843   655                    190.2080  1043164         
   6063  4392      178.9429   590                    190.2080  1046057         
   6082  4411      178.2175   571                    190.2080  1048826         
   6097  4426      177.2294   488                    190.2080  1051695         
   6114  4443      175.6522   506                    190.2080  1054463         
   6131  4460      174.2164   539                    190.2080  1056878         
Elapsed time = 2042.50 sec. (3226470.83 ticks, tree = 224.31 MB, solutions = 0)
   6152  4481      173.5270   582                    190.2080  1059125         
   6180  4509      173.0017   472                    190.2080  1061077         
   6198  4527      187.5131   564                    190.1894  1064600         
   6211  4540      185.8964   529                    190.1894  1067884         
   6223  4552      184.6911   568                    190.1894  1070926         
   6239  4568      183.8389   560                    190.1894  1073673         
   6256  4585      179.9027   407                    190.1894  1077028         
   6284  4613      178.6649   384                    190.1894  1079618         
   6314  4643      177.3513   310                    190.1894  1081945         
   6333  4662      175.9625   367                    190.1894  1083388         
Elapsed time = 2070.99 sec. (3267288.16 ticks, tree = 234.64 MB, solutions = 0)
   6354  4683      174.5066   325                    190.1894  1085158         
   6377  4706      173.4486   327                    190.1894  1086545         
   6396  4725      172.6405   368                    190.1894  1087915         
   6401  4730      186.4414   639                    190.1544  1091338         
   6410  4739      188.8718   737                    190.1544  1094247         
   6416  4745      187.9616   592                    190.1544  1098024         
   6422  4751      183.6749   523                    190.1544  1101807         
   6436  4763      183.0509   562                    190.1544  1105278         
   6445  4772      180.9919   442                    190.1544  1108833         
   6452  4779      177.4808   273                    190.1544  1112998         
Elapsed time = 2098.10 sec. (3308463.13 ticks, tree = 240.63 MB, solutions = 0)
   6460  4787      178.9746   404                    190.1544  1116332         
   6476  4803      177.8704   270                    190.1544  1119951         
   6491  4818      175.4451   199                    190.1544  1122887         
   6516  4843      174.6169   218                    190.1544  1125921         
   6532  4859      170.3062   207                    190.1544  1128021         
   6548  4874      173.7455   221                    190.1544  1130766         
   6556  4882      173.3295   214                    190.1544  1132896         
   6560  4885      154.3484   115                    190.1544  1135400         
   6573  4892      187.9293   671                    190.1187  1139338         
   6587  4906      186.6023   567                    190.1187  1142373         
Elapsed time = 2124.92 sec. (3348492.20 ticks, tree = 247.22 MB, solutions = 0)
   6599  4918      185.0590   567                    190.1187  1145336         
   6607  4926      182.4400   526                    190.1187  1147289         
   6630  4949      179.8043   528                    190.1187  1150309         
   6649  4968      178.5422   524                    190.1187  1152531         
   6671  4990      176.9272   466                    190.1187  1155162         
   6694  5013      175.4219   516                    190.1187  1157699         
   6719  5038      174.6320   457                    190.1187  1159930         
   6752  5071      169.9507   332                    190.1187  1162029         
   6776  5095      167.9068   362                    190.1187  1164599         
   6800  5119      188.9142   708                    190.1179  1167700         
Elapsed time = 2152.94 sec. (3388152.12 ticks, tree = 258.26 MB, solutions = 0)
   6811  5130      187.2553   651                    190.1179  1171081         
   6827  5146      185.6208   640                    190.1179  1174038         
   6844  5163      184.6006   549                    190.1179  1176999         
   6863  5182      183.3850   538                    190.1179  1179948         
   6883  5202      181.4761   440                    190.1179  1183230         
   6913  5232      180.5235   500                    190.1179  1185798         
   6933  5252      179.7852   557                    190.1179  1188144         
   6962  5281      179.1047   484                    190.1179  1190469         
   6996  5315      178.0233   410                    190.1179  1192961         
   7003  5322      185.2621   595                    190.0718  1196096         
Elapsed time = 2180.76 sec. (3427517.74 ticks, tree = 268.75 MB, solutions = 0)
   7015  5334      183.4454   555                    190.0718  1199235         
   7030  5349      182.3524   453                    190.0718  1202241         
   7050  5369      181.6079   566                    190.0718  1205034         
   7071  5390      180.6276   584                    190.0718  1207873         
   7089  5408      179.6557   530                    190.0718  1210845         
   7113  5432      178.9343   531                    190.0718  1213421         
   7135  5454      177.5958   572                    190.0718  1216160         
   7153  5472      176.3635   507                    190.0718  1218656         
   7174  5493      175.4063   480                    190.0718  1220960         
   7196  5515      174.7296   509                    190.0718  1222409         
Elapsed time = 2209.14 sec. (3467714.80 ticks, tree = 278.72 MB, solutions = 0)
   7204  5523      185.7017   620                    190.0522  1225517         
   7213  5532      184.0800   548                    190.0522  1229004         
   7224  5543      182.7358   566                    190.0522  1232202         
   7239  5558      180.4703   536                    190.0522  1235544         
   7258  5577      179.0796   555                    190.0522  1237968         
   7282  5601      177.5898   507                    190.0522  1240849         
   7302  5621      176.1389   477                    190.0522  1243538         
   7330  5649      174.9379   444                    190.0522  1246453         
   7358  5677      173.9691   426                    190.0522  1248862         
   7388  5707      173.1367   363                    190.0522  1251141         
Elapsed time = 2236.60 sec. (3506656.09 ticks, tree = 288.66 MB, solutions = 0)
   7400  5719      183.4475   443                    190.0283  1254234         
   7407  5726      183.7715   596                    190.0283  1257777         
   7417  5736      178.7743   338                    190.0283  1261749         
   7426  5745      176.7035   423                    190.0283  1265402         
   7433  5752      176.0928   331                    190.0283  1268376         
   7447  5764      167.4620   247                    190.0283  1271009         
   7465  5782      170.9148   268                    190.0283  1273540         
   7485  5802      169.0391   224                    190.0283  1276115         
   7506  5823      167.4470   150                    190.0283  1277951         
   7523  5838      162.4896   234                    190.0283  1280263         
Elapsed time = 2264.59 sec. (3549147.54 ticks, tree = 295.52 MB, solutions = 0)
   7532  5841      188.9721   707                    189.9938  1282876         
   7541  5850      187.4701   693                    189.9938  1286267         
   7549  5858      186.3599   705                    189.9938  1289598         
   7563  5872      185.4514   634                    189.9938  1292483         
   7581  5890      184.7516   612                    189.9938  1295368         
   7599  5908      183.6591   612                    189.9938  1298693         
   7612  5921      183.0696   607                    189.9938  1301839         
   7628  5937      182.4452   578                    189.9938  1304739         
   7644  5953      180.6849   639                    189.9938  1307697         
   7664  5973      179.8551   588                    189.9938  1310377         
Elapsed time = 2291.81 sec. (3589084.39 ticks, tree = 302.19 MB, solutions = 0)
   7683  5992      178.7108   551                    189.9938  1313103         
   7702  6011      177.6719   600                    189.9938  1316039         
   7723  6032      177.2458   569                    189.9938  1318111         
   7749  6058      176.2956   508                    189.9938  1320185         
   7777  6086      175.3932   439                    189.9938  1322647         
   7798  6107      189.6890   559                    189.8562  1325144         
   7811  6120      187.8941   487                    189.8562  1328366         
   7826  6135      187.1365   517                    189.8562  1331232         
   7843  6152      185.9211   421                    189.8562  1334609         
   7872  6181      185.1633   378                    189.8562  1337341         
Elapsed time = 2320.45 sec. (3629418.16 ticks, tree = 312.78 MB, solutions = 0)
   7896  6205      184.2682   452                    189.8562  1340171         
   7925  6234      183.6744   476                    189.8562  1342416         
   7957  6266      183.2720   383                    189.8562  1344493         
   7989  6298      182.7766   467                    189.8562  1346482         
   8000  6309      186.7535   698                    189.7467  1348339         
   8009  6318      185.2224   666                    189.7467  1351564         
   8018  6327      183.8264   602                    189.7467  1354731         
   8028  6337      182.2017   653                    189.7467  1357943         
   8044  6353      180.7596   613                    189.7467  1360961         
   8061  6370      179.7249   543                    189.7467  1364045         
Elapsed time = 2348.01 sec. (3668831.06 ticks, tree = 322.44 MB, solutions = 0)
   8076  6385      178.6789   635                    189.7467  1367052         
   8091  6400      177.7810   652                    189.7467  1369994         
   8107  6416      176.9947   562                    189.7467  1372617         
   8126  6435      175.7554   571                    189.7467  1375214         
   8145  6454      174.5054   585                    189.7467  1377994         
   8169  6478      173.5380   589                    189.7467  1380607         
   8198  6507      185.8143   481                    189.7071  1383649         
   8218  6527      183.9059   401                    189.7071  1386793         
   8243  6552      182.5132   412                    189.7071  1389824         
   8274  6583      179.3805   392                    189.7071  1392705         
Elapsed time = 2377.02 sec. (3709526.63 ticks, tree = 333.44 MB, solutions = 0)
   8296  6605      178.7490   519                    189.7071  1394496         
   8331  6640      177.7826   427                    189.7071  1396882         
   8359  6668      177.2453   336                    189.7071  1398800         
   8384  6693      176.3376   330                    189.7071  1400262         
   8398  6707      188.0011   543                    189.6887  1402760         
   8405  6714      185.9528   482                    189.6887  1405716         
   8413  6722      184.3536   517                    189.6887  1409053         
   8420  6729      183.9976   559                    189.6887  1412091         
   8426  6735      179.5621   285                    189.6887  1414970         
   8438  6747      177.7878   393                    189.6887  1418309         
Elapsed time = 2403.54 sec. (3749019.58 ticks, tree = 341.94 MB, solutions = 0)
   8453  6762      177.3676   266                    189.6887  1421627         
   8466  6775      177.9618   331                    189.6887  1424427         
   8483  6792      177.6246   216                    189.6887  1427414         
   8492  6801      173.6437   232                    189.6887  1430209         
   8508  6817      176.5059   335                    189.6887  1432058         
   8521  6830      176.2477   263                    189.6887  1435267         
   8534  6841      175.3129   190                    189.6887  1437398         
   8550  6855      168.9599   203                    189.6887  1440623         
   8561  6866      168.2940   284                    189.6887  1443090         
   8571  6876      167.7053   312                    189.6887  1445266         
Elapsed time = 2430.35 sec. (3789408.23 ticks, tree = 348.64 MB, solutions = 0)
   8583  6888      157.4745   279                    189.6887  1448599         
   8597  6902      164.4799   333                    189.6887  1451793         
   8606  6911      183.2417   479                    189.6573  1455296         
   8626  6931      181.6812   505                    189.6573  1458411         
   8649  6954      179.7718   316                    189.6573  1461635         
   8678  6983      177.6114   372                    189.6573  1464773         
   8701  7006      176.6821   283                    189.6573  1466967         
   8739  7044      176.0058   398                    189.6573  1469306         
   8766  7071      175.0617   233                    189.6573  1470787         
   8796  7101      174.1068   196                    189.6573  1472699         
Elapsed time = 2458.16 sec. (3829171.66 ticks, tree = 360.34 MB, solutions = 0)
   8802  7107      183.1357   668                    189.6473  1476319         
   8812  7117      182.0769   686                    189.6473  1479281         
   8823  7128      181.2745   684                    189.6473  1482391         
   8833  7138      179.5943   603                    189.6473  1485511         
   8846  7151      178.5317   631                    189.6473  1488407         
   8856  7161      177.4003   659                    189.6473  1491353         
   8865  7170      171.5621   528                    189.6473  1495011         
   8882  7187      170.4993   548                    189.6473  1498045         
   8900  7205      168.8111   513                    189.6473  1501057         
   8924  7229      167.6894   460                    189.6473  1503581         
Elapsed time = 2485.71 sec. (3869844.94 ticks, tree = 366.74 MB, solutions = 0)
   8949  7254      166.8417   506                    189.6473  1506210         
   8971  7276      165.9060   488                    189.6473  1508461         
   8981  7285      164.2832   459                    189.6473  1510410         
   8984  7287      161.8506   372                    189.6473  1512922         
   8986  7287      156.5435   436                    189.6473  1516782         
   8989  7290      155.1628   416                    189.6473  1520014         
   9000  7301      187.8720   611                    189.6400  1523695         
   9015  7316      185.8660   550                    189.6400  1526959         
   9032  7333      184.9540   534                    189.6400  1529926         
   9054  7355      184.3530   550                    189.6400  1532808         
Elapsed time = 2514.78 sec. (3912593.77 ticks, tree = 373.08 MB, solutions = 0)
   9065  7366      180.8798   503                    189.6400  1535583         
   9089  7390      180.3501   402                    189.6400  1538235         
   9107  7408      178.2936   430                    189.6400  1541188         
   9134  7435      177.2624   411                    189.6400  1543570         
   9159  7460      176.2770   390                    189.6400  1546189         
   9178  7479      175.7803   383                    189.6400  1547799         
   9196  7497      175.1127   431                    189.6400  1549166         
   9203  7504      188.2069   669                    189.6358  1552551         
   9213  7514      186.5369   683                    189.6358  1555889         
   9224  7525      185.6518   731                    189.6358  1558944         
Elapsed time = 2542.78 sec. (3953004.79 ticks, tree = 381.81 MB, solutions = 0)
   9234  7535      184.7088   652                    189.6358  1562202         
   9250  7551      183.6225   679                    189.6358  1565186         
   9264  7565      182.9549   745                    189.6358  1567981         
   9280  7581      182.3420   655                    189.6358  1570902         
   9296  7597      181.0076   606                    189.6358  1574130         
   9311  7612      179.6211   659                    189.6358  1578603         
   9325  7626      178.9922   711                    189.6358  1581450         
   9340  7641      178.1189   695                    189.6358  1584222         
   9353  7654      177.0164   678                    189.6358  1587001         
   9367  7668      176.3859   673                    189.6358  1589537         
Elapsed time = 2571.04 sec. (3994035.24 ticks, tree = 388.92 MB, solutions = 0)
   9387  7688      175.3108   558                    189.6358  1592186         
   9400  7701      188.2885   589                    189.5971  1594892         
   9408  7709      183.1175   374                    189.5971  1597843         
   9419  7720      183.2812   293                    189.5971  1601414         
   9429  7730      176.7374   276                    189.5971  1605038         
   9441  7742      176.3492   274                    189.5971  1608163         
   9451  7752      174.0741   300                    189.5971  1611489         
   9465  7766      171.2893   200                    189.5971  1614535         
   9484  7785      168.8513   319                    189.5971  1617485         
   9501  7802      165.8379   249                    189.5971  1620860         
Elapsed time = 2598.71 sec. (4035347.76 ticks, tree = 395.80 MB, solutions = 0)
   9516  7817      167.4728   281                    189.5971  1623683         
   9526  7827      162.3320   234                    189.5971  1626044         
   9543  7844      163.7603   259                    189.5971  1629054         
   9559  7860      159.0641   231                    189.5971  1631480         
   9569  7870      160.8933   303                    189.5971  1633354         
   9577  7878      160.7275   305                    189.5971  1634898         
   9584  7885      152.8285   276                    189.5971  1637511         
   9595  7896      153.6624   272                    189.5971  1639248         
   9603  7904      183.0314   617                    189.5839  1642775         
   9617  7918      180.8650   626                    189.5839  1646561         
Elapsed time = 2626.27 sec. (4076207.91 ticks, tree = 401.79 MB, solutions = 0)
   9630  7931      179.7110   571                    189.5839  1649863         
   9646  7947      178.8224   509                    189.5839  1652662         
   9667  7968      178.0018   499                    189.5839  1655476         
   9692  7993      177.1725   444                    189.5839  1658154         
   9714  8015      175.8463   509                    189.5839  1660762         
   9747  8048      174.8144   425                    189.5839  1663189         
   9780  8081      174.2578   488                    189.5839  1665281         
   9799  8100      184.8865   639                    189.5665  1668396         
   9809  8110      183.2163   679                    189.5665  1671602         
   9819  8120      182.3522   687                    189.5665  1674913         
Elapsed time = 2654.07 sec. (4115769.37 ticks, tree = 412.03 MB, solutions = 0)
   9832  8133      181.6889   681                    189.5665  1677934         
   9846  8147      181.1534   576                    189.5665  1681013         
   9860  8161      180.0610   602                    189.5665  1684099         
   9876  8177      179.5154   633                    189.5665  1687036         
   9889  8190      178.7011   642                    189.5665  1690022         
   9895  8196      174.9140   567                    189.5665  1692969         
   9906  8207      173.6480   577                    189.5665  1695237         
   9917  8218      169.1894   474                    189.5665  1698687         
   9930  8231      161.8540   452                    189.5665  1702321         
   9939  8240      158.9990   474                    189.5665  1704370         
Elapsed time = 2681.61 sec. (4156448.57 ticks, tree = 418.35 MB, solutions = 0)
   9951  8252      154.6728   344                    189.5665  1707177         
   9972  8273      151.2274   362                    189.5665  1711531         
   9980  8278      187.4072   580                    189.5613  1715884         
   9996  8294      185.3742   523                    189.5613  1718911         
  10017  8315      184.2533   539                    189.5613  1721778         
  10041  8339      182.7939   469                    189.5613  1724571         
  10060  8358      180.6442   474                    189.5613  1727237         
  10083  8381      179.4545   423                    189.5613  1729981         
  10109  8407      178.1816   420                    189.5613  1732979         
  10144  8442      176.8865   453                    189.5613  1735622         
Elapsed time = 2709.65 sec. (4196073.76 ticks, tree = 428.84 MB, solutions = 0)
  10179  8477      176.1713   443                    189.5613  1737616         
  10198  8496      185.5497   670                    189.5516  1740208         
  10209  8507      184.5019   613                    189.5516  1743610         
  10218  8516      183.3750   528                    189.5516  1746912         
  10228  8526      181.7342   596                    189.5516  1750203         
  10238  8536      180.2851   602                    189.5516  1753967         
  10250  8548      178.5500   595                    189.5516  1757189         
  10265  8563      177.8847   422                    189.5516  1760369         
  10282  8580      176.7036   505                    189.5516  1763509         
  10300  8598      175.3783   391                    189.5516  1766804         
Elapsed time = 2736.75 sec. (4235820.55 ticks, tree = 436.86 MB, solutions = 0)
  10323  8621      174.1789   386                    189.5516  1769800         
  10351  8649      172.9940   390                    189.5516  1772668         
  10376  8674      172.1957   377                    189.5516  1774991         
  10398  8696      188.4548   715                    189.5433  1777285         
  10406  8704      185.8163   587                    189.5433  1781305         
  10413  8711      185.9782   614                    189.5433  1784734         
  10419  8717      182.8104   509                    189.5433  1788761         
  10427  8725      182.1121   467                    189.5433  1792252         
  10435  8733      181.4397   478                    189.5433  1795802         
  10446  8744      180.4249   412                    189.5433  1799178         
Elapsed time = 2764.23 sec. (4277083.75 ticks, tree = 444.36 MB, solutions = 0)
  10458  8756      176.2114   380                    189.5433  1802905         
  10468  8766      172.5636   381                    189.5433  1806164         
  10483  8781      176.1836   471                    189.5433  1809800         
  10498  8796      174.8891   401                    189.5433  1813111         
  10512  8810      175.1705   408                    189.5433  1816355         
  10533  8831      173.8748   333                    189.5433  1819597         
  10547  8845      169.6704   380                    189.5433  1822297         
  10561  8859      166.8647   415                    189.5433  1825211         
  10574  8872      173.4374   371                    189.5433  1827930         
  10588  8884      165.5274   424                    189.5433  1830635         
Elapsed time = 2791.44 sec. (4318062.07 ticks, tree = 451.64 MB, solutions = 0)
  10598  8894      188.4058   552                    189.5394  1834207         
  10609  8905      186.0903   587                    189.5394  1837523         
  10626  8922      184.7904   541                    189.5394  1840308         
  10644  8940      183.5541   541                    189.5394  1843249         
  10661  8957      182.4737   477                    189.5394  1845940         
  10682  8978      180.9279   449                    189.5394  1848841         
  10707  9003      179.1702   466                    189.5394  1851999         
  10734  9030      178.2698   378                    189.5394  1854789         
  10769  9065      176.7398   352                    189.5394  1857213         
  10798  9094      187.0470   579                    189.5163  1860007         
Elapsed time = 2819.79 sec. (4358795.27 ticks, tree = 462.56 MB, solutions = 0)
  10810  9106      185.9152   569                    189.5163  1863036         
  10822  9118      185.0300   483                    189.5163  1866121         
  10841  9137      183.8248   533                    189.5163  1868870         
  10863  9159      182.7489   485                    189.5163  1871816         
  10899  9195      181.1425   403                    189.5163  1874523         
  10932  9228      178.1584   283                    189.5163  1877363         
  10969  9265      176.6953   197                    189.5163  1879043         
  10987  9283      175.2207   265                    189.5163  1880407         
  11001  9297      188.1372   616                    189.5136  1883259         
  11013  9309      186.7677   512                    189.5136  1886549         
Elapsed time = 2846.60 sec. (4397722.92 ticks, tree = 473.51 MB, solutions = 0)
  11029  9325      185.7826   484                    189.5136  1889603         
  11047  9343      184.5111   409                    189.5136  1892775         
  11067  9363      183.0261   464                    189.5136  1895727         
  11093  9389      182.0237   383                    189.5136  1898548         
  11118  9414      180.7265   411                    189.5136  1901385         
  11144  9440      179.4900   410                    189.5136  1903917         
  11181  9477      178.7500   382                    189.5136  1906469         
  11196  9492      178.3698   364                    189.5136  1907731         
  11201  9497      184.6432   682                    189.5018  1911184         
  11211  9507      183.3941   658                    189.5018  1914255         
Elapsed time = 2874.05 sec. (4437345.37 ticks, tree = 483.47 MB, solutions = 0)
  11222  9518      181.9496   723                    189.5018  1917844         
  11232  9528      180.6543   653                    189.5018  1921296         
  11242  9538      179.6304   586                    189.5018  1924710         
  11254  9550      178.5032   600                    189.5018  1927999         
  11262  9558      173.2549   507                    189.5018  1931507         
  11277  9573      172.3954   481                    189.5018  1934636         
  11292  9588      170.9119   528                    189.5018  1937959         
  11313  9609      169.7352   501                    189.5018  1940682         
  11334  9630      167.5174   446                    189.5018  1943657         
  11352  9648      166.5132   407                    189.5018  1946920         
Elapsed time = 2901.28 sec. (4477520.73 ticks, tree = 490.73 MB, solutions = 0)
  11373  9669      162.8614   385                    189.5018  1950134         
  11398  9694      187.8984   553                    189.4967  1954082         
  11405  9701      186.7236   595                    189.4967  1957917         
  11414  9710      183.8419   456                    189.4967  1961803         
  11424  9720      181.1291   448                    189.4967  1965324         
  11434  9727      169.9847   268                    189.4967  1968196         
  11444  9733      188.0831   662                    189.4744  1971478         
  11453  9742      186.5272   648                    189.4744  1974890         
  11466  9755      185.9279   650                    189.4744  1977746         
  11482  9771      185.0927   620                    189.4744  1980572         
Elapsed time = 2928.31 sec. (4518192.26 ticks, tree = 496.97 MB, solutions = 0)
  11496  9785      183.8582   602                    189.4744  1983554         
  11510  9799      183.0277   701                    189.4744  1986590         
  11524  9813      182.0763   647                    189.4744  1989677         
  11537  9826      181.2550   680                    189.4744  1992789         
  11549  9838      180.3578   640                    189.4744  1995821         
  11565  9854      179.6563   632                    189.4744  1998573         
  11579  9868      178.4241   630                    189.4744  2001773         
  11598  9887      177.7469   686                    189.4744  2004409         
  11618  9907      176.8839   564                    189.4744  2006862         
  11633  9922      175.7695   602                    189.4744  2009248         
Elapsed time = 2955.81 sec. (4557516.92 ticks, tree = 504.27 MB, solutions = 0)
  11656  9945      175.1285   552                    189.4744  2011672         
  11677  9966      174.4311   524                    189.4744  2013856         
  11695  9984      173.3456   570                    189.4744  2016119         
  11721 10010      172.5808   571                    189.4744  2018263         
  11741 10030      171.2399   599                    189.4744  2020173         
  11762 10051      170.2763   571                    189.4744  2022342         
  11780 10069      169.6358   565                    189.4744  2024527         
  11799 10088      188.3977   583                    189.4317  2027577         
  11812 10101      186.6383   619                    189.4317  2030696         
  11830 10119      185.7235   612                    189.4317  2033551         
Elapsed time = 2984.67 sec. (4597495.43 ticks, tree = 514.01 MB, solutions = 0)
  11849 10138      184.6393   567                    189.4317  2036455         
  11869 10158      183.4409   589                    189.4317  2039444         
  11889 10178      182.4971   570                    189.4317  2042325         
  11912 10201      181.1804   550                    189.4317  2045174         
  11933 10222      180.0437   521                    189.4317  2048137         
  11961 10250      179.1557   524                    189.4317  2050744         
  11990 10279      178.6338   492                    189.4317  2053270         
  11996 10285      178.5369   513                    189.4317  2053775         
  12002 10291      184.3893   680                    189.4241  2057141         
  12016 10305      182.7717   526                    189.4241  2060350         
Elapsed time = 3013.79 sec. (4639106.49 ticks, tree = 523.32 MB, solutions = 0)
  12035 10324      181.2854   527                    189.4241  2063587         
  12060 10349      179.9209   501                    189.4241  2066450         
  12084 10373      178.8459   414                    189.4241  2069549         
  12111 10400      177.3034   420                    189.4241  2072580         
  12150 10439      176.0012   418                    189.4241  2075137         
  12194 10483      175.3484   424                    189.4241  2077269         
  12199 10488      186.6042   666                    189.4210  2080557         
  12216 10505      185.6004   569                    189.4210  2083485         
  12230 10519      184.6050   599                    189.4210  2086828         
  12244 10533      183.3708   588                    189.4210  2089916         
Elapsed time = 3042.17 sec. (4678867.72 ticks, tree = 535.19 MB, solutions = 0)
  12261 10550      182.4141   559                    189.4210  2092979         
  12278 10567      181.1004   522                    189.4210  2095856         
  12295 10584      180.0540   567                    189.4210  2099139         
  12304 10593      178.2126   526                    189.4210  2102494         
  12325 10614      176.4529   403                    189.4210  2105754         
  12348 10637      174.6141   358                    189.4210  2108497         
  12374 10663      173.2635   487                    189.4210  2111231         
  12396 10685      172.1076   350                    189.4210  2113179         
  12404 10693      183.8456   568                    189.4046  2116462         
  12412 10701      182.3373   414                    189.4046  2120053         
Elapsed time = 3070.11 sec. (4718914.28 ticks, tree = 543.92 MB, solutions = 0)
  12420 10707      180.8260   440                    189.4046  2123831         
  12430 10717      179.0983   322                    189.4046  2127607         
  12439 10725      174.0767   364                    189.4046  2130822         
  12448 10734      173.2360   315                    189.4046  2133734         
  12459 10745      172.8834   326                    189.4046  2136900         
  12481 10765      172.0522   300                    189.4046  2140424         
  12496 10780      169.5446   247                    189.4046  2144112         
  12514 10796      167.6204   206                    189.4046  2147256         
  12529 10811      167.3025   248                    189.4046  2149515         
  12546 10828      166.0095   235                    189.4046  2153135         
Elapsed time = 3097.50 sec. (4759444.47 ticks, tree = 550.53 MB, solutions = 0)
  12562 10844      168.4525   218                    189.4046  2155810         
  12578 10860      163.7385   285                    189.4046  2157676         
  12589 10871      164.4038   293                    189.4046  2159948         
  12601 10883      188.4797   727                    189.3926  2163633         
  12611 10893      187.4605   735                    189.3926  2167037         
  12622 10904      186.5934   631                    189.3926  2170215         
  12631 10913      185.7625   603                    189.3926  2173662         
  12648 10930      185.0162   618                    189.3926  2176635         
  12662 10944      184.1128   575                    189.3926  2179777         
  12679 10961      183.2474   679                    189.3926  2182770         
Elapsed time = 3125.30 sec. (4799901.95 ticks, tree = 557.26 MB, solutions = 0)
  12690 10972      182.1107   631                    189.3926  2186021         
  12706 10988      181.1398   605                    189.3926  2189044         
  12719 11001      180.1332   639                    189.3926  2192234         
  12738 11020      179.2900   575                    189.3926  2195085         
  12758 11040      178.4121   571                    189.3926  2197912         
  12783 11065      177.4726   531                    189.3926  2200446         
  12796 11078      177.0449   543                    189.3926  2201714         
  12804 11086      187.8712   724                    189.3915  2205269         
  12813 11095      186.5578   734                    189.3915  2208503         
  12824 11106      185.9190   743                    189.3915  2211640         
Elapsed time = 3153.79 sec. (4840718.04 ticks, tree = 564.54 MB, solutions = 0)
  12832 11114      185.3291   751                    189.3915  2214739         
  12846 11128      184.9413   700                    189.3915  2217619         
  12859 11141      183.9313   647                    189.3915  2220661         
  12872 11154      182.9846   703                    189.3915  2223670         
  12884 11166      182.1867   703                    189.3915  2226729         
  12896 11178      181.2591   778                    189.3915  2229699         
  12913 11195      180.5619   669                    189.3915  2232373         
  12926 11208      179.7157   731                    189.3915  2235353         
  12939 11221      178.7794   654                    189.3915  2238591         
  12956 11238      177.9673   608                    189.3915  2241350         
Elapsed time = 3180.91 sec. (4880120.48 ticks, tree = 570.88 MB, solutions = 0)
  12978 11260      177.2144   577                    189.3915  2244012         
  12998 11280      189.0250   727                    189.3710  2246758         
  13006 11288      186.9500   683                    189.3710  2250857         
  13020 11302      185.5925   622                    189.3710  2253730         
  13036 11318      184.5034   569                    189.3710  2256773         
  13052 11334      183.6296   551                    189.3710  2259881         
  13069 11351      182.3072   578                    189.3710  2263012         
  13085 11367      181.0847   615                    189.3710  2266582         
  13105 11387      180.0673   573                    189.3710  2269342         
  13196 11478      175.3966   379                    189.3710  2279122         
Elapsed time = 3217.76 sec. (4932726.81 ticks, tree = 582.93 MB, solutions = 0)
  13238 11520      183.8236   621                    189.3707  2291751         
  13303 11585      179.1538   540                    189.3707  2303603         
  13388 11670      173.5054   470                    189.3707  2314819         
  13417 11699      185.5172   791                    189.3602  2327654         
  13441 11723      181.7139   588                    189.3602  2341802         
  13488 11770      174.8596   356                    189.3602  2355416         
  13572 11852      171.0215   314                    189.3602  2367484         
  13620 11900      185.4461   715                    189.3546  2379623         
  13671 11951      182.5103   710                    189.3546  2391352         
  13720 12000      178.6710   691                    189.3546  2403471         
Elapsed time = 3321.72 sec. (5086885.71 ticks, tree = 609.42 MB, solutions = 0)
  13798 12078      187.5715   539                    189.3503  2414566         
  13867 12147      182.0730   442                    189.3503  2426117         
  13994 12274      177.8407   407                    189.3503  2435662         
  14052 12332      174.7161   391                    189.3286  2446230         
  14191 12471      169.6978   405                    189.3286  2455868         
  14264 12544      184.4836   421                    189.3011  2467633         
  14393 12673      182.1390   444                    189.3011  2477628         
  14424 12704      173.6127   386                    189.2995  2492254         
  14480 12760      166.6838   226                    189.2995  2506595         
  14555 12835      162.3760   227                    189.2995  2517222         
Elapsed time = 3430.24 sec. (5242421.09 ticks, tree = 652.48 MB, solutions = 0)
  14609 12886      184.8489   567                    189.2817  2526361         
  14684 12961      179.4873   479                    189.2817  2538032         
  14787 13064      176.4586   354                    189.2817  2546483         
  14832 13109      184.8073   648                    189.2720  2556655         
  14892 13169      181.2879   704                    189.2720  2568109         
  14966 13243      177.4320   462                    189.2720  2579275         
  15022 13299      187.1534   563                    189.2309  2589922         
  15075 13352      182.9249   411                    189.2309  2602421         
  15170 13447      178.6985   406                    189.2309  2613516         
  15235 13512      179.3077   531                    189.2042  2625126         
Elapsed time = 3536.21 sec. (5395795.61 ticks, tree = 686.44 MB, solutions = 0)
  15286 13563      175.1662   535                    189.2042  2637353         
  15372 13649      166.9021   362                    189.2042  2648975         
  15434 13711      177.6797   378                    189.1568  2662347         
  15542 13819      165.3623   198                    189.1568  2675729         
  15601 13874      187.7470   651                    189.1418  2686864         
  15680 13953      182.7384   534                    189.1418  2699145         
  15798 14071      188.3037   573                    189.1403  2710542         
  15873 14146      183.8450   556                    189.1403  2721528         
  15988 14261      176.6326   421                    189.1403  2732122         
  16056 14329      183.2030   504                    189.1280  2743611         
Elapsed time = 3644.33 sec. (5550241.83 ticks, tree = 728.64 MB, solutions = 0)
  16170 14443      177.8696   335                    189.1280  2753717         
  16236 14509      182.8671   581                    189.1042  2765570         
  16321 14594      178.6002   505                    189.1042  2776549         
  16396 14669      174.9057   411                    189.1042  2783025         
  16455 14728      168.3563   252                    189.1035  2796328         
  16520 14788      155.1641   171                    189.1035  2805376         
  16572 14835      182.3646   473                    189.0792  2817855         
  16680 14942      173.6305   368                    189.0792  2828121         
  16744 14998      167.6639   314                    189.0792  2835869         
  16802 15051      182.7752   604                    189.0750  2844845         
Elapsed time = 3752.01 sec. (5705366.89 ticks, tree = 765.85 MB, solutions = 0)
  16853 15102      177.6301   488                    189.0750  2857464         
  16940 15189      172.9090   548                    189.0750  2868194         
  17013 15262      187.0211   666                    189.0741  2879320         
  17061 15310      183.5565   645                    189.0741  2891102         
  17118 15367      180.1001   689                    189.0741  2902694         
  17181 15430      176.3451   620                    189.0741  2914265         
  17233 15482      184.5618   517                    189.0524  2924267         
  17338 15587      179.5404   440                    189.0524  2935029         
  17408 15657      184.0415   535                    189.0454  2947405         
  17445 15692      176.6143   386                    189.0454  2962309         
Elapsed time = 3859.84 sec. (5861355.92 ticks, tree = 797.68 MB, solutions = 0)
  17529 15776      174.2976   177                    189.0454  2975881         
  17599 15846      181.1966   516                    189.0319  2984051         
  17660 15907      171.1647   356                    189.0319  2995949         
  17782 16029      163.6307   237                    189.0319  3005244         
  17847 16094      184.5926   519                    189.0223  3016757         
  17938 16185      179.8666   352                    189.0223  3028355         
  18013 16260      184.9060   540                    189.0171  3039945         
  18068 16315      180.3239   496                    189.0171  3052432         
  18158 16405      176.1824   460                    189.0171  3064006         
  18230 16477      181.1961   650                    188.9948  3075535         
Elapsed time = 3966.89 sec. (6014954.64 ticks, tree = 838.86 MB, solutions = 0)
  18290 16537      176.8774   513                    188.9948  3087784         
  18392 16639      172.1451   437                    188.9948  3098502         
  18417 16664      176.6865   505                    188.9879  3110423         
  18459 16706      167.5698   294                    188.9879  3124963         
  18541 16788      152.2328   217                    188.9879  3138530         
  18616 16861      186.9490   626                    188.9704  3150709         
  18670 16915      183.5990   653                    188.9704  3162609         
  18744 16989      179.5068   539                    188.9704  3173780         
  18805 17050      187.1231   674                    188.9633  3182904         
  18852 17097      182.8859   571                    188.9633  3195299         
Elapsed time = 4074.32 sec. (6169563.38 ticks, tree = 870.37 MB, solutions = 0)
  18914 17159      180.0227   635                    188.9633  3206647         
  18982 17227      176.5854   526                    188.9633  3218366         
  19039 17284      184.0156   602                    188.9540  3229760         
  19101 17346      174.1713   506                    188.9540  3242565         
  19198 17443      188.0156   553                    188.9527  3254399         
  19271 17516      180.4800   524                    188.9527  3266270         
  19360 17605      176.5416   358                    188.9527  3278048         
  19432 17677      175.5345   293                    188.9517  3292155         
  19503 17748      170.0030   248                    188.9517  3304693         
  19579 17824      171.0263   174                    188.9517  3315477         
Elapsed time = 4182.23 sec. (6323646.45 ticks, tree = 908.16 MB, solutions = 0)
  19645 17888      178.8155   434                    188.9464  3327762         
  19739 17982      173.3544   357                    188.9464  3339097         
  19817 18060      179.8295   462                    188.9462  3349385         
  19883 18126      171.8818   549                    188.9462  3362425         
  19950 18193      164.8054   446                    188.9462  3374180         
  20016 18259      186.0338   599                    188.9177  3385803         
  20068 18311      181.0944   671                    188.9177  3398123         
  20130 18373      177.9229   657                    188.9177  3409454         
  20194 18437      174.3299   554                    188.9177  3420773         
  20234 18477      176.9209   529                    188.9175  3433479         
Elapsed time = 4289.98 sec. (6478125.43 ticks, tree = 941.90 MB, solutions = 0)
  20294 18537      170.7138   504                    188.9175  3446178         
  20396 18639      165.8289   406                    188.9175  3457070         
  20437 18678      184.3678   655                    188.9109  3469560         
  20500 18741      181.1837   652                    188.9109  3480420         
  20578 18819      173.2659   395                    188.9109  3493049         
  20716 18957      170.0452   346                    188.9109  3502442         
  20812 19053      178.8791   571                    188.9096  3513186         
  20894 19135      173.0668   573                    188.9096  3524209         
  20991 19232      167.9553   493                    188.9096  3535074         
  21066 19307      183.1593   510                    188.9055  3546942         
Elapsed time = 4400.53 sec. (6632730.26 ticks, tree = 984.73 MB, solutions = 0)
  21196 19437      178.8562   370                    188.9055  3557298         
  21262 19503      181.9090   544                    188.8988  3569348         
  21372 19613      177.3331   454                    188.8988  3579777         
  21421 19662      186.7782   466                    188.8929  3592210         
  21456 19695      185.3202   478                    188.8929  3606764         
  21517 19756      178.8953   281                    188.8929  3618913         
  21605 19844      183.6680   511                    188.8910  3629743         
  21680 19919      177.4358   409                    188.8910  3642618         
  21798 20037      187.9565   706                    188.8857  3654116         
  21855 20094      182.0183   542                    188.8857  3665886         
Elapsed time = 4509.16 sec. (6788279.99 ticks, tree = 1025.66 MB, solutions = 0)
  21937 20176      176.5581   450                    188.8857  3677731         
  22015 20254      184.9348   703                    188.8823  3688917         
  22076 20315      181.3943   540                    188.8823  3700531         
  22141 20380      178.2427   603                    188.8823  3712359         
  22198 20437      186.6867   628                    188.8737  3724980         
  22259 20498      183.1076   526                    188.8737  3736684         
  22349 20588      177.6728   494                    188.8737  3747531         
  22411 20650      187.2353   645                    188.8672  3759771         
  22436 20675      178.7508   506                    188.8672  3775078         
  22482 20720      169.8793   271                    188.8672  3789899         
Elapsed time = 4616.33 sec. (6943402.33 ticks, tree = 1057.76 MB, solutions = 0)
  22522 20752      186.4819   536                    188.8561  3803448         
  22595 20825      180.1821   469                    188.8561  3815361         
  22703 20933      174.2528   328                    188.8561  3826226         
  22801 21031      186.0203   597                    188.8291  3834470         
  22863 21093      181.6646   524                    188.8291  3846254         
  22984 21214      175.7238   430                    188.8291  3856471         
  23067 21297      179.7254   457                    188.8265  3868499         
  23198 21428      186.7616   545                    188.8205  3877984         
  23252 21482      181.8058   514                    188.8205  3890489         
  23326 21556      176.6981   530                    188.8205  3902305         
Elapsed time = 4725.22 sec. (7098124.54 ticks, tree = 1100.89 MB, solutions = 0)
  23412 21642      181.6498   465                    188.8084  3914211         
  23452 21680      168.7061   228                    188.8084  3927802         
  23530 21749      181.8899   602                    188.8001  3944911         
  23591 21810      176.8021   424                    188.8001  3958047         
  23728 21947      171.1753   309                    188.8001  3967920         
  23811 22030      181.4194   592                    188.7984  3978247         
  23911 22130      176.2893   432                    188.7984  3989872         
  24009 22228      181.3367   605                    188.7861  4000233         
  24069 22288      176.3778   329                    188.7861  4013441         
  24202 22421      183.4786   590                    188.7823  4024231         
Elapsed time = 4834.22 sec. (7252395.72 ticks, tree = 1145.86 MB, solutions = 0)
  24281 22500      177.4446   460                    188.7823  4035699         
  24396 22615      173.4790   313                    188.7823  4044649         
  24431 22650      182.1173   362                    188.7660  4059413         
  24485 22702      176.6654   284                    188.7660  4074115         
  24553 22763      184.6125   609                    188.7541  4086914         
  24611 22821      179.6785   631                    188.7541  4099044         
  24690 22900      175.9519   567                    188.7541  4109610         
  24796 23006      172.0743   545                    188.7541  4118834         
  24858 23068      179.0366   521                    188.7502  4131017         
  24967 23177      173.7305   419                    188.7502  4141750         
Elapsed time = 4944.99 sec. (7409188.96 ticks, tree = 1185.04 MB, solutions = 0)
  25051 23261      185.0646   469                    188.7474  4154084         
  25187 23397      181.8194   416                    188.7474  4164821         
  25231 23441      178.4983   558                    188.7438  4175018         
  25334 23544      171.5657   338                    188.7438  4187225         
  25414 23624      184.6021   491                    188.7401  4199939         
  25453 23661      181.0267   385                    188.7401  4215061         
  25519 23725      161.7267   182                    188.7401  4229645         
  25588 23787      185.8163   580                    188.7292  4241735         
  25670 23869      180.8875   505                    188.7292  4253150         
  25795 23994      176.9701   419                    188.7292  4262898         
Elapsed time = 5053.36 sec. (7563085.05 ticks, tree = 1226.80 MB, solutions = 0)
  25876 24075      178.9310   412                    188.7263  4275157         
  25996 24195      173.5950   384                    188.7263  4285486         
  26046 24245      174.6925   504                    188.7196  4298218         
  26135 24334      170.5191   379                    188.7196  4309976         
  26222 24421      175.9451   511                    188.7180  4321500         
  26323 24522      168.6352   288                    188.7180  4333287         
  26412 24611      182.4687   539                    188.7165  4345110         
  26472 24671      169.1509   135                    188.7165  4360220         
  26593 24790      164.2708   127                    188.7165  4370988         
  26672 24869      177.7873   457                    188.7108  4383511         
Elapsed time = 5162.53 sec. (7718403.51 ticks, tree = 1272.33 MB, solutions = 0)
  26806 25003      186.7922   562                    188.6944  4393630         
  26892 25089      182.1040   458                    188.6944  4405621         
  27009 25206      184.9048   574                    188.6709  4416646         
  27076 25273      181.1125   444                    188.6709  4428540         
  27166 25363      176.0995   394                    188.6709  4440142         
  27240 25437      183.5745   481                    188.6708  4451244         
  27346 25543      179.2066   508                    188.6708  4461635         
  27419 25616      180.8446   443                    188.6698  4474164         
  27452 25647    infeasible                          188.6698  4489645         
  27529 25724      163.6965   250                    188.6698  4505808         
Elapsed time = 5271.38 sec. (7872816.64 ticks, tree = 1316.13 MB, solutions = 0)
  27597 25790      165.3944   320                    188.6698  4518913         
  27662 25855      174.7864   428                    188.6597  4531605         
  27756 25949      168.7398   409                    188.6597  4543356         
  27818 26011      164.7818   488                    188.6583  4556517         
  27901 26094      157.8695   393                    188.6583  4568709         
  28010 26202      185.4681   607                    188.6547  4579983         
  28086 26278      180.5358   489                    188.6547  4591560         
  28190 26382      175.4619   429                    188.6547  4602555         
  28251 26443      174.0262   504                    188.6519  4616120         
  28333 26525      169.3904   429                    188.6519  4627893         
Elapsed time = 5379.89 sec. (8026405.53 ticks, tree = 1357.72 MB, solutions = 0)
  28411 26600      181.0570   497                    188.6272  4640300         
  28493 26682      176.1142   467                    188.6272  4652085         
  28595 26784      171.0297   426                    188.6272  4662829         
  28711 26900      168.1690   411                    188.6272  4670406         
  28798 26985      187.6589   712                    188.6235  4680496         
  28859 27046      183.8717   577                    188.6235  4692256         
  28919 27106      180.0746   539                    188.6235  4703748         
  28994 27181      176.8300   565                    188.6235  4714614         
  29059 27246      179.9503   551                    188.5994  4727031         
  29135 27322      175.4969   520                    188.5994  4738931         
Elapsed time = 5490.77 sec. (8180949.73 ticks, tree = 1398.48 MB, solutions = 0)
  29205 27392      181.7692   520                    188.5955  4750094         
  29299 27486      175.9194   425                    188.5955  4762365         
  29401 27588      185.9961   568                    188.5931  4773828         
  29443 27630      182.7939   497                    188.5931  4787843         
  29507 27692      167.4640   353                    188.5931  4802855         
  29565 27747      166.9490   211                    188.5931  4815629         
  29616 27792      185.5664   621                    188.5809  4825717         
  29698 27874      179.1166   406                    188.5809  4837641         
  29798 27974      181.4286   542                    188.5724  4849554         
  29867 28043      170.2804   428                    188.5724  4862735         
Elapsed time = 5598.84 sec. (8335840.69 ticks, tree = 1435.99 MB, solutions = 0)
  29986 28162      164.4187   442                    188.5724  4874313         
  30063 28239      178.6936   429                    188.5697  4886819         
  30198 28374      183.7400   560                    188.5689  4896976         
  30252 28428      179.5586   415                    188.5689  4910104         
  30358 28534      175.8068   379                    188.5689  4921282         
  30423 28599      172.0365   209                    188.5658  4933254         
  30502 28670      187.4614   680                    188.5654  4947727         
  30564 28732      183.0429   645                    188.5654  4959691         
  30630 28798      177.1080   529                    188.5654  4971525         
  30714 28882      170.1453   526                    188.5654  4982753         
Elapsed time = 5708.53 sec. (8491448.42 ticks, tree = 1479.55 MB, solutions = 0)
  30816 28984      175.9337   372                    188.5640  4994432         
  30930 29098      169.5551   348                    188.5640  5006073         
  31027 29195      181.5871   538                    188.5588  5017611         
  31114 29282      176.1865   516                    188.5588  5029357         
  31209 29377      183.4121   575                    188.5582  5040380         
  31272 29440      177.3227   556                    188.5582  5052350         
  31360 29528      169.7128   512                    188.5582  5063782         
  31410 29578      174.8840   490                    188.5561  5076340         
  31438 29606      178.0042   452                    188.5561  5091773         
  31485 29653      174.9612   343                    188.5561  5106520         
Elapsed time = 5817.74 sec. (8646202.91 ticks, tree = 1519.75 MB, solutions = 0)
  31578 29743      159.3616   223                    188.5561  5121874         
  31641 29805      186.0350   605                    188.5554  5134382         
  31714 29878      181.4192   475                    188.5554  5145948         
  31802 29966      187.3081   568                    188.5503  5157268         
  31862 30026      181.8331   602                    188.5503  5170233         
  31921 30085      176.5079   540                    188.5503  5182556         
  31998 30162      187.5975   719                    188.5490  5195236         
  32054 30218      184.5055   586                    188.5490  5206617         
  32149 30313      179.6258   385                    188.5490  5217812         
  32238 30402      183.2065   515                    188.5480  5229680         
Elapsed time = 5927.36 sec. (8801314.79 ticks, tree = 1557.97 MB, solutions = 0)
  32329 30493      178.0206   507                    188.5480  5241186         
  32408 30572      177.6941   541                    188.5476  5253514         
  32468 30631      149.7159   209                    188.5476  5269316         
  32534 30692      170.3935   457                    188.5462  5282450         
  32639 30797      164.6548   402                    188.5462  5293642         
  32775 30933      154.8616   321                    188.5462  5302733         
  32847 31005      182.5341   589                    188.5457  5314830         
  32928 31086      178.8849   525                    188.5457  5325983         
  33015 31173      183.7534   408                    188.5389  5337528         
  33118 31276      177.3808   357                    188.5389  5349313         
Elapsed time = 6038.30 sec. (8955972.93 ticks, tree = 1603.29 MB, solutions = 0)
  33216 31374      186.7451   469                    188.5361  5358665         
  33290 31448      181.7025   407                    188.5361  5371332         
  33398 31556      183.6251   602                    188.5329  5384871         
  33435 31593      177.3331   367                    188.5329  5399908         
  33510 31665      165.4352   253                    188.5329  5415035         
  33562 31703      185.9024   548                    188.5324  5424768         
  33616 31757      181.0227   420                    188.5324  5434434         
  33725 31866      175.5372   423                    188.5324  5445526         
  33833 31974      185.3462   469                    188.5311  5456559         
  33925 32066      177.4621   433                    188.5311  5468151         
Elapsed time = 6147.01 sec. (9111124.02 ticks, tree = 1643.75 MB, solutions = 0)
  34021 32162      183.5686   611                    188.5277  5480193         
  34084 32225      179.5771   592                    188.5277  5492269         
  34148 32289      175.1006   506                    188.5277  5504275         
  34218 32359      181.3203   613                    188.5252  5516296         
  34276 32417      174.4166   478                    188.5252  5527936         
  34366 32507      166.0392   425                    188.5252  5539496         
  34413 32554      186.2561   594                    188.5230  5551762         
  34451 32592      183.7761   458                    188.5230  5567317         
  34487 32628      181.2387   402                    188.5230  5582822         
  34555 32696      178.4954   318                    188.5230  5597911         
Elapsed time = 6253.40 sec. (9265334.07 ticks, tree = 1676.28 MB, solutions = 0)
  34619 32760      180.5839   522                    188.5213  5611108         
  34690 32831      173.5530   425                    188.5213  5622782         
  34798 32939      181.9214   535                    188.5213  5635250         
  34859 33000      169.4448   460                    188.5213  5648162         
  34999 33140      181.7997   521                    188.5186  5660518         
  35065 33206      176.5687   519                    188.5186  5672709         
  35180 33321      168.3734   332                    188.5186  5684933         
  35239 33380      183.2343   657                    188.5159  5694945         
  35306 33447      179.2756   576                    188.5159  5705819         
  35389 33530      173.7216   503                    188.5159  5716722         
Elapsed time = 6364.36 sec. (9421252.66 ticks, tree = 1720.61 MB, solutions = 0)
  35422 33563      180.8950   293                    188.5070  5729479         
  35470 33611      173.0159   247                    188.5070  5743791         
  35562 33703      163.4619   209                    188.5070  5757656         
  35639 33780      180.8635   559                    188.5052  5770167         
  35707 33848      176.6120   577                    188.5052  5782492         
  35791 33931      172.5785   417                    188.5052  5794386         
  35861 34001      180.9058   563                    188.4989  5806085         
  35957 34097      176.4293   456                    188.4989  5817690         
  36047 34187      177.6345   340                    188.4963  5830170         
  36172 34312      173.0155   391                    188.4963  5841302         
Elapsed time = 6472.48 sec. (9574827.90 ticks, tree = 1761.34 MB, solutions = 0)
  36267 34407      181.3589   464                    188.4912  5853321         
  36398 34538      187.3307   519                    188.4894  5864425         
  36448 34588      169.3723   252                    188.4894  5880120         
  36608 34748      187.2223   579                    188.4865  5892098         
  36678 34818      182.7968   499                    188.4865  5903880         
  36762 34902      176.2655   442                    188.4865  5915538         
  36820 34960      183.5146   483                    188.4828  5924016         
  36935 35075      177.5601   339                    188.4828  5934955         
  37032 35172      180.2715   524                    188.4814  5946564         
  37116 35256      175.8892   354                    188.4814  5958351         
Elapsed time = 6582.02 sec. (9728601.78 ticks, tree = 1810.19 MB, solutions = 0)
  37213 35353      184.7208   604                    188.4797  5969800         
  37280 35420      180.3959   496                    188.4797  5981756         
  37391 35531      175.0076   427                    188.4797  5992753         
  37426 35566      184.2509   545                    188.4795  6006756         
  37482 35622      175.1989   287                    188.4795  6021165         
  37601 35741      186.1836   561                    188.4792  6033092         
  37685 35825      181.0551   455                    188.4792  6044941         
  37801 35941      187.3826   654                    188.4778  6056110         
  37856 35996      183.0076   565                    188.4778  6068263         
  37945 36085      177.9987   501                    188.4778  6079961         
Elapsed time = 6689.89 sec. (9882570.86 ticks, tree = 1853.21 MB, solutions = 0)
  38026 36166      176.4287   435                    188.4775  6092039         
  38101 36241      166.0652   444                    188.4775  6105350         
  38203 36343      181.2331   522                    188.4766  6117472         
  38294 36434      172.8845   381                    188.4766  6128768         
  38401 36541      183.7533   545                    188.4734  6140120         
  38437 36577      176.0863   438                    188.4734  6154766         
  38490 36630      172.0473   289                    188.4734  6169671         
  38562 36702      163.1372   224                    188.4734  6185265         
  38638 36776      183.2076   622                    188.4734  6197330         
  38707 36845      177.9903   553                    188.4734  6209264         
Elapsed time = 6797.94 sec. (10037112.17 ticks, tree = 1892.45 MB, solutions = 0)
  38788 36926      172.1855   571                    188.4734  6220447         
  38850 36988      181.8676   574                    188.4653  6232126         
  38919 37057      176.7450   556                    188.4653  6244884         
  38989 37127      169.8658   519                    188.4653  6257625         
  39045 37183      177.7489   575                    188.4631  6270769         
  39139 37277      172.5827   462                    188.4631  6283033         
  39224 37362      185.5591   588                    188.4595  6294187         
  39303 37441      181.2789   343                    188.4595  6306448         
  39411 37549      180.9401   436                    188.4585  6318764         
  39456 37592      176.8867   271                    188.4585  6333963         
Elapsed time = 6905.96 sec. (10191566.06 ticks, tree = 1930.62 MB, solutions = 0)
  39516 37650      172.1274   320                    188.4585  6349280         
  39561 37693      158.8147   295                    188.4585  6362693         
  39596 37717      185.6418   558                    188.4569  6376402         
  39661 37782      181.1171   534                    188.4569  6388249         
  39747 37868      175.2739   415                    188.4569  6400373         
  39825 37944      171.7805   514                    188.4538  6413294         
  39907 38026      163.4047   504                    188.4538  6425584         
  40005 38124      184.4960   645                    188.4517  6436219         
  40064 38183      181.0751   571                    188.4517  6448189         
  40145 38264      176.7936   420                    188.4517  6460033         
Elapsed time = 7014.43 sec. (10346665.41 ticks, tree = 1965.66 MB, solutions = 0)
  40223 38342      179.9358   571                    188.4483  6471869         
  40298 38417      174.7561   450                    188.4483  6484124         
  40404 38523      181.1066   624                    188.4475  6495039         
  40436 38555      175.8537   468                    188.4475  6510736         
  40487 38602      164.6438   286                    188.4475  6525558         
  40584 38699      157.5855   220                    188.4475  6541381         
  40647 38757      184.0741   595                    188.4405  6553496         
  40739 38849      179.6684   450                    188.4405  6564647         
  40821 38931      181.1882   475                    188.4373  6576887         
  40899 39009      174.7552   452                    188.4373  6589867         
Elapsed time = 7122.12 sec. (10501494.67 ticks, tree = 2004.20 MB, solutions = 0)
  41007 39117      180.6854   618                    188.4344  6601147         
  41070 39180      175.0349   602                    188.4344  6613507         
  41186 39296      170.7694   464                    188.4344  6624140         
  41250 39360      181.2425   544                    188.4327  6635133         
  41354 39464      176.2860   441                    188.4327  6646247         
  41419 39529      177.6677   332                    188.4227  6659420         
  41503 39613      170.1231   177                    188.4227  6673579         

GUB cover cuts applied:  25
Clique cuts applied:  1
Cover cuts applied:  8
Implied bound cuts applied:  31
Flow cuts applied:  11
Mixed integer rounding cuts applied:  74
Zero-half cuts applied:  96
Lift and project cuts applied:  3
Gomory fractional cuts applied:  3

Root node processing (before b&c):
  Real time             =   19.29 sec. (29540.94 ticks)
Sequential b&c:
  Real time             = 7180.71 sec. (10582521.18 ticks)
                          ------------
Total (root+branch&cut) = 7200.00 sec. (10612062.12 ticks)

CPLEX Sol status: Unknown
Instance Name: sarp-50-25-B-1

K: 8
Profits: 
0: 4.152
1: 4.038
2: 4.437
3: 4.038
4: 4.38
5: 4.494
6: 5.121
7: 3.354
8: 4.551
9: 4.551
10: 4.152
11: 3.354
12: 5.178
13: 3.924
14: 3.753
15: 4.551
16: 4.266
17: 4.779
18: 3.924
19: 3.981
20: 4.95
21: 4.779
22: 5.406
23: 3.867
24: 4.266
25: 5.064
26: 6.489
27: 4.152
28: 5.007
29: 4.494
30: 4.893
31: 3.468
32: 4.665
33: 3.81
34: 4.665
35: 4.095
36: 4.836
37: 4.665
38: 5.52
39: 5.178
40: 4.779
41: 5.121
42: 4.836
43: 4.494
44: 4.893
45: 3.81
46: 5.007
47: 4.722
48: 4.266
49: 4.665
50: 2.989
51: 5.728
52: 4.649
53: 4.151
54: 4.317
55: 4.649
56: 6.392
57: 6.973
58: 5.064
59: 5.562
60: 5.064
61: 7.72
62: 7.554
63: 5.479
64: 3.819
65: 6.558
66: 4.483
67: 7.305
68: 3.404
69: 6.558
70: 7.637
71: 5.645
72: 5.562
73: 6.309
74: 4.151
75: 0
76: 0
77: 0
78: 0
79: 0
80: 0
81: 0
82: 0
83: 0
84: 0
85: 0
86: 0
87: 0
88: 0
89: 0
90: 0
91: 0
92: 0
93: 0
94: 0
95: 0
96: 0
97: 0
98: 0
99: 0
100: 0
101: 0
102: 0
103: 0
104: 0
105: 0
106: 0
107: 0
108: 0
109: 0
110: 0
111: 0
112: 0
113: 0
114: 0
115: 0
Multi parcel
MIP Node V2
profit: 225.84
cutoff: 30.7
Cutoff Value: 195.14
Version identifier: 22.1.1.0 | 2022-11-28 | 9160aff4d
CPXPARAM_Threads                                 1
CPXPARAM_TimeLimit                               7200
CPXPARAM_MIP_Tolerances_LowerCutoff              195.14000000000004
Tried aggregator 2 times.
MIP Presolve eliminated 4546 rows and 1658 columns.
MIP Presolve modified 7795 coefficients.
Aggregator did 11 substitutions.
Reduced MIP has 4019 rows, 47871 columns, and 182134 nonzeros.
Reduced MIP has 47821 binaries, 0 generals, 0 SOSs, and 0 indicators.
Presolve time = 0.18 sec. (215.98 ticks)
Tried aggregator 1 time.
Detecting symmetries...
Reduced MIP has 4019 rows, 47871 columns, and 182134 nonzeros.
Reduced MIP has 47821 binaries, 0 generals, 0 SOSs, and 0 indicators.
Presolve time = 0.10 sec. (94.57 ticks)
Probing time = 0.02 sec. (17.44 ticks)
Clique table members: 34384.
MIP emphasis: balance optimality and feasibility.
MIP search method: dynamic search.
Parallel mode: none, using 1 thread.
Root relaxation solution time = 0.70 sec. (1069.44 ticks)

        Nodes                                         Cuts/
   Node  Left     Objective  IInf  Best Integer    Best Bound    ItCnt     Gap

      0     0      255.1629   402                    255.1629     3202         
      0     0      248.1720   420                   Cuts: 402     4310         
      0     0      245.8060   596                   Cuts: 278     5376         
      0     0      245.2463   683                   Cuts: 108     6302         
      0     0      245.1611   674                    Cuts: 64     6562         
      0     0      244.8196   679                    Cuts: 16     6836         
Detecting symmetries...
      0     0      244.6986   666                   Cuts: 104     7184         
      0     0      244.6933   669                     Cuts: 5     7266         
      0     0      244.6858   653                     Cuts: 3     7338         
      0     0      244.4963   688                    Cuts: 54     7577         
      0     0      244.4576   695                    Cuts: 28     7727         
      0     0      244.4142   761                     Cuts: 4     7852         
      0     0      244.3298   686                 ZeroHalf: 3     8063         
      0     0      244.3274   707                     Cuts: 3     8126         
Detecting symmetries...
      0     2      244.3274   706                    244.3265     8126         
Elapsed time = 16.90 sec. (26888.69 ticks, tree = 0.01 MB, solutions = 0)
      1     3      242.7924   617                    244.3265     8540         
      3     5      242.1578   625                    244.2943     8993         
      8    10      241.7480   597                    244.2943     9598         
     10    12      234.0769   567                    244.2943    10387         
     12    14      242.2848   583                    244.2943    10778         
     14    16      241.0590   502                    244.2943    11407         
     16    18      239.7353   510                    244.2943    11719         
     18    20      239.1236   413                    244.2943    12223         
     21    23      237.4510   413                    244.2943    12558         
     30    32      235.4855   335                    244.2943    13757         
Elapsed time = 19.98 sec. (32007.65 ticks, tree = 1.49 MB, solutions = 0)
     42    44      236.5360   311                    244.2943    15048         
     51    53      235.7668   312                    244.2943    16415         
     59    61      233.4368   260                    244.2943    17810         
     70    72      232.2250   200                    244.2943    19078         
     89    90      228.6287   175                    244.2943    20770         
    106   107      218.6626   151                    244.2943    22513         
    123   124      223.4039   160                    244.2943    23783         
    150   147      214.1269   142                    244.2943    25816         
    184   163      243.2887   675                    244.2943    28201         
    189   168      242.3966   650                    244.2943    29254         
Elapsed time = 27.08 sec. (42982.61 ticks, tree = 8.37 MB, solutions = 0)
    193   172      241.4030   536                    244.2943    30249         
    200   179      239.9583   469                    244.2943    31451         
    206   185      238.9906   476                    244.2943    32626         
    214   193      237.0234   404                    244.2943    33891         
    222   201      233.4700   320                    244.2943    35348         
    230   209      220.0160   286                    244.2943    36940         
    236   215      224.8968   288                    244.2943    38668         
    240   219      224.5013   279                    244.2943    39607         
    247   226      221.9645   246                    244.2943    41220         
    255   234      222.9498   227                    244.2943    42766         
Elapsed time = 33.69 sec. (53758.12 ticks, tree = 11.69 MB, solutions = 0)
    263   242      216.9838   253                    244.2943    44494         
    277   254      208.0535   191                    244.2943    46130         
    294   259      244.2561   703                    244.2892    47290         
    299   264      243.8904   763                    244.2892    48259         
    306   271      243.5674   724                    244.2892    49144         
    313   278      243.1903   786                    244.2892    50035         
    321   286      242.8675   730                    244.2892    50976         
    325   290      242.2744   750                    244.2892    52080         
    332   297      242.0089   790                    244.2892    52978         
    340   305      241.6751   746                    244.2892    53931         
Elapsed time = 39.89 sec. (64103.37 ticks, tree = 14.99 MB, solutions = 0)
    347   312      241.4271   787                    244.2892    54867         
    355   320      241.1980   703                    244.2892    55752         
    360   325      241.0822   752                    244.2892    56179         
    369   334      240.8153   717                    244.2892    57096         
    376   341      240.4001   749                    244.2892    58020         
    382   347      240.1188   781                    244.2892    58922         
    390   355      239.9392   710                    244.2892    59850         
    397   362      239.5425   696                    244.2892    60857         
    402   367      235.7433   612                    244.2560    62220         
    408   373      235.1477   593                    244.2560    63191         
Elapsed time = 51.95 sec. (83986.17 ticks, tree = 18.03 MB, solutions = 0)
    414   379      234.5147   532                    244.2560    64388         
    420   385      234.0562   614                    244.2560    65381         
    425   390      233.7507   567                    244.2560    66083         
    430   395      233.1302   657                    244.2560    67056         
    440   405      232.2153   625                    244.2560    68124         
    447   412      231.7599   634                    244.2560    69180         
    454   419      231.0250   625                    244.2560    70163         
    461   426      230.2194   592                    244.2560    71161         
    470   435      229.6487   583                    244.2560    72279         
    479   444      228.9848   587                    244.2560    73328         
Elapsed time = 59.99 sec. (97111.59 ticks, tree = 21.54 MB, solutions = 0)
    489   454      228.6028   545                    244.2560    74357         
    496   461      227.9061   597                    244.2560    75417         
    503   468      226.9110   576                    244.2560    76592         
    510   475      226.2687   546                    244.2560    77622         
    519   484      225.1117   580                    244.2560    78816         
    527   492      224.0245   570                    244.2560    79791         
    534   499      223.0227   572                    244.2560    80852         
    543   508      222.1827   585                    244.2560    81909         
    552   517      221.3473   535                    244.2560    82963         
    558   523      220.5591   583                    244.2560    83967         
Elapsed time = 66.21 sec. (107554.11 ticks, tree = 25.51 MB, solutions = 0)
    563   528      219.5802   567                    244.2560    84971         
    573   538      218.3968   563                    244.2560    86164         
    581   546      217.1108   556                    244.2560    87231         
    587   552      214.2928   520                    244.2560    88426         
    591   556      210.4301   518                    244.2560    89479         
    597   562      208.9363   513                    244.2560    90689         
    602   567      243.6287   677                    244.2245    91597         
    610   575      243.1330   669                    244.2245    92566         
    616   581      242.4455   670                    244.2245    93616         
    622   587      241.7996   640                    244.2245    94611         
Elapsed time = 72.51 sec. (118064.78 ticks, tree = 28.69 MB, solutions = 0)
    628   593      239.7982   661                    244.2245    95632         
    632   597      238.5972   530                    244.2245    96721         
    635   600      237.1614   609                    244.2245    97783         
    637   602      235.6133   637                    244.2245    98801         
    640   605      234.9105   682                    244.2245    99530         
    644   609      233.9157   594                    244.2245   100644         
    649   614      231.8448   625                    244.2245   101977         
    658   623      229.8428   555                    244.2245   103126         
    664   629      227.6231   539                    244.2245   104200         
    668   633      225.5045   579                    244.2245   105307         
Elapsed time = 79.92 sec. (130495.84 ticks, tree = 30.93 MB, solutions = 0)
    673   638      224.9036   577                    244.2245   106307         
    677   642      223.0334   558                    244.2245   107427         
    683   648      221.4928   513                    244.2245   108656         
    686   651      220.7579   568                    244.2245   109706         
    690   655      218.3750   606                    244.2245   111149         
    694   659      216.0882   510                    244.2245   112462         
    702   667      213.8622   441                    244.2245   113561         
    710   675      212.9844   492                    244.2245   114570         
    718   683      211.7911   547                    244.2245   115607         
    749   714      209.4685   513                    244.2245   118682         
Elapsed time = 91.29 sec. (146822.75 ticks, tree = 34.97 MB, solutions = 0)
    793   758      206.7221   473                    244.2245   122649         
    818   783      236.0866   309                    244.0852   126878         
    843   808      229.6182   271                    244.0852   130516         
    879   844      226.4815   225                    244.0852   136696         
    921   886      223.4330   246                    244.0852   142225         
    974   928      242.0182   622                    243.9155   147893         

Performing restart 1

Repeating presolve.
Tried aggregator 2 times.
MIP Presolve eliminated 3 rows and 294 columns.
MIP Presolve modified 45898 coefficients.
Aggregator did 3 substitutions.
Reduced MIP has 4013 rows, 47574 columns, and 168460 nonzeros.
Reduced MIP has 47524 binaries, 0 generals, 0 SOSs, and 0 indicators.
Presolve time = 0.14 sec. (183.35 ticks)
Tried aggregator 1 time.
Reduced MIP has 4013 rows, 47574 columns, and 168460 nonzeros.
Reduced MIP has 47524 binaries, 0 generals, 0 SOSs, and 0 indicators.
Presolve time = 0.09 sec. (96.15 ticks)
Represolve time = 0.73 sec. (641.36 ticks)
    978     0      243.7601   603                    Cuts: 56   154653         
    978     0      243.6279   620                    Cuts: 31   155024         
    978     0      243.4991   619                    Cuts: 19   155424         
    978     0      243.3670   674                    Cuts: 46   155860         
    978     0      243.2700   697                    Cuts: 32   156149         
    978     0      243.2289   711                    Cuts: 67   156366         
    978     0      243.1418   657                    Cuts: 10   156747         
    978     0      242.9552   663                     Cuts: 9   157248         
    978     0      242.7946   646                    Cuts: 17   157640         
    978     0      242.7806   834                    Cuts: 11   157767         
    978     0      242.7087   759                    Cuts: 14   158052         
    978     0      242.6667   810                     Cuts: 6   158233         
    978     0      242.5849   800                    Cuts: 12   158503         
    978     0      242.5011   725                     Cuts: 7   158682         
    978     0      242.4897   785                    Cuts: 17   158814         
    978     0      242.4699   735                     Cuts: 4   158937         
    978     0      242.4571   748                     Cuts: 8   159056         
    978     0      242.4290   786                     Cuts: 8   159214         
    978     0      242.3831   823                    Cuts: 10   159451         
    978     0      242.3621   838                    Cuts: 12   159574         
    978     0      242.2904   803                     Cuts: 6   159805         
    978     0      242.2817   820                   Cuts: 161   159900         
    978     2      242.2817   820                    242.2795   159900         
    979     3      242.1546   795                    242.1538   160182         
    980     4      241.8876   707                    242.1538   160667         
    981     5      241.8068   719                    242.1538   160909         
Elapsed time = 198.85 sec. (319979.49 ticks, tree = 0.15 MB, solutions = 0)
    982     6      241.7394   679                    242.1538   161149         
    983     7      241.6870   745                    242.1538   161392         
    984     8      239.8719   608                    242.1538   162206         
    985     9      241.6703   675                    242.1538   162360         
    986    10      241.6581   654                    242.1538   162452         
    987    11      234.0335   553                    242.1538   163393         
    988    12      241.5636   648                    242.1538   163624         
    989    13      241.5302   632                    242.1538   163780         
    990    14      241.4889   699                    242.1538   163954         
    991    15      241.4660   648                    242.1538   164091         
Elapsed time = 262.75 sec. (427933.75 ticks, tree = 0.64 MB, solutions = 0)
    992    16      241.4619   676                    242.1538   164143         
    994    18      241.2697   687                    242.1538   164555         
    995    19      241.3177   721                    242.1538   164840         
    996    20      241.3061   716                    242.1538   164916         
    998    20      241.2775   673                    242.1538   165055         
    999    21      241.2513   709                    242.1538   165181         
   1001    23      234.3655   538                    242.1538   166018         
   1003    25      241.0789   614                    242.1538   166436         
   1004    25      238.7132   554                    242.1538   166963         
   1005    26      238.6231   536                    242.1538   167378         
Elapsed time = 296.01 sec. (484164.56 ticks, tree = 1.18 MB, solutions = 0)
   1006    27      238.5912   594                    242.1538   167516         
   1008    29      237.6873   471                    242.1538   168273         
   1011    32      237.5599   503                    242.1538   168606         
   1014    35      235.6631   335                    242.1538   169167         
   1018    37      237.2783   478                    242.1538   169800         
   1021    40      234.5470   306                    242.1538   170619         
   1024    43      236.9887   404                    242.1538   171484         
   1027    46      236.5594   374                    242.1538   172163         
   1029    48      231.6800   273                    242.1538   172932         
   1033    52      236.6653   415                    242.1538   173927         
Elapsed time = 329.24 sec. (537767.46 ticks, tree = 2.43 MB, solutions = 0)
   1038    56      235.6545   283                    242.1538   175390         
   1042    59      234.4282   293                    242.1538   176053         
   1050    66      232.3711   260                    242.1538   176813         
   1058    72      229.5693   290                    242.1538   177876         
   1079    79      242.0881   775                    242.1415   178857         
   1080    80      242.0865   760                    242.1415   178900         
   1082    82      239.7265   579                    242.1415   179768         
   1088    88      241.7010   726                    242.1415   180860         
   1089    89      237.5802   539                    242.1415   181756         
   1093    93      237.8599   626                    242.1415   183948         
Elapsed time = 364.36 sec. (596971.86 ticks, tree = 4.48 MB, solutions = 0)
   1095    95      239.3102   687                    242.1415   184612         
   1100   100      240.7790   561                    242.1415   185972         
   1105   105      241.3061   678                    242.1415   187196         
   1114   113      241.0948   665                    242.1415   188185         
   1115   114      239.0574   513                    242.1415   189054         
   1123   122      240.2826   525                    242.1415   190644         
   1130   129      239.8823   435                    242.1415   191967         
   1135   134      239.1165   349                    242.1415   193208         
   1139   138      237.9483   409                    242.1415   194094         
   1145   144      231.0024   279                    242.1415   195483         
Elapsed time = 391.81 sec. (642940.68 ticks, tree = 6.92 MB, solutions = 0)
   1154   153      236.9633   389                    242.1415   196783         
   1158   157      236.0985   387                    242.1415   197679         
   1163   162      232.8972   422                    242.1415   199194         
   1168   167      233.1537   396                    242.1415   200914         
   1174   173      235.0030   318                    242.1415   202444         
   1184   183      235.1981   276                    242.1415   203549         
   1194   193      234.6726   297                    242.1415   205081         
   1202   201      233.7847   331                    242.1415   206360         
   1213   212      233.4710   271                    242.1415   207575         
   1218   217      233.3944   305                    242.1415   208468         
Elapsed time = 417.57 sec. (685036.70 ticks, tree = 10.58 MB, solutions = 0)
   1236   234      233.2126   260                    242.1415   209331         
   1240   237      217.5373   255                    242.1415   210095         
   1250   246      216.0779   214                    242.1415   211319         
   1261   257      215.4002   264                    242.1415   212174         
   1273   269      214.7543   259                    242.1415   213453         
   1290   285      203.0321   193                    242.1415   215062         
   1306   293      200.9671   193                    242.1415   216180         
   1316   295      198.3335   192                    242.1415   217025         
   1319   295      232.9564   521                    242.0879   218849         
   1322   298      232.2987   571                    242.0879   219434         
Elapsed time = 449.30 sec. (731013.75 ticks, tree = 14.66 MB, solutions = 0)
   1326   302      229.1587   554                    242.0879   220623         
   1333   309      227.8976   578                    242.0879   222070         
   1338   314      227.6969   543                    242.0879   222552         
   1353   329      226.4111   554                    242.0879   224553         
   1371   347      225.5374   552                    242.0879   226197         
   1380   356      229.7061   637                    241.9858   228435         
   1382   358      228.3217   621                    241.9858   229859         
   1388   364      227.4970   678                    241.9858   231510         
   1396   372      226.4517   624                    241.9858   233501         
   1406   382      225.6699   639                    241.9858   235193         
Elapsed time = 489.21 sec. (777987.57 ticks, tree = 18.82 MB, solutions = 0)
   1418   394      224.9550   652                    241.9858   237093         
   1422   398      224.6012   641                    241.9858   237824         
   1424   400      224.5698   677                    241.9858   237960         
   1443   419      223.6422   646                    241.9858   239800         
   1454   430      222.9714   655                    241.9858   241134         
   1469   445      222.1641   605                    241.9858   242882         
   1479   455      219.9692   551                    241.9858   244843         
   1497   473      219.0287   529                    241.9858   246808         
   1498   474      219.0116   535                    241.9858   246867         
   1514   490      218.3173   523                    241.9858   248036         
Elapsed time = 520.34 sec. (823287.00 ticks, tree = 24.23 MB, solutions = 0)
   1532   508      217.8782   479                    241.9858   249426         
   1543   519      217.2059   532                    241.9858   250585         
   1551   527      216.9240   536                    241.9858   251426         
   1565   541      215.4801   453                    241.9858   253108         
   1578   554      215.2382   520                    241.9858   253945         
   1583   559      238.7792   690                    241.8854   255820         
   1597   573      237.6690   716                    241.8854   258794         
   1607   583      236.5606   712                    241.8854   260648         
   1618   594      236.1151   751                    241.8854   262056         
   1631   607      234.1921   660                    241.8854   265266         
Elapsed time = 550.45 sec. (873275.68 ticks, tree = 29.83 MB, solutions = 0)
   1642   618      233.5066   678                    241.8854   266868         
   1656   632      232.0960   639                    241.8854   269540         
   1661   637      231.0293   585                    241.8854   270693         
   1677   653      228.9500   522                    241.8854   273403         
   1692   668      227.2851   589                    241.8854   275305         
   1713   689      225.4801   488                    241.8854   278055         
   1722   695      240.3743   639                    241.8709   280036         
   1732   705      239.7843   671                    241.8709   283054         
   1740   713      234.4065   436                    241.8709   285720         
   1745   718      236.3586   393                    241.8709   287386         
Elapsed time = 578.90 sec. (916491.92 ticks, tree = 35.21 MB, solutions = 0)
   1747   720      236.4747   354                    241.8709   288315         
   1749   722      236.4115   360                    241.8709   288728         
   1758   731      234.5092   341                    241.8709   289820         
   1770   742      228.1132   344                    241.8709   291746         
   1780   751      216.7546   378                    241.8709   293932         
   1809   766      205.1188   355                    241.8709   296003         
   1836   778      234.0344   655                    241.8531   298548         
   1838   780      233.8682   624                    241.8531   298977         
   1852   794      232.7171   520                    241.8531   301014         
   1864   806      231.0893   401                    241.8531   302847         
Elapsed time = 617.35 sec. (965170.90 ticks, tree = 39.65 MB, solutions = 0)
   1884   826      229.4203   375                    241.8531   305481         
   1901   843      227.0018   398                    241.8531   306670         
   1926   868      225.9528   346                    241.8531   308527         

Performing restart 2

Repeating presolve.
Tried aggregator 1 time.
MIP Presolve eliminated 0 rows and 7 columns.
Reduced MIP has 4013 rows, 47567 columns, and 175454 nonzeros.
Reduced MIP has 47517 binaries, 0 generals, 0 SOSs, and 0 indicators.
Presolve time = 0.07 sec. (84.76 ticks)
Tried aggregator 1 time.
Reduced MIP has 4013 rows, 47567 columns, and 175454 nonzeros.
Reduced MIP has 47517 binaries, 0 generals, 0 SOSs, and 0 indicators.
Presolve time = 0.10 sec. (103.26 ticks)
Represolve time = 0.85 sec. (655.96 ticks)
   1956     0      241.9365   863                   Cuts: 275   317205         
   1956     0      241.8782   900                    Cuts: 48   317486         
   1956     0      241.8005   813                    Cuts: 12   317830         
   1956     0      241.7271   842                     Cuts: 9   318101         
   1956     0      241.7255   854                     Cuts: 7   318178         
   1956     0      241.7240   856                 ZeroHalf: 2   318230         
   1956     0      241.7175   854                     Cuts: 3   318301         
   1956     0      241.6712   901                     Cuts: 3   318501         
   1956     0      241.6701   887                     Cuts: 5   318566         
   1956     0      241.6629   885                     Cuts: 4   318671         
   1956     0      241.6270   853                    Cuts: 32   318909         
   1956     0      241.6199   843                     Cuts: 6   318994         
   1956     0      241.6087   871                     Cuts: 7   319136         
   1956     0      241.5674   788                     Cuts: 5   319404         
   1956     0      241.5394   825                     Cuts: 6   319698         
   1956     0      241.5391   776                    Cuts: 10   319743         
   1956     0      241.5309   814                    Cuts: 10   319858         
   1956     0      241.5292   750                     Cuts: 3   319921         
   1956     0      241.5257   819                     Cuts: 5   320029         
   1956     0      241.5156   805                     Cuts: 6   320161         
   1956     0      241.4941   827                    Cuts: 11   320363         
   1956     0      241.4904   833                    Cuts: 10   320434         
   1956     0      241.4864   844                 ZeroHalf: 1   320516         
   1956     2      241.4864   844                    241.4856   320516         
   1957     3      240.2516   651                    241.2063   321925         
   1958     4      241.1741   849                    241.1738   322368         
   1959     5      241.1148   808                    241.1736   322574         
   1960     6      241.0438   823                    241.1736   322796         
   1961     7      241.0051   827                    241.1736   322897         
   1962     8      238.3250   693                    241.1736   324012         
Elapsed time = 1008.35 sec. (1593087.06 ticks, tree = 0.28 MB, solutions = 0)
   1963     9      240.9998   792                    241.1736   324099         
   1964    10      235.6254   646                    241.1736   325931         
   1965    11      235.5551   668                    241.1736   326210         
   1966    12      229.8514   551                    241.1736   326972         
   1967    13      235.3976   621                    241.1736   327340         
   1968    14      231.1848   631                    241.1736   328001         
   1969    15      235.3279   693                    241.1736   328292         
   1970    16      235.3192   636                    241.1736   328367         
   1971    17      235.3169   640                    241.1736   328393         
   1972    18      235.2666   638                    241.1736   328585         
Elapsed time = 1099.31 sec. (1746044.18 ticks, tree = 0.72 MB, solutions = 0)
   1973    19      234.2361   650                    241.1736   329298         
   1975    21      235.2247   610                    241.1736   329578         
   1976    22      235.1733   674                    241.1736   329735         
   1979    25      234.9430   529                    241.1736   330252         
   1980    26      234.6603   589                    241.1736   330820         
   1982    28      231.2115   416                    241.1736   331798         
   1984    30      234.6686   521                    241.1736   332236         
   1986    32      234.3080   502                    241.1736   332622         
   1988    34      234.2216   467                    241.1736   333079         
   1991    37      233.2909   427                    241.1736   333687         
Elapsed time = 1143.33 sec. (1818526.35 ticks, tree = 1.72 MB, solutions = 0)
   1993    39      233.7440   473                    241.1736   334444         
   1995    41      231.9951   377                    241.1736   335178         
   1996    42      232.9806   448                    241.1736   335610         
   1997    43      232.3817   550                    241.1736   336218         
   1999    45      231.2601   384                    241.1736   336851         
   2001    47      228.4864   424                    241.1736   337709         
   2003    49      230.1084   378                    241.1736   338561         
   2005    50      227.7121   483                    241.1736   339864         
   2006    51      227.7100   484                    241.1736   339967         
   2008    53      227.5258   470                    241.1736   340200         
Elapsed time = 1184.87 sec. (1886896.41 ticks, tree = 2.53 MB, solutions = 0)
   2013    57      227.1494   403                    241.1736   340878         
   2018    62      226.3416   325                    241.1736   342067         
   2021    65      224.5513   347                    241.1736   342800         
   2028    71      225.2952   284                    241.1736   344275         
   2031    74      222.7180   320                    241.1736   345102         
   2033    76      222.3596   364                    241.1736   345798         
   2037    79      217.9006   214                    241.1736   347333         
   2038    80      217.3757   297                    241.1736   347616         
   2039    80      217.0307   296                    241.1736   348120         
   2041    82      216.5682   309                    241.1736   348887         
Elapsed time = 1220.98 sec. (1944978.15 ticks, tree = 3.99 MB, solutions = 0)
   2043    84      214.1894   362                    241.1736   349992         
   2046    85      213.7599   241                    241.1736   351142         
   2049    86      212.8614   314                    241.1736   351563         
   2055    87      212.4238   250                    241.1736   352611         
   2060    90      206.5869   214                    241.1736   354247         
   2064    94      209.7891   294                    241.1736   355036         
   2068    98      209.5034   259                    241.1736   355755         
   2072   102      209.1362   223                    241.1736   356675         
   2077   105      200.0120   203                    241.1736   358615         
   2082   110      207.4474   233                    241.1736   359540         
Elapsed time = 1252.21 sec. (1994453.10 ticks, tree = 5.41 MB, solutions = 0)
   2088   115      198.5122   208                    241.1736   361089         
   2092   115      237.9583   595                    241.1145   362467         
   2093   116      237.7736   600                    241.1145   362852         
   2094   117      237.5707   690                    241.1145   363117         
   2097   120      233.0220   480                    241.1145   364230         
   2099   122      231.8227   453                    241.1145   365199         
   2101   124      237.3808   651                    241.1145   365581         
   2103   126      237.2280   619                    241.1145   365946         
   2105   128      226.4517   456                    241.1145   367326         
   2110   133      236.8166   561                    241.1145   368041         
Elapsed time = 1290.44 sec. (2057632.27 ticks, tree = 6.53 MB, solutions = 0)
   2112   135      236.7750   597                    241.1145   368867         
   2115   138      235.9954   359                    241.1145   370084         
   2117   140      235.1310   480                    241.1145   370537         
   2123   146      234.6260   565                    241.1145   372045         
   2126   149      233.0595   341                    241.1145   372858         
   2131   154      232.9971   320                    241.1145   374114         
   2139   162      231.2692   270                    241.1145   375036         
   2149   172      230.3668   225                    241.1145   376341         
   2159   182      230.1098   217                    241.1145   377359         
   2171   194      229.6897   401                    241.1145   378414         
Elapsed time = 1319.18 sec. (2103586.83 ticks, tree = 9.66 MB, solutions = 0)
   2182   205      231.2641   222                    241.1145   379467         
   2196   219      230.1367   172                    241.1145   381071         
   2210   233      228.8661   203                    241.1145   382197         
   2218   241      227.5348   126                    241.1145   383351         
   2228   251      223.4853   154                    241.1145   384674         
   2248   271      222.9035    79                    241.1145   385591         
   2263   286      225.9916   183                    241.1145   386272         
   2278   299      223.5358   244                    241.1145   387524         
   2305   326      225.6763    68                    241.1145   388700         
   2321   342      225.5526   125                    241.1145   389832         
Elapsed time = 1346.05 sec. (2144437.62 ticks, tree = 17.18 MB, solutions = 0)
   2328   349      225.4801   160                    241.1145   390548         
   2344   365      225.2785   213                    241.1145   391371         
   2356   377      218.2282   218                    241.1145   392259         
   2374   395      219.1705   158                    241.1145   393699         
   2385   406      225.0524   163                    241.1145   394258         
   2409   430      217.2937   114                    241.1145   395399         
   2426   447      221.6334   188                    241.1145   396376         
   2437   458      219.4185   203                    241.1145   397226         
   2454   475      222.7839   114                    241.1145   397745         
   2465   486      212.5042   170                    241.1145   398562         
Elapsed time = 1373.07 sec. (2185391.79 ticks, tree = 24.51 MB, solutions = 0)
   2469   489      201.6191   261                    241.1145   399059         
   2479   493      198.6035   180                    241.1145   400180         
   2486   494      238.0106   716                    240.9973   402107         
   2487   495      240.9246   809                    240.9245   402343         
   2495   503      240.7913   796                    240.9233   403070         
   2504   512      240.5547   619                    240.9233   404370         
   2513   521      240.3767   709                    240.9233   405300         
   2524   532      239.7339   610                    240.9233   406901         
   2532   540      239.4697   622                    240.9233   407830         
   2543   551      239.1065   588                    240.9233   409009         
Elapsed time = 1404.46 sec. (2233472.12 ticks, tree = 27.51 MB, solutions = 0)
   2550   558      238.8206   614                    240.9233   409952         
   2556   564      237.2153   468                    240.9233   411029         
   2559   567      234.5518   620                    240.9141   412587         
   2566   574      234.0889   686                    240.9141   413783         
   2571   579      233.0186   705                    240.9141   415175         
   2577   585      232.3774   733                    240.9141   416365         
   2590   598      231.8316   703                    240.9141   417954         
   2596   604      231.6674   717                    240.9141   418667         
   2606   614      231.3963   667                    240.9141   419650         
   2621   629      230.4948   665                    240.9141   421369         
Elapsed time = 1434.21 sec. (2276164.79 ticks, tree = 31.21 MB, solutions = 0)
   2635   643      229.8734   654                    240.9141   422765         
   2644   652      228.7691   479                    240.9141   424236         
   2652   660      228.2315   500                    240.9141   425412         
   2660   668      227.8680   560                    240.9141   426320         
   2671   679      227.4492   533                    240.9141   427354         
   2683   691      226.8080   522                    240.9141   428604         
   2692   700      226.4106   531                    240.9141   429381         
   2698   706      226.1770   451                    240.9141   429886         
   2705   713      225.9264   510                    240.9141   430630         
   2714   722      225.3922   423                    240.9141   431534         
Elapsed time = 1464.32 sec. (2317762.05 ticks, tree = 35.82 MB, solutions = 0)
   2724   732      225.1748   498                    240.9141   432181         
   2737   745      224.9049   468                    240.9141   432988         
   2748   756      224.4611   505                    240.9141   433888         
   2758   766      238.1478   665                    240.8541   435463         
   2763   771      236.6589   555                    240.8541   437782         
   2771   779      237.1056   695                    240.8541   439800         
   2776   784      233.8116   540                    240.8541   442099         
   2781   789      236.1290   534                    240.8541   443810         
   2787   795      232.9022   467                    240.8541   445334         
   2790   798      234.8478   506                    240.8541   446603         
Elapsed time = 1496.01 sec. (2367292.98 ticks, tree = 39.53 MB, solutions = 0)
   2794   802      228.1604   450                    240.8541   447897         
   2803   811      228.3582   409                    240.8541   450008         
   2807   815      228.7372   353                    240.8541   451590         
   2813   821      232.1990   391                    240.8541   452683         
   2817   824      228.9689   414                    240.8541   453533         
   2822   829      228.3378   351                    240.8541   454417         
   2831   838      217.3712   278                    240.8541   455694         
   2844   851      219.5622   206                    240.8541   457431         
   2862   869      218.0380   155                    240.8541   459185         
   2873   880      215.5533   183                    240.8541   460535         
Elapsed time = 1525.87 sec. (2413872.66 ticks, tree = 43.72 MB, solutions = 0)
   2893   900      216.2886   194                    240.8541   461967         
   2927   934      209.0818   180                    240.8541   464025         
   2949   955      203.3442   170                    240.8541   465380         
   2958   964      234.3428   698                    240.8539   466618         
   2964   970      232.1657   701                    240.8539   468048         
   2975   981      231.4417   693                    240.8539   469486         
   2987   993      230.7531   594                    240.8539   470953         
   2996  1002      230.4553   660                    240.8539   471844         
   3007  1013      228.9022   561                    240.8539   473379         
   3021  1027      228.4160   649                    240.8539   474856         
Elapsed time = 1554.39 sec. (2456682.57 ticks, tree = 51.17 MB, solutions = 0)
   3038  1044      227.2484   622                    240.8539   476747         
   3048  1054      225.5320   520                    240.8539   478260         
   3064  1070      224.0813   514                    240.8539   480315         
   3076  1082      223.7318   494                    240.8539   481130         
   3088  1094      223.3710   527                    240.8539   482175         
   3102  1108      222.6183   484                    240.8539   483339         
   3118  1124      221.7623   475                    240.8539   484862         
   3132  1138      220.9761   454                    240.8539   485871         
   3148  1154      219.8944   465                    240.8539   487346         
   3157  1163      219.2940   431                    240.8539   488220         
Elapsed time = 1585.66 sec. (2500645.34 ticks, tree = 58.11 MB, solutions = 0)
   3164  1170      237.8498   706                    240.8485   490227         
   3175  1181      237.0793   696                    240.8485   492176         
   3183  1189      236.7406   729                    240.8485   493227         
   3191  1197      236.1461   561                    240.8485   494727         
   3204  1210      235.3660   556                    240.8485   496493         
   3212  1218      233.7231   578                    240.8485   497992         
   3232  1238      232.7095   469                    240.8485   500020         
   3242  1248      232.0215   473                    240.8485   501196         
   3257  1263      230.7138   532                    240.8485   502511         
   3278  1284      230.3371   500                    240.8485   503892         
Elapsed time = 1613.11 sec. (2541409.04 ticks, tree = 64.13 MB, solutions = 0)
   3301  1307      229.9280   476                    240.8485   505192         
   3309  1315      229.1406   406                    240.8485   506285         
   3316  1322      228.9307   471                    240.8485   506930         
   3326  1332      227.2112   500                    240.8485   508408         
   3336  1342      226.6750   459                    240.8485   509286         
   3347  1353      226.3053   531                    240.8485   510179         
   3358  1364      225.2809   496                    240.8301   512437         
   3363  1369      224.4488   587                    240.8301   513636         
   3369  1375      223.7737   593                    240.8301   514792         
   3376  1382      223.1122   563                    240.8301   516121         
Elapsed time = 1643.56 sec. (2584750.77 ticks, tree = 69.08 MB, solutions = 0)
   3385  1391      222.3375   564                    240.8301   517584         
   3394  1400      221.4930   583                    240.8301   519488         
   3396  1402      220.6044   550                    240.8301   520164         
   3404  1410      219.5193   524                    240.8301   521813         
   3418  1424      218.7380   507                    240.8301   523995         
   3424  1430      218.1186   465                    240.8301   525099         
   3444  1450      217.3223   447                    240.8301   526866         
   3459  1465      216.7229   476                    240.8301   528486         
   3472  1478      216.1947   480                    240.8301   529831         
   3484  1490      215.5103   427                    240.8301   531384         
Elapsed time = 1670.69 sec. (2625816.44 ticks, tree = 74.53 MB, solutions = 0)
   3499  1505      215.3249   440                    240.8301   532611         
   3520  1526      214.8721   490                    240.8301   534104         
   3537  1543      214.3484   484                    240.8301   535342         
   3557  1563      214.0019   432                    240.8301   536328         
   3564  1570      237.1057   687                    240.8246   538925         
   3577  1583      236.2626   756                    240.8246   541355         
   3594  1600      235.0209   571                    240.8246   543806         
   3608  1614      233.8592   592                    240.8246   545772         
   3632  1638      232.6388   562                    240.8246   548390         
   3651  1657      231.7409   477                    240.8246   550416         
Elapsed time = 1698.71 sec. (2666380.65 ticks, tree = 82.93 MB, solutions = 0)
   3677  1683      231.0421   399                    240.8246   552228         
   3696  1702      230.6881   424                    240.8246   553302         
   3722  1728      229.9167   421                    240.8246   555019         
   3745  1751      229.2903   436                    240.8246   556833         
   3758  1764      235.6784   680                    240.7913   558779         
   3761  1767      234.9709   702                    240.7913   559993         
   3766  1772      230.9222   634                    240.7913   562416         
   3775  1781      230.0384   638                    240.7913   566382         
   3783  1789      229.9363   640                    240.7913   568369         
   3789  1795      224.4746   495                    240.7913   572056         
Elapsed time = 1726.82 sec. (2708530.59 ticks, tree = 89.82 MB, solutions = 0)
   3794  1800      229.2314   607                    240.7913   573978         
   3801  1807      226.9747   428                    240.7913   576787         
   3810  1816      228.5806   603                    240.7913   578936         
   3817  1823      215.9640   490                    240.7913   582278         
   3826  1832      226.3870   457                    240.7913   585415         
   3833  1839      224.5177   413                    240.7913   588157         
   3838  1844      224.4116   471                    240.7913   590685         
   3847  1853      223.3643   380                    240.7913   592522         
   3861  1867      220.5002   371                    240.7913   596307         
   3870  1876      219.8013   407                    240.7913   597817         
Elapsed time = 1756.70 sec. (2754852.59 ticks, tree = 93.84 MB, solutions = 0)
   3876  1882      218.8927   376                    240.7913   598776         
   3886  1892      217.4563   385                    240.7913   600787         
   3896  1902      217.8591   362                    240.7913   602285         
   3908  1914      213.3203   239                    240.7913   604245         
   3921  1926      210.4290   225                    240.7913   606090         
   3943  1947      206.1313   192                    240.7913   607469         
   3958  1962      238.9458   680                    240.7912   609966         
   3974  1978      237.8179   694                    240.7912   612710         
   3990  1994      236.3667   593                    240.7912   615603         
   4005  2009      235.0078   643                    240.7912   617644         
Elapsed time = 1784.70 sec. (2796529.53 ticks, tree = 100.42 MB, solutions = 0)
   4028  2032      233.9167   599                    240.7912   619846         
   4061  2065      232.0995   474                    240.7912   622373         
   4077  2081      231.5195   515                    240.7912   623605         
   4099  2103      231.0950   440                    240.7912   624914         
   4119  2123      230.5030   380                    240.7912   626392         
   4138  2142      230.1767   455                    240.7912   627461         
   4156  2160      229.9092   438                    240.7912   628440         
   4161  2165      236.5867   723                    240.7789   630382         
   4171  2175      234.9391   754                    240.7789   632942         
   4182  2186      234.1117   671                    240.7789   635040         
Elapsed time = 1812.10 sec. (2836150.12 ticks, tree = 109.33 MB, solutions = 0)
   4200  2204      232.6064   605                    240.7789   637741         
   4224  2228      231.9962   565                    240.7789   639607         
   4238  2242      230.8907   547                    240.7789   641658         
   4258  2262      229.4376   553                    240.7789   644394         
   4281  2285      228.5709   577                    240.7789   646664         
   4302  2306      227.9582   610                    240.7789   648621         
   4326  2329      227.0779   535                    240.7789   650801         
   4349  2352      226.3796   434                    240.7789   652418         
   4361  2364      239.2012   611                    240.7235   655003         
   4376  2379      237.9429   627                    240.7235   658114         
Elapsed time = 1841.38 sec. (2876251.41 ticks, tree = 118.51 MB, solutions = 0)
   4390  2393      236.7971   587                    240.7235   660305         
   4407  2410      235.5902   536                    240.7235   663305         
   4427  2430      234.8761   575                    240.7235   665519         
   4449  2452      233.7252   448                    240.7235   667900         
   4468  2471      232.4241   427                    240.7235   669992         
   4491  2494      231.1757   421                    240.7235   671865         
   4521  2524      230.3956   319                    240.7235   673304         
   4543  2546      229.4433   285                    240.7235   674756         
   4556  2559      227.5812   280                    240.7235   676016         
   4567  2570      238.4272   717                    240.6952   678990         
Elapsed time = 1879.30 sec. (2915075.84 ticks, tree = 127.83 MB, solutions = 0)
   4585  2588      237.7696   696                    240.6952   681595         
   4603  2606      236.7444   600                    240.6952   684282         
   4628  2631      235.5971   482                    240.6952   686770         
   4639  2642      230.3275   498                    240.6952   689407         
   4649  2652      228.2553   504                    240.6952   691224         
   4659  2662      226.4569   495                    240.6952   692728         
   4670  2673      224.7164   542                    240.6952   694748         
   4677  2680      223.7199   395                    240.6952   695948         
   4682  2682      239.7968   635                    240.6632   698229         
   4689  2689      238.3908   497                    240.6632   701280         
Elapsed time = 1907.25 sec. (2957594.41 ticks, tree = 133.69 MB, solutions = 0)
   4696  2696      233.1869   321                    240.6632   703692         
   4708  2708      230.5656   396                    240.6632   706166         
   4717  2717      228.6079   245                    240.6632   707746         
   4732  2732      227.0643   285                    240.6632   709512         
   4746  2746      224.0096   217                    240.6632   711622         
   4763  2763      222.6294   210                    240.6632   713384         
   4777  2775      214.1732   193                    240.6632   714683         
   4803  2801      210.4073   153                    240.6632   716218         
   4829  2824      205.3033   133                    240.6632   718524         
   4838  2828      239.3658   683                    240.6596   721246         
Elapsed time = 1934.57 sec. (2999012.08 ticks, tree = 140.73 MB, solutions = 0)
   4849  2839      237.8093   548                    240.6596   723977         
   4865  2855      236.8905   667                    240.6596   726677         
   4881  2871      235.7534   625                    240.6596   729330         
   4897  2887      234.5622   603                    240.6596   731805         
   4918  2908      233.5299   495                    240.6596   734399         
   4939  2929      232.0759   484                    240.6596   737284         
   4959  2949      231.4403   485                    240.6596   739431         
   4990  2980      230.4144   377                    240.6596   742022         
   5006  2996      229.5346   388                    240.6596   743591         
   5031  3021      228.9866   401                    240.6596   745134         
Elapsed time = 1961.40 sec. (3038153.99 ticks, tree = 150.17 MB, solutions = 0)
   5056  3045      228.3623   423                    240.6596   746528         
   5071  3060      227.9700   443                    240.6596   747290         
   5089  3077      227.3804   378                    240.6596   748364         
   5111  3099      226.7529   430                    240.6596   749604         
   5130  3118      226.3145   488                    240.6596   750505         
   5146  3134      225.8676   468                    240.6596   751616         
   5158  3146      235.5830   577                    240.6553   752927         
   5175  3163      234.0453   575                    240.6553   755977         
   5194  3182      233.1516   584                    240.6553   758937         
   5211  3199      231.6441   564                    240.6553   761883         
Elapsed time = 1989.00 sec. (3078495.37 ticks, tree = 158.98 MB, solutions = 0)
   5230  3218      230.3750   520                    240.6553   764462         
   5255  3243      229.2244   506                    240.6553   766996         
   5276  3264      228.0014   462                    240.6553   769797         
   5293  3281      227.2566   437                    240.6553   771180         
   5311  3299      226.2701   436                    240.6553   772990         
   5331  3319      225.8195   472                    240.6553   774378         
   5347  3335      225.3646   514                    240.6553   775532         
   5361  3349      239.1565   688                    240.6390   777613         
   5371  3359      237.0864   681                    240.6390   780133         
   5387  3375      235.9193   511                    240.6390   782868         
Elapsed time = 2016.18 sec. (3118461.09 ticks, tree = 167.68 MB, solutions = 0)
   5409  3397      234.6576   589                    240.6390   785575         
   5433  3421      232.5993   555                    240.6390   788056         
   5458  3446      230.8007   466                    240.6390   790448         
   5475  3463      229.2334   330                    240.6390   792507         
   5492  3480      228.2848   300                    240.6390   793929         
   5517  3505      226.9408   350                    240.6390   795626         
   5537  3525      226.6193   375                    240.6390   796576         
   5556  3544      225.9655   364                    240.6390   797567         
   5568  3556      239.0760   700                    240.6260   800459         
   5582  3570      236.6391   599                    240.6260   803379         
Elapsed time = 2043.42 sec. (3158395.39 ticks, tree = 177.36 MB, solutions = 0)
   5601  3589      235.5083   556                    240.6260   805971         
   5615  3603      234.4331   610                    240.6260   808012         
   5636  3624      233.1256   451                    240.6260   810279         
   5656  3644      229.9757   484                    240.6260   813504         
   5682  3670      228.4297   394                    240.6260   815968         
   5709  3697      227.4185   413                    240.6260   818408         
   5736  3724      226.6723   429                    240.6260   820464         
   5758  3746      239.9151   811                    240.5542   822928         
   5764  3752      238.7613   697                    240.5542   825230         
   5773  3761      235.7646   693                    240.5542   829219         
Elapsed time = 2071.39 sec. (3199512.95 ticks, tree = 186.84 MB, solutions = 0)
   5780  3768      235.6934   717                    240.5542   831545         
   5785  3773      230.9609   685                    240.5542   833336         
   5790  3778      226.8181   530                    240.5542   834948         
   5794  3779      237.0738   487                    240.5366   838162         
   5801  3786      234.4646   527                    240.5366   839558         
   5813  3798      232.4211   606                    240.5366   842001         
   5828  3813      231.0957   564                    240.5366   843950         
   5844  3829      229.3549   552                    240.5366   846243         
   5861  3846      227.6235   552                    240.5366   848859         
   5880  3865      226.6734   457                    240.5366   851083         
Elapsed time = 2097.49 sec. (3239678.45 ticks, tree = 191.97 MB, solutions = 0)
   5898  3883      225.1801   498                    240.5366   853548         
   5921  3906      223.4190   485                    240.5366   855894         
   5953  3938      221.9803   469                    240.5366   858211         
   5976  3961      220.1315   390                    240.5366   860306         
   5986  3967      237.2725   650                    240.5206   863684         
   6002  3983      235.9313   665                    240.5206   866392         
   6017  3998      234.6457   562                    240.5206   868979         
   6037  4018      233.1815   567                    240.5206   871870         
   6059  4040      231.9741   527                    240.5206   874613         
   6085  4066      230.4123   436                    240.5206   877137         
Elapsed time = 2125.35 sec. (3280289.17 ticks, tree = 201.88 MB, solutions = 0)
   6111  4092      228.9419   467                    240.5206   879587         
   6136  4117      228.1185   499                    240.5206   881874         
   6158  4139      227.0465   534                    240.5206   883966         
   6173  4154      226.3768   506                    240.5206   885727         
   6201  4181      225.9351   430                    240.5206   887299         
   6219  4199      225.2378   540                    240.5206   889249         
   6244  4224      224.8195   466                    240.5206   890770         
   6260  4240      224.1609   478                    240.5206   891873         
   6286  4266      223.4307   453                    240.5206   893026         
   6296  4276      221.7991   476                    240.5206   894528         
Elapsed time = 2153.51 sec. (3320563.76 ticks, tree = 212.59 MB, solutions = 0)
   6314  4294      220.9633   381                    240.5206   895742         
   6339  4319      220.1205   388                    240.5206   897566         
   6352  4332      219.7333   294                    240.5206   898516         
   6358  4338      228.2901   625                    240.5204   900546         
   6369  4349      226.2900   522                    240.5204   902723         
   6379  4359      224.4751   510                    240.5204   905079         
   6399  4379      222.8593   565                    240.5204   908268         
   6416  4396      220.6236   568                    240.5204   911082         
   6441  4421      218.9787   512                    240.5204   913974         
   6464  4444      217.4122   505                    240.5204   916812         
Elapsed time = 2181.29 sec. (3361572.18 ticks, tree = 221.08 MB, solutions = 0)
   6492  4472      216.6929   500                    240.5204   919223         
   6512  4492      215.7502   590                    240.5204   921518         
   6534  4514      214.9699   554                    240.5204   923317         
   6558  4538      238.6112   543                    240.4730   925570         
   6576  4556      236.9286   593                    240.4730   928451         
   6596  4576      234.6231   527                    240.4730   931360         
   6623  4603      232.2691   507                    240.4730   934126         
   6643  4623      231.4402   510                    240.4730   936192         
   6667  4647      229.8929   474                    240.4730   938292         
   6696  4676      228.7379   490                    240.4730   940502         
Elapsed time = 2209.62 sec. (3400775.74 ticks, tree = 232.64 MB, solutions = 0)
   6725  4705      227.9508   423                    240.4730   942252         
   6756  4736      227.1220   405                    240.4730   943876         
   6768  4748      231.1592   430                    240.4652   947015         
   6780  4760      229.7334   443                    240.4652   949323         
   6790  4770      228.6321   391                    240.4652   952448         
   6803  4783      223.9062   360                    240.4652   954322         
   6816  4796      223.2005   352                    240.4652   956553         
   6825  4805      218.7965   298                    240.4652   957920         
   6843  4823      216.3224   283                    240.4652   960194         
   6856  4836      208.8484   280                    240.4652   962053         
Elapsed time = 2237.28 sec. (3441935.38 ticks, tree = 240.75 MB, solutions = 0)
   6871  4850      202.0217   207                    240.4652   963488         
   6897  4860      239.7554   553                    240.4345   965525         
   6915  4878      237.1384   551                    240.4345   968736         
   6939  4902      235.8429   510                    240.4345   971544         
   6968  4931      234.5323   405                    240.4345   974356         
   7001  4964      233.8120   406                    240.4345   976196         
   7027  4990      232.7837   445                    240.4345   978297         
   7058  5021      232.1373   408                    240.4345   980316         
   7083  5046      230.5750   472                    240.4345   982357         
   7106  5069      230.1775   437                    240.4345   983931         
Elapsed time = 2266.14 sec. (3481760.98 ticks, tree = 252.54 MB, solutions = 0)
   7133  5096      229.0006   334                    240.4345   986105         
   7156  5119      228.4930   450                    240.4345   987490         
   7166  5129      234.3519   604                    240.4251   990312         
   7185  5148      232.7993   611                    240.4251   992932         
   7200  5163      231.0715   501                    240.4251   995789         
   7216  5179      229.4947   530                    240.4251   998085         
   7240  5203      227.6676   467                    240.4251  1000809         
   7265  5228      225.1071   414                    240.4251  1003845         
   7288  5251      223.6909   440                    240.4251  1006097         
   7316  5279      220.5965   398                    240.4251  1009064         
Elapsed time = 2306.28 sec. (3521983.21 ticks, tree = 262.95 MB, solutions = 0)
   7336  5298      219.1825   376                    240.4251  1010190         
   7347  5309      217.8604   369                    240.4251  1011037         
   7356  5316      214.9366   354                    240.4251  1012128         
   7367  5327      237.9009   553                    240.3885  1014872         
   7383  5343      236.3179   595                    240.3885  1017824         
   7406  5366      234.4059   561                    240.3885  1020767         
   7427  5387      233.2946   609                    240.3885  1023204         
   7448  5408      232.2133   483                    240.3885  1025789         
   7476  5435      231.3814   568                    240.3885  1028116         
   7498  5457      230.5407   481                    240.3885  1030317         
Elapsed time = 2336.09 sec. (3561160.07 ticks, tree = 271.84 MB, solutions = 0)
   7523  5482      229.3533   426                    240.3885  1032338         
   7549  5508      228.1868   459                    240.3885  1034870         
   7567  5526      239.0359   711                    240.3736  1037660         
   7581  5540      237.6779   578                    240.3736  1040633         
   7595  5554      235.5148   532                    240.3736  1043877         
   7613  5572      233.0087   570                    240.3736  1046687         
   7637  5596      231.6355   451                    240.3736  1049174         
   7658  5617      230.0492   342                    240.3736  1051382         
   7685  5644      228.4215   475                    240.3736  1053804         
   7712  5671      227.6153   445                    240.3736  1055820         
Elapsed time = 2364.02 sec. (3601400.36 ticks, tree = 282.48 MB, solutions = 0)
   7734  5693      225.7254   508                    240.3736  1057982         
   7758  5717      238.9307   495                    240.3346  1060277         
   7769  5728      238.1760   492                    240.3346  1063353         
   7782  5741      234.7515   256                    240.3346  1066513         
   7810  5769      233.4611   366                    240.3346  1069502         
   7828  5787      229.1870   248                    240.3346  1072092         
   7849  5803      229.3019   263                    240.3346  1074226         
   7856  5808      222.2031   307                    240.3346  1076313         
   7873  5819      221.6648   300                    240.3346  1077577         
   7884  5825      220.3198   179                    240.3346  1079206         
Elapsed time = 2391.89 sec. (3643113.92 ticks, tree = 290.30 MB, solutions = 0)
   7897  5831      219.7412   206                    240.3346  1080130         
   7910  5844      219.1520   187                    240.3346  1082142         
   7916  5849      199.5302   195                    240.3346  1086153         
   7926  5857      237.2591   490                    240.3244  1089443         
   7943  5874      235.7092   506                    240.3244  1092533         
   7965  5896      234.3416   546                    240.3244  1095339         
   7986  5917      232.3104   466                    240.3244  1098410         
   8005  5936      230.8200   513                    240.3244  1101453         
   8028  5959      229.8389   472                    240.3244  1103838         
   8053  5984      228.1813   457                    240.3244  1106606         
Elapsed time = 2419.24 sec. (3683328.22 ticks, tree = 297.91 MB, solutions = 0)
   8078  6009      226.6831   481                    240.3244  1109308         
   8110  6041      225.6719   375                    240.3244  1111558         
   8144  6075      224.7909   457                    240.3244  1113522         
   8161  6092      238.8689   603                    240.2533  1115860         
   8175  6106      237.1249   504                    240.2533  1119042         
   8192  6123      235.7575   509                    240.2533  1121519         
   8215  6146      234.3247   489                    240.2533  1123962         
   8241  6172      232.8995   473                    240.2533  1126772         
   8270  6201      231.5138   506                    240.2533  1129631         
   8303  6234      230.4600   436                    240.2533  1132037         
Elapsed time = 2447.05 sec. (3722475.65 ticks, tree = 310.52 MB, solutions = 0)
   8331  6262      229.9312   441                    240.2533  1133968         
   8352  6283      228.8027   437                    240.2533  1136418         
   8358  6289      228.4526   699                    240.2514  1138306         
   8369  6300      225.5226   539                    240.2514  1140951         
   8386  6317      223.8155   504                    240.2514  1143769         
   8404  6335      220.7971   472                    240.2514  1146533         
   8431  6362      219.1944   453                    240.2514  1149217         
   8451  6382      217.8124   497                    240.2514  1151335         
   8470  6401      217.1493   446                    240.2514  1153044         
   8496  6427      216.4494   448                    240.2514  1155288         
Elapsed time = 2474.80 sec. (3762628.58 ticks, tree = 320.32 MB, solutions = 0)
   8522  6453      214.2655   453                    240.2514  1158093         
   8551  6482      213.6595   413                    240.2514  1159943         
   8559  6490      236.7437   524                    240.2504  1161579         
   8574  6505      234.0415   577                    240.2504  1164668         
   8592  6523      232.0235   493                    240.2504  1167708         
   8609  6540      228.0507   480                    240.2504  1170655         
   8636  6567      226.6259   529                    240.2504  1173329         
   8669  6600      225.0609   470                    240.2504  1175957         
   8694  6625      218.7667   395                    240.2504  1177921         
   8718  6649      216.1385   453                    240.2504  1180800         
Elapsed time = 2502.45 sec. (3802345.04 ticks, tree = 331.60 MB, solutions = 0)
   8746  6676      215.0418   445                    240.2504  1183470         
   8761  6691      239.9991   676                    240.2480  1185473         
   8769  6699      236.1423   409                    240.2480  1189063         
   8785  6715      234.4929   452                    240.2480  1192379         
   8803  6733      230.7211   278                    240.2480  1195853         
   8829  6759      231.3843   232                    240.2480  1198970         
   8854  6784      231.0634   239                    240.2480  1202197         
   8874  6799  -1.00000e+75   181                    240.2480  1205215         
   8905  6826      220.4519   172                    240.2480  1208036         
   8929  6850      219.2797   165                    240.2480  1209745         
Elapsed time = 2529.26 sec. (3842035.34 ticks, tree = 341.83 MB, solutions = 0)
   8958  6879      238.3741   739                    240.1693  1212376         
   8975  6896      236.4508   555                    240.1693  1215245         
   8995  6916      234.8669   486                    240.1693  1218023         
   9020  6941      233.4205   506                    240.1693  1220840         
   9051  6972      232.1481   434                    240.1693  1223247         
   9087  7008      230.3642   381                    240.1693  1225911         
   9122  7043      229.0519   352                    240.1693  1228423         
   9150  7071      227.4102   351                    240.1693  1230686         
   9165  7086      238.2525   660                    240.1558  1233329         
   9181  7102      237.0830   667                    240.1558  1236312         
Elapsed time = 2558.22 sec. (3883501.28 ticks, tree = 354.61 MB, solutions = 0)
   9200  7121      236.1796   629                    240.1558  1238978         
   9217  7138      235.1982   588                    240.1558  1241794         
   9238  7159      234.1286   557                    240.1558  1244429         
   9258  7179      232.6243   598                    240.1558  1247271         
   9286  7207      231.5400   531                    240.1558  1249856         
   9313  7234      230.6790   450                    240.1558  1252379         
   9338  7259      229.6615   557                    240.1558  1255014         
   9358  7279      236.0521   663                    240.1415  1258734         
   9372  7293      234.2335   626                    240.1415  1261678         
   9387  7308      232.6098   554                    240.1415  1264595         
Elapsed time = 2586.30 sec. (3923802.32 ticks, tree = 364.73 MB, solutions = 0)
   9407  7328      230.4224   565                    240.1415  1267693         
   9428  7349      229.3235   568                    240.1415  1270149         
   9453  7374      228.3065   528                    240.1415  1272793         
   9476  7397      226.8878   552                    240.1415  1275638         
   9502  7423      226.0616   546                    240.1415  1278078         
   9526  7447      225.1509   512                    240.1415  1280272         
   9558  7479      234.2059   636                    240.1387  1284168         
   9573  7494      232.5766   574                    240.1387  1287113         
   9587  7508      230.9263   472                    240.1387  1289902         
   9600  7521      228.2371   536                    240.1387  1293092         
Elapsed time = 2614.78 sec. (3964889.39 ticks, tree = 375.46 MB, solutions = 0)
   9618  7539      226.6190   413                    240.1387  1296031         
   9639  7560      224.7840   427                    240.1387  1299131         
   9664  7585      223.7330   504                    240.1387  1301634         
   9690  7611      222.8618   453                    240.1387  1303829         
   9719  7640      222.1616   399                    240.1387  1305871         
   9755  7676      221.3184   457                    240.1387  1308339         
   9768  7689      233.8860   496                    240.1372  1311398         
   9775  7696      230.6294   432                    240.1372  1314579         
   9786  7705      230.3855   444                    240.1372  1318316         
   9799  7718      232.3621   460                    240.1372  1321960         
Elapsed time = 2642.87 sec. (4004977.72 ticks, tree = 385.43 MB, solutions = 0)
   9815  7734      227.3948   286                    240.1372  1325271         
   9846  7765      226.7854   246                    240.1372  1328341         
   9872  7789      228.5558   274                    240.1372  1330861         
   9896  7813      224.9201   207                    240.1372  1334376         
   9923  7840      226.2107   220                    240.1372  1337104         
   9937  7854      225.6184   212                    240.1372  1338948         
   9956  7873      224.8160   201                    240.1372  1340663         
   9968  7885      237.7046   714                    240.1270  1343716         
   9983  7900      236.7447   725                    240.1270  1346502         
   9997  7914      235.2741   679                    240.1270  1349380         
Elapsed time = 2669.94 sec. (4044524.28 ticks, tree = 395.29 MB, solutions = 0)
  10013  7930      233.8919   654                    240.1270  1352265         
  10041  7958      232.9942   553                    240.1270  1354632         
  10060  7977      231.7504   590                    240.1270  1357001         
  10086  8003      230.8823   479                    240.1270  1359509         
  10114  8031      229.7929   466                    240.1270  1362242         
  10153  8070      228.9522   393                    240.1270  1364875         
  10167  8084      236.6590   450                    240.0209  1368086         
  10188  8105      235.1183   555                    240.0209  1370954         
  10212  8129      234.1927   455                    240.0209  1373719         
  10241  8158      232.4654   420                    240.0209  1376435         
Elapsed time = 2698.40 sec. (4083660.70 ticks, tree = 407.24 MB, solutions = 0)
  10274  8191      231.1674   363                    240.0209  1379201         
  10301  8218      229.9215   380                    240.0209  1381459         
  10323  8240      228.2780   391                    240.0209  1383258         
  10350  8267      227.0152   376                    240.0209  1385780         
  10363  8280      235.1429   592                    239.9977  1388582         
  10384  8301      232.9059   468                    239.9977  1391726         
  10408  8325      231.2558   419                    239.9977  1394596         
  10442  8359      229.8880   383                    239.9977  1397073         
  10478  8395      228.8856   329                    239.9977  1399324         
  10513  8430      227.9182   339                    239.9977  1401819         
Elapsed time = 2726.35 sec. (4123171.66 ticks, tree = 421.35 MB, solutions = 0)
  10543  8460      227.2149   405                    239.9977  1403803         
  10559  8476      227.9784   538                    239.9883  1406812         
  10575  8492      225.4106   480                    239.9883  1410118         
  10595  8512      224.0468   538                    239.9883  1413189         
  10610  8527      222.0530   557                    239.9883  1415867         
  10629  8546      219.9181   532                    239.9883  1419035         
  10647  8564      218.2103   523                    239.9883  1422289         
  10667  8584      215.5829   452                    239.9883  1425490         
  10686  8603      213.8955   464                    239.9883  1427595         
  10708  8625      211.9642   474                    239.9883  1429778         
Elapsed time = 2754.03 sec. (4163196.91 ticks, tree = 431.27 MB, solutions = 0)
  10736  8653      210.3093   470                    239.9883  1432018         
  10756  8673      209.8879   484                    239.9883  1433575         
  10766  8683      232.3052   602                    239.9337  1437672         
  10777  8694      231.5526   462                    239.9337  1441291         
  10790  8707      230.6215   387                    239.9337  1444925         
  10807  8722      226.5354   370                    239.9337  1448358         
  10826  8741      223.0353   274                    239.9337  1451680         
  10847  8762      224.6743   301                    239.9337  1454784         
  10872  8787      221.3516   276                    239.9337  1457643         
  10905  8820      218.8424   249                    239.9337  1460729         
Elapsed time = 2782.32 sec. (4204853.73 ticks, tree = 441.14 MB, solutions = 0)
  10924  8835      209.3844   168                    239.9337  1462883         
  10939  8844      239.6485   693                    239.9292  1464629         
  10950  8855      238.6218   669                    239.9292  1467610         
  10967  8872      237.8432   643                    239.9292  1470351         
  10985  8890      236.7174   627                    239.9292  1473181         
  10999  8904      234.9590   586                    239.9292  1476245         
  11023  8928      233.6316   546                    239.9292  1478931         
  11050  8955      232.7666   562                    239.9292  1481396         
  11078  8983      231.7484   506                    239.9292  1483924         
  11113  9018      230.8245   436                    239.9292  1486356         
Elapsed time = 2810.13 sec. (4244731.21 ticks, tree = 450.75 MB, solutions = 0)
  11152  9057      229.9066   482                    239.9292  1488684         
  11166  9071      233.6780   488                    239.9096  1491852         
  11189  9094      231.8055   433                    239.9096  1494698         
  11214  9119      230.3434   383                    239.9096  1498100         
  11249  9154      228.6949   351                    239.9096  1501075         
  11294  9199      227.0004   323                    239.9096  1503868         
  11329  9234      225.1786   318                    239.9096  1506243         
  11357  9262      224.0849   292                    239.9096  1508018         
  11362  9267      227.6003   710                    239.8739  1511643         
  11380  9285      225.8510   666                    239.8739  1514640         
Elapsed time = 2838.19 sec. (4284607.82 ticks, tree = 464.27 MB, solutions = 0)
  11399  9304      224.8311   623                    239.8739  1517411         
  11410  9315      222.3175   616                    239.8739  1520068         
  11422  9327      220.0536   594                    239.8739  1522487         
  11444  9349      219.0806   490                    239.8739  1524847         
  11464  9369      217.9009   502                    239.8739  1527261         
  11482  9387      216.1016   478                    239.8739  1529614         
  11514  9419      214.7012   380                    239.8739  1532568         
  11541  9446      213.7309   442                    239.8739  1534562         
  11558  9463      239.0433   605                    239.8647  1536752         
  11573  9478      238.0382   569                    239.8647  1539606         
Elapsed time = 2865.40 sec. (4323671.14 ticks, tree = 474.05 MB, solutions = 0)
  11589  9494      236.4458   496                    239.8647  1542601         
  11607  9512      234.7669   532                    239.8647  1545637         
  11629  9534      233.1823   473                    239.8647  1548536         
  11652  9557      231.4285   500                    239.8647  1551469         
  11679  9584      230.6010   472                    239.8647  1553857         
  11710  9615      229.7390   420                    239.8647  1556383         
  11740  9645      228.6512   416                    239.8647  1558451         
  11764  9669      231.5578   652                    239.8418  1561536         
  11778  9681      226.1207   506                    239.8418  1565335         
  11785  9688      225.7958   556                    239.8418  1567516         
Elapsed time = 2893.01 sec. (4363483.47 ticks, tree = 484.65 MB, solutions = 0)
  11795  9698      219.9013   476                    239.8418  1570880         
  11808  9711      225.1414   561                    239.8418  1573990         
  11822  9723      221.6425   476                    239.8418  1576664         
  11833  9734      218.8244   418                    239.8418  1580636         
  11848  9749      221.4323   497                    239.8418  1583837         
  11862  9763      220.6318   434                    239.8418  1586773         
  11875  9776      220.6554   475                    239.8418  1589983         
  11886  9787      218.6549   442                    239.8418  1592097         
  11898  9799      220.5497   478                    239.8418  1594698         
  11913  9814      218.8420   399                    239.8418  1598044         
Elapsed time = 2920.61 sec. (4404582.11 ticks, tree = 491.11 MB, solutions = 0)
  11926  9827      217.0741   428                    239.8418  1601020         
  11942  9843      216.5942   427                    239.8418  1603626         
  11953  9854      214.9058   363                    239.8418  1606125         
  11965  9866      237.4889   671                    239.8409  1609394         
  11983  9884      236.6260   644                    239.8409  1611981         
  12002  9903      235.3773   496                    239.8409  1614754         
  12022  9923      234.1007   552                    239.8409  1617592         
  12044  9945      233.0083   600                    239.8409  1620105         
  12071  9972      231.9083   490                    239.8409  1622678         
  12096  9997      230.3879   492                    239.8409  1625477         
Elapsed time = 2948.39 sec. (4444252.64 ticks, tree = 500.30 MB, solutions = 0)
  12128 10029      229.0556   422                    239.8409  1627685         
  12158 10059      233.9531   610                    239.8386  1631242         
  12174 10075      232.2944   546                    239.8386  1634316         
  12189 10090      230.8499   597                    239.8386  1636789         
  12204 10105      229.0800   588                    239.8386  1640120         
  12218 10119      227.3698   470                    239.8386  1643131         
  12237 10138      224.9463   467                    239.8386  1646589         
  12264 10165      223.6299   469                    239.8386  1649572         
  12293 10194      221.3116   400                    239.8386  1652762         
  12318 10217      215.8359   401                    239.8386  1655863         
Elapsed time = 2977.37 sec. (4485866.36 ticks, tree = 511.33 MB, solutions = 0)
  12347 10246      214.4393   382                    239.8386  1658013         
  12362 10261      238.7868   581                    239.7898  1660609         
  12380 10279      237.5956   621                    239.7898  1663537         
  12399 10298      236.2340   533                    239.7898  1666393         
  12425 10324      234.0327   526                    239.7898  1669104         
  12448 10347      232.1298   454                    239.7898  1672068         
  12477 10376      230.2023   420                    239.7898  1674947         
  12510 10408      229.0071   379                    239.7898  1677602         
  12551 10449      227.9285   395                    239.7898  1680187         
  12566 10464      236.3444   637                    239.7629  1682715         
Elapsed time = 3004.97 sec. (4524759.70 ticks, tree = 523.87 MB, solutions = 0)
  12586 10484      234.9517   455                    239.7629  1685548         
  12608 10506      233.2558   468                    239.7629  1688539         
  12634 10532      231.8254   489                    239.7629  1691479         
  12664 10562      229.7934   374                    239.7629  1694386         
  12703 10601      228.3017   417                    239.7629  1697142         
  12731 10629      227.2026   324                    239.7629  1699001         
  12746 10644      226.4180   324                    239.7629  1699767         
  12758 10656      228.6829   587                    239.7479  1702816         
  12768 10665      213.8274   368                    239.7479  1707193         
  12776 10670      226.4045   540                    239.7431  1710660         
Elapsed time = 3032.82 sec. (4565296.66 ticks, tree = 534.34 MB, solutions = 0)
  12789 10683      222.8303   519                    239.7431  1713963         
  12805 10699      219.4170   499                    239.7431  1717546         
  12826 10720      218.3240   530                    239.7431  1720295         
  12843 10737      217.5052   535                    239.7431  1722309         
  12870 10764      216.4710   467                    239.7431  1725133         
  12899 10793      215.5602   488                    239.7431  1727601         
  12934 10828      214.5791   392                    239.7431  1729992         
  12963 10857      213.6681   429                    239.7431  1732290         
  12986 10880      212.7565   464                    239.7431  1734338         
  13015 10909      212.1130   478                    239.7431  1736518         
Elapsed time = 3060.83 sec. (4604546.70 ticks, tree = 546.51 MB, solutions = 0)
  13045 10939      211.5327   460                    239.7431  1738480         
  13074 10968      209.9607   502                    239.7431  1740798         
  13103 10997      209.4877   444                    239.7431  1742524         
  13136 11030      208.8598   517                    239.7431  1744207         
  13157 11051      208.3180   546                    239.7431  1745384         
  13165 11059      226.1361   602                    239.7328  1749224         
  13175 11069      223.5124   522                    239.7328  1753109         
  13195 11089      222.4121   506                    239.7328  1756349         
  13212 11106      220.9742   502                    239.7328  1759733         
  13223 11117      218.9446   506                    239.7328  1762180         
Elapsed time = 3089.10 sec. (4644752.58 ticks, tree = 557.11 MB, solutions = 0)
  13239 11133      217.2849   532                    239.7328  1765285         
  13263 11157      216.0366   495                    239.7328  1767796         
  13288 11182      214.8017   463                    239.7328  1770677         
  13317 11211      212.7125   397                    239.7328  1773661         
  13347 11241      210.4746   435                    239.7328  1776664         
  13361 11255      235.6617   669                    239.7276  1779423         
  13377 11271      234.1574   573                    239.7276  1782364         
  13397 11291      232.7915   503                    239.7276  1785269         
  13418 11312      231.6149   413                    239.7276  1787973         
  13449 11343      230.6780   490                    239.7276  1790545         
Elapsed time = 3116.39 sec. (4683286.64 ticks, tree = 568.47 MB, solutions = 0)
  13471 11365      229.6444   425                    239.7276  1792933         
  13493 11387      228.2857   447                    239.7276  1795316         
  13505 11399      225.8763   431                    239.7276  1796879         
  13528 11422      225.0922   422                    239.7276  1798580         
  13551 11445      224.2191   429                    239.7276  1800058         
  13567 11461      233.0905   573                    239.7249  1802682         
  13583 11477      231.3617   514                    239.7249  1805860         
  13605 11499      229.9324   609                    239.7249  1808544         
  13629 11523      228.3090   492                    239.7249  1811334         
  13653 11547      225.6629   544                    239.7249  1814488         
Elapsed time = 3143.42 sec. (4722142.02 ticks, tree = 578.70 MB, solutions = 0)
  13680 11574      224.1553   511                    239.7249  1817070         
  13706 11600      222.4604   480                    239.7249  1819881         
  13736 11630      217.8215   415                    239.7249  1822987         
  13746 11640      212.7504   424                    239.7249  1826160         
  13762 11656      238.2968   553                    239.7233  1829403         
  13773 11667      230.7227   467                    239.7233  1832909         
  13783 11677      223.0984   346                    239.7233  1836249         
  13802 11696      219.3445   177                    239.7233  1839429         
  13817 11705      232.8193   563                    239.7201  1843164         
  13830 11718      231.3633   525                    239.7201  1845781         
Elapsed time = 3171.86 sec. (4764003.13 ticks, tree = 587.35 MB, solutions = 0)
  13850 11738      229.7927   572                    239.7201  1849255         
  13861 11749      229.2244   483                    239.7201  1851313         
  13879 11767      228.2106   553                    239.7201  1853633         
  13898 11786      226.3137   527                    239.7201  1856612         
  13912 11800      223.8052   517                    239.7201  1859084         
  13928 11816      222.7330   508                    239.7201  1861116         
  13952 11840      221.8678   465                    239.7201  1863028         
  13962 11850      221.1219   489                    239.7201  1863906         
  13991 11879      220.3835   513                    239.7201  1866033         
  14005 11893      219.1189   443                    239.7201  1867622         
Elapsed time = 3199.41 sec. (4803971.27 ticks, tree = 595.95 MB, solutions = 0)
  14026 11914      218.2422   403                    239.7201  1869407         
  14044 11932      217.5896   385                    239.7201  1871075         
  14059 11947      216.4958   457                    239.7201  1872945         
  14075 11963      215.8726   494                    239.7201  1874538         
  14110 11998      215.2018   391                    239.7201  1876361         
  14141 12029      213.8164   360                    239.7201  1878382         
  14158 12046      237.0001   465                    239.7143  1880764         
  14174 12062      235.7929   510                    239.7143  1883677         
  14195 12083      234.3294   424                    239.7143  1886354         
  14220 12108      233.2105   489                    239.7143  1889067         
Elapsed time = 3228.08 sec. (4844613.61 ticks, tree = 606.88 MB, solutions = 0)
  14243 12131      232.1299   498                    239.7143  1891821         
  14266 12154      231.1737   496                    239.7143  1894828         
  14287 12175      230.1090   480                    239.7143  1897247         
  14314 12202      229.0902   550                    239.7143  1900137         
  14350 12238      228.5953   514                    239.7143  1902290         
  14365 12253      234.4332   649                    239.7110  1905243         
  14383 12271      233.0526   571                    239.7110  1908140         
  14400 12288      230.8735   544                    239.7110  1911322         
  14421 12309      228.3207   533                    239.7110  1914187         
  14447 12335      226.4593   440                    239.7110  1917131         
Elapsed time = 3255.71 sec. (4883571.99 ticks, tree = 618.37 MB, solutions = 0)
  14479 12367      224.0640   470                    239.7110  1919941         
  14509 12397      223.0869   438                    239.7110  1922469         
  14534 12422      221.7677   453                    239.7110  1924717         
  14553 12441      220.9085   425                    239.7110  1926436         
  14570 12458      238.1137   532                    239.7050  1929239         
  14583 12471      236.3041   462                    239.7050  1932746         
  14600 12488      235.0198   599                    239.7050  1935703         
  14625 12513      233.5188   375                    239.7050  1938621         
  14655 12543      232.4115   402                    239.7050  1941364         
  14765 12653      229.4037   495                    239.6931  1952664         
Elapsed time = 3292.33 sec. (4935632.78 ticks, tree = 634.50 MB, solutions = 0)
  14831 12719      228.7064   276                    239.6931  1967469         
  14956 12830      211.6000   174                    239.6931  1977052         
  15048 12921      230.0914   478                    239.6841  1988753         
  15158 13030      236.9260   737                    239.6684  1997989         
  15250 13122      231.1257   513                    239.6684  2008775         
  15363 13235      237.8206   701                    239.6478  2019327         
  15428 13300      234.1741   703                    239.6478  2029796         
  15499 13371      230.1239   585                    239.6478  2040343         
  15561 13433      238.0692   602                    239.5766  2049490         
  15632 13504      231.5527   492                    239.5766  2061379         
Elapsed time = 3399.60 sec. (5089260.63 ticks, tree = 677.07 MB, solutions = 0)
  15756 13628      228.0721   384                    239.5766  2071570         
  15791 13663      233.3402   544                    239.5248  2083669         
  15854 13726      221.3294   289                    239.5248  2098161         
  15932 13804      218.9020   218                    239.5248  2107739         
  15977 13849      234.7023   570                    239.5151  2114436         
  16067 13939      229.6424   473                    239.5151  2125423         
  16161 14033      234.4501   597                    239.5127  2135792         
  16284 14156      228.1485   333                    239.5127  2146823         
  16389 14260      220.1697   516                    239.5097  2157848         
  16476 14347      210.9805   550                    239.5097  2169961         
Elapsed time = 3506.50 sec. (5243611.15 ticks, tree = 719.78 MB, solutions = 0)
  16576 14447      234.2811   547                    239.5037  2179158         
  16654 14525      227.7775   493                    239.5037  2191231         
  16764 14635      234.7293   500                    239.4793  2202143         
  16844 14715      224.0380   194                    239.4793  2216241         
  16934 14794      219.9991   154                    239.4793  2226262         
  17008 14862      231.7578   511                    239.4703  2237649         
  17089 14943      224.7276   479                    239.4703  2248364         
  17176 15030      235.0215   636                    239.4685  2256943         
  17206 15060      227.8595   573                    239.4685  2264897         
  17249 15102      222.0448   376                    239.4685  2275514         
Elapsed time = 3612.80 sec. (5398708.71 ticks, tree = 757.72 MB, solutions = 0)
  17327 15171      218.2268   271                    239.4685  2286452         
  17401 15245      234.5818   681                    239.4609  2298057         
  17495 15339      228.2821   459                    239.4609  2308895         
  17581 15425      234.6456   564                    239.4523  2320447         
  17670 15514      229.2356   493                    239.4523  2331303         
  17763 15607      235.6408   645                    239.4365  2341826         
  17811 15655      215.0477   258                    239.4365  2354597         
  17884 15720      230.1236   574                    239.4167  2366268         
  17972 15808      224.1600   343                    239.4167  2377226         
  18091 15926      215.9141   292                    239.4167  2386721         
Elapsed time = 3720.22 sec. (5553311.98 ticks, tree = 798.59 MB, solutions = 0)
  18184 16019      234.9062   530                    239.4140  2394209         
  18284 16119      229.9623   388                    239.4140  2404696         
  18383 16218      236.0195   495                    239.4096  2415341         
  18484 16319      229.2066   348                    239.4096  2427116         
  18583 16418      232.0533   479                    239.3738  2438318         
  18651 16486      226.7584   437                    239.3738  2450209         
  18751 16586      220.7688   382                    239.3738  2460508         
  18799 16622  -1.00000e+75   512                    239.3644  2473813         
  18871 16694      233.1447   463                    239.3607  2485138         
  18976 16799      228.4263   388                    239.3607  2496232         
Elapsed time = 3827.89 sec. (5707510.70 ticks, tree = 843.22 MB, solutions = 0)
  19096 16919      225.4165   438                    239.3607  2505942         
  19193 17016      222.9791   460                    239.3607  2511972         
  19294 17117      220.2802   442                    239.3607  2518047         
  19347 17169      216.9773   388                    239.3607  2522650         
  19414 17236      232.6644   383                    239.3593  2532679         
  19534 17356      227.4506   394                    239.3593  2543234         
  19600 17422      227.7508   558                    239.3577  2554492         
  19684 17506      220.8396   436                    239.3577  2565244         
  19768 17589      235.3616   513                    239.3571  2575780         
  19824 17645      216.8791   264                    239.3571  2590294         
Elapsed time = 3935.37 sec. (5860720.90 ticks, tree = 885.97 MB, solutions = 0)
  19912 17719      237.9807   569                    239.3484  2602135         
  19984 17791      231.9175   528                    239.3484  2612390         
  20089 17896      224.2615   445                    239.3484  2623885         
  20182 17989      237.5405   566                    239.3467  2634230         
  20261 18068      233.1076   555                    239.3467  2645216         
  20358 18165      235.0639   582                    239.3464  2656952         
  20430 18237      228.3737   486                    239.3464  2668750         
  20524 18331      221.7487   400                    239.3464  2679690         
  20591 18398      223.4666   523                    239.3461  2692331         
  20647 18454      214.6020   427                    239.3461  2703300         
Elapsed time = 4042.51 sec. (6014265.83 ticks, tree = 926.41 MB, solutions = 0)
  20735 18542      209.3329   434                    239.3461  2712856         
  20790 18597      225.0924   428                    239.3376  2725370         
  20872 18678      216.2929   196                    239.3376  2738430         
  20930 18735      218.3385   230                    239.3376  2749668         
  20980 18785      224.8886   508                    239.3207  2762774         
  21061 18866      217.6855   453                    239.3207  2773631         
  21163 18968      234.3032   696                    239.3121  2783301         
  21243 19048      225.7211   520                    239.3121  2793842         
  21346 19151      218.9963   340                    239.3121  2803094         
  21437 19242      229.9929   390                    239.2991  2814399         
Elapsed time = 4148.46 sec. (6168160.43 ticks, tree = 966.40 MB, solutions = 0)
  21558 19363      238.2119   700                    239.2639  2824095         
  21624 19429      231.9822   673                    239.2639  2834954         
  21702 19507      227.4585   589                    239.2639  2845195         
  21769 19574      237.9758   753                    239.2600  2854786         
  21810 19615      220.0028   333                    239.2600  2868039         
  21898 19701      214.9617   270                    239.2600  2881872         
  21982 19768      235.7374   680                    239.2336  2893463         
  22059 19845      229.8219   377                    239.2336  2905041         
  22129 19915      215.9732   361                    239.2336  2917081         
  22205 19991      230.7019   356                    239.2245  2928967         
Elapsed time = 4255.50 sec. (6322753.17 ticks, tree = 1003.58 MB, solutions = 0)
  22289 20075      225.1695   473                    239.2245  2939766         
  22378 20164      235.2388   420                    239.2190  2949828         
  22474 20260      223.3739   398                    239.2190  2962510         
  22567 20353      235.0951   589                    239.2151  2974965         
  22644 20430      230.3372   473                    239.2151  2986308         
  22749 20535      225.3099   427                    239.2151  2997812         
  22796 20582      214.2242   294                    239.1958  3012221         
  22894 20675      221.0749   435                    239.1909  3025318         
  22988 20769      215.1720   350                    239.1909  3036931         
  23124 20905      210.0112   372                    239.1909  3045683         
Elapsed time = 4363.54 sec. (6476463.27 ticks, tree = 1049.92 MB, solutions = 0)
  23226 21007      233.6636   308                    239.1809  3056686         
  23349 21129      223.2367   276                    239.1809  3067133         
  23418 21198      235.1202   615                    239.1708  3077073         
  23499 21279      231.1598   555                    239.1708  3087391         
  23568 21348      234.5462   680                    239.1700  3095566         
  23641 21421      229.6779   446                    239.1700  3107152         
  23758 21538      234.7999   758                    239.1640  3118675         
  23790 21570      225.2915   497                    239.1640  3131756         
  23848 21628      209.4837   288                    239.1640  3148133         
  23944 21719      236.2499   562                    239.1542  3160250         
Elapsed time = 4473.08 sec. (6631240.71 ticks, tree = 1090.81 MB, solutions = 0)
  24046 21821      230.9654   318                    239.1542  3170536         
  24165 21940      235.1010   650                    239.1521  3181447         
  24238 22013      230.0462   495                    239.1521  3192867         
  24351 22126      222.9858   354                    239.1521  3204126         
  24424 22199      235.0096   390                    239.1470  3213703         
  24564 22339      233.9980   652                    239.1419  3224112         
  24660 22435      228.1198   384                    239.1419  3235939         
  24770 22545      224.8228   538                    239.1394  3246536         
  24821 22590      236.0656   574                    239.1347  3259600         
  24914 22683      230.7209   531                    239.1347  3271105         
Elapsed time = 4588.89 sec. (6786027.97 ticks, tree = 1139.67 MB, solutions = 0)
  25040 22809      226.3040   353                    239.1347  3281433         
  25148 22915      222.8891   392                    239.1347  3289395         
  25246 23012      231.3212   352                    239.1273  3300089         
  25368 23134      232.4386   592                    239.1215  3311342         
  25443 23209      224.3019   484                    239.1215  3322539         
  25554 23320      219.5667   429                    239.1215  3333196         
  25656 23422      232.4877   381                    239.1074  3344203         
  25776 23542      223.8355   386                    239.1052  3356036         
  25856 23617      236.2346   584                    239.0851  3369242         
  25926 23687      228.9058   532                    239.0851  3380698         
Elapsed time = 4705.88 sec. (6940328.05 ticks, tree = 1190.47 MB, solutions = 0)
  25993 23754      205.5697   463                    239.0851  3392312         
  26138 23892      236.8973   658                    239.0835  3405969         
  26244 23998      229.0324   414                    239.0835  3418130         
  26364 24118      229.8673   551                    239.0759  3427613         
  26448 24202      223.8994   466                    239.0759  3438685         
  26556 24310      215.9488   353                    239.0759  3450351         
  26635 24389      232.1514   527                    239.0744  3461486         
  26729 24483      221.8073   374                    239.0744  3473142         
  26798 24550      232.5380   289                    239.0695  3486971         
  26912 24664      223.9145   139                    239.0695  3497956         
Elapsed time = 4822.41 sec. (7094490.05 ticks, tree = 1240.22 MB, solutions = 0)
  26991 24741      231.5558   448                    239.0665  3506851         
  27100 24850      223.3795   302                    239.0665  3518635         
  27191 24941      227.7279   440                    239.0664  3530197         
  27273 25023      219.0737   476                    239.0664  3541711         
  27373 25123      234.4266   379                    239.0511  3552001         
  27489 25239      226.2169   338                    239.0511  3563922         
  27593 25343      229.1260   566                    239.0431  3575668         
  27682 25432      223.4083   496                    239.0431  3587119         
  27769 25519      229.9068   476                    239.0380  3596891         
  27829 25579      220.9589   221                    239.0380  3611072         
Elapsed time = 4936.32 sec. (7247668.42 ticks, tree = 1286.82 MB, solutions = 0)
  27954 25702      217.5189   139                    239.0380  3624737         
  28029 25777      230.9862   613                    239.0365  3636443         
  28130 25878      224.0704   485                    239.0365  3647471         
  28211 25959      215.0288   478                    239.0358  3660806         
  28325 26073      207.3797   464                    239.0358  3671683         
  28385 26129      232.0476   424                    239.0296  3679727         
  28499 26243      225.7007   316                    239.0296  3691223         
  28599 26343      233.3805   620                    239.0248  3702470         
  28672 26416      224.9528   415                    239.0248  3714614         
  28763 26507      229.5102   470                    239.0229  3726527         
Elapsed time = 5051.64 sec. (7401605.64 ticks, tree = 1333.90 MB, solutions = 0)
  28831 26569      212.1043   195                    239.0229  3739662         
  28919 26656      206.5878   188                    239.0229  3751496         
  29000 26734      234.8968   590                    239.0202  3762115         
  29088 26822      229.7977   509                    239.0202  3772959         
  29187 26921      235.9473   500                    239.0143  3783226         
  29287 27021      230.5356   442                    239.0143  3794397         
  29378 27108      234.0929   756                    239.0080  3806502         
  29447 27177      229.8959   649                    239.0080  3817276         
  29538 27268      226.1207   547                    239.0080  3826973         
  29645 27375      223.0518   369                    239.0080  3835262         
Elapsed time = 5166.43 sec. (7555851.33 ticks, tree = 1377.18 MB, solutions = 0)
  29748 27478      219.5968   413                    239.0080  3842882         
  29784 27514      223.1990   504                    239.0024  3857076         
  29839 27569      211.8461   420                    239.0024  3871976         
  29913 27633      235.5557   611                    238.9966  3882736         
  29986 27706      227.6871   471                    238.9966  3894304         
  30092 27812      221.7413   363                    238.9966  3904426         
  30188 27908      236.0607   455                    238.9929  3914740         
  30292 28012      229.0602   331                    238.9929  3926815         
  30383 28103      230.4150   504                    238.9746  3938581         
  30501 28221      226.8005   428                    238.9746  3948635         
Elapsed time = 5279.25 sec. (7709775.57 ticks, tree = 1419.83 MB, solutions = 0)
  30604 28324      229.8816   399                    238.9707  3960130         
  30736 28456      225.1139   351                    238.9707  3969604         
  30812 28532      231.9194   317                    238.9620  3982698         
  30933 28649      217.7813   193                    238.9620  3996787         
  31018 28734      232.6081   532                    238.9456  4008053         
  31123 28839      228.2183   389                    238.9456  4018795         
  31205 28921      231.8206   520                    238.9451  4029208         
  31327 29043      227.0322   468                    238.9451  4040369         
  31430 29146      232.3011   423                    238.9437  4051428         
  31558 29274      237.6187   654                    238.9337  4063091         
Elapsed time = 5394.82 sec. (7864002.42 ticks, tree = 1473.11 MB, solutions = 0)
  31643 29359      232.2031   411                    238.9337  4074575         
  31736 29452      228.6049   288                    238.9337  4087018         
  31805 29521      225.0131   232                    238.9333  4101805         
  31908 29617      237.2018   547                    238.9294  4117119         
  32009 29718      231.0146   396                    238.9294  4126607         
  32110 29818      223.7640   379                    238.9294  4138254         
  32127 29829      237.3629   574                    238.9160  4147424         
  32211 29913      228.5813   507                    238.9160  4159231         
  32336 30038      219.5116   417                    238.9160  4169851         
  32418 30120      231.3841   419                    238.9094  4181517         
Elapsed time = 5506.02 sec. (8018962.78 ticks, tree = 1516.13 MB, solutions = 0)
  32551 30253      225.8354   381                    238.9094  4192275         
  32639 30341      232.1747   437                    238.9085  4203333         
  32738 30440      225.7257   370                    238.9085  4213812         
  32805 30505      222.9800   334                    238.8904  4227376         
  32903 30603      213.9178   147                    238.8904  4240577         
  32978 30678      226.5175   669                    238.8870  4252943         
  33057 30757      217.1730   475                    238.8870  4264013         
  33166 30866      237.5643   591                    238.8797  4274748         
  33274 30974      231.3910   446                    238.8797  4286169         
  33383 31083      230.3658   396                    238.8779  4298272         
Elapsed time = 5617.40 sec. (8173252.75 ticks, tree = 1564.99 MB, solutions = 0)
  33503 31203      220.8744   407                    238.8779  4310332         
  33608 31308      234.6030   523                    238.8743  4320451         
  33705 31405      228.7396   320                    238.8743  4332329         
  33776 31476      229.3299   498                    238.8666  4345016         
  33872 31565      236.9845   524                    238.8539  4359424         
  33958 31651      231.1789   478                    238.8539  4371083         
  34052 31745      225.0369   487                    238.8539  4383053         
  34174 31867      235.8996   630                    238.8383  4394415         
  34263 31956      228.1073   461                    238.8383  4406049         
  34375 32066      235.9498   572                    238.8307  4417011         
Elapsed time = 5728.88 sec. (8326878.27 ticks, tree = 1614.74 MB, solutions = 0)
  34479 32170      229.6544   473                    238.8307  4428127         
  34605 32296      225.7797   327                    238.8307  4438409         
  34715 32406      221.3689   317                    238.8307  4449279         
  34776 32467      232.8795   470                    238.8293  4460494         
  34824 32515      220.7400   196                    238.8293  4474777         
  34917 32608      207.6941   111                    238.8293  4487797         
  34995 32686      232.2458   434                    238.8271  4498393         
  35138 32829      225.5279   363                    238.8271  4508927         
  35244 32935      226.2328   368                    238.8225  4521232         
  35361 33052      236.3591   515                    238.8142  4532103         
Elapsed time = 5840.77 sec. (8480193.25 ticks, tree = 1666.46 MB, solutions = 0)
  35461 33152      231.3331   445                    238.8142  4542880         
  35564 33255      235.4473   572                    238.8128  4554746         
  35675 33366      229.0553   475                    238.8128  4566303         
  35774 33465      234.4419   425                    238.8092  4578335         
  35859 33550      220.2431   204                    238.8092  4592570         
  35971 33660      236.6812   614                    238.7986  4604705         
  36066 33755      230.1850   403                    238.7986  4616393         
  36174 33863      236.1546   580                    238.7885  4627981         
  36256 33945      229.7505   441                    238.7885  4639576         
  36359 34048      236.1376   530                    238.7852  4650286         
Elapsed time = 5957.12 sec. (8634360.30 ticks, tree = 1717.19 MB, solutions = 0)
  36462 34151      228.4092   376                    238.7852  4662725         
  36582 34271      235.0507   493                    238.7849  4673579         
  36706 34395      226.7978   327                    238.7849  4685753         
  36805 34492      228.5198   201                    238.7841  4699318         
  36918 34605      224.5439   285                    238.7841  4713954         
  36992 34679      227.3400   426                    238.7800  4725995         
  37114 34801      221.1804   333                    238.7800  4737137         
  37204 34891      234.3080   562                    238.7798  4748523         
  37295 34982      228.9682   502                    238.7798  4759229         
  37373 35060      223.9085   586                    238.7797  4770255         
Elapsed time = 6071.98 sec. (8787810.31 ticks, tree = 1768.44 MB, solutions = 0)
  37446 35133      217.0393   543                    238.7797  4781219         
  37537 35224      212.4547   409                    238.7797  4791475         
  37622 35309      231.8882   363                    238.7791  4800986         
  37758 35445      237.9354   536                    238.7746  4812119         
  37822 35509      216.3372   141                    238.7746  4826752         
  37935 35622      213.9122   202                    238.7746  4837728         
  38059 35746      230.8426   398                    238.7613  4848947         
  38171 35858      236.7767   660                    238.7613  4861066         
  38267 35954      232.7209   429                    238.7613  4871283         
  38352 36035      224.7955   421                    238.7613  4881913         
Elapsed time = 6187.87 sec. (8941795.42 ticks, tree = 1817.67 MB, solutions = 0)
  38423 36106      235.0887   586                    238.7555  4892268         
  38514 36197      228.8959   557                    238.7555  4902903         
  38608 36291      233.7812   389                    238.7519  4913961         
  38741 36424      226.3399   397                    238.7519  4925798         
  38800 36483      227.7715   172                    238.7466  4938572         
  38858 36527      220.1409   211                    238.7466  4949168         
  38918 36578      229.9643   466                    238.7419  4959062         
  39036 36696      225.3323   347                    238.7419  4970059         
  39156 36811      221.7099   308                    238.7419  4978731         
  39232 36887      229.1485   486                    238.7403  4990339         
Elapsed time = 6303.60 sec. (9097121.88 ticks, tree = 1860.90 MB, solutions = 0)
  39358 37013      237.9349   538                    238.7367  5001160         
  39468 37123      231.3779   330                    238.7367  5012141         
  39567 37222      234.0638   521                    238.7247  5023809         
  39667 37322      218.5880   389                    238.7247  5035994         
  39770 37425      234.8505   401                    238.7197  5048852         
  39833 37488      226.6754   230                    238.7197  5064524         
  39915 37567      214.5261   177                    238.7197  5080212         
  39984 37632      231.9951   526                    238.7113  5092649         
  40104 37752      227.2470   334                    238.7113  5103242         
  40196 37844      233.0858   569                    238.7094  5113945         
Elapsed time = 6419.57 sec. (9252352.84 ticks, tree = 1909.10 MB, solutions = 0)
  40284 37932      227.7009   447                    238.7094  5124781         
  40363 38011      236.2099   580                    238.7049  5133495         
  40435 38083      230.2695   493                    238.7049  5144854         
  40517 38165      215.9248   428                    238.7049  5156927         
  40604 38252      234.6685   470                    238.7030  5168421         
  40710 38358      228.9688   457                    238.7030  5179361         
  40797 38445      228.1960   238                    238.7027  5192119         
  40905 38553      213.2010   144                    238.7027  5204223         
  40985 38621      234.8568   622                    238.7024  5214952         
  41077 38713      228.6669   469                    238.7024  5226103         
Elapsed time = 6534.94 sec. (9406029.17 ticks, tree = 1952.94 MB, solutions = 0)
  41164 38800      236.5866   503                    238.6967  5238144         
  41257 38893      230.4751   500                    238.6967  5249307         
  41365 39001      237.8735   680                    238.6948  5260405         
  41455 39091      233.2368   588                    238.6948  5270890         
  41538 39174      220.8227   513                    238.6948  5282018         
  41606 39240      235.3854   492                    238.6869  5293106         
  41699 39333      229.3621   520                    238.6869  5304198         
  41772 39406      235.6830   683                    238.6825  5316012         
  41830 39464      225.5708   318                    238.6825  5329775         
  41870 39501      236.5874   644                    238.6815  5342329         
Elapsed time = 6649.20 sec. (9560162.86 ticks, tree = 1992.36 MB, solutions = 0)
  41976 39607      231.3346   362                    238.6815  5353358         
  42047 39678      222.9989   407                    238.6815  5367106         
  42113 39739      233.0170   407                    238.6703  5380605         
  42229 39854      222.8224   313                    238.6703  5392958         
  42264 39885      230.1671   622                    238.6697  5407696         
  42349 39970      224.2596   586                    238.6697  5418779         
  42438 40059      215.4261   437                    238.6697  5429489         
  42553 40174      210.9456   402                    238.6697  5438428         
  42667 40288      205.1897   376                    238.6697  5447654         
  42739 40347      237.3389   520                    238.6502  5459637         
Elapsed time = 6764.81 sec. (9714151.35 ticks, tree = 2035.41 MB, solutions = 0)
  42816 40424      213.5165   212                    238.6502  5475895         
  42913 40516      231.7546   397                    238.6398  5488054         
  43021 40624      226.7035   486                    238.6398  5499184         
  43152 40755      222.4927   367                    238.6398  5508879         
  43216 40817      230.6038   427                    238.6251  5519989         
  43348 40949      225.2786   324                    238.6251  5531631         
  43497 41098      219.9884   269                    238.6251  5540439         
  43580 41181      222.1268   630                    238.6249  5548695         
  43667 41268      214.3597   496                    238.6249  5560735         
  43765 41366      229.5886   443                    238.6208  5571600         
Elapsed time = 6878.50 sec. (9867731.25 ticks, tree = 2087.32 MB, solutions = 0)
Nodefile size = 39.81 MB (26.32 MB after compression)
  43833 41434      220.9444   224                    238.6208  5586225         
  43958 41549      236.2818   562                    238.6120  5594918         
  44056 41647      230.4117   345                    238.6120  5606625         
  44179 41770      236.6322   449                    238.6110  5618141         
  44295 41886      227.3590   449                    238.6110  5629766         
  44394 41985      234.5759   445                    238.6104  5640816         
  44506 42097      228.9249   465                    238.6104  5652031         
  44605 42196      219.2784   544                    238.6101  5663911         
  44694 42285      208.5966   452                    238.6101  5676445         
  44786 42377      216.3334   297                    238.6082  5690096         
Elapsed time = 6990.39 sec. (10021743.27 ticks, tree = 2138.76 MB, solutions = 0)
Nodefile size = 91.18 MB (58.76 MB after compression)
  44874 42459      223.4228   510                    238.5978  5705502         
  44970 42555      218.1168   427                    238.5978  5717280         
  45134 42719      214.0653   379                    238.5978  5727674         
  45234 42819      231.5727   432                    238.5938  5739003         
  45358 42943      237.4788   473                    238.5872  5749795         
  45455 43040      232.4487   429                    238.5872  5761165         
  45561 43146      229.0459   554                    238.5843  5773667         
  45650 43235      218.2529   345                    238.5843  5786073         
  45764 43349      227.5855   323                    238.5834  5797917         
  45830 43415      219.2695   259                    238.5834  5813373         
Elapsed time = 7103.18 sec. (10176208.74 ticks, tree = 2191.78 MB, solutions = 0)
Nodefile size = 144.51 MB (92.01 MB after compression)
  45914 43499      203.2546   239                    238.5834  5825016         
  45997 43582      233.7183   558                    238.5780  5835181         
  46107 43692      228.9385   375                    238.5780  5846194         
  46231 43816      230.9814   297                    238.5749  5857317         
  46368 43951      235.0981   562                    238.5685  5869262         
  46447 44030      228.9456   438                    238.5685  5881386         
  46546 44127      210.8298   269                    238.5685  5894087         
  46620 44201      235.7320   727                    238.5671  5904530         

GUB cover cuts applied:  22
Clique cuts applied:  10
Cover cuts applied:  10
Implied bound cuts applied:  24
Flow cuts applied:  10
Mixed integer rounding cuts applied:  151
Zero-half cuts applied:  107
Lift and project cuts applied:  4
Gomory fractional cuts applied:  5

Root node processing (before b&c):
  Real time             =   16.60 sec. (26596.66 ticks)
Sequential b&c:
  Real time             = 7183.40 sec. (10284768.75 ticks)
                          ------------
Total (root+branch&cut) = 7200.00 sec. (10311365.41 ticks)

CPLEX Sol status: Unknown
Instance Name: sarp-50-25-B-2

K: 8
Profits: 
0: 4.266
1: 4.038
2: 3.525
3: 3.696
4: 4.551
5: 4.266
6: 3.468
7: 3.525
8: 4.38
9: 5.292
10: 4.437
11: 4.551
12: 4.38
13: 4.266
14: 4.38
15: 4.437
16: 4.893
17: 3.639
18: 3.867
19: 4.038
20: 5.406
21: 3.867
22: 4.836
23: 4.038
24: 4.665
25: 4.437
26: 3.525
27: 4.95
28: 4.095
29: 4.836
30: 4.323
31: 3.696
32: 4.323
33: 3.468
34: 4.722
35: 3.696
36: 5.862
37: 4.38
38: 3.867
39: 5.52
40: 5.235
41: 4.437
42: 3.924
43: 5.862
44: 3.924
45: 4.95
46: 3.639
47: 4.038
48: 5.007
49: 5.406
50: 6.226
51: 5.396
52: 8.052
53: 4.815
54: 4.566
55: 4.317
56: 5.562
57: 5.147
58: 3.985
59: 4.068
60: 3.819
61: 5.894
62: 3.487
63: 4.898
64: 6.724
65: 8.55
66: 4.732
67: 5.313
68: 7.72
69: 5.064
70: 5.313
71: 8.135
72: 5.728
73: 6.06
74: 4.981
75: 0
76: 0
77: 0
78: 0
79: 0
80: 0
81: 0
82: 0
83: 0
84: 0
85: 0
86: 0
87: 0
88: 0
89: 0
90: 0
91: 0
92: 0
93: 0
94: 0
95: 0
96: 0
97: 0
98: 0
99: 0
100: 0
101: 0
102: 0
103: 0
104: 0
105: 0
106: 0
107: 0
108: 0
109: 0
110: 0
111: 0
112: 0
113: 0
114: 0
115: 0
Multi parcel
MIP Node V2
profit: 218.829
cutoff: 34.3
Cutoff Value: 184.529
Version identifier: 22.1.1.0 | 2022-11-28 | 9160aff4d
CPXPARAM_Threads                                 1
CPXPARAM_TimeLimit                               7200
CPXPARAM_MIP_Tolerances_LowerCutoff              184.52900000000011
Tried aggregator 2 times.
MIP Presolve eliminated 4632 rows and 2120 columns.
MIP Presolve modified 9161 coefficients.
Aggregator did 37 substitutions.
Reduced MIP has 3883 rows, 47212 columns, and 178993 nonzeros.
Reduced MIP has 47162 binaries, 0 generals, 0 SOSs, and 0 indicators.
Presolve time = 0.18 sec. (209.93 ticks)
Tried aggregator 1 time.
Detecting symmetries...
Reduced MIP has 3883 rows, 47212 columns, and 178993 nonzeros.
Reduced MIP has 47162 binaries, 0 generals, 0 SOSs, and 0 indicators.
Presolve time = 0.10 sec. (89.55 ticks)
Probing time = 0.02 sec. (16.98 ticks)
Clique table members: 31819.
MIP emphasis: balance optimality and feasibility.
MIP search method: dynamic search.
Parallel mode: none, using 1 thread.
Root relaxation solution time = 1.19 sec. (1889.30 ticks)

        Nodes                                         Cuts/
   Node  Left     Objective  IInf  Best Integer    Best Bound    ItCnt     Gap

      0     0      232.7689   497                    232.7689     4302         
      0     0      228.7131   627                   Cuts: 307     5559         
      0     0      227.5582   575                   Cuts: 168     6204         
      0     0      227.1853   660                   Cuts: 269     6727         
      0     0      227.0638   644                   Cuts: 169     6921         
      0     0      227.0269   682                    Cuts: 77     7082         
Detecting symmetries...
      0     0      227.0141   631                    Cuts: 21     7208         
      0     0      226.8924   693                    Cuts: 10     7403         
      0     0      226.8827   685                     Cuts: 8     7478         
      0     0      226.7834   734                    Cuts: 51     7723         
      0     0      226.6704   738                    Cuts: 13     7986         
      0     0      226.6626   716                   Cuts: 127     8052         
      0     0      226.6623   723                     Cuts: 7     8071         
      0     0      226.6623   724                 Impl Bds: 1     8072         
Detecting symmetries...
      0     2      226.6623   724                    226.6262     8072         
Elapsed time = 12.63 sec. (17719.36 ticks, tree = 0.01 MB, solutions = 0)
      1     3      224.2288   531                    226.6262     8523         
      3     5      224.0587   635                    226.3228     8862         
      4     6      223.9556   535                    226.3228     9165         
      7     9      223.5879   637                    226.3228     9575         
      8    10      222.2850   580                    226.3228    10182         
     10    12      222.1227   517                    226.3228    10625         
     11    13      221.0666   542                    226.3228    11310         
     13    15      221.9463   428                    226.3228    11563         
     15    17      213.6477   259                    226.3228    12620         
     17    19      221.5890   537                    226.3228    12973         
Elapsed time = 15.67 sec. (22895.41 ticks, tree = 0.77 MB, solutions = 0)
     18    20      218.3456   432                    226.3228    13666         
     20    22      217.6671   392                    226.3228    14285         
     27    29      216.3297   362                    226.3228    15479         
     35    37      215.3850   326                    226.3228    16641         
     41    43      212.8959   225                    226.3228    18054         
     54    54      208.5743   197                    226.3228    19584         
     63    63      208.2274   179                    226.3228    21037         
     77    77      199.8592   158                    226.3228    22777         
     92    92      195.4947   134                    226.3228    24724         
    107   105      198.1299   130                    226.3228    26509         
Elapsed time = 22.32 sec. (33482.05 ticks, tree = 5.05 MB, solutions = 0)
    121   107      225.2166   612                    226.3228    27835         
    123   109      216.2111   462                    226.3228    29180         
    125   111      216.3627   366                    226.3228    30373         
    131   115      212.2000   442                    226.3228    32095         
    139   123      207.3613   257                    226.3228    33708         
    144   128      206.0297   231                    226.3228    34478         
    154   138      204.5723   213                    226.3228    35980         
    170   154      203.0095   188                    226.3228    37367         
    186   168      198.9194   126                    226.3228    38629         
    220   200      195.9018   113                    226.3228    40400         
Elapsed time = 29.25 sec. (44442.56 ticks, tree = 9.74 MB, solutions = 0)
    232   208      226.2076   697                    226.2915    41933         
    239   215      225.0728   589                    226.2915    43326         
    243   219      224.6443   667                    226.2915    44213         
    251   227      223.9512   653                    226.2915    45231         
    257   233      223.0974   589                    226.2915    46399         
    262   238      222.4077   655                    226.2915    47311         
    266   242      221.8496   557                    226.2915    48441         
    270   246      221.4052   612                    226.2915    49395         
    273   249      219.7978   531                    226.2915    50619         
    278   254      219.3195   543                    226.2915    51639         
Elapsed time = 35.82 sec. (55403.41 ticks, tree = 12.12 MB, solutions = 0)
    280   256      218.5219   549                    226.2915    52289         
    283   259      217.6395   587                    226.2915    53316         
    286   262      216.5769   579                    226.2915    54323         
    291   267      216.1956   573                    226.2915    55439         
    296   272      215.6866   601                    226.2915    56487         
    299   275      214.8133   618                    226.2915    57505         
    301   277      214.5631   599                    226.2915    58001         
    305   281      214.0066   598                    226.2915    58991         
    311   287      213.6404   636                    226.2915    60035         
    317   293      213.2730   619                    226.2915    60951         
Elapsed time = 45.49 sec. (70952.81 ticks, tree = 13.82 MB, solutions = 0)
    320   296      213.1463   591                    226.2915    61423         
    327   303      212.6575   541                    226.2915    62448         
    334   310      212.2724   585                    226.2915    63366         
    340   316      211.9138   586                    226.2915    64154         
    345   321      211.2998   687                    226.2915    65099         
    350   326      210.3624   676                    226.2915    66269         
    355   331      210.0332   644                    226.2915    67286         
    361   337      209.5718   667                    226.2915    68223         
    365   341      209.0637   662                    226.2915    69284         
    370   346      208.5951   645                    226.2915    70323         
Elapsed time = 53.87 sec. (84737.87 ticks, tree = 16.12 MB, solutions = 0)
    378   354      208.0036   649                    226.2915    71414         
    384   360      207.4590   660                    226.2915    72484         
    392   368      207.1130   658                    226.2915    73456         
    400   376      206.7978   691                    226.2915    74452         
    403   379      216.6166   560                    226.2468    75712         
    409   385      215.5255   553                    226.2468    76834         
    416   392      214.4946   560                    226.2468    77952         
    420   396      213.6242   540                    226.2468    79031         
    426   402      212.8345   572                    226.2468    80241         
    432   408      212.2093   575                    226.2468    81355         
Elapsed time = 60.36 sec. (95663.43 ticks, tree = 18.95 MB, solutions = 0)
    438   414      210.9751   631                    226.2468    82521         
    440   416      210.5894   645                    226.2468    83137         
    448   424      209.7670   552                    226.2468    84190         
    453   429      208.5510   609                    226.2468    85337         
    459   435      207.8869   577                    226.2468    86308         
    466   442      207.3109   584                    226.2468    87365         
    470   446      206.3177   537                    226.2468    88491         
    477   453      205.8352   629                    226.2468    89485         
    486   462      205.3849   532                    226.2468    90524         
    493   469      204.8636   514                    226.2468    91542         
Elapsed time = 67.59 sec. (107673.04 ticks, tree = 21.92 MB, solutions = 0)
    498   474      204.2987   544                    226.2468    92612         
    503   479      203.0717   550                    226.2468    93661         
    507   483      202.0389   600                    226.2468    94748         
    511   487      200.4306   522                    226.2468    95857         
    517   493      200.0662   568                    226.2468    96900         
    520   496      199.4733   584                    226.2468    97617         
    526   502      199.2261   576                    226.2468    98571         
    531   507      198.4406   602                    226.2468    99619         
    540   516      198.1188   598                    226.2468   100661         
    547   523      197.7768   626                    226.2468   101649         
Elapsed time = 74.48 sec. (119114.10 ticks, tree = 24.58 MB, solutions = 0)
    556   532      197.4237   648                    226.2468   102654         
    560   536      197.2788   600                    226.2468   103052         
    571   547      197.0378   632                    226.2468   104016         
    580   556      196.7231   677                    226.2468   104985         
    589   565      196.5169   604                    226.2468   105929         
    600   576      196.3300   579                    226.2468   106675         
    602   578      217.2944   582                    226.0158   107892         
    610   586      216.1827   506                    226.0158   108910         
    612   588      214.6229   462                    226.0158   110078         
    628   604      210.6754   540                    226.0158   114304         
Elapsed time = 84.22 sec. (135063.11 ticks, tree = 28.54 MB, solutions = 0)
    652   628      208.1956   585                    226.0158   118362         
    677   653      205.8365   629                    226.0158   122227         
    686   662      204.8834   606                    226.0158   123936         
    710   686      202.7947   598                    226.0158   127745         
    720   696      202.1268   593                    226.0158   129222         
    745   721      200.2843   497                    226.0158   133090         
    760   736      197.7143   608                    226.0158   137238         
    777   753      195.7846   613                    226.0158   140538         
    795   771      193.7593   617                    226.0158   144695         
    808   784      223.2935   557                    225.9922   147710         
Elapsed time = 110.21 sec. (177002.05 ticks, tree = 37.34 MB, solutions = 0)
    831   807      218.8987   245                    225.9922   152828         
    877   853      208.7208   191                    225.9922   158755         
    947   919      195.0855   141                    225.9922   165623         
    990   956      222.7510   592                    225.9219   171396         
   1004   970      219.3275   629                    225.9219   175498         
   1028   994      217.4874   742                    225.9219   179538         
   1040  1006      216.3185   714                    225.9219   181385         
   1068  1034      215.1633   610                    225.9219   185253         
   1106  1072      214.0346   619                    225.9219   188982         
   1120  1086      213.5323   575                    225.9219   190678         
Elapsed time = 135.34 sec. (217657.90 ticks, tree = 52.21 MB, solutions = 0)
   1167  1133      212.6445   591                    225.9219   194415         
   1202  1168      225.1226   645                    225.8682   198050         
   1218  1184      219.3344   680                    225.8682   202047         
   1242  1208      217.5706   590                    225.8682   206064         
   1265  1231      216.0126   642                    225.8682   210055         
   1280  1246      214.6623   566                    225.8682   212495         
   1316  1282      211.8165   584                    225.8682   216638         
   1346  1312      209.9087   542                    225.8682   220532         
   1383  1349      208.9008   632                    225.8682   224396         
   1412  1378      221.1922   561                    225.8181   228334         
Elapsed time = 160.24 sec. (258783.55 ticks, tree = 66.49 MB, solutions = 0)

Performing restart 1

Repeating presolve.
Tried aggregator 1 time.
MIP Presolve modified 43738 coefficients.
Reduced MIP has 3883 rows, 47212 columns, and 168443 nonzeros.
Reduced MIP has 47162 binaries, 0 generals, 0 SOSs, and 0 indicators.
Presolve time = 0.11 sec. (141.55 ticks)
Tried aggregator 1 time.
Reduced MIP has 3883 rows, 47212 columns, and 168443 nonzeros.
Reduced MIP has 47162 binaries, 0 generals, 0 SOSs, and 0 indicators.
Presolve time = 0.10 sec. (92.79 ticks)
Represolve time = 0.58 sec. (534.08 ticks)
   1422     0      225.0555   644                    Cuts: 40   237289         
   1422     0      224.6098   687                   Cuts: 154   237807         
   1422     0      223.8446   765                   Cuts: 142   238544         
   1422     0      223.3708   616                    Cuts: 30   238979         
   1422     0      223.2247   644                    Cuts: 54   239235         
   1422     0      223.1228   613                    Cuts: 29   239512         
   1422     0      223.0755   678                    Cuts: 23   239676         
   1422     0      223.0749   683                     Cuts: 7   239724         
   1422     0      223.0574   675                     Cuts: 8   239795         
   1422     0      223.0159   692                    Cuts: 12   239937         
   1422     0      222.9772   700                    Cuts: 13   240090         
   1422     0      222.8752   716                    Cuts: 18   240393         
   1422     0      222.8486   731                    Cuts: 21   240506         
   1422     0      222.8360   702                    Cuts: 12   240605         
   1422     0      222.8156   656                     Cuts: 9   240768         
   1422     0      222.8075   747                    Cuts: 17   240864         
   1422     0      222.7930   727                     Cuts: 8   240958         
   1422     0      222.7912   763                    Cuts: 13   241008         
   1422     0      222.6521   720                     Cuts: 6   241289         
   1422     0      222.6291   737                   Cuts: 103   241424         
   1422     0      222.6108   749                    Cuts: 19   241530         
   1422     0      222.6108   747                 ZeroHalf: 1   241534         
   1422     2      222.6108   746                    222.6102   241534         
   1423     3      222.4208   674                    222.4199   242041         
   1424     4      222.1954   650                    222.4193   242567         
   1425     5      220.6548   670                    222.3201   243750         
   1426     6      222.0287   655                    222.3201   244101         
   1427     7      222.0271   650                    222.3201   244155         
   1428     8      216.1217   650                    222.3201   245562         
   1429     9      221.8975   627                    222.3201   245758         
   1430    10      220.6440   636                    222.3201   246583         
   1431    11      221.8312   596                    222.3201   246776         
Elapsed time = 298.40 sec. (479424.55 ticks, tree = 0.40 MB, solutions = 0)
   1432    12      221.8114   588                    222.3201   246920         
   1433    13      221.7082   642                    222.3201   247236         
   1434    14      210.4783   570                    222.3201   248876         
   1435    15      221.6784   628                    222.3201   249073         
   1436    16      221.6627   625                    222.3201   249220         
   1437    17      216.9752   637                    222.3201   251105         
   1438    18      216.8834   675                    222.3201   251439         
   1439    18      208.9229   462                    222.3201   253289         
   1440    19      208.8933   426                    222.3201   253592         
   1441    19      208.3067   452                    222.3201   253952         
Elapsed time = 344.89 sec. (556196.47 ticks, tree = 0.80 MB, solutions = 0)
   1442    20      208.2349   452                    222.3201   254312         
   1443    20      208.0154   465                    222.3201   254615         
   1446    23      207.5503   543                    222.3201   255246         
   1448    25      204.8247   544                    222.3201   256472         
   1450    26      199.6926   395                    222.3201   258148         
   1454    26      221.6441   599                    222.1922   261042         
   1455    27      221.4523   660                    222.1922   261436         
   1456    28      221.2896   637                    222.1922   261749         
   1458    30      221.0266   629                    222.1922   262893         
   1459    31      220.5761   661                    222.1922   263534         
Elapsed time = 387.23 sec. (625490.53 ticks, tree = 1.30 MB, solutions = 0)
   1460    32      219.7140   622                    222.1922   264294         
   1461    33      219.4648   512                    222.1922   265144         
   1466    38      219.1968   603                    222.1922   266316         
   1468    40      218.2591   482                    222.1922   267711         
   1470    42      216.9333   467                    222.1922   268321         
   1472    44      193.7108   517                    222.1922   270385         
   1474    46      217.7008   487                    222.1922   271268         
   1476    48      217.3689   408                    222.1922   272394         
   1478    50      216.8583   388                    222.1922   273052         
   1481    53      216.9637   522                    222.1922   273788         
Elapsed time = 421.58 sec. (681225.05 ticks, tree = 2.28 MB, solutions = 0)
   1482    54      203.1532   455                    222.1922   274951         
   1485    57      216.4005   516                    222.1922   275807         
   1488    59      216.3301   502                    222.1922   276637         
   1492    61      215.2238   526                    222.1922   277650         
   1498    64      213.8602   498                    222.1922   278630         
   1503    65      219.2433   723                    221.8972   281646         
   1508    70      218.9286   770                    221.8972   282727         
   1512    74      218.2577   726                    221.8972   283922         
   1517    79      217.9522   741                    221.8972   284789         
   1523    85      217.2611   590                    221.8972   286430         
Elapsed time = 455.86 sec. (736965.79 ticks, tree = 3.79 MB, solutions = 0)
   1532    93      216.5342   566                    221.8972   287792         
   1543   104      215.9548   646                    221.8972   289426         
   1558   119      215.1556   460                    221.8972   291696         
   1564   125      214.4281   587                    221.8972   292889         
   1569   130      213.9657   620                    221.8972   293903         
   1578   139      213.6174   673                    221.8972   294800         
   1584   145      213.0162   641                    221.8972   296045         
   1593   154      212.6896   584                    221.8972   297184         
   1601   162      212.1303   678                    221.8972   298631         
   1602   163      212.0681   680                    221.8972   298911         
Elapsed time = 486.69 sec. (786365.05 ticks, tree = 7.43 MB, solutions = 0)
   1614   174      211.6918   672                    221.8972   300334         
   1621   181      211.1820   633                    221.8972   301534         
   1630   190      210.2785   666                    221.8972   303562         
   1639   199      209.2758   582                    221.8972   304961         
   1652   212      208.5018   606                    221.8972   306504         
   1660   220      207.9826   623                    221.8972   307636         
   1665   225      207.6338   570                    221.8972   308344         
   1675   235      206.5157   569                    221.8972   309893         
   1681   241      205.8524   532                    221.8972   311136         
   1683   243      205.8384   507                    221.8972   311225         
Elapsed time = 517.84 sec. (830606.97 ticks, tree = 11.27 MB, solutions = 0)
   1685   245      205.1342   479                    221.8972   311784         
   1695   255      204.0366   540                    221.8972   313236         
   1703   263      203.4758   465                    221.8972   314532         
   1715   275      202.4139   501                    221.8972   315971         
   1726   286      201.6740   568                    221.8972   317104         
   1738   298      200.3644   500                    221.8972   318763         
   1744   304      199.3788   536                    221.8972   319970         
   1758   318      198.7087   527                    221.8972   321340         
   1770   330      198.0326   504                    221.8972   322531         
   1788   348      197.2407   524                    221.8972   324093         
Elapsed time = 545.64 sec. (871975.54 ticks, tree = 16.35 MB, solutions = 0)
   1812   372      196.2246   494                    221.8972   326261         
   1824   384      217.9190   558                    221.8276   328516         
   1833   393      217.3207   735                    221.8276   330180         
   1842   402      216.1243   656                    221.8276   332219         
   1855   415      214.6712   495                    221.8276   334308         
   1865   425      213.3447   496                    221.8276   335846         
   1880   440      211.4237   462                    221.8276   338255         
   1889   449      210.5309   452                    221.8276   339582         
   1899   459      209.2609   519                    221.8276   341016         
   1911   471      206.7099   379                    221.8276   343255         
Elapsed time = 575.46 sec. (916971.96 ticks, tree = 22.24 MB, solutions = 0)
   1920   480      205.8027   428                    221.8276   344441         
   1936   496      204.4860   425                    221.8276   346066         
   1949   509      202.7056   442                    221.8276   347788         
   1959   518      200.3750   480                    221.8276   349696         
   1962   519    infeasible                          221.8276   350198         
   1964   519      220.8755   533                    221.7082   351721         
   1967   522      220.6972   643                    221.7082   352536         
   1982   537      219.5525   594                    221.7082   356039         
   1993   548      218.5041   598                    221.7082   359004         
   2007   562      217.2267   518                    221.7082   361430         
Elapsed time = 609.07 sec. (962353.25 ticks, tree = 26.64 MB, solutions = 0)
   2019   574      216.0292   446                    221.7082   363532         
   2029   584      214.5617   483                    221.7082   365322         
   2046   601      213.8823   509                    221.7082   366701         
   2055   610      213.2582   558                    221.7082   367903         
   2060   615      213.0443   563                    221.7082   368469         
   2063   618      212.5656   573                    221.7082   368688         
   2071   626      212.1573   519                    221.7082   369401         
   2088   643      211.5874   510                    221.7082   370676         
   2104   659      210.6273   350                    221.7082   372016         
   2120   675      210.2086   422                    221.7082   373135         
Elapsed time = 636.76 sec. (1002716.69 ticks, tree = 32.09 MB, solutions = 0)
   2140   695      208.1583   328                    221.7082   374681         
   2154   709      205.8568   445                    221.7082   376244         
   2175   730      205.2041   408                    221.7082   377840         
   2192   747      204.5583   414                    221.7082   378702         
   2211   766      203.4485   385                    221.7082   380413         
   2224   779      210.0323   549                    221.6627   382748         
   2232   787      202.1820   304                    221.6627   385837         
   2240   795      207.7553   345                    221.6627   387604         
   2254   809      206.2862   288                    221.6627   389679         
   2257   812      206.1790   295                    221.6627   390004         
Elapsed time = 667.71 sec. (1046379.31 ticks, tree = 38.66 MB, solutions = 0)
   2261   816      205.8282   307                    221.6627   390389         
   2281   835      202.2454   249                    221.6627   392371         
   2302   855      197.2955   195                    221.6627   394216         
   2321   873      186.9736   223                    221.6627   395781         
   2356   885      221.5104   564                    221.6625   397306         

Performing restart 2

Repeating presolve.
Tried aggregator 1 time.
Reduced MIP has 3883 rows, 47212 columns, and 168462 nonzeros.
Reduced MIP has 47162 binaries, 0 generals, 0 SOSs, and 0 indicators.
Presolve time = 0.06 sec. (73.91 ticks)
Tried aggregator 1 time.
Reduced MIP has 3883 rows, 47212 columns, and 168462 nonzeros.
Reduced MIP has 47162 binaries, 0 generals, 0 SOSs, and 0 indicators.
Presolve time = 0.09 sec. (92.80 ticks)
Represolve time = 1.11 sec. (735.34 ticks)
   2370     0      222.4810   713                    Cuts: 97   406727         
   2370     0      222.4303   722                    Cuts: 68   406960         
   2370     0      222.2947   790                     Cuts: 9   407471         
   2370     0      222.2913   767                    Cuts: 65   407548         
   2370     0      222.2892   804                    Cuts: 46   407625         
   2370     0      222.2804   836                     Cuts: 5   407716         
   2370     0      222.2426   859                    Cuts: 59   407905         
   2370     0      222.2035   768                     Cuts: 4   408105         
   2370     0      222.1925   843                    Cuts: 49   408251         
   2370     0      222.1375   764                 ZeroHalf: 4   408450         
   2370     0      222.1072   833                    Cuts: 10   408724         
   2370     2      222.1072   824                    221.6625   408724         
   2371     3      221.9041   792                    221.6625   409194         
   2372     4      221.7078   771                    221.6625   409643         
   2373     5      221.4892   727                    221.6625   410124         
   2374     6      221.4488   749                    221.6625   410306         
Elapsed time = 882.23 sec. (1387254.63 ticks, tree = 0.13 MB, solutions = 0)
   2375     7      210.9332   616                    221.6625   411898         
   2376     8      210.8227   623                    221.6625   412169         
   2377     9      206.7069   533                    221.6625   412922         
   2378    10      210.6593   616                    221.6625   413321         
   2379    11      208.0647   570                    221.6625   414457         
   2380    12      210.6452   633                    221.6625   414575         
   2381    13      207.1671   577                    221.6625   415548         
   2382    14      210.5160   595                    221.6625   415840         
   2383    15      210.4791   597                    221.6625   416033         
   2384    16      210.3720   507                    221.6625   416351         
Elapsed time = 941.20 sec. (1485096.93 ticks, tree = 0.65 MB, solutions = 0)
   2386    18      204.4900   456                    221.6625   417772         
   2387    19      204.0779   541                    221.6625   418159         
   2388    20      198.2955   375                    221.6625   419202         
   2389    21      203.6807   467                    221.6625   419536         
   2390    22      203.3581   484                    221.6625   419945         
   2391    23      198.5309   352                    221.6625   420852         
   2393    25      202.8535   441                    221.6625   421472         
   2395    27      202.3586   471                    221.6625   422119         
   2397    29      196.7793   458                    221.6625   423124         
   2398    30      194.9325   467                    221.6625   423811         
Elapsed time = 976.62 sec. (1541870.85 ticks, tree = 1.32 MB, solutions = 0)
   2401    33      195.4045   475                    221.6625   424626         
   2404    36      194.2889   445                    221.6625   425467         
   2406    38      191.9656   463                    221.6625   426215         
   2410    42      194.7405   487                    221.6625   426998         
   2416    48      194.5454   434                    221.6625   427711         
   2417    48      192.2153   366                    221.6625   428333         
   2426    55      188.8818   332                    221.6625   429917         
   2432    61      191.4178   376                    221.6625   431024         
   2440    69      189.2795   330                    221.6625   432837         
   2448    72      184.8820   355                    221.6625   434894         
Elapsed time = 1008.60 sec. (1590145.86 ticks, tree = 3.39 MB, solutions = 0)
   2451    72      219.8637   800                    221.6044   437650         
   2452    73      219.8392   770                    221.6044   437733         
   2453    74      219.8112   770                    221.6044   437856         
   2454    75      215.6118   601                    221.6044   439061         
   2455    76      218.9850   752                    221.6044   440072         
   2456    77      218.9837   789                    221.6044   440111         
   2457    78      218.8613   793                    221.6044   440473         
   2461    82      218.6635   749                    221.6044   441140         
   2462    83      217.5746   667                    221.6044   442475         
   2464    85      217.2559   507                    221.6044   443553         
Elapsed time = 1050.40 sec. (1658220.25 ticks, tree = 3.94 MB, solutions = 0)
   2466    87      216.3323   645                    221.6044   444825         
   2469    90      213.1094   584                    221.6044   446854         
   2471    92      210.5332   605                    221.6044   448793         
   2475    96      211.0367   576                    221.6044   450458         
   2476    97      205.2014   420                    221.6044   451258         
   2480   101      206.5677   515                    221.6044   452537         
   2484   105      208.8636   548                    221.6044   454637         
   2486   107      204.6811   522                    221.6044   456051         
   2487   108      203.4655   448                    221.6044   457078         
   2490   111      202.4910   480                    221.6044   459218         
Elapsed time = 1089.45 sec. (1720751.19 ticks, tree = 5.17 MB, solutions = 0)
   2494   115      201.8608   406                    221.6044   460676         
   2497   118      201.5590   433                    221.6044   461621         
   2501   122      198.0634   370                    221.6044   463084         
   2506   127      199.3241   172                    221.6044   464249         
   2512   133      198.3662   254                    221.6044   465611         
   2519   140      197.3160   199                    221.6044   467078         
   2534   155      197.6200   217                    221.6044   469010         
   2542   163      196.6899   264                    221.6044   470478         
   2546   167      195.3951   220                    221.6044   471974         
   2558   177      193.6261   225                    221.6044   473552         
Elapsed time = 1116.55 sec. (1763105.48 ticks, tree = 8.35 MB, solutions = 0)
   2574   189      191.5775   224                    221.6044   475000         
   2587   199      190.6792   239                    221.6044   476923         
   2593   200      219.0534   675                    221.5758   481511         
   2598   205      218.5862   797                    221.5758   482662         
   2604   211      217.2581   739                    221.5758   484912         
   2610   217      217.0702   756                    221.5758   485873         
   2617   224      216.3680   753                    221.5758   487465         
   2625   232      215.9775   606                    221.5758   488791         
   2635   242      215.7570   598                    221.5758   489729         
   2643   250      215.1784   568                    221.5758   490997         
Elapsed time = 1149.09 sec. (1811811.09 ticks, tree = 11.79 MB, solutions = 0)
   2650   257      214.9896   652                    221.5758   491885         
   2662   269      214.6953   612                    221.5758   493086         
   2670   277      214.3523   589                    221.5758   494116         
   2685   292      213.8465   605                    221.5758   495615         
   2695   302      212.9017   596                    221.5758   497075         
   2708   315      212.1486   521                    221.5758   498683         
   2719   326      211.4365   569                    221.5758   500639         
   2726   333      210.8941   652                    221.5758   501753         
   2739   346      210.2957   570                    221.5758   503524         
   2750   357      209.2382   548                    221.5758   505313         
Elapsed time = 1179.13 sec. (1856263.86 ticks, tree = 16.91 MB, solutions = 0)
   2765   372      208.7878   460                    221.5758   507003         
   2770   377      207.9287   492                    221.5758   508056         
   2772   379      220.9555   696                    221.4470   509440         
   2778   385      220.1122   686                    221.4470   511405         
   2785   392      219.8602   685                    221.4470   512551         
   2795   402      219.1887   684                    221.4470   514641         
   2803   410      218.3977   624                    221.4470   516649         
   2811   418      217.6066   641                    221.4470   518516         
   2820   427      217.0272   578                    221.4470   520382         
   2827   434      216.3058   619                    221.4470   522190         
Elapsed time = 1205.66 sec. (1896786.73 ticks, tree = 20.40 MB, solutions = 0)
   2841   448      215.7623   586                    221.4470   523864         
   2854   461      215.3414   623                    221.4470   525430         
   2867   474      215.0397   631                    221.4470   526910         
   2877   484      214.6796   643                    221.4470   528365         
   2887   494      214.1742   551                    221.4470   529963         
   2892   499      196.9222   503                    221.4470   531785         
   2897   504      196.1666   519                    221.4470   533278         
   2908   515      195.4494   521                    221.4470   535139         
   2917   524      193.4648   541                    221.4470   537457         
   2930   537      192.4103   525                    221.4470   539343         
Elapsed time = 1234.40 sec. (1939080.15 ticks, tree = 25.31 MB, solutions = 0)
   2949   556      191.2886   500                    221.4470   541660         
   2965   572      190.0702   470                    221.4470   544286         
   2978   585      221.0758   766                    221.3866   546218         
   2988   595      219.8807   605                    221.3866   548658         
   3003   610      214.4857   444                    221.3866   551351         
   3016   623      213.8454   433                    221.3866   553378         
   3037   644      213.0432   374                    221.3866   554944         
   3047   654      212.1404   380                    221.3866   556250         
   3064   671      211.6077   459                    221.3866   557638         
   3083   690      211.0521   483                    221.3866   559249         
Elapsed time = 1262.37 sec. (1979369.82 ticks, tree = 32.58 MB, solutions = 0)
   3094   701      210.8072   442                    221.3866   560153         
   3111   718      209.8363   357                    221.3866   561987         
   3127   734      209.2655   408                    221.3866   563260         
   3139   746      209.0673   435                    221.3866   564054         
   3149   756      208.5429   330                    221.3866   564935         
   3167   774      208.2851   370                    221.3866   565868         
   3174   781      216.6498   595                    221.3349   568110         
   3178   785      206.6059   491                    221.3349   571117         
   3187   794      216.0150   674                    221.3349   574646         
   3192   799      210.5263   516                    221.3349   577220         
Elapsed time = 1289.08 sec. (2018930.76 ticks, tree = 37.83 MB, solutions = 0)
   3199   804      206.1536   517                    221.3349   580332         
   3205   808    infeasible                          221.3349   584746         
   3215   818      210.3897   459                    221.3349   587313         
   3222   825      210.2026   314                    221.3349   588906         
   3236   839      208.7445   271                    221.3349   590831         
   3244   847      205.8546   288                    221.3349   593044         
   3256   859      206.5319   207                    221.3349   595196         
   3267   870      205.9049   206                    221.3349   597735         
   3287   890      205.5225   235                    221.3349   599570         
   3297   900      204.7475   186                    221.3349   600969         
Elapsed time = 1315.62 sec. (2059403.75 ticks, tree = 42.69 MB, solutions = 0)
   3312   914      203.2634   325                    221.3349   603220         
   3322   917      215.5091   613                    221.2946   606020         
   3330   925      214.7217   624                    221.2946   608142         
   3344   939      213.7913   631                    221.2946   610616         
   3363   958      212.7831   541                    221.2946   613381         
   3374   969      211.1325   618                    221.2946   615430         
   3386   981      210.5159   622                    221.2946   617032         
   3399   994      210.0033   593                    221.2946   618751         
   3418  1013      209.4899   551                    221.2946   620650         
   3433  1028      209.1726   476                    221.2946   621992         
Elapsed time = 1344.88 sec. (2102122.05 ticks, tree = 48.87 MB, solutions = 0)
   3449  1044      208.1205   551                    221.2946   623931         
   3462  1057      206.7732   634                    221.2946   626179         
   3475  1070      205.8251   490                    221.2946   628316         
   3489  1084      205.0434   563                    221.2946   630093         
   3502  1097      204.2897   572                    221.2946   631587         
   3514  1109      202.1821   518                    221.2946   633329         
   3523  1118      200.9187   570                    221.2946   635040         
   3531  1126      199.6511   485                    221.2946   636608         
   3548  1143      198.9084   453                    221.2946   638335         
   3563  1158      197.8182   535                    221.2946   640210         
Elapsed time = 1373.30 sec. (2143022.17 ticks, tree = 55.12 MB, solutions = 0)
   3572  1167      216.9461   584                    221.2752   643279         
   3580  1175      215.2519   584                    221.2752   646084         
   3594  1189      213.6549   443                    221.2752   649005         
   3609  1204      211.2714   544                    221.2752   652345         
   3617  1212      205.2902   473                    221.2752   655195         
   3626  1221      204.2351   505                    221.2752   656649         
   3641  1236      203.0140   444                    221.2752   658991         
   3662  1257      200.6927   463                    221.2752   661193         
   3682  1277      199.5830   484                    221.2752   663949         
   3703  1298      198.8101   469                    221.2752   666312         
Elapsed time = 1401.34 sec. (2184086.71 ticks, tree = 61.82 MB, solutions = 0)
   3725  1320      197.8794   472                    221.2752   668290         
   3734  1329      197.0098   471                    221.2752   669401         
   3755  1350      195.5672   465                    221.2752   672302         
   3770  1365      194.7315   502                    221.2752   673992         
   3776  1371      211.3732   629                    221.0738   677380         
   3783  1378      209.3423   402                    221.0738   680005         
   3803  1398      207.4738   355                    221.0738   682988         
   3826  1421      205.9224   354                    221.0738   685268         
   3849  1444      205.2228   349                    221.0738   687238         
   3868  1463      204.3084   350                    221.0738   689010         
Elapsed time = 1428.65 sec. (2223400.88 ticks, tree = 69.72 MB, solutions = 0)
   3891  1486      203.2260   324                    221.0738   690720         
   3918  1513      200.7341   276                    221.0738   692524         
   3939  1534      199.0462   349                    221.0738   694386         
   3965  1560      197.8781   259                    221.0738   695978         
   3975  1570      218.4171   703                    221.0372   698236         
   3988  1583      216.9805   732                    221.0372   701173         
   4001  1596      215.7947   565                    221.0372   704272         
   4015  1610      214.4686   604                    221.0372   707293         
   4032  1627      213.3355   591                    221.0372   709639         
   4044  1639      211.9560   534                    221.0372   712238         
Elapsed time = 1456.24 sec. (2263061.73 ticks, tree = 78.10 MB, solutions = 0)
   4052  1647      211.5818   572                    221.0372   713301         
   4070  1665      210.8483   564                    221.0372   715158         
   4086  1681      209.2440   515                    221.0372   717719         
   4109  1704      208.5547   508                    221.0372   719875         
   4127  1722      207.7025   504                    221.0372   722090         
   4141  1736      207.3348   495                    221.0372   723180         
   4159  1754      203.6378   427                    221.0372   726775         
   4172  1767      213.2936   595                    221.0166   730386         
   4178  1773      212.1686   650                    221.0166   733280         
   4182  1777      210.5559   503                    221.0166   735481         
Elapsed time = 1484.48 sec. (2303820.10 ticks, tree = 84.72 MB, solutions = 0)
   4189  1784      209.2997   509                    221.0166   738489         
   4196  1791      207.0885   401                    221.0166   740927         
   4205  1800      204.8837   372                    221.0166   744199         
   4214  1809      204.9609   435                    221.0166   747189         
   4233  1824      201.1060   284                    221.0166   750291         
   4248  1837      200.0323   248                    221.0166   753405         
   4267  1854      199.0374   245                    221.0166   755818         
   4278  1865      196.4834   261                    221.0166   758244         
   4294  1881      196.9976   280                    221.0166   760458         
   4309  1892      194.5416   243                    221.0166   762984         
Elapsed time = 1511.35 sec. (2344254.57 ticks, tree = 90.26 MB, solutions = 0)
   4327  1910      189.5813   248                    221.0166   764406         
   4348  1931      189.9532   246                    221.0166   766009         
   4368  1951      195.1711   225                    221.0166   767380         
   4377  1960      218.9686   641                    220.9492   770948         
   4387  1970      218.0876   476                    220.9492   773371         
   4405  1988      216.6665   452                    220.9492   776077         
   4421  2004      214.8888   503                    220.9492   779124         
   4436  2019      213.8441   523                    220.9492   781608         
   4450  2033      212.4894   489                    220.9492   783666         
   4462  2045      210.6216   567                    220.9492   786046         
Elapsed time = 1540.66 sec. (2386834.65 ticks, tree = 97.58 MB, solutions = 0)
   4476  2059      209.4375   558                    220.9492   788008         
   4495  2078      208.6210   525                    220.9492   790159         
   4510  2090        cutoff                          220.9492   793623         
   4515  2095      216.8004   557                    220.9352   796753         
   4523  2103      214.3910   545                    220.9352   800218         
   4530  2110      213.6607   576                    220.9352   801660         
   4548  2128      212.6318   474                    220.9352   804696         
   4563  2143      210.9994   504                    220.9352   807846         
   4593  2173      209.6001   469                    220.9352   810748         
   4610  2190      208.5661   481                    220.9352   813042         
Elapsed time = 1568.15 sec. (2426344.19 ticks, tree = 104.62 MB, solutions = 0)
   4630  2210      207.4452   445                    220.9352   815232         
   4645  2225      204.5731   462                    220.9352   816946         
   4661  2241      203.2934   555                    220.9352   819127         
   4676  2256      202.0542   453                    220.9352   821391         
   4694  2274      200.6469   492                    220.9352   823667         
   4714  2294      199.3061   451                    220.9352   825672         
   4743  2323      198.4640   457                    220.9352   827740         
   4760  2340      197.6344   473                    220.9352   829828         
   4773  2353      219.4916   661                    220.7761   831397         
   4783  2363      217.1255   557                    220.7761   834781         
Elapsed time = 1596.05 sec. (2465707.15 ticks, tree = 112.93 MB, solutions = 0)
   4792  2372      214.7166   521                    220.7761   838549         
   4803  2383      213.3417   524                    220.7761   841563         
   4825  2405      212.1940   509                    220.7761   844722         
   4849  2429      211.4159   510                    220.7761   847279         
   4864  2444      210.7322   492                    220.7761   849163         
   4882  2462      209.6384   489                    220.7761   851979         
   4899  2479      206.6910   471                    220.7761   854434         
   4910  2490      203.4196   390                    220.7761   857562         
   4926  2506      201.7223   392                    220.7761   860476         
   4946  2526      200.2325   425                    220.7761   862747         
Elapsed time = 1623.48 sec. (2504670.02 ticks, tree = 120.75 MB, solutions = 0)
   4971  2551      198.8970   424                    220.7761   865027         
   4978  2558      218.8254   572                    220.7238   868206         
   4992  2572      217.0131   568                    220.7238   871539         
   5008  2588      215.0348   529                    220.7238   874862         
   5024  2604      213.9612   524                    220.7238   877637         
   5046  2626      211.7050   486                    220.7238   881158         
   5064  2644      210.4486   422                    220.7238   883868         
   5083  2662      207.2166   403                    220.7238   887316         
   5090  2665      213.8729   609                    220.5928   890512         
   5097  2670      212.4942   485                    220.5928   894299         
Elapsed time = 1651.92 sec. (2546046.87 ticks, tree = 127.53 MB, solutions = 0)
   5102  2675      197.2836   475                    220.5928   897485         
   5107  2680      209.5092   429                    220.5928   901409         
   5119  2688      207.7901   406                    220.5928   904830         
   5139  2708      205.3418   261                    220.5928   907881         
   5154  2723      199.4182   141                    220.5928   910234         
   5172  2738      201.5234   106                    220.5928   912584         
   5194  2755      198.8651    88                    220.5928   914358         
   5202  2754        cutoff                          220.5928   917029         
   5208  2760      216.4816   666                    220.5521   920635         
   5220  2772      215.4898   652                    220.5521   923645         
Elapsed time = 1679.01 sec. (2586576.70 ticks, tree = 132.42 MB, solutions = 0)
   5233  2785      212.8477   618                    220.5521   927293         
   5251  2803      211.7931   590                    220.5521   930306         
   5267  2819      210.6126   512                    220.5521   933513         
   5280  2832      208.4773   520                    220.5521   937042         
   5295  2847      206.6663   514                    220.5521   940309         
   5313  2865      204.7701   530                    220.5521   943182         
   5331  2883      203.4717   497                    220.5521   945333         
   5346  2898      202.1586   453                    220.5521   947838         
   5373  2925      200.7307   394                    220.5521   950621         
   5398  2950      199.6444   518                    220.5521   952602         
Elapsed time = 1707.18 sec. (2626371.14 ticks, tree = 140.99 MB, solutions = 0)
   5420  2972      198.8710   457                    220.5521   954284         
   5438  2990      196.6176   422                    220.5521   956041         
   5457  3009      195.2142   476                    220.5521   957974         
   5475  3027      194.5592   441                    220.5521   959553         
   5500  3052      193.5600   429                    220.5521   961567         
   5537  3089      192.4392   439                    220.5521   963775         
   5564  3116      190.8999   355                    220.5521   966033         
   5572  3124      217.1897   715                    220.4019   968640         
   5586  3138      216.3233   576                    220.4019   971562         
   5601  3153      214.8659   513                    220.4019   974959         
Elapsed time = 1735.85 sec. (2666153.09 ticks, tree = 150.76 MB, solutions = 0)
   5626  3178      213.9746   455                    220.4019   977913         
   5656  3208      212.6359   430                    220.4019   980895         
   5688  3240      211.2059   442                    220.4019   983787         
   5719  3271      209.9677   416                    220.4019   986297         
   5741  3293      208.9926   371                    220.4019   989238         
   5759  3311      208.0472   431                    220.4019   991546         
   5773  3325      219.0299   597                    220.3436   993980         
   5782  3334      216.2332   550                    220.3436   997481         
   5798  3350      212.9399   389                    220.3436  1000928         
   5819  3371      211.2062   320                    220.3436  1004487         
Elapsed time = 1763.55 sec. (2705343.95 ticks, tree = 161.23 MB, solutions = 0)
   5840  3392      209.2283   321                    220.3436  1006954         
   5870  3422      207.7030   349                    220.3436  1009306         
   5901  3453      206.2620   314                    220.3436  1011585         
   5923  3475      204.7853   279                    220.3436  1013072         
   5945  3494      203.6466   334                    220.3436  1014833         
   5967  3516      202.8798   313                    220.3436  1016643         
   5974  3523      215.4745   660                    220.3416  1018203         
   5983  3532      213.1959   595                    220.3416  1021334         
   5993  3542      211.5141   621                    220.3416  1024822         
   6004  3553      208.9748   486                    220.3416  1028354         
Elapsed time = 1790.88 sec. (2744924.80 ticks, tree = 170.01 MB, solutions = 0)
   6024  3573      207.2384   457                    220.3416  1031443         
   6044  3593      205.6021   428                    220.3416  1034149         
   6066  3615      204.0970   374                    220.3416  1037118         
   6081  3630      201.9992   355                    220.3416  1039531         
   6104  3653      200.3088   342                    220.3416  1042306         
   6129  3678      199.6300   463                    220.3416  1044333         
   6152  3701      198.4853   366                    220.3416  1046244         
   6172  3721      205.2942   521                    220.3281  1049514         
   6181  3730      204.7705   463                    220.3281  1052793         
   6193  3742      203.9714   397                    220.3281  1056603         
Elapsed time = 1818.55 sec. (2785019.91 ticks, tree = 179.12 MB, solutions = 0)
   6206  3755      202.7269   405                    220.3281  1060240         
   6222  3771      199.6631   258                    220.3281  1063290         
   6247  3796      198.8396   252                    220.3281  1066390         
   6277  3824      191.0061   187                    220.3281  1069491         
   6303  3849      191.3073   166                    220.3281  1071632         
   6320  3860      216.8738   657                    220.2854  1074786         
   6330  3870      214.9149   634                    220.2854  1078132         
   6346  3886      213.4311   498                    220.2854  1081084         
   6365  3905      212.2379   524                    220.2854  1084137         
   6384  3924      211.0596   545                    220.2854  1087214         
Elapsed time = 1846.14 sec. (2824705.27 ticks, tree = 187.87 MB, solutions = 0)
   6411  3951      210.2074   544                    220.2854  1089813         
   6435  3975      209.4853   507                    220.2854  1092540         
   6457  3997      208.6476   536                    220.2854  1095120         
   6485  4025      207.9223   465                    220.2854  1097506         
   6509  4049      206.5730   478                    220.2854  1100253         
   6538  4078      205.7735   442                    220.2854  1102901         
   6559  4099      204.3819   428                    220.2854  1104951         
   6573  4113      200.2200   573                    220.2267  1107969         
   6588  4128      198.6217   547                    220.2267  1111139         
   6617  4157      195.8952   389                    220.2267  1114572         
Elapsed time = 1874.90 sec. (2864070.58 ticks, tree = 199.22 MB, solutions = 0)
   6648  4188      190.9433   336                    220.2267  1118053         
   6714  4254      189.3575   274                    220.2267  1121435         
   6768  4308      188.0764   306                    220.2267  1123795         
   6780  4320      217.3117   509                    220.2140  1126702         
   6801  4341      216.1948   429                    220.2140  1129753         
   6820  4360      214.0895   396                    220.2140  1133076         
   6847  4387      212.9331   435                    220.2140  1135428         
   6858  4396    infeasible                          220.2140  1139560         
   6864  4400      216.4384   532                    220.1634  1143146         
   6877  4413      215.4340   438                    220.1634  1146582         
Elapsed time = 1903.27 sec. (2904039.70 ticks, tree = 211.55 MB, solutions = 0)
   6896  4432      214.1208   445                    220.1634  1149937         
   6924  4460      212.4830   313                    220.1634  1152948         
   6950  4486      211.5023   537                    220.1634  1156043         
   6975  4511      210.8108   403                    220.1634  1158706         
   6996  4532      210.0321   395                    220.1634  1160987         
   7003  4538      203.4574   446                    220.1634  1164408         
   7011  4546      197.9808   389                    220.1634  1168237         
   7017  4551      189.4228   431                    220.1634  1171583         
   7026  4556      219.2013   742                    220.1121  1175446         
   7033  4563      214.0513   608                    220.1121  1180458         
Elapsed time = 1931.61 sec. (2945825.45 ticks, tree = 218.73 MB, solutions = 0)
   7042  4572      212.6527   461                    220.1121  1183877         
   7048  4578      204.8599   483                    220.1121  1187485         
   7057  4587      207.7420   447                    220.1121  1191024         
   7062  4592      206.1174   448                    220.1121  1194920         
   7068  4598      204.8725   419                    220.1121  1198237         
   7080  4608      203.3880   497                    220.1121  1202028         
   7085  4613      192.8177   319                    220.1121  1204964         
   7099  4627      193.1330   398                    220.1121  1208195         
   7115  4638      185.8828   352                    220.1121  1213035         
   7124  4645      208.2511   535                    220.0264  1217017         
Elapsed time = 1958.80 sec. (2987058.66 ticks, tree = 222.65 MB, solutions = 0)
   7145  4666      206.7503   434                    220.0264  1220340         
   7170  4691      204.9091   374                    220.0264  1223265         
   7203  4724      203.2751   403                    220.0264  1226329         
   7232  4753      201.6625   371                    220.0264  1229669         
   7257  4778      200.1338   365                    220.0264  1232113         
   7292  4813      198.8257   328                    220.0264  1234673         
   7312  4833      194.6839   283                    220.0264  1237989         
   7331  4851      190.0879   315                    220.0264  1241704         
   7347  4863      219.4236   634                    220.0031  1247929         
   7356  4872      218.3827   684                    220.0031  1250882         
Elapsed time = 1987.31 sec. (3027290.46 ticks, tree = 233.57 MB, solutions = 0)
   7365  4881      216.7382   590                    220.0031  1254024         
   7370  4886      214.1376   744                    220.0031  1257534         
   7380  4896      212.7949   705                    220.0031  1260563         
   7389  4905      206.8875   656                    220.0031  1264163         
   7405  4921      205.1857   620                    220.0031  1267418         
   7424  4940      203.9259   530                    220.0031  1270202         
   7438  4954      202.2958   475                    220.0031  1272844         
   7456  4972      200.7888   514                    220.0031  1275795         
   7478  4994      199.3060   626                    220.0031  1278716         
   7502  5018      198.4520   514                    220.0031  1281291         
Elapsed time = 2014.78 sec. (3066813.46 ticks, tree = 240.57 MB, solutions = 0)
   7524  5040      197.2948   560                    220.0031  1283974         
   7542  5058      196.3056   530                    220.0031  1286324         
   7565  5081      194.4845   533                    220.0031  1289225         
   7570  5086      194.2772   417                    220.0031  1289833         
   7596  5112      193.0239   484                    220.0031  1292422         
   7617  5133      192.2128   436                    220.0031  1294591         
   7635  5151      189.6854   453                    220.0031  1297443         
   7641  5154      185.0727   506                    220.0031  1300528         
   7649  5160      216.6132   669                    220.0020  1303601         
   7654  5165      212.2814   469                    220.0020  1308289         
Elapsed time = 2043.61 sec. (3107623.18 ticks, tree = 247.62 MB, solutions = 0)
   7665  5172      214.5731   562                    219.9958  1312270         
   7673  5180      212.3390   630                    219.9958  1315474         
   7678  5185      200.2063   521                    219.9958  1319464         
   7693  5200      198.0667   357                    219.9958  1322876         
   7709  5216      194.5968   488                    219.9958  1326256         
   7739  5246      193.2963   464                    219.9958  1329043         
   7769  5276      191.2605   490                    219.9958  1331833         
   7804  5311      189.4187   409                    219.9958  1335373         
   7834  5337      216.3738   502                    219.9867  1340910         
   7841  5344      206.0725   471                    219.9867  1345016         
Elapsed time = 2072.67 sec. (3149405.12 ticks, tree = 256.19 MB, solutions = 0)
   7851  5354      202.1153   493                    219.9867  1349250         
   7869  5368      195.2537   284                    219.9867  1353513         
   7898  5395      196.0726   254                    219.9867  1357407         
   7917  5411      189.8433   270                    219.9867  1360777         
   7928  5416      215.8624   660                    219.9654  1364639         
   7940  5428      214.2402   701                    219.9654  1367922         
   7952  5440      212.3437   479                    219.9654  1371362         
   7969  5457      209.8913   360                    219.9654  1375099         
   8000  5488      207.0904   348                    219.9654  1378825         
   8032  5520      205.5445   316                    219.9654  1381789         
Elapsed time = 2101.02 sec. (3190341.59 ticks, tree = 264.64 MB, solutions = 0)
   8068  5556      204.4287   254                    219.9654  1384126         
   8105  5593      202.9718   228                    219.9654  1386065         
   8148  5636      201.0494   238                    219.9654  1388096         
   8175  5663      200.1795   243                    219.9654  1389225         
   8195  5683      197.7180   251                    219.9654  1391189         
   8227  5713      196.4859   253                    219.9654  1393114         
   8259  5745      195.1580   259                    219.9654  1394726         
   8289  5775      194.3853   265                    219.9654  1396071         
   8320  5806      193.6265   336                    219.9654  1397693         
   8354  5840      192.9227   280                    219.9654  1399130         
Elapsed time = 2129.79 sec. (3229935.38 ticks, tree = 280.10 MB, solutions = 0)
   8383  5869      191.8923   311                    219.9654  1400496         
   8418  5904      190.4887   235                    219.9654  1402426         
   8466  5951      187.6895   211                    219.9654  1405251         
   8516  5995      186.4274   201                    219.9654  1407674         
   8520  5995      217.2448   465                    219.9590  1410226         
   8530  6005      215.4892   441                    219.9590  1413428         
   8544  6019      213.6117   439                    219.9590  1416906         
   8563  6038      211.5738   490                    219.9590  1419899         
   8578  6053      208.0169   273                    219.9590  1422896         
   8605  6080      196.7580   232                    219.9590  1426206         
Elapsed time = 2157.59 sec. (3268916.51 ticks, tree = 291.68 MB, solutions = 0)
   8634  6109      194.2237   121                    219.9590  1428142         
   8672  6147      188.2162   210                    219.9590  1430530         
   8711  6174      185.0983   254                    219.9590  1433919         
   8715  6176      218.1500   644                    219.9365  1436238         
   8730  6191      216.9676   699                    219.9365  1439127         
   8746  6207      215.3264   555                    219.9365  1442178         
   8760  6221      213.3803   438                    219.9365  1445371         
   8770  6231      212.5659   545                    219.9365  1446923         
   8797  6258      211.6227   497                    219.9365  1449859         
   8810  6271      205.6103   440                    219.9365  1452352         
Elapsed time = 2185.99 sec. (3309382.81 ticks, tree = 300.80 MB, solutions = 0)
   8823  6284      203.0514   397                    219.9365  1454992         
   8836  6297      201.8661   479                    219.9365  1456831         
   8857  6318      201.2109   526                    219.9365  1458760         
   8883  6344      200.2623   428                    219.9365  1461034         
   8906  6367      199.0706   455                    219.9365  1462895         
   8926  6387      197.3461   445                    219.9365  1464901         
   8949  6410      195.2640   392                    219.9365  1467538         
   8971  6432      193.8762   408                    219.9365  1470111         
   8980  6441      212.1391   557                    219.9293  1473760         
   8993  6454      210.0193   641                    219.9293  1477123         
Elapsed time = 2214.23 sec. (3349650.16 ticks, tree = 309.62 MB, solutions = 0)
   9014  6475      208.8007   513                    219.9293  1480389         
   9037  6498      207.2695   390                    219.9293  1483622         
   9061  6522      205.3347   315                    219.9293  1486577         
   9089  6550      203.8089   278                    219.9293  1488798         
   9111  6568      219.3763   677                    219.9289  1490870         
   9118  6575      211.2363   598                    219.9289  1495063         
   9123  6580      215.4655   718                    219.9289  1498768         
   9130  6587      209.4522   648                    219.9289  1504017         
   9137  6594      213.8073   590                    219.9289  1507667         
   9146  6603      210.6174   544                    219.9289  1511754         
Elapsed time = 2242.94 sec. (3392497.39 ticks, tree = 316.77 MB, solutions = 0)
   9159  6616      210.9460   499                    219.9289  1515539         
   9169  6626      208.3803   332                    219.9289  1519044         
   9186  6643      205.0991   234                    219.9289  1522622         
   9203  6660      203.7245   204                    219.9289  1526002         
   9242  6695      200.8084   117                    219.9289  1528956         
   9278  6729      199.8207   113                    219.9289  1531229         
   9291  6734      212.5244   692                    219.9124  1534841         
   9304  6747      210.1201   541                    219.9124  1538191         
   9322  6765      208.9115   458                    219.9124  1541299         
   9341  6784      207.6139   345                    219.9124  1544575         
Elapsed time = 2269.84 sec. (3432067.30 ticks, tree = 325.51 MB, solutions = 0)
   9358  6801      206.5236   328                    219.9124  1547881         
   9379  6822      204.6445   405                    219.9124  1550704         
   9399  6842      203.4231   446                    219.9124  1553569         
   9424  6867      201.3897   384                    219.9124  1556438         
   9448  6891      200.4137   339                    219.9124  1558977         
   9478  6921      199.2776   342                    219.9124  1561256         
   9502  6945      197.7583   293                    219.9124  1563759         
   9533  6976      197.0354   232                    219.9124  1565805         
   9569  7012      195.9187   392                    219.9124  1567914         
   9579  7022      217.5376   598                    219.8906  1571161         
Elapsed time = 2297.51 sec. (3471152.00 ticks, tree = 337.01 MB, solutions = 0)
   9590  7033      215.7007   642                    219.8906  1574377         
   9598  7041      212.1098   708                    219.8906  1577880         
   9615  7058      211.0008   631                    219.8906  1580777         
   9629  7072      209.0964   646                    219.8906  1583842         
   9646  7089      207.5314   589                    219.8906  1586733         
   9664  7107      205.6729   582                    219.8906  1589839         
   9685  7128      204.5053   525                    219.8906  1592909         
   9708  7149      203.3333   473                    219.8906  1596233         
   9736  7177      201.5524   473                    219.8906  1599013         
   9757  7198      199.4501   465                    219.8906  1601919         
Elapsed time = 2325.65 sec. (3510871.05 ticks, tree = 345.48 MB, solutions = 0)
   9772  7213      217.5051   608                    219.8805  1605205         
   9780  7221      215.6960   640                    219.8805  1608877         
   9793  7234      214.0284   562                    219.8805  1612229         
   9806  7247      212.8267   585                    219.8805  1615479         
   9821  7262      210.6162   575                    219.8805  1618840         
   9840  7281      209.8679   511                    219.8805  1621502         
   9859  7300      208.5734   484                    219.8805  1624770         
   9874  7315      206.8605   400                    219.8805  1627647         
   9902  7343      204.9686   313                    219.8805  1630762         
   9919  7357      216.3788   612                    219.8592  1635464         
Elapsed time = 2353.63 sec. (3551331.72 ticks, tree = 353.16 MB, solutions = 0)
   9928  7366      214.2054   691                    219.8592  1638738         
   9942  7380      212.9781   602                    219.8592  1642029         
   9956  7394      211.9172   641                    219.8592  1644985         
   9970  7408      210.2427   607                    219.8592  1647715         
   9987  7425      208.0813   494                    219.8592  1651485         
  10010  7448      206.5855   489                    219.8592  1654407         
  10039  7477      204.7104   414                    219.8592  1657443         
  10077  7515      202.9495   357                    219.8592  1660414         
  10111  7549      200.8240   289                    219.8592  1663435         
  10133  7571      196.7586   298                    219.8592  1665908         
Elapsed time = 2382.58 sec. (3592491.31 ticks, tree = 363.49 MB, solutions = 0)
  10169  7607      195.0312   249                    219.8592  1667933         
  10178  7616      211.8861   546                    219.8541  1671010         
  10186  7624      214.4981   649                    219.8541  1674637         
  10193  7629      212.5770   653                    219.8541  1678631         
  10199  7635      203.5656   460                    219.8541  1682598         
  10208  7644      200.6116   412                    219.8541  1685959         
  10220  7656      202.2727   449                    219.8541  1689258         
  10230  7666      200.5201   426                    219.8541  1693535         
  10241  7675      200.3495   372                    219.8541  1697178         
  10255  7685      188.0850   317                    219.8541  1700533         
Elapsed time = 2409.46 sec. (3633030.07 ticks, tree = 369.03 MB, solutions = 0)
  10265  7689      214.1160   501                    219.8537  1703352         
  10278  7702      211.9233   481                    219.8537  1706729         
  10306  7730      210.1748   397                    219.8537  1710024         
  10339  7763      208.0147   403                    219.8537  1713235         
  10375  7799      205.2700   261                    219.8537  1715652         
  10421  7845      203.3846   273                    219.8537  1718283         
  10462  7886      200.1191   275                    219.8537  1720028         
  10498  7922      198.9734   296                    219.8537  1721336         
  10541  7965      196.9636   238                    219.8537  1723005         
  10572  7996      213.6064   617                    219.8506  1725674         
Elapsed time = 2438.30 sec. (3672516.27 ticks, tree = 384.03 MB, solutions = 0)
  10580  8004      210.6360   653                    219.8506  1729305         
  10596  8020      209.1817   674                    219.8506  1732531         
  10615  8039      207.8385   577                    219.8506  1735547         
  10634  8058      206.1677   569                    219.8506  1738818         
  10651  8075      203.2861   582                    219.8506  1741728         
  10670  8094      200.9135   555                    219.8506  1744962         
  10697  8121      199.6988   604                    219.8506  1747714         
  10721  8145      198.0743   459                    219.8506  1750373         
  10740  8164      196.8348   494                    219.8506  1752892         
  10766  8190      195.6970   454                    219.8506  1755807         
Elapsed time = 2466.48 sec. (3711862.72 ticks, tree = 393.40 MB, solutions = 0)
  10774  8198      215.2118   514                    219.8403  1758800         
  10784  8208      213.4998   700                    219.8403  1762152         
  10796  8220      212.3449   643                    219.8403  1765688         
  10812  8236      210.3958   616                    219.8403  1769455         
  10822  8246      208.7141   611                    219.8403  1772727         
  10834  8258      207.0730   536                    219.8403  1775606         
  10847  8271      204.4065   515                    219.8403  1778979         
  10868  8292      203.0548   481                    219.8403  1781863         
  10893  8317      201.8559   351                    219.8403  1784864         
  10917  8341      200.1175   401                    219.8403  1787787         
Elapsed time = 2494.11 sec. (3752128.72 ticks, tree = 401.01 MB, solutions = 0)
  10944  8368      198.6722   383                    219.8403  1790356         
  10958  8378      218.0811   630                    219.8349  1793718         
  10966  8386      215.8478   710                    219.8349  1797172         
  10980  8400      214.7759   626                    219.8349  1800137         
  10994  8414      213.1202   614                    219.8349  1803405         
  11008  8428      211.4479   560                    219.8349  1806553         
  11028  8448      210.5040   510                    219.8349  1809552         
  11054  8474      209.3926   454                    219.8349  1812456         
  11080  8500      207.8616   475                    219.8349  1815331         
  11101  8521      206.3298   479                    219.8349  1818046         
Elapsed time = 2521.99 sec. (3791560.72 ticks, tree = 409.70 MB, solutions = 0)
  11125  8545      205.3302   444                    219.8349  1820687         
  11153  8573      204.1710   441                    219.8349  1823178         
  11173  8593      218.6597   677                    219.8089  1826467         
  11181  8601      216.4098   731                    219.8089  1830044         
  11187  8607      211.0732   503                    219.8089  1834450         
  11199  8619      202.8534   425                    219.8089  1839741         
  11210  8630      198.4489   360                    219.8089  1843512         
  11227  8647      203.2305   304                    219.8089  1847235         
  11244  8662      201.8712   338                    219.8089  1850065         
  11263  8681      199.3231   219                    219.8089  1853020         
Elapsed time = 2550.79 sec. (3834123.71 ticks, tree = 417.41 MB, solutions = 0)
  11290  8708      198.2567   207                    219.8089  1856978         
  11314  8730      193.1406   190                    219.8089  1860585         
  11352  8763      218.3034   707                    219.7536  1865596         
  11362  8773      216.9441   545                    219.7536  1868819         
  11374  8785      215.7805   468                    219.7536  1872407         
  11389  8800      213.9661   561                    219.7536  1875848         
  11407  8818      211.2908   416                    219.7536  1879616         
  11423  8834      209.1874   391                    219.7536  1883608         
  11445  8856      206.8971   397                    219.7536  1887268         
  11469  8880      204.2399   410                    219.7536  1890931         
Elapsed time = 2579.33 sec. (3875632.23 ticks, tree = 427.05 MB, solutions = 0)
  11494  8903      202.7324   385                    219.7536  1894378         
  11528  8937      200.8956   355                    219.7536  1897481         
  11567  8976      199.4482   358                    219.7536  1900539         
  11572  8981      216.7499   655                    219.6711  1903215         
  11583  8992      215.5951   602                    219.6711  1906296         
  11591  8999      214.0825   725                    219.6711  1909826         
  11605  9011      211.8587   604                    219.6711  1913028         
  11606  9010    infeasible                          219.6711  1919377         
  11611  9010    infeasible                          219.6711  1926279         
  11616  9015      214.9873   406                    219.6477  1930035         
Elapsed time = 2609.11 sec. (3920121.45 ticks, tree = 433.53 MB, solutions = 0)
  11630  9029      213.3534   542                    219.6477  1933675         
  11644  9043      211.9589   492                    219.6477  1937104         
  11664  9063      210.8633   497                    219.6477  1940299         
  11685  9084      209.2869   411                    219.6477  1943882         
  11704  9103      208.0914   444                    219.6477  1947169         
  11720  9119      205.7089   428                    219.6477  1950530         
  11731  9130      203.4046   487                    219.6477  1954612         
  11755  9154      201.6340   427                    219.6477  1958037         
  11773  9172      197.6369   364                    219.6477  1962046         
  11804  9203      195.8290   342                    219.6477  1965504         
Elapsed time = 2637.19 sec. (3960436.66 ticks, tree = 442.61 MB, solutions = 0)
  11841  9240      193.9428   366                    219.6477  1968850         
  11877  9276      192.7045   385                    219.6477  1971709         
  11907  9306      190.5977   329                    219.6477  1975024         
  11936  9330      219.2239   617                    219.6285  1979857         
  11943  9337      217.6638   465                    219.6285  1983288         
  11958  9352      216.2329   534                    219.6285  1986608         
  11970  9364      215.3264   491                    219.6285  1989545         
  11986  9380      213.9657   465                    219.6285  1992904         
  12001  9395      212.3981   394                    219.6285  1996445         
  12024  9418      210.4370   365                    219.6285  1999844         
Elapsed time = 2666.52 sec. (4002004.42 ticks, tree = 452.99 MB, solutions = 0)
  12037  9431      207.8211   403                    219.6285  2003404         
  12066  9460      206.2714   392                    219.6285  2006620         
  12089  9483      204.9318   359                    219.6285  2010324         
  12114  9508      204.0171   330                    219.6285  2013617         
  12129  9523      198.2206   341                    219.6285  2016468         
  12160  9554      196.9001   229                    219.6285  2019468         
  12176  9570      215.7269   536                    219.6090  2023559         
  12187  9581      213.0363   514                    219.6090  2028184         
  12198  9590      211.6595   471                    219.6090  2032520         
  12204  9591      211.2529   717                    219.6005  2036366         
Elapsed time = 2694.54 sec. (4042946.63 ticks, tree = 461.35 MB, solutions = 0)
  12215  9602      209.7743   483                    219.6005  2039669         
  12233  9620      207.8082   400                    219.6005  2043158         
  12261  9648      205.4760   312                    219.6005  2046103         
  12297  9684      201.9413   246                    219.6005  2049093         
  12340  9727      197.5241   264                    219.6005  2052133         
  12386  9773      195.5561   200                    219.6005  2054295         
  12433  9820      193.6483   245                    219.6005  2057078         
  12460  9841      216.9324   662                    219.5807  2060626         
  12471  9852      214.5981   544                    219.5807  2064208         
  12482  9863      212.6249   477                    219.5807  2067670         
Elapsed time = 2722.59 sec. (4082358.48 ticks, tree = 474.48 MB, solutions = 0)
  12493  9874      210.7764   581                    219.5807  2070965         
  12511  9892      209.3294   594                    219.5807  2074209         
  12523  9904      207.8890   600                    219.5807  2076590         
  12545  9926      206.1122   464                    219.5807  2079800         
  12563  9944      203.2482   541                    219.5807  2082822         
  12585  9966      201.1971   477                    219.5807  2086000         
  12612  9993      199.5484   462                    219.5807  2089075         
  12645 10026      197.5213   382                    219.5807  2092125         
  12679 10060      195.8495   372                    219.5807  2094963         
  12727 10108      192.7813   297                    219.5807  2097860         
Elapsed time = 2751.43 sec. (4121993.10 ticks, tree = 486.31 MB, solutions = 0)
  12772 10151      217.2181   646                    219.5345  2100647         
  12782 10161      215.2161   599                    219.5345  2103957         
  12790 10169      213.3807   713                    219.5345  2107541         
  12803 10182      212.3017   573                    219.5345  2110739         
  12821 10200      210.8962   589                    219.5345  2113981         
  12840 10219      209.3001   493                    219.5345  2117116         
  12858 10237      207.9532   604                    219.5345  2120369         
  12877 10256      206.4590   541                    219.5345  2123590         
  12900 10279      204.9450   451                    219.5345  2126927         
  12927 10306      203.7324   382                    219.5345  2130217         
Elapsed time = 2779.64 sec. (4161871.37 ticks, tree = 495.80 MB, solutions = 0)
  12951 10330      197.9028   335                    219.5345  2133970         
  12972 10351      218.0143   523                    219.5302  2137782         
  12984 10363      216.0151   551                    219.5302  2141267         
  12996 10375      212.4752   545                    219.5302  2145169         
  13014 10393      210.6385   519                    219.5302  2148406         
  13034 10413      208.7017   465                    219.5302  2151451         
  13054 10433      206.4323   436                    219.5302  2154689         
  13070 10449      203.0609   480                    219.5302  2158061         
  13095 10474      201.5836   413                    219.5302  2160917         
  13121 10500      199.5198   388                    219.5302  2164165         
Elapsed time = 2808.17 sec. (4202486.72 ticks, tree = 505.08 MB, solutions = 0)
  13157 10536      197.4563   335                    219.5302  2167059         
  13173 10552      203.9545   533                    219.4906  2171444         
  13184 10563      202.9578   530                    219.4906  2175151         
  13192 10571      202.4761   527                    219.4906  2178673         
  13202 10581      200.7879   409                    219.4906  2183437         
  13211 10590      199.6551   429                    219.4906  2187637         
  13229 10606      197.9651   276                    219.4906  2191514         
  13243 10620      193.9016   344                    219.4906  2195328         
  13267 10638      211.0106   503                    219.4799  2201830         
  13278 10649      208.2676   542                    219.4799  2205329         
Elapsed time = 2836.29 sec. (4243697.23 ticks, tree = 512.28 MB, solutions = 0)
  13293 10664      205.9106   442                    219.4799  2208606         
  13313 10684      203.6137   393                    219.4799  2212120         
  13337 10708      201.7451   425                    219.4799  2214866         
  13359 10730      199.9318   472                    219.4799  2217836         
  13376 10747      195.0445   542                    219.4799  2220702         
  13395 10766      193.7543   479                    219.4799  2223393         
  13422 10793      191.0829   412                    219.4799  2226678         
  13459 10830      187.9997   409                    219.4799  2231075         
  13488 10854      215.3567   541                    219.4748  2236830         
  13501 10867      212.4139   546                    219.4748  2240670         
Elapsed time = 2865.29 sec. (4284125.84 ticks, tree = 522.82 MB, solutions = 0)
  13512 10878      210.4266   454                    219.4748  2244222         
  13525 10891      208.2504   450                    219.4748  2247984         
  13542 10908      206.2421   436                    219.4748  2251251         
  13548 10911      211.6786   539                    219.4631  2256072         
  13559 10922      208.5406   590                    219.4631  2259703         
  13570 10933      206.4822   633                    219.4631  2262442         
  13585 10948      205.0980   581                    219.4631  2265656         
  13595 10958      202.2892   571                    219.4631  2269252         
  13607 10970      199.6416   612                    219.4631  2272607         
  13622 10985      198.7114   536                    219.4631  2275705         
Elapsed time = 2893.84 sec. (4326832.48 ticks, tree = 528.44 MB, solutions = 0)
  13641 11004      197.3662   519                    219.4631  2278836         
  13663 11026      195.9949   526                    219.4631  2281658         
  13688 11051      194.5657   495                    219.4631  2284899         
  13716 11079      191.9979   477                    219.4631  2288330         
  13754 11117      189.2621   383                    219.4631  2292076         
  13767 11124      208.2120   534                    219.4445  2297241         
  13782 11139      205.7445   314                    219.4445  2300848         
  13810 11167      203.2185   309                    219.4445  2304317         
  13839 11196      200.6419   329                    219.4445  2307203         
  13880 11237      196.0901   203                    219.4445  2310116         
Elapsed time = 2922.56 sec. (4366400.49 ticks, tree = 540.65 MB, solutions = 0)
  13917 11274      193.3650   300                    219.4445  2312729         
  13962 11319      188.8786   346                    219.4445  2316171         
  13989 11340      219.1296   599                    219.4406  2319448         
  13996 11347      211.4494   577                    219.4406  2324157         
  14003 11354      208.6194   574                    219.4406  2328386         
  14015 11366      206.7457   362                    219.4406  2332114         
  14035 11384      203.6532   299                    219.4406  2335772         
  14056 11403      199.3437   238                    219.4406  2339608         
  14068 11414      190.0989   273                    219.4406  2341868         
  14075 11417      217.4174   615                    219.4228  2345114         
Elapsed time = 2950.32 sec. (4406948.05 ticks, tree = 549.37 MB, solutions = 0)
  14086 11428      215.9397   580                    219.4228  2349047         
  14097 11439      212.3519   573                    219.4228  2353026         
  14107 11449      211.0245   563                    219.4228  2356365         
  14117 11459      209.5986   560                    219.4228  2359789         
  14123 11461      210.6667   608                    219.4174  2363805         
  14139 11477      209.3099   469                    219.4174  2367238         
  14159 11497      207.4087   480                    219.4174  2370411         
  14179 11517      205.4880   473                    219.4174  2373923         
  14203 11541      203.7159   421                    219.4174  2377243         
  14228 11566      202.4169   427                    219.4174  2380232         
Elapsed time = 2977.67 sec. (4447077.72 ticks, tree = 556.58 MB, solutions = 0)
  14258 11596      200.6340   420                    219.4174  2383342         
  14276 11614      197.0435   431                    219.4174  2386210         
  14286 11622      189.6704   351                    219.4174  2389361         
  14309 11641      213.7237   732                    219.4004  2395388         
  14324 11656      212.4745   590                    219.4004  2398380         
  14338 11670      210.9890   538                    219.4004  2401640         
  14357 11689      209.6528   548                    219.4004  2404667         
  14375 11707      208.0811   500                    219.4004  2407857         
  14395 11725  -1.00000e+75   469                    219.4004  2412286         
  14421 11751      206.1719   511                    219.4004  2415021         
Elapsed time = 3006.42 sec. (4487735.58 ticks, tree = 565.51 MB, solutions = 0)
  14443 11773      204.7907   477                    219.4004  2417619         
  14467 11797      203.4801   523                    219.4004  2420315         
  14490 11820      202.5160   519                    219.4004  2423141         
  14516 11846      201.7201   561                    219.4004  2425793         
  14544 11874      200.9407   504                    219.4004  2428134         
  14571 11901      199.9863   485                    219.4004  2430825         
  14599 11929      199.4932   477                    219.4004  2432670         
  14631 11961      198.5332   477                    219.4004  2434830         
  14660 11990      197.8410   501                    219.4004  2437167         
  14774 12104      192.6274   351                    219.4004  2447111         
Elapsed time = 3044.47 sec. (4537908.24 ticks, tree = 582.61 MB, solutions = 0)
  14857 12183      201.6745   461                    219.3953  2460069         
  14950 12276      195.3264   453                    219.3953  2472443         
  15076 12402      190.1197   429                    219.3953  2484685         
  15164 12481      200.2087   297                    219.3574  2499529         
  15335 12652      191.9708   244                    219.3574  2511533         
  15508 12820      207.2863   560                    219.3327  2523094         
  15570 12882      202.4017   520                    219.3327  2534888         
  15666 12978      197.2431   544                    219.3327  2546072         
  15775 13087      204.6367   553                    219.3232  2557491         
  15845 13157      197.4464   427                    219.3232  2570764         
Elapsed time = 3157.23 sec. (4692268.53 ticks, tree = 633.66 MB, solutions = 0)
  15970 13282      189.7970   395                    219.3232  2584640         
  16022 13334      207.8328   496                    219.3071  2598110         
  16117 13429      202.9802   557                    219.3071  2609433         
  16190 13500      212.4590   496                    219.2927  2622347         
  16224 13530      214.7705   405                    219.2574  2635957         
  16265 13571      194.1196   311                    219.2574  2651242         
  16313 13615      206.8265   392                    219.2440  2665318         
  16390 13690      191.0394   313                    219.2440  2681291         
  16477 13773      203.4869   543                    219.2384  2696489         
  16551 13847      197.7122   512                    219.2384  2709407         
Elapsed time = 3264.79 sec. (4847031.88 ticks, tree = 667.00 MB, solutions = 0)
  16660 13956      192.0230   490                    219.2384  2721453         
  16736 14027      210.0107   458                    219.2236  2736793         
  16791 14082      199.4241   217                    219.2236  2751360         
  16880 14161      215.4168   532                    219.2059  2763068         
  17018 14299      205.7665   266                    219.2059  2775880         
  17176 14457      198.1454   260                    219.2059  2784489         
  17301 14577      210.1916   616                    219.1880  2795115         
  17376 14652      202.9679   444                    219.1880  2808267         
  17495 14771      196.0938   346                    219.1880  2820159         
  17650 14926      188.7838   287                    219.1880  2831034         
Elapsed time = 3376.02 sec. (5000810.18 ticks, tree = 719.30 MB, solutions = 0)
  17712 14983      202.6370   465                    219.1848  2845506         
  17832 15103      196.1491   425                    219.1848  2857247         
  17880 15147      207.4539   608                    219.1703  2872349         
  17941 15208      200.3386   337                    219.1703  2885584         
  18092 15355        cutoff                          219.1703  2900516         
  18121 15382      203.2185   290                    219.1568  2914445         
  18225 15486      191.5745   124                    219.1568  2929104         
  18334 15574      203.2933   444                    219.1496  2942521         
  18372 15608      216.9177   549                    219.1280  2953269         
  18413 15649      210.0815   557                    219.1280  2966070         
Elapsed time = 3483.27 sec. (5154653.04 ticks, tree = 754.27 MB, solutions = 0)
  18463 15695      210.2582   491                    219.1261  2979927         
  18576 15808      192.0063   345                    219.1261  2992886         
  18677 15905      199.2647   461                    219.0971  3009232         
  18764 15988      212.5904   583                    219.0890  3024153         
  18789 16013      204.2924   449                    219.0890  3040271         
  18823 16047      202.7308   397                    219.0890  3055018         
  18900 16113      214.9640   604                    219.0755  3070145         
  18963 16176      207.7675   415                    219.0755  3083077         
  19075 16288      199.4235   320                    219.0755  3096287         
  19230 16443      190.9062   226                    219.0755  3107357         
Elapsed time = 3592.34 sec. (5310585.89 ticks, tree = 793.39 MB, solutions = 0)
  19331 16536      215.4005   533                    219.0655  3122233         
  19389 16594      209.9795   511                    219.0655  3135289         
  19464 16669      206.2737   479                    219.0655  3147613         
  19554 16759      202.7239   558                    219.0655  3159189         
  19636 16841      199.2449   517                    219.0655  3168506         
  19755 16960      193.8142   432                    219.0655  3178227         
  19822 17027      202.9695   530                    219.0526  3191093         
  19899 17104      198.0616   512                    219.0526  3203496         
  19978 17183      214.5258   644                    219.0299  3216018         
  20038 17243      205.9036   629                    219.0299  3228804         
Elapsed time = 3703.11 sec. (5464790.06 ticks, tree = 832.06 MB, solutions = 0)
  20116 17321      198.0524   473                    219.0299  3241637         
  20186 17389      205.6966   407                    219.0220  3255988         
  20251 17454      204.6062   186                    219.0220  3271258         
  20343 17543      194.5526   137                    219.0220  3282172         
  20373 17565      212.3609   663                    219.0146  3287435         
  20437 17629      203.1059   380                    219.0146  3299782         
  20538 17730      195.4861   349                    219.0146  3311575         
  20583 17771      212.8367   586                    218.9940  3325582         
  20630 17817      208.2932   594                    218.9940  3338337         
  20667 17850      209.6365   578                    218.9871  3353087         
Elapsed time = 3808.70 sec. (5619310.77 ticks, tree = 861.39 MB, solutions = 0)
  20730 17913      201.5150   548                    218.9871  3365625         
  20844 18027      195.2041   373                    218.9871  3377726         
  20914 18093      215.1180   519                    218.9850  3394602         
  20978 18157      208.5722   456                    218.9850  3408085         
  21054 18233      202.8469   354                    218.9850  3422384         
  21163 18342      197.2311   409                    218.9850  3435436         
  21205 18382      205.0145   370                    218.9830  3449256         
  21254 18431      202.1739   200                    218.9830  3464944         
  21343 18513      216.1104   644                    218.9824  3477847         
  21384 18554      211.6652   602                    218.9824  3490738         
Elapsed time = 3916.03 sec. (5773553.52 ticks, tree = 895.44 MB, solutions = 0)
  21423 18591      204.6490   556                    218.9824  3504756         
  21490 18658      193.1185   484                    218.9824  3517659         
  21569 18732      214.2062   654                    218.9556  3535561         
  21625 18788      208.3114   683                    218.9556  3547868         
  21701 18864      202.8124   624                    218.9556  3559230         
  21778 18941      211.6940   554                    218.9547  3571313         
  21896 19059      199.9848   358                    218.9547  3584681         
  21984 19147      213.1573   424                    218.9503  3597678         
  22037 19200      205.8088   597                    218.9503  3611135         
  22114 19276      195.8110   421                    218.9503  3624676         
Elapsed time = 4025.40 sec. (5928012.45 ticks, tree = 930.38 MB, solutions = 0)
  22183 19341      206.5599   285                    218.9479  3642253         
  22294 19441      209.9381   399                    218.9465  3655726         
  22395 19542      200.8179   401                    218.9465  3669236         
  22515 19653      217.7057   522                    218.9218  3682976         
  22541 19677        cutoff                          218.9218  3701820         
  22583 19715      212.3488   599                    218.8733  3715218         
  22665 19797      205.0159   446                    218.8733  3727721         
  22794 19926      194.4626   311                    218.8733  3740305         
  22960 20087      216.5524   485                    218.8578  3754109         
  23013 20140      211.1043   561                    218.8578  3767102         
Elapsed time = 4137.05 sec. (6086906.15 ticks, tree = 972.19 MB, solutions = 0)
  23083 20210      204.3822   355                    218.8578  3780480         
  23177 20304      206.9634   488                    218.8516  3795799         
  23191 20312    infeasible                          218.8516  3812089         
  23237 20356      210.8659   638                    218.8407  3824339         
  23306 20425      204.2566   558                    218.8407  3836649         
  23396 20515      198.9883   473                    218.8407  3848648         
  23484 20600      214.3807   643                    218.8252  3863684         
  23530 20646      204.0963   499                    218.8252  3877550         
  23616 20732      196.8557   352                    218.8252  3891683         
  23769 20876      215.9264   608                    218.8216  3904289         
Elapsed time = 4246.42 sec. (6242799.92 ticks, tree = 1007.78 MB, solutions = 0)
  23822 20929      208.2362   517                    218.8216  3917052         
  23867 20968      210.7751   472                    218.8017  3931533         
  23931 21032      202.4587   421                    218.8017  3945063         
  24020 21121      196.3962   393                    218.8017  3954377         
  24173 21272      208.4198   559                    218.7840  3969094         
  24213 21306      195.6852   351                    218.7840  3985360         
  24254 21340      214.6188   755                    218.7826  4000555         
  24301 21387      209.5540   714                    218.7826  4012302         
  24363 21449      205.5593   523                    218.7826  4024938         
  24420 21506      203.1839   555                    218.7826  4033669         
Elapsed time = 4356.06 sec. (6397506.82 ticks, tree = 1038.13 MB, solutions = 0)
  24512 21598      198.1011   533                    218.7826  4044987         
  24594 21680      212.9229   584                    218.7589  4057214         
  24705 21791      206.4077   406                    218.7589  4069590         
  24794 21880      215.8929   673                    218.7116  4081177         
  24865 21951      209.3149   448                    218.7116  4093915         
  24978 22064      214.7807   554                    218.6838  4106577         
  25038 22124      208.8403   604                    218.6838  4118919         
  25125 22211      202.4241   439                    218.6838  4131265         
  25192 22276      208.5010   433                    218.6801  4145893         
  25258 22338      196.0217   192                    218.6801  4160322         
Elapsed time = 4466.84 sec. (6552219.95 ticks, tree = 1078.14 MB, solutions = 0)
  25307 22382      210.6007   683                    218.6739  4174709         
  25356 22431      203.3184   503                    218.6739  4187616         
  25400 22471      213.3274   656                    218.6611  4201263         
  25467 22538      209.7248   713                    218.6611  4212586         
  25533 22604      202.3243   552                    218.6611  4225138         
  25611 22682      195.2472   450                    218.6611  4237845         
  25756 22819      213.7092   614                    218.6461  4255204         
  25801 22861      201.8875   554                    218.6451  4268941         
  25863 22923      195.4371   587                    218.6451  4281808         
  25964 23024      190.1527   518                    218.6451  4295521         
Elapsed time = 4576.52 sec. (6707585.81 ticks, tree = 1111.03 MB, solutions = 0)
  26026 23075      204.4167   539                    218.6440  4313367         
  26051 23093      204.7741   596                    218.6440  4329102         
  26078 23112      216.9087   779                    218.6434  4343584         
  26125 23159      212.8288   733                    218.6434  4355418         
  26184 23218      207.7601   628                    218.6434  4367145         
  26262 23296      203.1418   651                    218.6434  4378533         
  26351 23385      198.4849   585                    218.6434  4389453         
  26456 23490      195.0737   502                    218.6434  4398222         
  26578 23612      206.4857   615                    218.6381  4409142         
  26640 23674      197.9111   522                    218.6381  4422663         
Elapsed time = 4686.26 sec. (6862015.13 ticks, tree = 1142.08 MB, solutions = 0)
  26698 23726      215.5588   720                    218.6353  4438403         
  26757 23785      208.9623   523                    218.6353  4450711         
  26843 23871      202.0878   459                    218.6353  4463324         
  26950 23978      194.5962   394                    218.6353  4475100         
  27031 24059      207.3582   383                    218.6343  4488236         
  27172 24200      214.0268   519                    218.6324  4501547         
  27232 24260      201.4606   238                    218.6324  4516570         
  27333 24352      191.9801   159                    218.6324  4533514         
  27387 24399      206.5932   443                    218.6295  4546081         
  27468 24476      205.4387   553                    218.6013  4562873         
Elapsed time = 4795.56 sec. (7016965.35 ticks, tree = 1180.88 MB, solutions = 0)
  27527 24535      199.5398   559                    218.6013  4575738         
  27575 24583      194.7021   500                    218.6013  4587515         
  27670 24678      189.9461   453                    218.6013  4603074         
  27743 24745      211.8803   631                    218.5895  4619579         
  27779 24778      203.9639   543                    218.5891  4633451         
  27839 24838      198.3184   590                    218.5891  4645884         
  27911 24910      188.5127   438                    218.5891  4661829         
  27954 24948      205.0725   450                    218.5860  4679707         
  27979 24973      196.4917   418                    218.5860  4689964         
  28044 25038      199.5863   341                    218.5860  4705492         
Elapsed time = 4902.81 sec. (7172644.35 ticks, tree = 1208.03 MB, solutions = 0)
  28136 25125      216.6196   634                    218.5821  4718576         
  28193 25182      211.3316   486                    218.5821  4731213         
  28262 25251      204.9012   476                    218.5821  4744580         
  28352 25341      196.9368   393                    218.5821  4758762         
  28514 25503      188.2787   294                    218.5821  4771921         
  28560 25544      211.9860   678                    218.5740  4787242         
  28621 25605      205.8941   560                    218.5740  4800084         
  28726 25710      199.3483   491                    218.5740  4812090         
  28797 25781      211.9380   634                    218.5732  4822331         
  28866 25850      205.9873   599                    218.5732  4835324         
Elapsed time = 5012.47 sec. (7326614.10 ticks, tree = 1247.47 MB, solutions = 0)
  28939 25923      197.3997   420                    218.5732  4849232         
  29019 26003      208.7402   447                    218.5563  4862692         
  29172 26156      213.7354   593                    218.5530  4876511         
  29204 26188      195.7389   503                    218.5530  4892530         
  29253 26231      201.0322   601                    218.5392  4907660         
  29330 26308      194.6944   485                    218.5392  4920678         
  29396 26370      211.2233   630                    218.5258  4936933         
  29455 26429      205.9512   565                    218.5258  4949464         
  29513 26487      201.5558   551                    218.5258  4962827         
  29570 26544      195.1348   559                    218.5258  4975455         
Elapsed time = 5121.33 sec. (7482742.18 ticks, tree = 1281.15 MB, solutions = 0)
  29653 26623      209.1892   615                    218.5192  4993602         
  29708 26676      201.2166   495                    218.5192  5006690         
  29733 26695      209.1096   543                    218.5125  5022338         
  29760 26720      201.4050   429                    218.5125  5037510         
  29818 26773      193.2006   235                    218.5125  5052066         
  29887 26834      197.9200   456                    218.5121  5067090         
  29998 26945      189.2772   408                    218.5121  5081869         
  30071 27014      209.0246   549                    218.5101  5098625         
  30129 27072      204.0236   524                    218.5101  5110984         
  30182 27125      196.3674   532                    218.5101  5125320         
Elapsed time = 5227.68 sec. (7637311.47 ticks, tree = 1309.35 MB, solutions = 0)
  30277 27213      214.4774   565                    218.5078  5143707         
  30357 27293      203.4658   366                    218.5078  5157798         
  30551 27487      190.8140   239                    218.5078  5171563         
  30629 27560      200.4812   426                    218.4870  5188838         
  30713 27626      211.0268   573                    218.4781  5207080         
  30773 27686      201.4489   575                    218.4781  5220280         
  30890 27803      194.8691   380                    218.4781  5233015         
  30990 27899      207.0825   505                    218.4720  5248062         
  31075 27984      201.4927   469                    218.4720  5260453         
  31164 28073      187.5396   222                    218.4720  5277028         
Elapsed time = 5338.73 sec. (7791819.75 ticks, tree = 1355.44 MB, solutions = 0)
  31228 28133      214.7620   681                    218.4714  5289712         
  31286 28191      210.0387   684                    218.4714  5302492         
  31350 28255      204.4245   563                    218.4714  5315491         
  31450 28355      198.2548   504                    218.4714  5327542         
  31593 28498      192.4493   416                    218.4714  5339006         
  31683 28582      214.3580   641                    218.4691  5352917         
  31705 28595      209.5514   530                    218.4691  5368430         
  31740 28624      209.9030   519                    218.4673  5382849         
  31798 28682      200.9036   357                    218.4673  5396640         
  31922 28806      194.8732   255                    218.4673  5409216         
Elapsed time = 5448.64 sec. (7946004.92 ticks, tree = 1390.89 MB, solutions = 0)
  32059 28938      213.4510   561                    218.4510  5422245         
  32138 29017      207.8906   461                    218.4510  5435318         
  32197 29071      212.4911   524                    218.4414  5450260         
  32258 29132      206.2972   496                    218.4414  5463174         
  32355 29229      194.4338   387                    218.4414  5476168         
  32431 29301      210.3248   631                    218.4409  5490016         
  32491 29361      204.2738   442                    218.4409  5504004         
  32535 29404      195.4662   383                    218.4409  5519415         
  32632 29497      213.3243   595                    218.4387  5539604         
  32655 29520      210.4860   604                    218.4387  5555225         
Elapsed time = 5559.39 sec. (8101241.13 ticks, tree = 1425.50 MB, solutions = 0)
  32715 29574      215.4372   552                    218.4368  5571098         
  32764 29623      206.0831   555                    218.4368  5583877         
  32844 29703      198.6171   349                    218.4368  5596180         
  33005 29864      189.8465   294                    218.4368  5609167         
  33078 29933      213.3812   557                    218.4177  5623816         
  33129 29984      208.7541   544                    218.4177  5638212         
  33227 30082      197.5717   314                    218.4177  5652564         
  33462 30307      206.3747   563                    218.4171  5667211         
  33527 30372      199.4721   556                    218.4171  5679721         
  33616 30461      193.5077   475                    218.4171  5692225         
Elapsed time = 5670.08 sec. (8255456.10 ticks, tree = 1471.20 MB, solutions = 0)
  33749 30590      211.9192   617                    218.4132  5707394         
  33820 30661      205.8369   469                    218.4132  5720444         
  33921 30762      199.3743   397                    218.4132  5733412         
  34062 30903      194.2349   427                    218.4132  5744418         
  34096 30933      193.9388   398                    218.3975  5760719         
  34143 30974      212.2098   421                    218.3890  5775997         
  34201 31032      205.4996   406                    218.3890  5789906         
  34304 31135      200.4027   382                    218.3890  5802727         
  34416 31247      194.5183   381                    218.3890  5813418         
  34492 31317      211.2771   395                    218.3771  5827263         
Elapsed time = 5780.17 sec. (8408698.59 ticks, tree = 1512.73 MB, solutions = 0)
  34581 31406      201.6176   351                    218.3771  5840547         
  34712 31537      194.6415   436                    218.3771  5851935         
  34795 31620      211.3443   687                    218.3751  5864248         
  34853 31678      203.9967   554                    218.3751  5876561         
  34918 31737      207.6299   626                    218.3696  5891100         
  34984 31803      202.0548   585                    218.3696  5903277         
  35056 31875      197.0097   471                    218.3696  5915748         
  35170 31989      190.1322   462                    218.3696  5929859         
  35197 32016      197.9913   333                    218.3588  5944595         
  35254 32068      203.8443   460                    218.3588  5959089         
Elapsed time = 5890.83 sec. (8563610.66 ticks, tree = 1549.09 MB, solutions = 0)
  35326 32140      197.7594   536                    218.3588  5971986         
  35427 32241      190.1577   491                    218.3588  5986900         
  35493 32303      209.6673   597                    218.3508  6001838         
  35561 32371      205.0225   620                    218.3508  6013173         
  35593 32403      201.2692   578                    218.3508  6020620         
  35660 32470      195.9414   547                    218.3508  6033223         
  35756 32566      190.7024   573                    218.3508  6046136         
  35812 32622      204.2668   568                    218.3493  6059086         
  35869 32679      198.8431   651                    218.3493  6072282         
  35945 32755      194.2758   604                    218.3493  6084831         
Elapsed time = 6001.67 sec. (8717687.36 ticks, tree = 1582.19 MB, solutions = 0)
  35995 32805      206.0190   547                    218.3262  6098868         
  36058 32868      198.6017   625                    218.3262  6111564         
  36098 32904      211.6946   507                    218.3244  6129866         
  36164 32968      198.7140   223                    218.3244  6146267         
  36251 33045      211.1969   554                    218.3227  6160049         
  36326 33120      203.4029   370                    218.3227  6173986         
  36504 33298      191.8493   317                    218.3227  6187402         
  36609 33403      210.6592   522                    218.3224  6201075         
  36672 33466      204.6434   478                    218.3224  6213985         
  36772 33566      212.3362   553                    218.3031  6226532         
Elapsed time = 6111.48 sec. (8871700.15 ticks, tree = 1622.95 MB, solutions = 0)
  36830 33624      205.4892   600                    218.3031  6238927         
  36899 33693      200.7277   590                    218.3031  6250656         
  36968 33762      195.9554   521                    218.3031  6263268         
  37016 33810      211.8609   566                    218.3028  6275852         
  37064 33858      207.4403   550                    218.3028  6289566         
  37171 33963      200.2260   311                    218.3028  6302575         
  37205 33997      202.8807   343                    218.3013  6318033         
  37248 34034      211.2625   638                    218.2728  6333468         
  37308 34094      205.3759   502                    218.2728  6345819         
  37366 34152      198.6088   506                    218.2728  6358507         
Elapsed time = 6218.77 sec. (9025679.42 ticks, tree = 1651.24 MB, solutions = 0)
  37458 34244      192.7030   549                    218.2728  6370695         
  37560 34342      214.6995   654                    218.2727  6386426         
  37600 34382      209.8618   485                    218.2727  6396357         
  37670 34452      203.8166   435                    218.2727  6409005         
  37792 34574      196.8939   365                    218.2727  6421047         
  37955 34737      191.5889   417                    218.2727  6431750         
  38014 34796      206.7896   552                    218.2657  6444870         
  38102 34884      199.7627   443                    218.2657  6457400         
  38185 34967      210.3225   376                    218.2621  6471445         
  38228 35010      201.4043   378                    218.2621  6487084         
Elapsed time = 6330.97 sec. (9180714.16 ticks, tree = 1692.90 MB, solutions = 0)
  38312 35084      205.3539   594                    218.2569  6504266         
  38361 35133      195.6415   471                    218.2569  6518718         
  38440 35212      191.4637   533                    218.2569  6530424         
  38527 35295      212.8228   447                    218.2514  6546253         
  38603 35371      202.5900   298                    218.2514  6560737         
  38759 35527      194.8018   338                    218.2514  6572373         
  38838 35606      187.0365   489                    218.2475  6589153         
  38898 35662      211.3323   520                    218.2449  6604405         
  38964 35728      205.6321   478                    218.2449  6617550         
  39064 35828      197.6940   377                    218.2449  6630545         
Elapsed time = 6441.18 sec. (9334615.93 ticks, tree = 1732.68 MB, solutions = 0)
  39180 35942      212.8667   560                    218.2375  6643629         
  39214 35972      189.3814   234                    218.2375  6659853         
  39291 36035    infeasible                          218.2356  6676837         
  39345 36089      207.9898   681                    218.2307  6689278         
  39434 36178      201.9614   458                    218.2307  6701098         
  39546 36290      195.5148   372                    218.2307  6713027         
  39643 36382      211.6362   644                    218.2273  6725225         
  39715 36454      205.9310   524                    218.2273  6737416         
  39796 36535      200.2471   455                    218.2273  6750474         
  39912 36651      191.9310   386                    218.2273  6763088         
Elapsed time = 6554.72 sec. (9491315.24 ticks, tree = 1772.64 MB, solutions = 0)
  39992 36731      209.8903   597                    218.2178  6778975         
  40042 36781      200.3516   585                    218.2178  6791642         
  40113 36852      195.4715   523                    218.2178  6803808         
  40184 36923      210.7489   504                    218.1802  6817620         
  40219 36951      213.0947   590                    218.1770  6832477         
  40249 36977      212.2777   431                    218.1704  6846916         
  40313 37041      207.7609   534                    218.1704  6859967         
  40387 37115      203.8858   356                    218.1704  6869991         
  40467 37195      198.5704   439                    218.1704  6883091         
  40560 37288      192.4831   285                    218.1704  6897431         
Elapsed time = 6662.71 sec. (9645583.51 ticks, tree = 1803.57 MB, solutions = 0)
  40611 37335      210.0104   750                    218.1700  6911575         
  40669 37393      203.9525   536                    218.1700  6924155         
  40690 37409      214.7205   618                    218.1681  6937170         
  40760 37479      206.0456   475                    218.1681  6949947         
  40842 37561      200.8008   402                    218.1681  6961242         
  41012 37727      217.2067   666                    218.1637  6973458         
  41048 37763      209.4509   322                    218.1637  6988397         
  41111 37824      201.5543   242                    218.1637  7001857         
  41164 37870      211.8762   641                    218.1636  7014300         
  41222 37928      206.9954   629                    218.1636  7026276         
Elapsed time = 6770.43 sec. (9800106.83 ticks, tree = 1834.61 MB, solutions = 0)
  41287 37993      202.5254   599                    218.1636  7037989         
  41381 38087      195.4395   384                    218.1636  7050498         
  41515 38217      213.7339   480                    218.1633  7067221         
  41570 38268      208.7086   337                    218.1613  7081351         
  41730 38428      197.4197   290                    218.1613  7094472         
  41865 38556      212.2943   544                    218.1538  7104901         
  41902 38589      206.7570   445                    218.1435  7119364         
  41929 38616      211.5621   412                    218.1435  7135269         
  41968 38655      202.3508   322                    218.1435  7151497         
  42067 38754      195.0907   116                    218.1435  7165843         
Elapsed time = 6879.99 sec. (9954643.17 ticks, tree = 1874.90 MB, solutions = 0)
  42138 38817      212.3830   578                    218.1344  7178957         
  42223 38902      204.2685   309                    218.1344  7192412         
  42380 39059      195.4316   291                    218.1344  7202838         
  42537 39209      212.9292   577                    218.1327  7214830         
  42608 39280      205.4064   548                    218.1327  7227985         
  42701 39373      197.8929   351                    218.1327  7240791         
  42779 39451      206.8688   549                    218.1292  7253839         
  42848 39520      198.9755   431                    218.1292  7266672         
  42973 39645      214.6853   520                    218.1270  7279524         
  43039 39711      206.5226   417                    218.1270  7292860         
Elapsed time = 6990.98 sec. (10108773.83 ticks, tree = 1921.43 MB, solutions = 0)
  43123 39795      201.0970   441                    218.1270  7305728         
  43177 39849      197.8943   561                    218.1252  7318597         
  43212 39879      216.5911   631                    218.1218  7337421         
  43267 39934      212.2653   559                    218.1218  7350461         
  43338 40005      206.8077   507                    218.1218  7363579         
  43406 40073      197.9819   550                    218.1218  7377334         
  43514 40181      192.6851   459                    218.1218  7390377         
  43579 40240      205.9939   543                    218.1089  7405786         
  43643 40304      196.1497   516                    218.1089  7418195         
  43722 40378      214.4108   663                    218.1072  7434522         
Elapsed time = 7101.36 sec. (10264768.02 ticks, tree = 1953.75 MB, solutions = 0)
  43779 40435      210.0597   586                    218.1072  7446480         
  43852 40508      203.8465   447                    218.1072  7459335         
  43964 40620      198.0430   354                    218.1072  7471375         
  44031 40687      209.0772   413                    218.0948  7483077         
  44177 40833      215.7382   591                    218.0873  7496981         
  44199 40855      213.9918   621                    218.0873  7511332         
  44222 40878      206.6020   514                    218.0873  7527890         
  44259 40911      207.8757   595                    218.0872  7542271         
  44320 40972      200.7641   659                    218.0872  7554171         

GUB cover cuts applied:  28
Clique cuts applied:  4
Cover cuts applied:  5
Implied bound cuts applied:  38
Flow cuts applied:  10
Mixed integer rounding cuts applied:  39
Zero-half cuts applied:  54
Lift and project cuts applied:  2
Gomory fractional cuts applied:  1

Root node processing (before b&c):
  Real time             =   12.36 sec. (17456.84 ticks)
Sequential b&c:
  Real time             = 7187.64 sec. (10390105.63 ticks)
                          ------------
Total (root+branch&cut) = 7200.00 sec. (10407562.47 ticks)

CPLEX Sol status: Unknown
Instance Name: sarp-50-25-C-1

K: 9
Profits: 
0: 14.241
1: 17.091
2: 13.215
3: 11.562
4: 12.588
5: 10.023
6: 6.603
7: 3.354
8: 6.147
9: 14.469
10: 10.023
11: 13.386
12: 12.759
13: 11.277
14: 5.748
15: 10.137
16: 10.707
17: 10.023
18: 5.577
19: 16.179
20: 5.919
21: 15.723
22: 16.122
23: 10.251
24: 13.215
25: 14.64
26: 7.515
27: 13.158
28: 10.935
29: 6.204
30: 3.354
31: 7.629
32: 12.873
33: 13.557
34: 6.318
35: 10.194
36: 10.365
37: 14.127
38: 10.422
39: 15.666
40: 5.976
41: 14.925
42: 13.899
43: 12.018
44: 14.241
45: 8.541
46: 10.593
47: 8.826
48: 12.816
49: 9.168
50: 7.222
51: 4.732
52: 17.348
53: 8.135
54: 13.779
55: 13.032
56: 13.779
57: 15.854
58: 16.85
59: 13.032
60: 26.395
61: 18.261
62: 11.206
63: 13.115
64: 14.111
65: 9.048
66: 15.937
67: 14.111
68: 9.463
69: 13.447
70: 5.147
71: 7.056
72: 17.68
73: 18.842
74: 12.451
75: 0
76: 0
77: 0
78: 0
79: 0
80: 0
81: 0
82: 0
83: 0
84: 0
85: 0
86: 0
87: 0
88: 0
89: 0
90: 0
91: 0
92: 0
93: 0
94: 0
95: 0
96: 0
97: 0
98: 0
99: 0
100: 0
101: 0
102: 0
103: 0
104: 0
105: 0
106: 0
107: 0
108: 0
109: 0
110: 0
111: 0
112: 0
113: 0
114: 0
115: 0
116: 0
117: 0
Multi parcel
MIP Node V2
profit: 544.299
cutoff: -101.3
Cutoff Value: 645.599
Version identifier: 22.1.1.0 | 2022-11-28 | 9160aff4d
CPXPARAM_Threads                                 1
CPXPARAM_TimeLimit                               7200
CPXPARAM_MIP_Tolerances_LowerCutoff              645.59899999999993
Tried aggregator 2 times.
MIP Presolve eliminated 4632 rows and 2582 columns.
MIP Presolve modified 9144 coefficients.
Aggregator did 63 substitutions.
Reduced MIP has 4178 rows, 53179 columns, and 203215 nonzeros.
Reduced MIP has 53129 binaries, 0 generals, 0 SOSs, and 0 indicators.
Presolve time = 0.20 sec. (246.36 ticks)
Tried aggregator 1 time.
Detecting symmetries...
Reduced MIP has 4178 rows, 53179 columns, and 203215 nonzeros.
Reduced MIP has 53129 binaries, 0 generals, 0 SOSs, and 0 indicators.
Presolve time = 0.11 sec. (105.68 ticks)
Probing time = 0.02 sec. (19.26 ticks)
Clique table members: 34483.
MIP emphasis: balance optimality and feasibility.
MIP search method: dynamic search.
Parallel mode: none, using 1 thread.
Root relaxation solution time = 2.68 sec. (4310.94 ticks)

        Nodes                                         Cuts/
   Node  Left     Objective  IInf  Best Integer    Best Bound    ItCnt     Gap

      0     0      736.0951   902                    736.0951     7082         
      0     0      734.4870   891                   Cuts: 147     8365         
      0     0      733.3001   966                    Cuts: 68     9633         
      0     0      733.1641   990                   Cuts: 121    10051         
      0     0      732.9571  1027                   Cuts: 108    10712         
      0     0      732.2532  1049                    Cuts: 18    11831         
Detecting symmetries...
      0     0      732.0633  1067                    Cuts: 29    12261         
      0     0      732.0490  1040                    Cuts: 13    12404         
      0     0      732.0307  1050                     Cuts: 7    12557         
      0     0      732.0263  1041                     Cuts: 2    12607         
      0     0      731.9457  1005                     Cuts: 5    13014         
      0     0      731.9356   997                     Cuts: 4    13148         
Heuristic still looking.
Detecting symmetries...
      0     2      731.9356   993                    731.9355    13148         
Elapsed time = 27.29 sec. (42433.75 ticks, tree = 0.01 MB, solutions = 0)
      1     3      730.7750   945                    731.9354    14400         
      2     4      731.9167   969                    731.9165    14597         
      3     5      731.8865  1005                    731.9164    14872         
      4     6      731.0448   912                    731.8865    16056         
      5     7      730.7018   945                    731.8865    16655         
      6     8      730.6482   847                    731.8865    17393         
      7     9      730.5370   840                    731.8865    17654         
      8    10      730.3912   837                    731.8865    18029         
      9    11      729.7643   720                    731.8865    19219         
     12    14      729.0189   672                    731.8865    20491         
Elapsed time = 33.50 sec. (53427.08 ticks, tree = 0.56 MB, solutions = 0)
     15    17      727.5066   568                    731.8865    21947         
     18    20      727.9900   604                    731.8865    23185         
     20    22      724.6887   518                    731.8865    24245         
     24    26      723.7205   479                    731.8865    25344         
     30    30      721.7625   416                    731.8865    26821         
     34    34      721.9978   425                    731.8865    28115         
     39    39      719.9623   355                    731.8865    29307         
     44    44      718.1893   272                    731.8865    30632         
     52    52      717.5535   310                    731.8865    32077         
     60    60      714.6329   262                    731.8865    33430         
Elapsed time = 40.20 sec. (64408.39 ticks, tree = 3.05 MB, solutions = 0)
     75    71      705.8107   196                    731.8865    35156         
     79    69      731.2041   926                    731.8865    36276         
     81    71      730.7488   835                    731.8865    37533         
     84    74      730.5346   866                    731.8865    38411         
     85    75      718.1874   783                    731.8865    40302         
     88    78      729.7313   773                    731.8865    41717         
     90    79      725.0072   745                    731.8865    42878         
     93    82      724.8278   750                    731.8865    43814         
     97    86      723.4542   639                    731.8865    45552         
     99    88      721.4755   652                    731.8865    46614         
Elapsed time = 48.11 sec. (77603.00 ticks, tree = 4.53 MB, solutions = 0)
    101    90      721.4435   649                    731.8865    47715         
    105    94      720.1403   550                    731.8865    48942         
    107    96      707.4232   448                    731.8865    51167         
    112   101      719.1169   565                    731.8865    52164         
    116   105      714.9525   483                    731.8865    53363         
    122   110      710.4379   452                    731.8865    54670         
    128   116      707.4224   353                    731.8865    55922         
    132   120      701.6952   267                    731.8865    57338         
    138   126      700.4534   194                    731.8865    58868         
    148   134      697.3294   220                    731.8865    60800         
Elapsed time = 55.07 sec. (88883.10 ticks, tree = 6.92 MB, solutions = 0)
    157   143      695.1614   206                    731.8865    62760         
    173   149    infeasible                          731.8865    65576         
    190   156    infeasible                          731.8865    67710         
    203   163      681.2267   198                    731.8865    69747         
    211   169      678.9990   192                    731.8865    71746         
    220   174      675.5730   156                    731.8865    73088         
    236   190      665.2917   128                    731.8865    75483         
    255   205      656.7326   132                    731.8865    77811         
    280   224      650.1820   145                    731.8865    80294         
    300   237      731.7751  1010                    731.8349    82789         
Elapsed time = 62.50 sec. (99846.69 ticks, tree = 12.48 MB, solutions = 0)
    304   241      731.5557   973                    731.8349    83841         
    307   244      731.4283   944                    731.8349    84774         
    311   248      731.2983   974                    731.8349    85730         
    314   251      730.8472  1023                    731.8349    87076         
    317   254      730.6665  1021                    731.8349    88097         
    319   256      730.4586   950                    731.8349    88985         
    320   257      730.3165   975                    731.8349    89297         
    322   259      730.0970   994                    731.8349    90121         
    324   261      729.3357   988                    731.8349    91596         
    328   265      729.1658  1014                    731.8349    92622         
Elapsed time = 75.29 sec. (121364.49 ticks, tree = 13.78 MB, solutions = 0)
    332   269      729.0372  1025                    731.8349    93440         
    336   273      728.9387  1018                    731.8349    94294         
    341   278      728.8560  1037                    731.8349    95181         
    345   282      728.7307  1041                    731.8349    95999         
    349   286      728.5634   998                    731.8349    97014         
    353   290      728.4510   983                    731.8349    97859         
    355   292      728.1798  1014                    731.8349    98849         
    359   296      728.0448   997                    731.8349    99714         
    360   297      728.0267   982                    731.8349    99868         
    364   301      727.8880  1000                    731.8349   100794         
Elapsed time = 84.26 sec. (136550.72 ticks, tree = 15.44 MB, solutions = 0)
    368   305      727.7594   988                    731.8349   101644         
    372   309      727.5492  1007                    731.8349   102667         
    377   314      727.4104   972                    731.8349   103540         
    381   318      727.2589  1009                    731.8349   104487         
    385   322      727.0929   957                    731.8349   105514         
    389   326      726.9993   986                    731.8349   106375         
    392   329      726.8563  1009                    731.8349   107256         
    395   332      726.6393  1004                    731.8349   108053         
    399   336      726.4931  1037                    731.8349   109014         
    402   339      730.9479   945                    731.7739   111021         
Elapsed time = 91.56 sec. (149201.86 ticks, tree = 17.20 MB, solutions = 0)
    405   342      730.7617   952                    731.7739   111898         
    408   345      730.6174   925                    731.7739   112784         
    409   346      730.4366   949                    731.7739   113249         
    412   349      730.0388   948                    731.7739   114364         
    415   352      729.5977   955                    731.7739   115625         
    418   355      729.1461   905                    731.7739   116768         
    420   357      728.9042   868                    731.7739   117477         
    423   360      728.4910   890                    731.7739   118465         
    427   364      728.2689   920                    731.7739   119317         
    430   367      728.0490   950                    731.7739   120279         
Elapsed time = 104.72 sec. (168697.47 ticks, tree = 18.66 MB, solutions = 0)
    434   371      727.7862   926                    731.7739   121306         
    437   374      727.4191   889                    731.7739   122417         
    443   380      727.2975   884                    731.7739   123284         
    448   385      727.1237   944                    731.7739   124214         
    453   390      726.9396   888                    731.7739   125195         
    456   393      726.4351   914                    731.7739   126440         
    459   396      726.1029   929                    731.7739   127355         
    463   400      725.9248   894                    731.7739   128219         
    467   404      725.7271   910                    731.7739   129138         
    480   417      725.2511   908                    731.7739   131217         
Elapsed time = 116.12 sec. (188035.87 ticks, tree = 21.28 MB, solutions = 0)
    499   436      724.4266   843                    731.7739   134590         
    500   437      724.3848   886                    731.7739   134786         
    518   455      723.5914   876                    731.7739   138010         
    530   467      722.0428   934                    731.7739   141740         
    547   484      721.3207   942                    731.7739   145044         
    560   497      719.5823   903                    731.7739   148497         
    576   513      718.2649   913                    731.7739   151910         
    596   533      717.1444   912                    731.7739   155302         
    604   541      730.4418   966                    731.6546   158290         
    616   553      729.6676   990                    731.6546   161630         
Elapsed time = 141.64 sec. (231381.30 ticks, tree = 28.43 MB, solutions = 0)
    628   565      728.7033   929                    731.6546   164861         
    643   580      727.9187   950                    731.6546   168120         
    663   600      727.2169   940                    731.6546   171322         
    678   615      726.2014   928                    731.6546   174525         
    680   617      726.1467   927                    731.6546   174788         
    698   635      725.5155   932                    731.6546   178045         
    711   648      724.3227   929                    731.6546   181550         
    721   658      722.9602   941                    731.6546   184797         
    736   673      722.2619   861                    731.6546   188126         
    748   685      721.2524   940                    731.6546   191586         
Elapsed time = 167.86 sec. (275561.42 ticks, tree = 35.15 MB, solutions = 0)
    760   697      720.6396   935                    731.6546   193958         
    782   719      719.9468   916                    731.6546   197151         
    802   739      730.9730   979                    731.6310   201163         
    810   747      726.9682   675                    731.6310   204912         
    824   761      721.2366   319                    731.6310   209099         
    840   777      710.0317   314                    731.6310   213515         
    891   821      730.0291   928                    731.5996   220708         
    902   832      728.9206   947                    731.5996   224450         
    916   846      727.9868   903                    731.5996   227871         
    920   850      727.7777   895                    731.5996   228743         
Elapsed time = 198.56 sec. (326904.67 ticks, tree = 43.77 MB, solutions = 0)
    931   861      726.0496   894                    731.5996   232204         
    946   876      725.0854   853                    731.5996   235541         
    960   890      724.6219   854                    731.5996   238033         
    973   903      723.7108   844                    731.5996   241585         
    985   915      722.5648   866                    731.5996   244964         
    999   929      721.4429   858                    731.5996   248653         
   1021   951      720.7279   863                    731.5996   251989         

Performing restart 1

Repeating presolve.
Tried aggregator 1 time.
MIP Presolve modified 53637 coefficients.
Reduced MIP has 4178 rows, 53179 columns, and 190306 nonzeros.
Reduced MIP has 53129 binaries, 0 generals, 0 SOSs, and 0 indicators.
Presolve time = 0.13 sec. (172.04 ticks)
Tried aggregator 1 time.
Reduced MIP has 4178 rows, 53179 columns, and 190306 nonzeros.
Reduced MIP has 53129 binaries, 0 generals, 0 SOSs, and 0 indicators.
Presolve time = 0.11 sec. (109.10 ticks)
Represolve time = 0.87 sec. (696.72 ticks)
   1032     0      730.5574   963                    Cuts: 49   264334         
   1032     0      730.2785   982                    Cuts: 56   265008         
   1032     0      730.1710   984                    Cuts: 17   265592         
   1032     0      730.0930   973                    Cuts: 13   265917         
   1032     0      729.9661  1009                    Cuts: 12   266556         
   1032     0      729.9429  1024                    Cuts: 20   266832         
   1032     0      729.8662  1013                    Cuts: 15   267319         
   1032     0      729.8374  1036                     Cuts: 4   267624         
   1032     0      729.8254  1039                     Cuts: 7   267833         
   1032     0      729.7946  1039                     Cuts: 4   268171         
   1032     0      729.7235  1064                    Cuts: 15   268648         
   1032     0      729.6910  1064                    Cuts: 10   269038         
   1032     0      729.6699  1023                     Cuts: 9   269370         
   1032     0      729.4494  1035                    Cuts: 12   270200         
   1032     0      729.3707  1057                    Cuts: 12   270766         
   1032     0      729.3218  1052                    Cuts: 12   271163         
   1032     0      729.2923  1030                     Cuts: 5   271520         
   1032     0      729.2502  1026                     Cuts: 8   271947         
   1032     0      729.2491  1024                     Cuts: 5   272038         
   1032     0      729.1599  1063                 ZeroHalf: 3   272461         
   1032     0      728.9222  1065                   Cuts: 128   273010         
   1032     0      728.8636  1055                    Cuts: 18   273542         
   1032     0      728.8117  1086                 ZeroHalf: 3   273959         
   1032     2      728.8117  1086                    728.8114   273959         
   1033     3      728.7391  1068                    728.7386   274500         
   1034     4      728.7307  1074                    728.7376   274659         
Elapsed time = 356.77 sec. (587326.38 ticks, tree = 0.10 MB, solutions = 0)
   1035     5      728.7053  1050                    728.7376   274884         
   1036     6      728.5823  1038                    728.7376   275566         
   1037     7      723.5986   935                    728.7376   278495         
   1038     8      728.5303  1025                    728.7376   278965         
   1039     9      726.4946   906                    728.7376   281141         
   1040    10      728.5177  1048                    728.7376   281364         
   1041    11      728.5072  1035                    728.7376   281590         
   1042    12      728.5037  1039                    728.7376   281725         
   1043    13      728.4932  1005                    728.7376   281942         
   1044    14      728.4907  1000                    728.7376   282048         
Elapsed time = 551.22 sec. (922433.04 ticks, tree = 0.57 MB, solutions = 0)
   1045    15      728.4900  1000                    728.7376   282110         
   1046    16      728.4844  1001                    728.7376   282265         
   1047    17      728.4464  1017                    728.7376   282637         
   1048    18      727.4210   884                    728.7376   284511         
   1049    19      727.4163   904                    728.7376   284626         
   1050    20      723.4999   763                    728.7376   286414         
   1051    21      727.1928   910                    728.7376   287172         
   1052    22      727.0384   800                    728.7376   288294         
   1053    23      727.1753   902                    728.7376   288452         
   1054    24      723.0461   801                    728.7376   289692         
Elapsed time = 630.00 sec. (1055382.54 ticks, tree = 1.07 MB, solutions = 0)
   1055    25      727.0324   896                    728.7376   290072         
   1056    26      727.0062   868                    728.7376   290314         
   1057    27      726.9655   881                    728.7376   290525         
   1058    28      722.9948   829                    728.7376   292250         
   1060    30      726.9459   881                    728.7376   292532         
   1062    32      725.5352   767                    728.7376   294554         
   1063    33      726.8782   857                    728.7376   294846         
   1064    34      720.4328   778                    728.7376   297593         
   1066    36      726.8616   906                    728.7376   297843         
   1067    37      723.0236   841                    728.7376   299882         
Elapsed time = 688.90 sec. (1153882.10 ticks, tree = 1.75 MB, solutions = 0)
   1068    38      726.8064   898                    728.7376   300201         
   1069    39      723.2497   761                    728.7376   302035         
   1072    42      726.7864   897                    728.7376   302353         
   1073    43      726.7061   873                    728.7376   302777         
   1074    44      725.9811   903                    728.7376   304184         
   1076    46      723.9815   904                    728.7376   307029         
   1078    48      723.1930   841                    728.7376   309761         
   1079    49      723.1507   841                    728.7376   310030         
   1080    50      716.5269   758                    728.7376   311868         
   1081    51      716.4081   750                    728.7376   312180         
Elapsed time = 747.01 sec. (1251507.27 ticks, tree = 2.42 MB, solutions = 0)
   1082    52      715.1768   574                    728.7376   313504         
   1083    53      714.9850   585                    728.7376   313937         
   1084    54      713.9722   628                    728.7376   314844         
   1087    55      713.8996   593                    728.7376   315119         
   1090    56      710.9262   531                    728.7376   316561         
   1092    58      713.6167   590                    728.7376   317182         
   1096    60      709.0083   640                    728.7376   318741         
   1099    63      713.1637   574                    728.7376   319576         
   1107    67  -1.00000e+75   610                    728.7376   322627         
   1109    69      712.3372   618                    728.7376   323582         
Elapsed time = 798.15 sec. (1334119.14 ticks, tree = 3.41 MB, solutions = 0)
   1111    71      711.0002   636                    728.7376   324755         
   1112    72      710.9681   637                    728.7376   324956         
   1113    73      695.1645   615                    728.7376   326664         
   1117    77      710.8101   608                    728.7376   327259         
   1118    78      698.3790   585                    728.7376   328800         
   1120    80      710.6561   637                    728.7376   329863         
   1122    82      708.3225   469                    728.7376   331076         
   1124    83      704.1613   539                    728.7376   332581         
   1125    84      704.0983   494                    728.7376   332978         
   1126    85      698.9440   451                    728.7376   334384         
Elapsed time = 840.57 sec. (1402282.30 ticks, tree = 4.20 MB, solutions = 0)
   1129    88      701.1763   538                    728.7376   335586         
   1131    90      699.6618   441                    728.7376   336710         
   1135    94      700.8586   537                    728.7376   337300         
   1138    97      700.5587   551                    728.7376   338218         
   1140    98      693.4470   477                    728.7376   339336         
   1142   100      692.9367   558                    728.7376   340138         
   1145   103      692.1200   524                    728.7376   340849         
   1147   105      691.9871   466                    728.7376   341387         
   1150   108      690.8461   476                    728.7376   342176         
   1152   110      691.6807   477                    728.7376   342458         
Elapsed time = 874.36 sec. (1456095.58 ticks, tree = 5.51 MB, solutions = 0)
   1153   111      689.9110   457                    728.7376   343177         
   1155   113      686.1883   418                    728.7376   344279         
   1163   121      691.1123   453                    728.7376   345743         
   1167   125      690.0215   455                    728.7376   346543         
   1171   129      684.4560   370                    728.7376   347357         
   1178   136      687.8648   406                    728.7376   348635         
   1185   143      690.2827   449                    728.7376   349581         
   1190   148      684.4938   390                    728.7376   350784         
   1195   153      689.8625   416                    728.7376   351926         
   1200   158      689.5788   390                    728.7376   352787         
Elapsed time = 905.83 sec. (1506333.88 ticks, tree = 8.05 MB, solutions = 0)
   1205   161      685.9395   400                    728.7376   353473         
   1211   167      684.6809   354                    728.7376   354995         
   1217   173      686.7930   344                    728.7376   355843         
   1222   177      687.8846   384                    728.7376   357232         
   1235   190      687.1754   361                    728.7376   358351         
   1243   196      681.9946   370                    728.7376   359382         
   1254   205      686.0426   366                    728.7376   360634         
   1256   206      679.9996   300                    728.7376   361516         
   1258   207      674.2269   288                    728.7376   362122         
   1267   214      672.6667   283                    728.7376   362854         
Elapsed time = 934.95 sec. (1552443.38 ticks, tree = 11.05 MB, solutions = 0)
   1276   223      670.5376   252                    728.7376   363526         
   1285   231      669.4147   257                    728.7376   364549         
   1295   241      670.6273   296                    728.7376   365196         
   1311   254      668.7539   261                    728.7376   367112         
   1320   262      665.1808   276                    728.7376   368444         
   1327   268      661.2737   242                    728.7376   369179         
   1331   271      657.3257   249                    728.7376   369883         
   1342   281      655.4298   229                    728.7376   371490         
   1359   292      647.2484   223                    728.7376   372952         
   1364   292      723.0569   896                    728.7301   375744         
Elapsed time = 970.77 sec. (1607751.58 ticks, tree = 15.18 MB, solutions = 0)
   1366   294      722.8127   956                    728.7301   376817         
   1370   298      722.6165   947                    728.7301   378081         
   1374   302      718.4798   780                    728.7301   380733         
   1381   305      716.8486   730                    728.7301   383141         
   1388   312      718.0648   822                    728.7301   384371         
   1390   314      716.9369   678                    728.7301   385929         
   1395   318      708.7936   754                    728.7301   388488         
   1400   319      726.2184   900                    728.5160   391930         
   1401   320      725.7616   921                    728.5160   392890         
   1406   325      725.5358   887                    728.5160   394060         
Elapsed time = 1016.05 sec. (1683063.65 ticks, tree = 16.90 MB, solutions = 0)
   1412   331      725.4400   871                    728.5160   395061         
   1419   338      725.0504   898                    728.5160   396723         
   1426   345      724.8916   863                    728.5160   397766         
   1432   351      724.7812   895                    728.5160   398607         
   1434   353      715.8966   895                    728.5059   401900         
   1439   358      715.7605   883                    728.5059   402966         
   1443   362      715.5337   914                    728.5059   404093         
   1446   365      715.1749   897                    728.5059   405390         
   1453   372      714.7887   864                    728.5059   407108         
   1460   379      714.1381   940                    728.5059   408966         
Elapsed time = 1056.19 sec. (1750019.22 ticks, tree = 19.71 MB, solutions = 0)
   1461   380      714.1118   917                    728.5059   409257         
   1467   386      713.7461   882                    728.5059   410613         
   1472   391      713.6508   911                    728.5059   411383         
   1476   395      713.2202   934                    728.5059   412530         
   1482   401      712.9957   889                    728.5059   413719         
   1485   404      712.7821   956                    728.5059   414845         
   1493   412      712.4504   929                    728.5059   416619         
   1503   422      712.1440   915                    728.5059   418291         
   1511   430      712.0072   921                    728.5059   419423         
   1512   431      711.9516   944                    728.5059   419737         
Elapsed time = 1092.97 sec. (1805260.01 ticks, tree = 22.43 MB, solutions = 0)
   1523   442      711.7161   882                    728.5059   421479         
   1536   455      711.3405   862                    728.5059   423252         
   1543   462      710.9860   841                    728.5059   424565         
   1551   470      710.8197   859                    728.5059   425864         
   1552   471      710.6511   781                    728.5059   426332         
   1557   476      710.3453   856                    728.5059   427292         
   1571   490      710.1525   857                    728.5059   428942         
   1577   496      709.9453   836                    728.5059   430114         
   1585   504      709.6245   808                    728.5059   431431         
   1597   516      709.2799   821                    728.5059   433328         
Elapsed time = 1121.07 sec. (1851522.03 ticks, tree = 26.91 MB, solutions = 0)
   1606   525      708.8744   827                    728.5059   435066         
   1619   538      708.5840   790                    728.5059   436520         
   1629   548      708.3309   801                    728.5059   437749         
   1634   553      719.5362   771                    728.5018   440581         
   1636   555      718.6830   835                    728.5018   442159         
   1643   562      718.3715   810                    728.5018   443941         
   1647   566      718.0519   848                    728.5018   445174         
   1655   574      717.1255   818                    728.5018   447374         
   1661   580      716.7154   844                    728.5018   449318         
   1666   585      716.4973   853                    728.5018   450746         
Elapsed time = 1149.72 sec. (1899558.81 ticks, tree = 30.51 MB, solutions = 0)
   1679   598      716.1681   850                    728.5018   453113         
   1690   609      715.5815   755                    728.5018   455139         
   1696   615      715.2895   807                    728.5018   456638         
   1704   623      714.9716   815                    728.5018   458350         
   1713   632      714.6742   852                    728.5018   460529         
   1723   642      714.4578   846                    728.5018   461917         
   1733   652      714.0658   785                    728.5018   463795         
   1740   659      713.7290   791                    728.5018   465663         
   1750   669      713.4518   779                    728.5018   467513         
   1752   671      713.4133   766                    728.5018   467834         
Elapsed time = 1175.36 sec. (1941898.92 ticks, tree = 35.01 MB, solutions = 0)
   1761   680      712.6931   798                    728.5018   470638         
   1768   687      712.3524   789                    728.5018   472401         
   1775   694      712.0597   788                    728.5018   473729         
   1784   703      711.7135   739                    728.5018   475187         
   1792   711      711.2632   807                    728.5018   476879         
   1804   723      710.9516   742                    728.5018   478852         
   1812   731      710.5587   761                    728.5018   480606         
   1824   743      709.9341   795                    728.5018   482753         
   1832   751      709.5756   802                    728.5018   483915         
   1834   753      726.0137   871                    728.4920   486654         
Elapsed time = 1208.60 sec. (1996886.26 ticks, tree = 39.32 MB, solutions = 0)
   1839   758      719.1512   801                    728.4920   489821         
   1842   761      725.3613   876                    728.4920   492391         
   1844   763      723.5500   825                    728.4920   494695         
   1851   770      725.1667   872                    728.4920   496923         
   1853   772      724.8163   867                    728.4920   499600         
   1860   779      724.6634   857                    728.4920   501524         
   1863   782      724.5888   823                    728.4920   503148         
   1864   783      724.5711   802                    728.4920   503361         
   1865   784      721.0399   793                    728.4920   505420         
   1866   785      724.5133   817                    728.4920   505658         
Elapsed time = 1248.30 sec. (2052600.67 ticks, tree = 40.92 MB, solutions = 0)
   1870   789      722.5915   727                    728.4920   508674         
   1872   791      724.3127   827                    728.4920   509205         
   1877   796      717.4901   753                    728.4920   513144         
   1881   800      723.9705   852                    728.4920   515520         
   1882   801      717.8597   738                    728.4920   517477         
   1887   806      720.9734   743                    728.4920   520499         
   1889   807      720.3758   709                    728.4920   522521         
   1892   810      719.1795   708                    728.4920   524008         
   1894   811      716.5460   663                    728.4920   526057         
   1897   814      710.3169   647                    728.4920   528220         
Elapsed time = 1283.47 sec. (2110559.46 ticks, tree = 42.44 MB, solutions = 0)
   1901   816    infeasible                          728.4920   529771         
   1903   816      721.8288   873                    728.4902   533211         
   1904   817      721.8270   883                    728.4902   533283         
   1905   818      721.6503   864                    728.4902   534035         
   1906   819      721.3394   889                    728.4902   534945         
   1907   820      721.2221   884                    728.4902   535655         
   1912   825      721.1269   905                    728.4902   536500         
   1926   839      720.7542   901                    728.4902   539532         
   1938   851      720.4791   916                    728.4902   542075         
   1946   859      719.9570   873                    728.4902   544440         
Elapsed time = 1330.46 sec. (2169505.82 ticks, tree = 44.81 MB, solutions = 0)
   1962   875      719.6455   904                    728.4902   547358         
   1974   887      719.3002   858                    728.4902   549751         
   1996   909      718.8071   861                    728.4902   552495         
   2016   929      718.4539   760                    728.4902   555413         
   2029   942      718.2541   777                    728.4902   557354         
   2042   955      717.9039   808                    728.4902   559317         
   2052   965      717.2377   792                    728.4902   561240         
   2058   971      715.7478   797                    728.4902   563906         
   2063   976      715.4244   823                    728.4902   564838         

Performing restart 2

Repeating presolve.
Tried aggregator 1 time.
Reduced MIP has 4178 rows, 53179 columns, and 190340 nonzeros.
Reduced MIP has 53129 binaries, 0 generals, 0 SOSs, and 0 indicators.
Presolve time = 0.07 sec. (87.76 ticks)
Tried aggregator 1 time.
Reduced MIP has 4178 rows, 53179 columns, and 190340 nonzeros.
Reduced MIP has 53129 binaries, 0 generals, 0 SOSs, and 0 indicators.
Presolve time = 0.11 sec. (109.11 ticks)
Represolve time = 1.22 sec. (792.33 ticks)
   2064     0      728.7991  1060                   Cuts: 131   573840         
   2064     0      728.7802  1093                    Cuts: 11   574162         
   2064     0      728.7629  1105                    Cuts: 13   574460         
   2064     0      728.6560  1064                     Cuts: 8   575183         
   2064     0      728.6088  1069                    Cuts: 44   575646         
   2064     0      728.5954  1096                    Cuts: 11   575888         
   2064     0      728.5847  1056                     Cuts: 5   576046         
   2064     0      728.5735  1075                     Cuts: 7   576244         
   2064     0      728.5557  1070                    Cuts: 19   576501         
   2064     0      728.5557  1070                  MIRcuts: 1   576502         
   2064     0      728.5492  1073                     Cuts: 4   576732         
   2064     0      728.5372  1091                     Cuts: 9   576922         
   2064     0      728.5117  1082                   Cuts: 249   577279         
   2064     0      728.5090  1077                    Cuts: 10   577421         
   2064     2      728.5090  1077                    728.4902   577421         
Elapsed time = 1845.63 sec. (2966052.38 ticks, tree = 0.01 MB, solutions = 0)
   2065     3      726.9922   910                    728.4902   579859         
   2069     7      724.9592   933                    728.4902   583059         
   2073    11      727.2620   912                    728.4902   585360         
   2075    13      728.4819  1053                    728.4902   585742         
   2077    15      727.4940   928                    728.4902   588096         
   2079    17      724.1855   894                    728.4902   590921         
   2082    20      727.2962   865                    728.4902   593536         
   2088    26      728.1612  1001                    728.4902   596356         
   2091    29      728.2925   929                    728.4902   599202         
   2095    33      728.2629   984                    728.4902   601874         
Elapsed time = 1878.34 sec. (3017215.43 ticks, tree = 1.50 MB, solutions = 0)
   2098    36      724.6807   848                    728.4902   605752         
   2104    42      725.0420   837                    728.4902   610818         
   2106    44      728.1253   995                    728.4902   613834         
   2110    48      727.9813   997                    728.4902   617037         
   2113    51      722.6632   889                    728.4902   621545         
   2115    53      726.3368   907                    728.4902   624289         
   2118    56      726.3947   824                    728.4902   627388         
   2121    59      724.3637   740                    728.4902   630854         
   2126    64      726.3665   857                    728.4902   633516         
   2129    67      725.7006   768                    728.4902   636521         
Elapsed time = 1908.73 sec. (3064802.27 ticks, tree = 3.27 MB, solutions = 0)
   2136    74      723.0085   604                    728.4902   640641         
   2141    79      716.5995   752                    728.4902   644112         
   2145    83      725.0334   830                    728.4902   647752         
   2150    88      724.4522   709                    728.4902   651503         
   2155    93      722.6543   732                    728.4902   655973         
   2160    98      719.1245   748                    728.4902   660099         
   2167   105      721.6453   744                    728.4902   663375         
   2173   111      724.3030   685                    728.4902   666466         
   2179   117      724.3436   748                    728.4902   669646         
   2185   123      724.9451   861                    728.4902   672736         
Elapsed time = 1940.44 sec. (3112262.08 ticks, tree = 6.21 MB, solutions = 0)
   2190   128      723.3458   791                    728.4902   676079         
   2194   132      720.2194   616                    728.4902   679358         
   2199   137      722.3412   733                    728.4902   682574         
   2204   142      722.9507   820                    728.4902   685701         
   2208   146      718.9648   668                    728.4902   689036         
   2210   148      720.1935   716                    728.4902   690756         
   2213   151      710.1056   652                    728.4902   693982         
   2219   157      722.5995   734                    728.4902   696221         
   2224   162      715.3226   676                    728.4902   700125         
   2230   168      722.1989   717                    728.4902   703063         
Elapsed time = 1967.84 sec. (3154756.60 ticks, tree = 8.59 MB, solutions = 0)
   2235   173      719.2487   717                    728.4902   707215         
   2242   180      721.9703   720                    728.4902   710350         
   2247   185      710.2388   704                    728.4902   714606         
   2254   192      706.7981   710                    728.4902   718703         
   2258   196      714.8997   700                    728.4902   722360         
   2264   202      716.1576   641                    728.4902   725161         
   2269   207      718.3054   554                    728.4902   729329         
   2274   212      717.8017   730                    728.4902   732663         
   2277   214      691.7369   601                    728.4902   738297         
   2279   214    infeasible                          728.4902   744001         
Elapsed time = 2000.29 sec. (3203909.79 ticks, tree = 11.12 MB, solutions = 0)
   2281   214      724.8225   846                    728.4902   747127         
   2286   219      724.1808   822                    728.4902   749975         
   2292   225      722.5771   725                    728.4902   753244         
   2298   231      720.9202   740                    728.4902   756596         
   2304   237      721.9078   707                    728.4902   760101         
   2311   244      723.7326   848                    728.4902   763032         
   2317   250      714.6351   677                    728.4902   767858         
   2321   254      721.6798   766                    728.4902   771359         
   2324   257      723.5704   857                    728.4902   771651         
   2330   263      723.4836   834                    728.4902   774708         
Elapsed time = 2035.78 sec. (3257884.20 ticks, tree = 13.60 MB, solutions = 0)
   2333   266      719.0465   731                    728.4902   777928         
   2339   272      723.3726   805                    728.4902   780977         
   2345   278      722.2859   716                    728.4902   784206         
   2350   283      721.3423   644                    728.4902   787354         
   2357   290      721.2272   729                    728.4902   790530         
   2363   296      722.7557   822                    728.4902   793742         
   2369   302      720.7050   745                    728.4902   797491         
   2376   309      722.1310   796                    728.4902   801017         
   2382   315      716.1174   798                    728.4902   804455         
   2384   317      722.3711   797                    728.4902   804634         
Elapsed time = 2064.79 sec. (3301073.87 ticks, tree = 16.45 MB, solutions = 0)
   2391   324      722.2199   803                    728.4902   807636         
   2398   331      722.0354   799                    728.4902   810673         
   2406   339      716.5507   676                    728.4902   815109         
   2413   346      719.0549   568                    728.4902   818090         
   2423   356      718.0434   660                    728.4902   821645         
   2433   366      719.4523   685                    728.4902   824801         
   2444   377      715.6211   669                    728.4902   827749         
   2452   385      721.3700   724                    728.4902   830825         
   2460   393      721.3361   702                    728.4902   833926         
   2468   401      717.1689   665                    728.4902   837905         
Elapsed time = 2094.27 sec. (3343960.98 ticks, tree = 20.93 MB, solutions = 0)
   2475   408      711.8800   640                    728.4902   842115         
   2483   416      719.0190   656                    728.4902   846087         
   2500   433      709.3307   804                    728.4902   850931         
   2504   437      715.4882   637                    728.4902   852950         
   2515   448      713.6831   741                    728.4902   856542         
   2525   457      705.5036   660                    728.4902   863550         
   2533   463      701.3597   713                    728.4902   867281         
   2544   469    infeasible                          728.4902   871453         
   2553   478      697.6985   607                    728.4902   874456         
   2557   478    infeasible                          728.4902   880117         
Elapsed time = 2130.04 sec. (3396841.66 ticks, tree = 25.04 MB, solutions = 0)
   2565   479      727.1022   903                    728.4872   884416         
   2566   480      724.7519   947                    728.4613   886503         
   2571   485      723.4020   915                    728.4613   889746         
   2581   495      723.0938   900                    728.4613   892098         
   2589   503      722.9560   891                    728.4613   893268         
   2603   517      722.7410   878                    728.4613   895329         
   2620   534      722.4554   830                    728.4613   897244         
   2627   541      721.9251   773                    728.4613   898562         
   2633   547      715.1844   595                    728.4613   902566         
   2642   556      709.4497   462                    728.4613   905523         
Elapsed time = 2160.40 sec. (3441513.98 ticks, tree = 29.01 MB, solutions = 0)
   2653   567      701.5624   432                    728.4613   909065         
   2666   574      725.2336   957                    728.4601   913213         
   2671   579      724.4195   936                    728.4601   915752         
   2679   587      723.2652   900                    728.4601   919058         
   2690   598      722.7288   823                    728.4601   921368         
   2706   614      722.4826   872                    728.4601   923318         
   2719   627      721.9945   768                    728.4601   925562         
   2737   645      720.8796   773                    728.4601   928287         
   2750   658      718.5903   712                    728.4601   931332         
   2759   667      715.4572   615                    728.4601   934592         
Elapsed time = 2190.76 sec. (3485299.25 ticks, tree = 34.57 MB, solutions = 0)
   2773   681      696.1611   577                    728.4601   937689         
   2789   695      692.6622   561                    728.4601   940584         
   2801   707      687.5742   424                    728.4601   943883         
   2821   723      681.2782   396                    728.4601   947208         
   2828   728      680.5816   414                    728.4601   948686         
   2857   753      666.5268   284                    728.4601   951962         
   2866   762      725.6882   944                    728.4593   956418         
   2869   765      723.8554   830                    728.4593   959479         
   2872   768      724.3175   903                    728.4593   962341         
   2876   772      723.4235   817                    728.4593   966585         
Elapsed time = 2220.95 sec. (3529714.40 ticks, tree = 40.12 MB, solutions = 0)
   2878   774      717.7689   741                    728.4593   969992         
   2884   780      723.3029   817                    728.4593   972945         
   2887   783      715.3394   730                    728.4593   977065         
   2895   791      722.6401   745                    728.4593   980316         
   2898   794      720.3857   729                    728.4593   983053         
   2902   798      722.4642   777                    728.4593   986232         
   2904   800      722.0576   839                    728.4593   989978         
   2910   806      720.6082   705                    728.4593   993861         
   2918   814      703.0935   700                    728.4593   998520         
   2927   823      721.5018   824                    728.4593  1001595         
Elapsed time = 2249.47 sec. (3573304.40 ticks, tree = 42.76 MB, solutions = 0)
   2933   829      721.0370   782                    728.4593  1005195         
   2941   837      718.3276   741                    728.4593  1009306         
   2946   842      717.7792   669                    728.4593  1012879         
   2950   844    infeasible                          728.4593  1016800         
   2957   851      720.3448   772                    728.4593  1020595         
   2963   857      718.5928   709                    728.4593  1024944         
   2969   861      717.1582   702                    728.4593  1029458         
   2974   866      698.6711   663                    728.4593  1033574         
   2981   873      719.7424   717                    728.4593  1036936         
   2989   879      719.4299   639                    728.4593  1040234         
Elapsed time = 2279.67 sec. (3618605.11 ticks, tree = 45.77 MB, solutions = 0)
   2994   884      718.9479   663                    728.4593  1043557         
   3002   892      715.9973   631                    728.4593  1047529         
   3010   900      718.8210   726                    728.4593  1050741         
   3017   907      717.4055   641                    728.4593  1054250         
   3024   914      718.6357   698                    728.4593  1057647         
   3030   920      714.7244   638                    728.4593  1061815         
   3038   928      715.3153   551                    728.4593  1065873         
   3045   935      718.0282   634                    728.4593  1069238         
   3053   943      717.0998   607                    728.4593  1072685         
   3059   949      715.5427   637                    728.4593  1076284         
Elapsed time = 2311.77 sec. (3666435.79 ticks, tree = 49.47 MB, solutions = 0)
   3066   956      727.3290   968                    728.3617  1078955         
   3070   960      726.3615   944                    728.3617  1081541         
   3079   969      725.7682   957                    728.3617  1084029         
   3094   984      725.5031   921                    728.3617  1086167         
   3112  1002      723.9851   819                    728.3617  1088806         
   3124  1014      718.0097   810                    728.3617  1091755         
   3135  1025      716.3566   642                    728.3617  1094620         
   3144  1034      714.9686   627                    728.3617  1096598         
   3153  1043      710.6625   567                    728.3617  1099941         
   3169  1059      708.9844   565                    728.3617  1102690         
Elapsed time = 2344.38 sec. (3713168.96 ticks, tree = 55.24 MB, solutions = 0)
   3181  1071      702.9901   488                    728.3617  1105756         
   3198  1088      699.2189   483                    728.3617  1108466         
   3220  1110      681.7763   443                    728.3617  1111636         
   3239  1125      678.9399   414                    728.3617  1114867         
   3260  1146      672.7228   351                    728.3617  1118071         
   3266  1152      727.8021   912                    728.2925  1119971         
   3270  1156      726.9078   881                    728.2925  1122969         
   3279  1165      726.3959   860                    728.2925  1125969         
   3289  1175      726.0427   858                    728.2925  1128614         
   3299  1185      725.6605   909                    728.2925  1131362         
Elapsed time = 2372.79 sec. (3754090.38 ticks, tree = 61.89 MB, solutions = 0)
   3313  1199      725.2782   849                    728.2925  1133798         
   3324  1210      724.8545   863                    728.2925  1136428         
   3339  1225      724.4009   817                    728.2925  1139196         
   3344  1230      724.3026   822                    728.2925  1139962         
   3368  1254      724.1866   769                    728.2925  1141702         
   3390  1276      723.1687   642                    728.2925  1143856         
   3404  1290      721.9024   664                    728.2925  1145961         
   3416  1302      719.2972   635                    728.2925  1148773         
   3421  1305        cutoff                          728.2925  1153985         
   3424  1308      714.6860   630                    728.2925  1155276         
Elapsed time = 2411.54 sec. (3810423.40 ticks, tree = 68.38 MB, solutions = 0)
   3435  1319      712.4762   584                    728.2925  1158102         
   3447  1331      711.1079   564                    728.2925  1161271         
   3456  1338      710.4141   560                    728.2925  1164962         
   3466  1348      725.4655   873                    728.2501  1168630         
   3470  1348    infeasible                          728.2501  1172573         
   3473  1351      726.6804   936                    728.2465  1175551         
   3481  1359      725.0328   904                    728.2465  1178664         
   3492  1370      724.2777   908                    728.2465  1181102         
   3507  1385      723.8577   851                    728.2465  1183413         
   3524  1402      723.5888   832                    728.2465  1185537         
Elapsed time = 2441.33 sec. (3853864.19 ticks, tree = 73.33 MB, solutions = 0)
   3545  1423      719.8850   778                    728.2465  1188784         
   3556  1434      715.5996   658                    728.2465  1191955         
   3558  1435      697.4004   629                    728.2465  1196076         
   3563  1438      690.0585   600                    728.2465  1200103         
   3577  1450      685.5197   593                    728.2465  1203112         
   3592  1461        cutoff                          728.2465  1206699         
   3601  1466    infeasible                          728.2465  1210691         
   3604  1465    infeasible                          728.2465  1216516         
   3606  1467      723.9312   881                    728.1612  1218912         
   3612  1473      721.0236   813                    728.1612  1222903         
Elapsed time = 2471.08 sec. (3897834.47 ticks, tree = 77.08 MB, solutions = 0)
   3619  1480      723.4950   852                    728.1612  1226375         
   3622  1483      720.3364   727                    728.1612  1229901         
   3630  1491      713.9995   660                    728.1612  1234285         
   3636  1497      721.8017   759                    728.1612  1237438         
   3645  1506      721.8780   779                    728.1612  1240197         
   3655  1514      717.9767   647                    728.1612  1243678         
   3659  1518      715.9993   661                    728.1612  1248224         
   3664  1523      720.3103   683                    728.1612  1249981         
   3667  1526      716.4260   641                    728.1612  1253602         
   3673  1532      715.0829   596                    728.1612  1257883         
Elapsed time = 2503.55 sec. (3947075.34 ticks, tree = 80.14 MB, solutions = 0)
   3679  1538      717.0532   553                    728.1612  1261862         
   3686  1545      717.7809   623                    728.1612  1266571         
   3692  1551      716.9584   687                    728.1612  1271128         
   3697  1556      715.1789   589                    728.1612  1274828         
   3701  1560      715.6889   689                    728.1612  1278924         
   3711  1570      712.9128   580                    728.1612  1284378         
   3719  1578      714.1270   587                    728.1612  1288592         
   3725  1584      715.2994   691                    728.1612  1292642         
   3732  1591      716.1282   622                    728.1612  1296081         
   3737  1594    infeasible                          728.1612  1303987         
Elapsed time = 2536.90 sec. (3997408.60 ticks, tree = 83.46 MB, solutions = 0)
   3743  1598      716.6923   648                    728.1612  1307204         
   3748  1603      714.0648   578                    728.1612  1310155         
   3754  1605    infeasible                          728.1612  1313943         
   3760  1611      698.9803   659                    728.1612  1317725         
   3767  1616      696.6412   638                    728.1612  1321398         
   3775  1624      696.8128   567                    728.1612  1324884         
   3785  1632      697.5023   545                    728.1612  1328468         
   3792  1637    infeasible                          728.1612  1333092         
   3802  1645      695.9659   479                    728.1612  1336550         
   3810  1653      697.0778   551                    728.1612  1339884         
Elapsed time = 2564.73 sec. (4038748.64 ticks, tree = 86.52 MB, solutions = 0)
   3824  1663      693.2362   511                    728.1612  1343811         
   3835  1672      693.2184   502                    728.1612  1348363         
   3839  1674        cutoff                          728.1612  1353428         
   3846  1681      694.4511   486                    728.1612  1357302         
   3853  1686    infeasible                          728.1612  1362351         
   3860  1691      691.8591   468                    728.1612  1366134         
   3867  1694      727.7527  1007                    728.1552  1369772         
   3878  1705      727.6084   981                    728.1552  1371732         
   3890  1717      727.4334   995                    728.1552  1373977         
   3902  1729      727.2320   954                    728.1552  1376125         
Elapsed time = 2595.35 sec. (4083586.79 ticks, tree = 90.35 MB, solutions = 0)
   3913  1740      727.0725   930                    728.1552  1378367         
   3933  1760      726.9958   917                    728.1552  1380034         
   3939  1766      722.9008   764                    728.1552  1382881         
   3954  1781      721.3716   730                    728.1552  1385192         
   3971  1798      719.2858   670                    728.1552  1387871         
   3980  1807      709.7516   686                    728.1552  1390971         
   3988  1815      703.0119   692                    728.1552  1394789         
   3991  1816      678.1242   707                    728.1552  1399784         
   3994  1815      725.5912   906                    728.1520  1407069         
   4001  1822      724.8630   902                    728.1520  1409749         
Elapsed time = 2628.65 sec. (4132349.28 ticks, tree = 95.03 MB, solutions = 0)
   4015  1836      724.5725   888                    728.1520  1411879         
   4027  1848      724.1645   874                    728.1520  1414283         
   4042  1863      723.8158   839                    728.1520  1416450         
   4057  1878      716.5207   655                    728.1520  1419296         
   4065  1886      696.2532   619                    728.1520  1422584         
   4075  1896      690.8592   413                    728.1520  1426127         
   4094  1915      685.9620   326                    728.1520  1429114         
   4120  1941      675.2316   359                    728.1520  1432634         
   4136  1951      726.7194   950                    728.1309  1437093         
   4142  1957      725.4243   953                    728.1309  1440517         
Elapsed time = 2659.60 sec. (4176610.55 ticks, tree = 102.10 MB, solutions = 0)
   4148  1963      724.4081   921                    728.1309  1443289         
   4156  1971      723.1307   829                    728.1309  1446605         
   4167  1982      722.2960   831                    728.1309  1449211         
   4182  1997      722.0209   859                    728.1309  1451327         
   4197  2012      721.6980   876                    728.1309  1453572         
   4214  2029      721.4241   834                    728.1309  1455794         
   4228  2043      720.1189   785                    728.1309  1458562         
   4248  2063      719.4983   734                    728.1309  1460970         
   4254  2069      705.1279   628                    728.1309  1464589         
   4259  2069      728.0285   964                    728.1297  1468613         
Elapsed time = 2689.16 sec. (4218284.59 ticks, tree = 108.05 MB, solutions = 0)
   4265  2075      726.9214   935                    728.1297  1472019         
   4277  2087      725.9804   839                    728.1297  1475254         
   4287  2097      725.3972   864                    728.1297  1478020         
   4302  2112      725.0640   831                    728.1297  1480488         
   4314  2124      724.3850   812                    728.1297  1483300         
   4328  2138      723.8644   764                    728.1297  1485947         
   4343  2153      723.3661   781                    728.1297  1488519         
   4360  2170      722.8660   780                    728.1297  1490777         
   4384  2194      722.5417   726                    728.1297  1492722         
   4402  2212      715.9988   714                    728.1297  1495178         
Elapsed time = 2718.92 sec. (4259378.23 ticks, tree = 115.60 MB, solutions = 0)
   4418  2226      713.2164   580                    728.1297  1498173         
   4431  2235      726.9714   864                    728.1040  1502332         
   4434  2238      726.4228   911                    728.1040  1504473         
   4437  2241      724.6670   837                    728.1040  1508045         
   4440  2244      723.9935   817                    728.1040  1511543         
   4450  2254      720.8402   667                    728.1040  1515474         
   4458  2262      721.8994   715                    728.1040  1518618         
   4464  2268      720.4577   701                    728.1040  1522035         
   4474  2276      721.8990   710                    728.1040  1525487         
   4481  2281      720.3744   797                    728.1040  1530081         
Elapsed time = 2748.54 sec. (4303776.72 ticks, tree = 119.25 MB, solutions = 0)
   4488  2286      720.1306   743                    728.1040  1533544         
   4492  2284    infeasible                          728.1040  1538311         
   4496  2288      721.4270   965                    728.0583  1541092         
   4504  2296      719.4815   803                    728.0583  1545076         
   4518  2310      718.5481   794                    728.0583  1547577         
   4527  2319      706.7959   800                    728.0583  1551467         
   4542  2334      706.0948   757                    728.0583  1554023         
   4557  2349      705.1166   704                    728.0583  1556763         
   4582  2370      704.2233   656                    728.0583  1559216         
   4602  2390      701.4730   530                    728.0583  1561821         
Elapsed time = 2778.46 sec. (4346307.41 ticks, tree = 125.01 MB, solutions = 0)
   4631  2419      699.5906   546                    728.0583  1564245         
   4646  2431    infeasible                          728.0583  1568227         
   4650  2435      725.4931   870                    728.0570  1571189         
   4656  2441      724.3610   829                    728.0570  1574138         
   4665  2450      723.3661   836                    728.0570  1577031         
   4678  2463      722.7496   899                    728.0570  1579407         
   4692  2477      722.1839   878                    728.0570  1582087         
   4705  2490      721.5768   838                    728.0570  1584990         
   4721  2506      721.1317   848                    728.0570  1587131         
   4733  2518      719.9294   766                    728.0570  1589928         
Elapsed time = 2807.12 sec. (4386833.40 ticks, tree = 131.78 MB, solutions = 0)
   4740  2525      715.7098   744                    728.0570  1593439         
   4761  2546      715.1201   627                    728.0570  1595913         
   4784  2569      714.5141   698                    728.0570  1598299         
   4799  2584      704.5909   609                    728.0570  1602341         
   4812  2595      700.9376   500                    728.0570  1605767         
   4831  2614      698.2561   505                    728.0570  1608859         
   4846  2629      689.9041   386                    728.0570  1612503         
   4875  2658      675.1456   224                    728.0570  1616215         
   4906  2685      727.8402  1002                    728.0284  1619979         
   4912  2691      727.1469   971                    728.0284  1622668         
Elapsed time = 2836.79 sec. (4428095.97 ticks, tree = 140.96 MB, solutions = 0)
   4918  2697      726.1400   942                    728.0284  1625725         
   4928  2707      725.4235   898                    728.0284  1628298         
   4938  2717      724.8157   969                    728.0284  1630829         
   4947  2726      723.6666   911                    728.0284  1633652         
   4959  2738      722.3855   800                    728.0284  1637271         
   4970  2749      716.6557   637                    728.0284  1640852         
   4976  2754      704.8761   575                    728.0284  1644891         
   4983  2761      699.0197   553                    728.0284  1648976         
   4990  2763      688.9000   550                    728.0284  1653173         
   4994  2763      684.9143   535                    728.0284  1656863         
Elapsed time = 2866.13 sec. (4471735.84 ticks, tree = 144.82 MB, solutions = 0)
   4998  2763      679.8316   508                    728.0284  1661810         
   5001  2763      725.3735   844                    728.0117  1665621         
   5012  2774      724.7634   879                    728.0117  1668344         
   5023  2785      724.0685   850                    728.0117  1670898         
   5040  2802      723.7508   825                    728.0117  1673296         
   5057  2819      723.2230   795                    728.0117  1675838         
   5075  2837      722.1966   634                    728.0117  1678316         
   5091  2853      717.9133   458                    728.0117  1681319         
   5100  2858      726.1218   907                    727.9916  1685767         
   5104  2862      723.7413   859                    727.9916  1690249         
Elapsed time = 2896.32 sec. (4515443.56 ticks, tree = 150.00 MB, solutions = 0)
   5110  2868      718.0962   745                    727.9916  1695788         
   5116  2874      724.0827   756                    727.9916  1699438         
   5122  2880      723.7184   841                    727.9916  1702667         
   5128  2886      722.1797   867                    727.9916  1706273         
   5134  2892      720.2199   780                    727.9916  1710291         
   5140  2898      717.3660   749                    727.9916  1714454         
   5146  2904      721.0472   769                    727.9916  1717758         
   5152  2910      718.2305   640                    727.9916  1721741         
   5161  2919      721.6308   759                    727.9916  1724936         
   5167  2925      721.0068   776                    727.9916  1728516         
Elapsed time = 2926.52 sec. (4561204.54 ticks, tree = 153.28 MB, solutions = 0)
   5171  2929      718.6676   722                    727.9916  1732435         
   5174  2931      716.5870   763                    727.9916  1736722         
   5181  2937      708.3962   723                    727.9916  1740762         
   5194  2944      715.0192   770                    727.9916  1743493         
   5197  2945      711.9606   671                    727.9916  1747907         
   5205  2952      705.5419   632                    727.9916  1751703         
   5207  2952    infeasible                          727.9916  1755950         
   5216  2955    infeasible                          727.9916  1760081         
   5218  2955      720.6609   845                    727.9625  1764292         
   5229  2966      720.1352   828                    727.9625  1766852         
Elapsed time = 2955.63 sec. (4605252.92 ticks, tree = 155.50 MB, solutions = 0)
   5247  2984      719.8025   777                    727.9625  1769312         
   5264  3001      719.4533   757                    727.9625  1771435         
   5282  3019      718.9208   691                    727.9625  1773870         
   5304  3041      717.7757   643                    727.9625  1776331         
   5309  3046      706.0885   558                    727.9625  1780138         
   5313  3046      727.4963   936                    727.8661  1783725         
   5317  3050      716.2662   840                    727.8661  1788591         
   5331  3064      715.6745   805                    727.8661  1791177         
   5346  3079      715.1649   775                    727.8661  1793564         
   5367  3100      714.7727   782                    727.8661  1795755         
Elapsed time = 2990.53 sec. (4654871.96 ticks, tree = 162.59 MB, solutions = 0)
   5383  3116      714.2400   732                    727.8661  1798188         
   5402  3135      712.9372   756                    727.8661  1800751         
   5423  3156      712.3416   727                    727.8661  1802967         
   5437  3166      707.7316   653                    727.8661  1806244         
   5443  3167      727.2329   929                    727.8376  1809332         
   5447  3171      726.3955   908                    727.8376  1812227         
   5461  3185      726.1889   886                    727.8376  1814478         
   5467  3191      724.9464   780                    727.8376  1817528         
   5477  3201      723.5371   751                    727.8376  1820735         
   5488  3212      722.5242   695                    727.8376  1823881         
Elapsed time = 3018.97 sec. (4695122.74 ticks, tree = 168.50 MB, solutions = 0)
   5503  3227      721.6389   636                    727.8376  1826663         
   5519  3243      719.9966   596                    727.8376  1829456         
   5538  3262      719.2117   595                    727.8376  1832162         
   5561  3285      718.0563   524                    727.8376  1834753         
   5584  3308      716.6313   536                    727.8376  1837644         
   5597  3321      696.1939   425                    727.8376  1841379         
   5601  3321      724.8852   848                    727.8281  1847024         
   5607  3327      724.0526   860                    727.8281  1849526         
   5623  3343      723.6939   858                    727.8281  1851876         
   5650  3366      723.5623   802                    727.8281  1853763         
Elapsed time = 3049.40 sec. (4737322.11 ticks, tree = 176.64 MB, solutions = 0)
   5671  3387      715.7984   693                    727.8281  1856986         
   5682  3398      713.0600   536                    727.8281  1860020         
   5701  3417      708.8810   444                    727.8281  1863334         
   5722  3438      699.7419   445                    727.8281  1866553         
   5755  3471      689.6250   361                    727.8281  1869506         
   5770  3485      680.7099   320                    727.8281  1873760         
   5790  3504      652.5848   230                    727.8281  1879663         
   5794  3504      725.9123   914                    727.8021  1883155         
   5798  3508      722.4498   785                    727.8021  1887238         
   5802  3512      725.0701   892                    727.8021  1890255         
Elapsed time = 3078.34 sec. (4778415.27 ticks, tree = 184.41 MB, solutions = 0)
   5806  3516      720.8121   734                    727.8021  1893668         
   5810  3519      712.6101   719                    727.8021  1901806         
   5816  3519    infeasible                          727.8021  1908820         
   5818  3521      720.4781   836                    727.8011  1912304         
   5829  3532      719.7296   821                    727.8011  1914967         
   5844  3547      719.2262   762                    727.8011  1917601         
   5857  3560      718.6191   736                    727.8011  1920675         
   5872  3575      717.8142   759                    727.8011  1923333         
   5892  3595      717.3457   648                    727.8011  1925705         
   5912  3613    infeasible                          727.8011  1928391         
Elapsed time = 3111.21 sec. (4826562.40 ticks, tree = 189.80 MB, solutions = 0)
   5920  3620      696.8654   556                    727.8011  1933294         
   5942  3642      694.8622   484                    727.8011  1936098         
   5961  3661      691.3144   457                    727.8011  1939175         
   5969  3663        cutoff                          727.8011  1944122         
   5978  3672      726.9903   886                    727.7794  1947089         
   5990  3684      725.5169   853                    727.7794  1950225         
   6007  3701      725.0428   817                    727.7794  1952661         
   6020  3714      724.1815   718                    727.7794  1955476         
   6033  3727      723.3138   684                    727.7794  1958169         
   6049  3743      720.5063   675                    727.7794  1961502         
Elapsed time = 3141.54 sec. (4869553.42 ticks, tree = 196.62 MB, solutions = 0)
   6063  3757      718.3034   638                    727.7794  1964730         
   6080  3774      714.7745   598                    727.7794  1967308         
   6100  3794      699.7404   583                    727.7794  1970192         
   6115  3809      692.6840   440                    727.7794  1974055         
   6137  3831      675.1579   289                    727.7794  1978469         
   6156  3844      726.7080   860                    727.7526  1983160         
   6167  3855      725.7887   856                    727.7526  1986071         
   6180  3868      724.8758   808                    727.7526  1989232         
   6195  3883      724.3834   764                    727.7526  1991780         
   6207  3895      723.5306   781                    727.7526  1994764         
Elapsed time = 3172.05 sec. (4912387.91 ticks, tree = 204.68 MB, solutions = 0)
   6221  3909      723.0007   740                    727.7526  1997534         
   6237  3925      722.4986   760                    727.7526  2000103         
   6252  3940      721.9266   639                    727.7526  2001967         
   6281  3969      721.5184   647                    727.7526  2003814         
   6297  3985      718.0923   530                    727.7526  2006656         
   6307  3995      690.4421   546                    727.7526  2010539         
   6312  3997      726.6899   868                    727.7477  2014567         
   6319  4004      725.8038   842                    727.7477  2017289         
   6324  4009      725.1669   803                    727.7477  2019802         
   6334  4019      724.6467   819                    727.7477  2022466         
Elapsed time = 3200.64 sec. (4952718.89 ticks, tree = 211.21 MB, solutions = 0)
   6345  4030      723.9845   868                    727.7477  2025151         
   6363  4048      723.7824   891                    727.7477  2027165         
   6381  4066      723.4892   847                    727.7477  2029361         
   6395  4080      720.8879   851                    727.7477  2031997         
   6412  4097      719.6371   806                    727.7477  2034118         
   6430  4115      716.5989   638                    727.7477  2036715         
   6445  4128      713.9824   586                    727.7477  2039931         
   6464  4147      713.3923   629                    727.7477  2041713         
   6475  4154      726.5568   912                    727.7242  2045859         
   6478  4157      725.4349   874                    727.7242  2049158         
Elapsed time = 3233.02 sec. (4998415.93 ticks, tree = 218.52 MB, solutions = 0)
   6481  4160      723.6045   679                    727.7242  2052305         
   6485  4164      724.5633   828                    727.7242  2055562         
   6490  4169      720.8890   733                    727.7242  2059448         
   6497  4176      720.5995   656                    727.7242  2062809         
   6505  4184      714.4459   608                    727.7242  2067035         
   6515  4194      717.9461   631                    727.7242  2071807         
   6521  4200      716.1779   720                    727.7242  2075516         
   6528  4207      719.5684   654                    727.7242  2079636         
   6537  4216      718.9095   714                    727.7242  2083600         
   6544  4223      717.4537   724                    727.7242  2087670         
Elapsed time = 3263.08 sec. (5043877.35 ticks, tree = 222.06 MB, solutions = 0)
   6551  4230      715.9482   692                    727.7242  2090955         
   6558  4237      716.3234   622                    727.7242  2094446         
   6563  4242      707.9641   638                    727.7242  2099421         
   6570  4249      719.4223   664                    727.7242  2102962         
   6577  4256      712.3830   596                    727.7242  2107807         
   6585  4264      718.4931   696                    727.7242  2111395         
   6593  4272      717.3464   636                    727.7242  2114720         
   6607  4286      714.6422   533                    727.7242  2118691         
   6612  4288      726.4748   932                    727.7160  2123894         
   6617  4293      725.5998   965                    727.7160  2126812         
Elapsed time = 3293.08 sec. (5088792.89 ticks, tree = 225.75 MB, solutions = 0)
   6627  4303      725.1455   924                    727.7160  2129231         
   6634  4310      724.8370   944                    727.7160  2131154         
   6648  4324      724.5559   904                    727.7160  2133535         
   6659  4335      724.1946   896                    727.7160  2136312         
   6678  4354      724.0242   880                    727.7160  2138173         
   6697  4373      721.5982   797                    727.7160  2141170         
   6701  4373      726.2258   844                    727.7134  2145367         
   6707  4379      725.1517   885                    727.7134  2148379         
   6713  4385      724.1849   808                    727.7134  2151509         
   6723  4395      723.2327   771                    727.7134  2154281         
Elapsed time = 3323.26 sec. (5132248.57 ticks, tree = 230.93 MB, solutions = 0)
   6735  4407      722.1754   786                    727.7134  2157216         
   6746  4418      721.0635   766                    727.7134  2159981         
   6757  4429      707.1056   700                    727.7134  2163009         
   6780  4452      696.7582   625                    727.7134  2166381         
   6802  4474      693.7078   493                    727.7134  2169443         
   6824  4496      689.4885   341                    727.7134  2172958         
   6861  4533      681.5942   326                    727.7134  2176819         
   6904  4576      654.7262   201                    727.7134  2181152         
   6912  4579      725.7265   917                    727.6925  2185215         
   6917  4584      724.5141   906                    727.6925  2188187         
Elapsed time = 3352.34 sec. (5173169.73 ticks, tree = 241.00 MB, solutions = 0)
   6923  4590      723.3703   881                    727.6925  2191190         
   6931  4598      722.0281   841                    727.6925  2194743         
   6939  4606      720.9565   819                    727.6925  2197885         
   6944  4611      718.0636   782                    727.6925  2201199         
   6949  4616      712.0274   801                    727.6925  2204850         
   6957  4624      710.4169   762                    727.6925  2207867         
   6968  4635      708.8544   752                    727.6925  2210767         
   6982  4649      706.5814   755                    727.6925  2213958         
   7004  4671      706.1610   721                    727.6925  2216166         
   7022  4689      699.2564   534                    727.6925  2219885         
Elapsed time = 3381.82 sec. (5215716.57 ticks, tree = 246.54 MB, solutions = 0)
   7033  4698        cutoff                          727.6925  2226625         
   7048  4709    infeasible                          727.6925  2232010         
   7056  4713        cutoff                          727.6925  2235798         
   7072  4727    infeasible                          727.6925  2241523         
   7074  4727      726.6849   970                    727.6729  2245964         
   7079  4732      725.0899   884                    727.6729  2250354         
   7084  4737      724.0509   956                    727.6729  2253166         
   7091  4744      722.9203   900                    727.6729  2256272         
   7101  4754      722.1160   841                    727.6729  2259032         
   7112  4765      721.5462   808                    727.6729  2261825         
Elapsed time = 3414.67 sec. (5264905.94 ticks, tree = 250.53 MB, solutions = 0)
   7122  4775      720.9859   830                    727.6729  2264518         
   7130  4783      719.8503   815                    727.6729  2267431         
   7141  4794      718.8211   731                    727.6729  2270146         
   7157  4810      718.1893   681                    727.6729  2272645         
   7177  4830      717.1796   688                    727.6729  2274870         
   7200  4853      716.2763   691                    727.6729  2277021         
   7216  4869      711.7704   639                    727.6729  2279874         
   7237  4890      708.7864   518                    727.6729  2282695         
   7262  4915      697.6568   457                    727.6729  2285822         
   7286  4939      679.1351   312                    727.6729  2288921         
Elapsed time = 3443.84 sec. (5304470.51 ticks, tree = 259.74 MB, solutions = 0)
   7310  4963      658.6807   218                    727.6729  2292996         
   7326  4975      721.2958   862                    727.6697  2298245         
   7331  4980      720.4338   813                    727.6697  2301360         
   7335  4984      719.0144   822                    727.6697  2305478         
   7339  4988      717.3200   748                    727.6697  2309874         
   7344  4993      718.2453   837                    727.6697  2313075         
   7347  4996      715.8411   748                    727.6697  2316601         
   7351  5000      717.4195   833                    727.6697  2319205         
   7356  5005      712.8172   619                    727.6697  2323736         
   7363  5010      714.9709   758                    727.6697  2327343         
Elapsed time = 3472.34 sec. (5347601.05 ticks, tree = 263.47 MB, solutions = 0)
   7366  5011      714.0199   727                    727.6697  2331534         
   7372  5017      713.4601   713                    727.6697  2335312         
   7379  5024      710.9978   624                    727.6697  2338972         
   7387  5032      685.8827   579                    727.6697  2344234         
   7392  5037      711.9464   696                    727.6697  2347889         
   7397  5042      708.8764   710                    727.6697  2352172         
   7403  5048      706.4212   565                    727.6697  2357054         
   7411  5056      702.2203   492                    727.6697  2361693         
   7416  5061      701.9831   559                    727.6697  2365688         
   7422  5067      705.7970   621                    727.6697  2370030         
Elapsed time = 3502.31 sec. (5392873.64 ticks, tree = 266.49 MB, solutions = 0)
   7427  5072      698.9878   557                    727.6697  2374770         
   7433  5078      700.5018   591                    727.6697  2378525         
   7445  5090      700.6563   558                    727.6697  2382763         
   7452  5097      697.0955   605                    727.6697  2386954         
   7461  5106      699.9492   552                    727.6697  2390676         
   7467  5112      700.1008   512                    727.6697  2395055         
   7474  5119      700.9043   580                    727.6697  2399376         
   7482  5127      692.7936   534                    727.6697  2404237         
   7495  5138      686.2352   545                    727.6697  2409369         
   7504  5147      697.7833   547                    727.6697  2412909         
Elapsed time = 3531.92 sec. (5436763.92 ticks, tree = 270.79 MB, solutions = 0)
   7513  5156      693.6541   555                    727.6697  2418070         
   7520  5163      684.9459   551                    727.6697  2422969         
   7526  5169      698.9207   597                    727.6697  2427107         
   7534  5177      698.6679   624                    727.6697  2430786         
   7542  5185      696.1929   499                    727.6697  2434483         
   7550  5193      693.2108   575                    727.6697  2439090         
   7558  5201      682.9610   538                    727.6697  2443126         
   7563  5206      686.9897   545                    727.6697  2447902         
   7574  5215      689.3812   517                    727.6697  2452134         
   7584  5225      686.6060   481                    727.6697  2456647         
Elapsed time = 3560.97 sec. (5480255.78 ticks, tree = 274.93 MB, solutions = 0)
   7591  5228    infeasible                          727.6697  2461147         
   7593  5230      721.5038   934                    727.6607  2464318         
   7598  5235      720.2890   961                    727.6607  2467320         
   7605  5242      719.4293   898                    727.6607  2469996         
   7611  5248      718.1067   863                    727.6607  2472832         
   7627  5264      717.6857   829                    727.6607  2475167         
   7644  5281      717.3084   796                    727.6607  2477455         
   7665  5302      717.0834   760                    727.6607  2479457         
   7689  5326      716.6514   752                    727.6607  2481372         
   7705  5342      715.9018   761                    727.6607  2483852         
Elapsed time = 3590.37 sec. (5521793.83 ticks, tree = 281.05 MB, solutions = 0)
   7715  5352      710.9162   730                    727.6607  2487518         
   7730  5367      709.1296   704                    727.6607  2490072         
   7745  5380    infeasible                          727.6607  2492903         
   7754  5389      702.7868   631                    727.6607  2495965         
   7762  5397      695.4074   633                    727.6607  2499414         
   7765  5396      726.0766   921                    727.6575  2503291         
   7769  5400      725.1993   911                    727.6575  2506096         
   7775  5406      721.2224   897                    727.6575  2509073         
   7782  5413      720.3970   856                    727.6575  2511856         
   7790  5421      719.5357   913                    727.6575  2514678         
Elapsed time = 3618.54 sec. (5563147.22 ticks, tree = 285.22 MB, solutions = 0)
   7799  5430      718.7391   809                    727.6575  2517447         
   7812  5443      718.2111   846                    727.6575  2519914         
   7828  5459      717.8549   853                    727.6575  2522149         
   7846  5477      717.5198   831                    727.6575  2524356         
   7866  5497      712.7969   741                    727.6575  2527948         
   7887  5518      712.4029   712                    727.6575  2530162         
   7906  5537      700.8312   746                    727.6575  2533968         
   7925  5556      698.0353   602                    727.6575  2536523         
   7940  5569      693.3874   528                    727.6575  2539716         
   7953  5582      676.9174   405                    727.6575  2544001         
Elapsed time = 3650.37 sec. (5606253.99 ticks, tree = 293.75 MB, solutions = 0)
   7959  5588      659.8402   353                    727.6575  2548271         
   7966  5589      725.9181   942                    727.6560  2554100         
   7973  5596      721.2508   824                    727.6560  2557392         
   7980  5603      719.2496   675                    727.6560  2561367         
   7989  5612      716.3977   565                    727.6560  2564991         
   8007  5630      714.6261   456                    727.6560  2568056         
   8023  5646      711.3600   447                    727.6560  2571319         
   8045  5668      708.8781   440                    727.6560  2574152         
   8064  5687      701.8528   335                    727.6560  2576749         
   8095  5717      666.0080   191                    727.6560  2581249         
Elapsed time = 3679.99 sec. (5649339.14 ticks, tree = 300.93 MB, solutions = 0)
   8120  5737      726.2072   937                    727.6445  2585805         
   8124  5741      725.0819   859                    727.6445  2589605         
   8127  5744      722.9324   888                    727.6445  2592845         
   8139  5756      722.3238   852                    727.6445  2595862         
   8149  5766      721.7187   775                    727.6445  2599147         
   8162  5779      721.1468   795                    727.6445  2601852         
   8175  5792      720.5247   679                    727.6445  2604479         
   8185  5802      719.1577   635                    727.6445  2607500         
   8202  5819      718.0084   623                    727.6445  2610518         
   8224  5841      717.1094   639                    727.6445  2612978         
Elapsed time = 3709.41 sec. (5691832.86 ticks, tree = 307.50 MB, solutions = 0)
   8244  5861      715.9399   523                    727.6445  2615584         
   8270  5887      714.2587   548                    727.6445  2618111         
   8294  5911      713.2238   560                    727.6445  2620565         
   8305  5919      697.8565   499                    727.6445  2623754         
   8313  5923      726.9845   968                    727.6175  2626758         
   8317  5927      726.1223   982                    727.6175  2630189         
   8322  5932      724.4694   859                    727.6175  2633718         
   8326  5936      719.3314   846                    727.6175  2638265         
   8329  5939      718.9865   875                    727.6175  2641834         
   8332  5941      712.4197   707                    727.6175  2645480         
Elapsed time = 3737.88 sec. (5733963.44 ticks, tree = 312.85 MB, solutions = 0)
   8335  5942      723.7730   849                    727.6079  2648747         
   8339  5946      722.3789   883                    727.6079  2652031         
   8348  5955      721.1147   892                    727.6079  2655003         
   8353  5960      719.9408   824                    727.6079  2658041         
   8361  5968      718.7213   837                    727.6079  2661197         
   8368  5975      717.9049   755                    727.6079  2663374         
   8394  6001      717.6576   781                    727.6079  2665209         
   8418  6025      716.4673   731                    727.6079  2667875         
   8431  6036      716.2810   747                    727.6079  2670755         
   8450  6055      703.6414   662                    727.6079  2674240         
Elapsed time = 3767.87 sec. (5776601.66 ticks, tree = 318.69 MB, solutions = 0)
   8464  6069      702.4033   646                    727.6079  2676990         
   8484  6089      700.9235   600                    727.6079  2679616         
   8499  6104      694.3680   464                    727.6079  2683321         
   8527  6132      693.3486   550                    727.6079  2685889         
   8543  6146      677.1556   392                    727.6079  2689666         
   8560  6159      726.3454   969                    727.5866  2695444         
   8564  6163      725.1695   977                    727.5866  2698543         
   8571  6170      724.1506   881                    727.5866  2701573         
   8579  6178      723.1411   859                    727.5866  2704378         
   8589  6188      722.2613   873                    727.5866  2707270         
Elapsed time = 3804.13 sec. (5829536.29 ticks, tree = 325.72 MB, solutions = 0)
   8600  6199      721.4428   873                    727.5866  2710012         
   8615  6214      720.9044   813                    727.5866  2712276         
   8623  6222      709.2764   807                    727.5866  2715153         
   8643  6242      708.9983   766                    727.5866  2717335         
   8663  6262      708.5965   787                    727.5866  2719547         
   8670  6269      701.7639   716                    727.5866  2722695         
   8682  6280      698.9560   636                    727.5866  2725672         
   8692  6288      696.9699   632                    727.5866  2729157         
   8707  6303      693.1827   583                    727.5866  2732346         
   8724  6316      725.0649   918                    727.5782  2745567         
Elapsed time = 3840.17 sec. (5880834.60 ticks, tree = 332.45 MB, solutions = 0)
   8748  6340      720.4319   856                    727.5782  2757002         
   8791  6383      717.1821   766                    727.5782  2767618         
   8841  6433      707.8208   636                    727.5782  2778839         
   8903  6495      678.1569   471                    727.5782  2790631         
   8966  6554      723.7827   915                    727.5767  2804948         
   8990  6578      720.2390   890                    727.5767  2816458         
   9015  6603      709.9181   772                    727.5767  2828166         
   9051  6639      703.5696   667                    727.5767  2839864         
   9133  6719      690.0654   430                    727.5767  2850729         
   9187  6762      724.6327   994                    727.5719  2864039         
Elapsed time = 3948.83 sec. (6036545.24 ticks, tree = 356.03 MB, solutions = 0)
   9201  6776      721.7921   814                    727.5719  2876877         
   9217  6792      711.0973   662                    727.5719  2889444         
   9242  6814      707.6175   640                    727.5719  2902641         
   9252  6818      720.0009   831                    727.5653  2916905         
   9271  6837      717.2375   799                    727.5653  2925041         
   9338  6904      714.3655   738                    727.5653  2934699         
   9404  6970      703.2000   590                    727.5653  2945173         
   9429  6989      724.9069   924                    727.5597  2961242         
   9451  7011      719.4146   737                    727.5597  2973053         
   9496  7056      714.4764   722                    727.5597  2983816         
Elapsed time = 4055.45 sec. (6193436.84 ticks, tree = 371.55 MB, solutions = 0)
   9559  7119      704.9951   671                    727.5597  2993895         
   9570  7126      721.1525   904                    727.5594  3007968         
   9588  7144      716.4635   829                    727.5594  3019988         
   9620  7172      722.9980   764                    727.5514  3032202         
   9668  7220      715.2808   657                    727.5514  3042771         
   9746  7290      726.2371   861                    727.4934  3057602         
   9765  7309      724.1853   781                    727.4934  3070066         
   9789  7327    infeasible                          727.4934  3083602         
   9814  7352      721.1468   670                    727.4934  3097395         
   9854  7392      720.1324   604                    727.4934  3110523         
Elapsed time = 4163.31 sec. (6352252.75 ticks, tree = 389.34 MB, solutions = 0)
   9877  7415      717.8042   618                    727.4934  3124631         
   9902  7434      724.4997   811                    727.4932  3138699         
   9958  7490      720.5285   633                    727.4932  3149398         
  10038  7568      695.9854   362                    727.4932  3160935         
  10109  7635      725.5558   815                    727.4914  3171816         
  10144  7670      722.6796   812                    727.4914  3182844         
  10182  7708      719.4141   777                    727.4914  3194522         
  10252  7778      717.5348   762                    727.4914  3203964         
  10335  7861      710.2518   620                    727.4914  3213647         
  10370  7891      727.3489   951                    727.4906  3227363         
Elapsed time = 4272.99 sec. (6507747.76 ticks, tree = 415.81 MB, solutions = 0)
  10395  7916      722.4782   911                    727.4906  3238758         
  10440  7961      719.6084   741                    727.4906  3249159         
  10473  7990      723.9666   888                    727.4873  3257120         
  10501  8018      718.5826   871                    727.4873  3267745         
  10557  8074      714.8392   706                    727.4873  3277563         
  10639  8156      703.3394   576                    727.4873  3287501         
  10702  8213      686.4638   329                    727.4873  3300178         
  10800  8307      726.0280   858                    727.4773  3313695         
  10819  8326      722.0825   705                    727.4773  3327603         
  10840  8347      715.5317   579                    727.4773  3342119         
Elapsed time = 4383.90 sec. (6667688.16 ticks, tree = 440.31 MB, solutions = 0)
  10866  8373      719.3585   533                    727.4773  3355328         
  10903  8410      713.1454   529                    727.4773  3369690         
  10939  8446      713.3514   494                    727.4773  3384445         
  10984  8489      715.5670   561                    727.4773  3398276         
  11022  8525      704.0819   399                    727.4773  3414207         
  11053  8550      696.4286   416                    727.4773  3430393         
  11098  8595      700.9067   376                    727.4773  3444718         
  11136  8633      692.1114   357                    727.4773  3460894         
  11191  8686      693.9020   402                    727.4773  3475603         
  11243  8738      692.5245   334                    727.4773  3490712         
Elapsed time = 4491.23 sec. (6825656.98 ticks, tree = 461.07 MB, solutions = 0)
  11280  8775      694.4918   401                    727.4773  3503661         
  11338  8833      690.2210   378                    727.4773  3518834         
  11392  8887      686.0650   303                    727.4773  3534765         
  11450  8945      685.5251   348                    727.4773  3550513         
  11506  8999      683.5523   338                    727.4773  3565998         
  11563  9056      683.7591   326                    727.4773  3581814         
  11645  9138      682.2903   293                    727.4773  3597453         
  11701  9190      680.5240   279                    727.4773  3615406         
  11752  9236    infeasible                          727.4773  3634499         
  11769  9253      721.6741   879                    727.4544  3646688         
Elapsed time = 4598.34 sec. (6980918.18 ticks, tree = 488.49 MB, solutions = 0)
  11833  9317      717.7454   695                    727.4544  3656390         
  11935  9419      703.7519   538                    727.4544  3665610         
  12014  9494      723.9429   942                    727.4329  3679531         
  12041  9521      718.5924   820                    727.4329  3691194         
  12083  9563      715.0175   651                    727.4329  3700324         
  12165  9645      710.6377   539                    727.4329  3710696         
  12269  9749      686.4926   469                    727.4329  3721830         
  12341  9815      725.1901   927                    727.4209  3736238         
  12362  9836      720.4864   782                    727.4209  3748118         
  12400  9874      716.0922   777                    727.4209  3759682         
Elapsed time = 4709.84 sec. (7135483.27 ticks, tree = 521.45 MB, solutions = 0)
  12472  9946      711.8752   612                    727.4209  3769851         
  12579 10053      704.0179   427                    727.4209  3779684         
  12685 10157      682.4353   294                    727.4209  3791181         
  12730 10194      721.0008   820                    727.4128  3804793         
  12765 10229      716.4250   740                    727.4128  3816412         
  12830 10294      713.7188   767                    727.4128  3826035         
  12864 10328      688.6031   633                    727.4128  3836301         
  12884 10342      722.2054   597                    727.4127  3850078         
  12913 10369      721.8648   481                    727.4127  3864832         
  12946 10402      722.6739   638                    727.4127  3878220         
Elapsed time = 4822.03 sec. (7295077.75 ticks, tree = 549.45 MB, solutions = 0)
  12985 10439      720.1466   505                    727.4127  3892227         
  13032 10486      716.5045   467                    727.4127  3906862         
  13081 10531      715.6282   435                    727.4127  3921651         
  13131 10573      713.8906   431                    727.4127  3936520         
  13160 10599      724.7843   963                    727.4088  3950025         
  13189 10628      719.7000   637                    727.4088  3961979         
  13249 10688      712.6282   465                    727.4088  3973601         
  13310 10749      693.8996   364                    727.4088  3980996         
  13406 10839      724.5712   975                    727.3986  3994476         
  13427 10860      720.1295   883                    727.3986  4006004         
Elapsed time = 4928.69 sec. (7450405.98 ticks, tree = 573.67 MB, solutions = 0)
  13475 10908      716.8421   825                    727.3986  4016027         
  13551 10984      711.2055   627                    727.3986  4024652         
  13618 11049      685.2572   569                    727.3986  4035929         
  13667 11098      662.8276   439                    727.3986  4048282         
  13710 11135      724.2893   879                    727.3868  4060479         
  13736 11161      719.1838   874                    727.3868  4072535         
  13792 11217      715.0863   704                    727.3868  4083171         
  13848 11267      701.7077   615                    727.3868  4094925         
  13879 11292      721.7263   702                    727.3868  4107369         
  13935 11348      717.8490   649                    727.3868  4118316         
Elapsed time = 5039.40 sec. (7605975.08 ticks, tree = 599.51 MB, solutions = 0)
  14021 11434      699.2435   612                    727.3868  4128632         
  14076 11487      679.3842   368                    727.3868  4140054         
  14123 11528      712.1244   761                    727.3848  4154630         
  14151 11556      699.4894   661                    727.3848  4171194         
  14176 11581      721.1734   666                    727.3848  4184243         
  14199 11600      718.8655   500                    727.3848  4198727         
  14234 11632      703.6713   438                    727.3848  4215367         
  14257 11653      721.3953   850                    727.3844  4227918         
  14309 11703      717.5894   627                    727.3844  4238739         
  14402 11794      711.5110   544                    727.3844  4248413         
Elapsed time = 5149.81 sec. (7765685.38 ticks, tree = 623.18 MB, solutions = 0)
  14512 11904      695.2150   389                    727.3844  4259440         
  14630 12014      722.8975   752                    727.3827  4272090         
  14680 12064      714.9465   573                    727.3827  4283755         
  14762 12140    infeasible                          727.3827  4295409         
  14787 12163      720.3370   684                    727.3595  4307779         
  14806 12176      721.5853   702                    727.3589  4320007         
  14864 12234      708.0398   556                    727.3589  4330113         
  14910 12274      724.0904   853                    727.3489  4342782         
  14932 12296      721.6088   787                    727.3489  4355796         
  14956 12320      719.6605   695                    727.3489  4369184         
Elapsed time = 5258.80 sec. (7920909.74 ticks, tree = 651.17 MB, solutions = 0)
  14974 12338      714.4365   625                    727.3489  4383087         
  14997 12361      713.1144   576                    727.3489  4397305         
  15032 12396      712.4543   607                    727.3489  4411070         
  15066 12430      712.6402   597                    727.3489  4424825         
  15111 12475      713.4937   526                    727.3489  4438105         
  15163 12523      711.5199   547                    727.3489  4451879         
  15202 12562      693.7435   479                    727.3489  4467600         
  15234 12594      705.6673   538                    727.3489  4482101         
  15274 12632      698.0757   528                    727.3489  4497801         
  15315 12671      699.7975   490                    727.3489  4513168         
Elapsed time = 5366.03 sec. (8078206.41 ticks, tree = 669.81 MB, solutions = 0)
  15354 12710      696.2992   389                    727.3489  4528420         
  15396 12746      678.4562   431                    727.3489  4544289         
  15439 12787      677.3341   338                    727.3489  4560298         
  15485 12833      670.5545   363                    727.3489  4577027         
  15534 12882      662.4204   393                    727.3489  4594109         
  15571 12915      662.4153   343                    727.3489  4611639         
  15622 12966      654.9613   325                    727.3489  4629687         
  15682 13022      652.4410   295                    727.3489  4647911         
  15749 13089      652.1390   297                    727.3489  4667371         
  15831 13163      651.6555   274                    727.3489  4687880         
Elapsed time = 5474.53 sec. (8234455.22 ticks, tree = 696.04 MB, solutions = 0)
  15936 13260      648.3428   292                    727.3489  4713484         
  15972 13289      724.9989   913                    727.3459  4726147         
  16019 13336      723.0632   847                    727.3459  4736505         
  16074 13391      710.4057   609                    727.3459  4747180         
  16150 13463      703.1389   604                    727.3459  4758362         
  16210 13515      724.2296   897                    727.3414  4772403         
  16233 13538      720.5968   764                    727.3414  4784878         
  16275 13580      715.3155   692                    727.3414  4796620         
  16349 13654      709.6808   552                    727.3414  4807638         
  16428 13723      726.6221   890                    727.3289  4820574         
Elapsed time = 5586.71 sec. (8391806.82 ticks, tree = 725.78 MB, solutions = 0)
  16451 13746      722.0591   838                    727.3289  4832476         
  16500 13795      715.5014   641                    727.3289  4843824         
  16570 13865      709.4140   589                    727.3289  4854921         
  16671 13966      725.8530   841                    727.3217  4864139         
  16710 14005      720.9607   761                    727.3217  4874990         
  16761 14054      712.4605   608                    727.3217  4887143         
  16828 14121      698.0094   398                    727.3217  4899011         
  16875 14166      723.6712   696                    727.3020  4911959         
  16901 14188      719.4386   636                    727.3020  4925215         
  16938 14225      719.5404   649                    727.3020  4937776         
Elapsed time = 5694.69 sec. (8545518.23 ticks, tree = 752.44 MB, solutions = 0)
  16983 14268      716.5677   554                    727.3020  4950861         
  17023 14308      712.7484   575                    727.3020  4964406         
  17063 14344      714.3082   680                    727.3020  4978554         
  17095 14376      724.4899   869                    727.3004  4989070         
  17138 14419      721.3304   820                    727.3004  4999602         
  17193 14474      718.2067   772                    727.3004  5009636         
  17260 14541      711.6811   662                    727.3004  5019669         
  17288 14569      724.4660   816                    727.2966  5030398         
  17316 14597      713.8669   837                    727.2966  5044129         
  17339 14618      703.1214   728                    727.2966  5057962         
Elapsed time = 5803.84 sec. (8701949.68 ticks, tree = 773.26 MB, solutions = 0)
  17388 14667      694.9748   492                    727.2966  5069781         
  17453 14730      686.2545   408                    727.2966  5083784         
  17490 14767      716.6865   804                    727.2890  5095643         
  17526 14803      709.1394   692                    727.2890  5107601         
  17544 14815      726.1199   862                    727.2852  5122829         
  17565 14834      711.1400   650                    727.2852  5135486         
  17665 14934      707.8674   543                    727.2852  5145357         
  17764 15031      684.1230   330                    727.2852  5158796         
  17785 15046      713.0288   727                    727.2565  5173284         
  17803 15054      725.6545   891                    727.2534  5185703         
Elapsed time = 5910.87 sec. (8857872.86 ticks, tree = 796.43 MB, solutions = 0)
  17839 15090      721.9719   737                    727.2534  5196474         
  17881 15132      716.7104   722                    727.2534  5207420         
  17949 15200      705.8832   571                    727.2534  5218952         
  17999 15242      723.0118   825                    727.2520  5233054         
  18036 15279      714.9618   678                    727.2520  5245137         
  18091 15334      711.5865   649                    727.2520  5253978         
  18164 15407      697.3492   557                    727.2520  5265443         
  18258 15501      680.2342   374                    727.2520  5277391         
  18293 15530      721.9869   902                    727.2328  5291994         
  18325 15562      717.1744   820                    727.2328  5303415         
Elapsed time = 6020.71 sec. (9013754.47 ticks, tree = 823.41 MB, solutions = 0)
  18363 15600      709.6229   725                    727.2328  5315444         
  18406 15643      701.7160   758                    727.2328  5327212         
  18464 15701      697.8490   612                    727.2328  5335442         
  18564 15801      691.9272   552                    727.2328  5345274         
  18634 15865      665.8351   445                    727.2328  5358445         
  18663 15890      725.2073   879                    727.2319  5371719         
  18697 15924      719.3728   784                    727.2319  5383284         
  18749 15976      715.0954   718                    727.2319  5393836         
  18809 16036      706.1182   647                    727.2319  5404784         
  18869 16096      720.4101   856                    727.2251  5415726         
Elapsed time = 6133.59 sec. (9172088.65 ticks, tree = 851.74 MB, solutions = 0)
  18883 16110      714.5458   817                    727.2251  5429410         
  18900 16127      715.8865   792                    727.2251  5442887         
  18921 16148      712.7136   790                    727.2251  5456478         
  18934 16159      709.3499   675                    727.2251  5469772         
  18957 16182      709.8068   741                    727.2251  5483268         
  18983 16208      709.7765   764                    727.2251  5496017         
  19012 16235    infeasible                          727.2251  5511392         
  19044 16267      707.8474   656                    727.2251  5524677         
  19065 16288      709.1609   622                    727.2251  5538852         
  19091 16314      722.6516   741                    727.2240  5550236         
Elapsed time = 6240.88 sec. (9333938.96 ticks, tree = 863.23 MB, solutions = 0)
  19162 16385      717.3847   621                    727.2240  5560513         
  19248 16467      701.8731   339                    727.2240  5572504         
  19285 16504      724.2052   831                    727.2152  5582812         
  19315 16534      718.1917   788                    727.2152  5596665         
  19355 16574      714.5790   777                    727.2152  5607483         
  19402 16621      706.2388   636                    727.2152  5618765         
  19467 16686      723.0664   906                    727.2150  5629960         
  19496 16715      716.9221   885                    727.2150  5640891         
  19537 16756      711.9484   736                    727.2150  5651590         
  19596 16815      707.9464   711                    727.2150  5661594         
Elapsed time = 6352.87 sec. (9491768.18 ticks, tree = 890.31 MB, solutions = 0)
  19666 16885      726.3588   944                    727.2139  5672400         
  19691 16910      721.2491   919                    727.2139  5683803         
  19728 16947      717.3004   799                    727.2139  5694443         
  19782 17001      712.3390   772                    727.2139  5704902         
  19851 17070      708.4331   636                    727.2139  5714909         
  19879 17098      722.9404   701                    727.1986  5726665         
  19902 17117      720.0232   686                    727.1986  5741037         
  19942 17151    infeasible                          727.1986  5755144         
  19991 17196      708.6649   620                    727.1986  5768669         
  20049 17248      706.2708   420                    727.1986  5782913         
Elapsed time = 6461.97 sec. (9647780.36 ticks, tree = 913.22 MB, solutions = 0)
  20090 17287      722.7388   751                    727.1864  5794422         
  20148 17345      719.6140   722                    727.1864  5804881         
  20238 17432      726.2486   903                    727.1751  5815957         
  20260 17454      721.4038   816                    727.1751  5828309         
  20304 17498      717.4513   761                    727.1751  5839385         
  20361 17555      714.0897   742                    727.1751  5849642         
  20427 17621      697.5549   610                    727.1751  5860447         
  20490 17684      723.3430   712                    727.1686  5871394         
  20530 17724      714.4787   626                    727.1686  5884012         
  20574 17768      681.5405   554                    727.1686  5897908         
Elapsed time = 6573.51 sec. (9804140.71 ticks, tree = 940.81 MB, solutions = 0)
  20666 17860      726.5920   936                    727.1586  5909230         
  20687 17881      721.5351   808                    727.1586  5920752         
  20721 17915      714.8217   609                    727.1586  5932840         
  20762 17956      698.5043   586                    727.1586  5945966         
  20774 17964      723.4057   900                    727.1464  5960189         
  20792 17980      719.2909   660                    727.1464  5973555         
  20812 18000      713.5468   676                    727.1464  5987810         
  20829 18015      707.0973   520                    727.1464  6002387         
  20851 18034      723.3508   780                    727.1331  6013989         
  20925 18106      719.8130   473                    727.1331  6024451         
Elapsed time = 6679.07 sec. (9959401.08 ticks, tree = 958.69 MB, solutions = 0)
  20953 18130      724.0442   870                    727.1264  6036297         
  20986 18163      721.6331   905                    727.1264  6047078         
  21040 18217      716.4492   770                    727.1264  6057784         
  21096 18273      703.4077   552                    727.1264  6069088         
  21197 18374      676.2199   299                    727.1264  6081370         
  21320 18490      724.7889   866                    727.1195  6095244         
  21351 18521      716.6774   650                    727.1195  6108087         
  21375 18539      724.1510   845                    727.1174  6122844         
  21386 18546      723.8811   909                    727.1139  6135526         
  21404 18564      720.0655   840                    727.1139  6148528         
Elapsed time = 6786.83 sec. (10115590.61 ticks, tree = 982.89 MB, solutions = 0)
  21419 18573      697.6579   591                    727.1139  6163267         
  21434 18582      721.2739   709                    727.1126  6178341         
  21458 18606      713.5805   786                    727.1126  6191342         
  21503 18651      707.6477   728                    727.1126  6202985         
  21556 18704      701.0477   641                    727.1126  6214630         
  21650 18798      695.0846   527                    727.1126  6224763         
  21729 18875      677.8768   390                    727.1126  6233661         
  21783 18923      723.6740   923                    727.1048  6247132         
  21810 18950      718.1889   889                    727.1048  6258763         
  21851 18991      712.4376   708                    727.1048  6269917         
Elapsed time = 6894.42 sec. (10270415.78 ticks, tree = 1005.59 MB, solutions = 0)
  21897 19035      704.0065   678                    727.1048  6281849         
  21982 19120      688.7547   585                    727.1048  6293642         
  22058 19192      664.4120   393                    727.1048  6306002         
  22082 19208      724.0501   819                    727.1019  6319166         
  22105 19228      727.0666   901                    727.1008  6331976         
  22116 19239      721.4428   821                    727.1008  6345122         
  22133 19256      716.9907   774                    727.1008  6359740         
  22164 19287      715.3547   725                    727.1008  6371779         
  22194 19315      712.9990   759                    727.1008  6385172         
  22221 19342      712.1770   690                    727.1008  6398201         
Elapsed time = 7002.89 sec. (10429455.27 ticks, tree = 1024.22 MB, solutions = 0)
  22240 19361      703.3935   634                    727.1008  6412772         
  22264 19383      709.1695   630                    727.1008  6427423         
  22294 19413      707.4671   584                    727.1008  6441436         
  22313 19430      706.8296   642                    727.1008  6456194         
  22338 19453      705.5702   605                    727.1008  6471101         
  22354 19462        cutoff                          727.1008  6490642         
  22375 19483      721.9305   796                    727.0919  6502136         
  22412 19520      718.1470   837                    727.0919  6512989         
  22456 19564      712.9654   724                    727.0919  6523923         
  22475 19583      711.9842   706                    727.0919  6526948         
Elapsed time = 7110.67 sec. (10589825.28 ticks, tree = 1036.92 MB, solutions = 0)
  22556 19664      708.5734   678                    727.0919  6535720         
  22614 19720      678.6161   454                    727.0919  6548561         
  22720 19820      725.6063   916                    727.0833  6562155         
  22743 19843      720.9704   814                    727.0833  6573589         
  22774 19874      707.8417   580                    727.0833  6586010         
  22828 19924      688.4674   525                    727.0833  6598513         
  22936 20032      679.0203   456                    727.0833  6607107         
  22993 20082      722.6863   731                    727.0824  6619756         

GUB cover cuts applied:  24
Clique cuts applied:  11
Cover cuts applied:  5
Implied bound cuts applied:  9
Flow cuts applied:  4
Mixed integer rounding cuts applied:  49
Zero-half cuts applied:  61
Lift and project cuts applied:  1

Root node processing (before b&c):
  Real time             =   26.69 sec. (41859.73 ticks)
Sequential b&c:
  Real time             = 7173.32 sec. (10673914.35 ticks)
                          ------------
Total (root+branch&cut) = 7200.00 sec. (10715774.08 ticks)

CPLEX Sol status: Unknown
Instance Name: sarp-50-25-C-2

K: 10
Profits: 
0: 12.189
1: 9.909
2: 13.899
3: 13.158
4: 13.728
5: 6.603
6: 9.567
7: 13.158
8: 9.225
9: 13.443
10: 10.251
11: 18.117
12: 15.324
13: 9.51
14: 17.433
15: 15.837
16: 11.049
17: 13.158
18: 14.469
19: 11.334
20: 5.805
21: 15.666
22: 9.795
23: 12.987
24: 3.867
25: 15.324
26: 9.567
27: 10.479
28: 7.23
29: 11.79
30: 7.059
31: 13.728
32: 7.002
33: 10.251
34: 14.412
35: 15.951
36: 10.707
37: 9.51
38: 10.536
39: 5.52
40: 7.8
41: 9.852
42: 14.469
43: 13.158
44: 13.557
45: 8.997
46: 8.712
47: 9.054
48: 5.406
49: 7.002
50: 18.676
51: 19.506
52: 18.676
53: 11.538
54: 6.475
55: 19.755
56: 11.372
57: 15.19
58: 16.186
59: 12.949
60: 15.688
61: 12.866
62: 17.597
63: 9.629
64: 7.222
65: 20.419
66: 10.708
67: 14.609
68: 15.605
69: 15.107
70: 12.119
71: 12.036
72: 8.384
73: 15.771
74: 10.127
75: 0
76: 0
77: 0
78: 0
79: 0
80: 0
81: 0
82: 0
83: 0
84: 0
85: 0
86: 0
87: 0
88: 0
89: 0
90: 0
91: 0
92: 0
93: 0
94: 0
95: 0
96: 0
97: 0
98: 0
99: 0
100: 0
101: 0
102: 0
103: 0
104: 0
105: 0
106: 0
107: 0
108: 0
109: 0
110: 0
111: 0
112: 0
113: 0
114: 0
115: 0
116: 0
117: 0
118: 0
119: 0
Multi parcel
MIP Node V2
profit: 556.554
cutoff: -129.3
Cutoff Value: 685.854
Version identifier: 22.1.1.0 | 2022-11-28 | 9160aff4d
CPXPARAM_Threads                                 1
CPXPARAM_TimeLimit                               7200
CPXPARAM_MIP_Tolerances_LowerCutoff              685.85399999999981
Tried aggregator 2 times.
MIP Presolve eliminated 4773 rows and 2977 columns.
MIP Presolve modified 9536 coefficients.
Aggregator did 7 substitutions.
Reduced MIP has 4349 rows, 58763 columns, and 223499 nonzeros.
Reduced MIP has 58713 binaries, 0 generals, 0 SOSs, and 0 indicators.
Presolve time = 0.21 sec. (238.57 ticks)
Tried aggregator 1 time.
Detecting symmetries...
Reduced MIP has 4349 rows, 58763 columns, and 223499 nonzeros.
Reduced MIP has 58713 binaries, 0 generals, 0 SOSs, and 0 indicators.
Presolve time = 0.12 sec. (110.86 ticks)
Probing time = 0.02 sec. (21.41 ticks)
Clique table members: 34378.
MIP emphasis: balance optimality and feasibility.
MIP search method: dynamic search.
Parallel mode: none, using 1 thread.
Root relaxation solution time = 3.32 sec. (5167.00 ticks)

        Nodes                                         Cuts/
   Node  Left     Objective  IInf  Best Integer    Best Bound    ItCnt     Gap

      0     0      758.9194   927                    758.9194     7982         
      0     0      757.8847   980                    Cuts: 99     8811         
      0     0      757.0427   953                    Cuts: 77     9576         
      0     0      756.7243  1007                    Cuts: 92    10083         
      0     0      756.5082   967                    Cuts: 13    10425         
      0     0      756.3840   977                     Cuts: 9    10737         
Detecting symmetries...
      0     0      756.3528  1030                     Cuts: 9    10952         
      0     0      756.1471  1002                     Cuts: 8    11356         
      0     0      756.1319  1013                    Cuts: 19    11455         
Heuristic still looking.
Detecting symmetries...
      0     2      756.1319  1013                    756.1316    11455         
Elapsed time = 21.55 sec. (33003.79 ticks, tree = 0.01 MB, solutions = 0)
      1     3      754.9392   877                    756.1316    12469         
      2     4      752.7889   757                    756.1316    13494         
      3     5      752.6696   764                    756.1316    13760         
      4     6      751.3692   673                    756.1316    14358         
      5     7      751.1737   720                    756.1316    14670         
      6     8      750.3692   664                    756.1316    15354         
      7     9      750.2414   692                    756.1316    15598         
      8    10      748.4678   532                    756.1316    16312         
      9    11      747.9934   528                    756.1316    16631         
     13    15      744.8315   421                    756.1316    18081         
Elapsed time = 27.55 sec. (43448.76 ticks, tree = 0.72 MB, solutions = 0)
     18    20      743.3489   372                    756.1316    19125         
     23    25      742.6527   380                    756.1316    20160         
     27    29      741.0654   410                    756.1316    21435         
     31    33      739.9005   387                    756.1316    22443         
     38    40      737.4815   342                    756.1316    23657         
     43    44      733.9688   238                    756.1316    24904         
     52    52      728.7681   203                    756.1316    26425         
     63    63      721.4822   177                    756.1316    27766         
     82    81      715.4176   131                    756.1316    29637         
    102   101      707.8441   114                    756.1316    31616         
Elapsed time = 34.07 sec. (53652.53 ticks, tree = 5.59 MB, solutions = 0)
    120   119      698.7469    85                    756.1316    34069         
    156   129      756.0393  1008                    756.0392    35393         
    158   131      755.5855   974                    755.8392    36625         
    160   133      754.1227   857                    755.8392    38170         
    163   136      752.5786   768                    755.8392    39527         
    165   138      753.0281   826                    755.8392    40492         
    168   141      752.0628   750                    755.8392    41940         
    171   144      748.1984   609                    755.8392    43301         
    175   148      747.0543   528                    755.8392    44421         
    178   151      744.8549   486                    755.8392    45399         
Elapsed time = 42.50 sec. (67452.61 ticks, tree = 8.36 MB, solutions = 0)
    182   155      743.5249   336                    755.8392    46322         
    185   158      741.6384   334                    755.8392    47487         
    190   163      740.5536   304                    755.8392    48762         
    195   168      736.4539   263                    755.8392    50077         
    202   175      735.3067   210                    755.8392    51428         
    213   186      732.3997   208                    755.8392    52936         
    230   202      727.5732   199                    755.8392    54756         
    246   217      719.1504   153                    755.8392    56602         
    261   230      717.0722   172                    755.8392    58690         
    284   243      706.6569   109                    755.8392    60688         
Elapsed time = 49.16 sec. (77720.81 ticks, tree = 13.58 MB, solutions = 0)
    320   257      694.7384    99                    755.8392    62815         
    327   257      755.6044  1019                    755.8383    63491         
    331   261      755.3510   980                    755.8383    64405         
    335   265      755.1762  1014                    755.8383    65213         
    338   268      754.9167   999                    755.8383    66128         
    342   272      754.6620   989                    755.8383    66998         
    346   276      754.5036  1031                    755.8383    67702         
    351   281      754.2486  1025                    755.8383    68685         
    356   286      754.1207  1029                    755.8383    69420         
    360   290      753.9886  1019                    755.8383    70119         
Elapsed time = 60.67 sec. (96653.71 ticks, tree = 16.05 MB, solutions = 0)
    363   293      753.8252  1031                    755.8383    70910         
    368   298      753.6300  1049                    755.8383    71865         
    372   302      753.4774  1057                    755.8383    72616         
    376   306      753.2278  1060                    755.8383    73554         
    381   311      753.0706  1035                    755.8383    74352         
    386   316      752.9766  1024                    755.8383    75060         
    389   319      752.8416  1045                    755.8383    75770         
    393   323      752.6533  1061                    755.8383    76658         
    396   326      752.4967  1032                    755.8383    77372         
    398   328      752.2499  1016                    755.8383    78123         
Elapsed time = 67.11 sec. (107675.39 ticks, tree = 17.90 MB, solutions = 0)
    400   330      751.5965   987                    755.8383    79078         
    402   332      754.4785   898                    755.7188    80750         
    404   334      754.0974   808                    755.7188    81508         
    407   337      753.7674   865                    755.7188    82323         
    411   341      753.5115   902                    755.7188    83161         
    415   345      753.3033   862                    755.7188    83924         
    418   348      753.0530   841                    755.7188    84655         
    423   353      752.8059   915                    755.7188    85490         
    428   358      752.4962   869                    755.7188    86289         
    433   363      752.2025   932                    755.7188    87155         
Elapsed time = 74.47 sec. (120057.29 ticks, tree = 19.77 MB, solutions = 0)
    439   369      751.9915   875                    755.7188    88088         
    442   372      751.7630   852                    755.7188    88798         
    445   375      751.4721   865                    755.7188    89630         
    448   378      751.0739   818                    755.7188    90479         
    450   380      749.8207   840                    755.7188    91853         
    455   385      749.4493   892                    755.7188    92832         
    460   390      749.2456   895                    755.7188    93558         
    464   394      748.9787   872                    755.7188    94407         
    467   397      748.6540   869                    755.7188    95181         
    472   402      748.4581   861                    755.7188    95927         
Elapsed time = 82.37 sec. (132500.46 ticks, tree = 21.88 MB, solutions = 0)
    476   406      748.1761   826                    755.7188    96787         
    479   409      747.5380   873                    755.7188    97599         
    480   410      747.4566   844                    755.7188    97827         
    485   415      747.1733   907                    755.7188    98666         
    490   420      746.8248   923                    755.7188    99595         
    495   425      746.3406   917                    755.7188   100642         

Performing restart 1

Repeating presolve.
Tried aggregator 1 time.
MIP Presolve modified 56612 coefficients.
Reduced MIP has 4349 rows, 58763 columns, and 209571 nonzeros.
Reduced MIP has 58713 binaries, 0 generals, 0 SOSs, and 0 indicators.
Presolve time = 0.14 sec. (181.28 ticks)
Tried aggregator 1 time.
MIP Presolve eliminated 0 rows and 14 columns.
Reduced MIP has 4349 rows, 58749 columns, and 209529 nonzeros.
Reduced MIP has 58699 binaries, 0 generals, 0 SOSs, and 0 indicators.
Presolve time = 0.12 sec. (117.78 ticks)
Represolve time = 1.35 sec. (1431.63 ticks)
    501     0      755.3492  1033                    Cuts: 35   111129         
    501     0      755.1119  1017                    Cuts: 43   111764         
    501     0      755.0719  1028                     Cuts: 9   112072         
    501     0      754.9303  1028                    Cuts: 16   112561         
    501     0      754.8645  1006                    Cuts: 13   112898         
    501     0      754.8399  1001                     Cuts: 9   113109         
    501     0      754.8297  1048                     Cuts: 4   113220         
    501     0      754.8056  1041                     Cuts: 8   113383         
    501     0      754.6855  1054                     Cuts: 4   113849         
    501     0      754.4526  1057                     Cuts: 6   114487         
    501     0      754.3536  1037                    Cuts: 12   114895         
    501     0      754.2612  1042                    Cuts: 14   115212         
    501     0      754.1985  1054                    Cuts: 12   115553         
    501     0      753.8741  1058                     Cuts: 4   116178         
    501     0      753.7431  1035                    Cuts: 25   116735         
    501     0      753.7208  1094                     Cuts: 7   116952         
    501     0      753.6805  1082                 ZeroHalf: 6   117266         
    501     0      753.6731  1097                    Cuts: 82   117394         
    501     0      753.6224  1093                     Cuts: 7   117791         
    501     2      753.6224  1092                    753.6224   117791         
    503     4      753.6114  1091                    753.6112   118036         
    504     5      753.2503   986                    753.6111   119336         
    505     6      753.4909  1062                    753.6090   120010         
Elapsed time = 155.45 sec. (242161.68 ticks, tree = 0.21 MB, solutions = 0)
    508     9      752.5370  1023                    753.6090   121611         
    509    10      753.4825  1042                    753.6090   121712         
    510    11      751.6288   921                    753.6090   123662         
    511    12      753.4822  1035                    753.6090   123697         
    512    13      753.4256  1091                    753.6090   124069         
    513    14      752.6360   927                    753.6090   125266         
    516    17      751.4135   852                    753.6090   127056         
    518    19      751.7968   971                    753.6090   128792         
    521    22      752.0940   968                    753.6090   130460         
    526    27      747.5352   952                    753.6090   134369         
Elapsed time = 171.20 sec. (268722.42 ticks, tree = 1.31 MB, solutions = 0)
    531    32      752.2210   856                    753.6090   138088         
    536    37      752.7567   930                    753.6090   141017         
    540    41      752.3225   937                    753.6090   144127         
    544    44      748.8141   918                    753.6090   148025         
    548    48      748.1448   835                    753.6090   150910         
    553    53      745.0838   726                    753.6090   154485         
    557    57      741.5487   774                    753.6090   157609         
    562    62      745.3642   771                    753.6090   160510         
    565    65      746.5410   860                    753.6090   163602         
    570    70      744.2257   738                    753.6090   166682         
Elapsed time = 199.35 sec. (314378.96 ticks, tree = 3.60 MB, solutions = 0)
    579    79      741.5633   734                    753.6090   170046         
    586    86      742.6860   782                    753.6090   173963         
    594    94      743.9661   763                    753.6090   177375         
    601   101      745.9693   879                    753.6090   180439         
    606   106      738.8832   727                    753.6090   184909         
    609   109      743.3279   774                    753.6090   187475         
    612   112      742.9924   745                    753.6090   189215         
    617   117      744.2172   739                    753.6090   191819         
    621   121      745.2828   807                    753.6090   193658         
    625   125      745.2404   811                    753.6090   196469         
Elapsed time = 233.49 sec. (369622.97 ticks, tree = 6.59 MB, solutions = 0)
    628   128      741.4518   774                    753.6090   199567         
    633   133      743.3563   745                    753.6090   202645         
    639   139      744.6629   840                    753.6090   205735         
    641   141      744.6462   855                    753.6090   206856         
    647   147      742.6628   746                    753.6090   210876         
    653   153      740.3153   695                    753.6090   214268         
    654   154      744.3086   812                    753.6090   214432         
    655   155      741.5913   717                    753.6090   215861         
    656   156      742.3354   686                    753.6090   216970         
    657   157      744.2812   824                    753.6090   217166         
Elapsed time = 271.42 sec. (419416.45 ticks, tree = 8.42 MB, solutions = 0)
    658   158      744.2753   793                    753.6090   217228         
    659   159      744.2626   811                    753.6090   217338         
    666   166      744.2487   771                    753.6090   220019         
    674   174      742.2294   769                    753.6090   223838         
    682   182      742.4129   716                    753.6090   227668         
    690   190      741.0456   761                    753.6090   231081         
    697   197      736.9795   795                    753.6090   235148         
    706   206      744.0873   848                    753.6090   237781         
    712   212      741.5948   712                    753.6090   241679         
    720   220      741.7052   706                    753.6090   245672         
Elapsed time = 306.21 sec. (466501.23 ticks, tree = 11.95 MB, solutions = 0)
    721   221      743.9852   846                    753.6090   245694         
    729   229      741.7195   801                    753.6090   249489         
    738   238      736.3681   681                    753.6090   254088         
    743   243      743.5408   818                    753.6090   256476         
    754   254      743.2902   769                    753.6090   260054         
    766   266      742.6072   809                    753.6090   263949         
    773   273      741.5525   827                    753.6090   267845         
    780   280      740.6120   707                    753.6090   271474         
    787   287      741.5073   707                    753.6090   274888         
    795   295      739.1785   727                    753.6090   279376         
Elapsed time = 342.45 sec. (521077.59 ticks, tree = 16.16 MB, solutions = 0)
    802   302      743.1631   847                    753.6090   280898         
    806   306      735.2883   748                    753.6090   284658         
    814   314      743.0850   807                    753.6090   288089         
    821   321      743.0718   845                    753.6090   290512         
    828   328      742.5344   861                    753.6090   293981         
    833   333      740.2787   690                    753.6090   297566         
    834   334      742.5227   802                    753.6090   297617         
    839   339      740.3062   704                    753.6090   301297         
    845   345      738.8479   692                    753.6090   303687         
    854   354      740.0342   693                    753.6090   307160         
Elapsed time = 373.39 sec. (567287.58 ticks, tree = 19.46 MB, solutions = 0)
    858   358      733.6619   700                    753.6090   310221         
    861   361      742.0748   818                    753.6090   312064         
    867   367      740.8280   753                    753.6090   316068         
    873   373      721.2285   710                    753.6090   320211         
    880   380      737.4778   675                    753.6090   323828         
    887   387      732.3631   711                    753.6090   328343         
    894   394      735.9645   728                    753.6090   332622         
    901   401      737.5293   705                    753.6090   336472         
    907   407      737.3915   709                    753.6090   339874         
    911   411      739.8758   763                    753.6090   342860         
Elapsed time = 412.60 sec. (625843.69 ticks, tree = 22.65 MB, solutions = 0)
    919   419      739.3486   770                    753.6090   346198         
    925   425      736.5686   694                    753.6090   350636         
    931   430      729.8202   727                    753.6090   354259         
    938   437      721.9770   622                    753.6090   358037         
    944   443      722.3553   608                    753.6090   362002         
    951   450      708.9833   661                    753.6090   365989         
    958   457      704.5507   723                    753.6090   370110         
    965   464      723.3289   668                    753.6090   373018         
    976   475      703.0637   628                    753.6090   377281         
    984   483      715.6185   737                    753.6090   381226         
Elapsed time = 440.14 sec. (669227.28 ticks, tree = 26.68 MB, solutions = 0)
    996   495      721.3789   656                    753.6090   385408         
   1006   505      721.0204   706                    753.6090   389259         
   1015   514      721.7248   687                    753.6090   392759         
   1016   515      722.9458   710                    753.6090   392909         
   1018   517      718.8926   628                    753.6090   394073         
   1021   520      719.9023   599                    753.6090   395146         
   1030   527      717.9979   540                    753.6090   399232         
   1040   537      715.6551   554                    753.6090   403831         
   1050   547      717.3056   629                    753.6090   407629         
   1058   555      714.0750   620                    753.6090   411431         
Elapsed time = 480.16 sec. (720997.76 ticks, tree = 30.74 MB, solutions = 0)
   1065   562      715.6936   644                    753.6090   414204         
   1076   569      708.4106   567                    753.6090   418952         
   1087   576      706.1767   545                    753.6090   422521         
   1089   576      751.9402   984                    753.6088   424189         
   1093   580      751.6995   990                    753.6088   425116         
   1098   585      749.5809   893                    753.6088   428196         
   1101   588      751.3109   964                    753.6088   428507         
   1108   595      749.9059   807                    753.6088   431276         
   1114   601      751.1498   980                    753.6088   434189         
   1122   609      748.1155   820                    753.6088   438021         
Elapsed time = 516.85 sec. (773544.63 ticks, tree = 33.76 MB, solutions = 0)
   1131   618      749.8866   887                    753.6088   442004         
   1136   623      747.6736   885                    753.6088   445299         
   1137   624      751.0071   947                    753.6088   445339         
   1147   634      750.3565   857                    753.6088   448315         
   1156   643      748.4671   795                    753.6088   452280         
   1164   650      745.9399   806                    753.6088   456294         
   1171   657      744.6431   670                    753.6088   459346         
   1180   666      743.6188   636                    753.6088   462586         
   1188   674      742.5739   675                    753.6088   466330         
   1198   684      743.8549   691                    753.6088   469691         
Elapsed time = 546.78 sec. (818548.81 ticks, tree = 37.95 MB, solutions = 0)
   1207   692      735.7804   598                    753.6088   473044         
   1214   699      735.4757   587                    753.6088   476423         
   1224   709      735.2437   596                    753.6088   479850         
   1231   716      732.7732   550                    753.6088   483697         
   1238   723      734.5709   632                    753.6088   487015         
   1239   724      731.8698   590                    753.6088   488523         
   1241   726      731.9179   575                    753.6088   489431         
   1243   728      734.5299   629                    753.6088   489575         
   1245   730      734.5249   622                    753.6088   490286         
   1257   742      730.6855   542                    753.6088   494408         
Elapsed time = 593.48 sec. (874420.36 ticks, tree = 41.14 MB, solutions = 0)
   1266   751      729.5491   557                    753.6088   498018         
   1276   761      730.9975   477                    753.6088   502625         
   1289   774      726.2833   488                    753.6088   506780         
   1292   777      731.4890   574                    753.6088   508046         
   1303   788      731.3617   569                    753.6088   512192         
   1310   795      731.0444   600                    753.6088   514996         
   1325   810      730.0997   585                    753.6088   518843         
   1339   824      729.5532   601                    753.6088   523017         
   1350   835      725.4430   589                    753.6088   527041         
   1363   848      726.1609   551                    753.6088   531061         
Elapsed time = 622.84 sec. (916457.90 ticks, tree = 47.17 MB, solutions = 0)
   1375   860      727.3158   578                    753.6088   535423         
   1393   878      728.2298   628                    753.6088   539807         
   1401   886      728.0735   602                    753.6088   542634         
   1416   901      724.7209   516                    753.6088   547450         
   1428   913      726.6678   699                    753.6088   551782         
   1441   926      721.6415   571                    753.6088   555940         
   1461   945      710.7672   489                    753.6088   558603         
   1477   961      705.2011   492                    753.6088   563249         
   1490   974      709.0283   474                    753.6088   567413         
   1501   985      708.9175   533                    753.6088   571707         
Elapsed time = 656.91 sec. (965587.65 ticks, tree = 54.89 MB, solutions = 0)

Performing restart 2

Repeating presolve.
Tried aggregator 1 time.
Reduced MIP has 4349 rows, 58749 columns, and 219335 nonzeros.
Reduced MIP has 58699 binaries, 0 generals, 0 SOSs, and 0 indicators.
Presolve time = 0.08 sec. (101.89 ticks)
Tried aggregator 1 time.
Reduced MIP has 4349 rows, 58749 columns, and 219335 nonzeros.
Reduced MIP has 58699 binaries, 0 generals, 0 SOSs, and 0 indicators.
Presolve time = 0.12 sec. (126.86 ticks)
Represolve time = 1.32 sec. (874.76 ticks)
   1503     0      753.6184  1092                    Cuts: 58   581626         
   1503     0      753.5811  1080                    Cuts: 33   582001         
   1503     0      753.5440  1102                     Cuts: 3   582324         
   1503     0      753.5372  1099                     Cuts: 8   582459         
   1503     0      753.5121  1119                     Cuts: 6   582773         
   1503     0      753.4947  1119                    Cuts: 13   583014         
   1503     0      753.4445  1109                    Cuts: 14   583518         
   1503     0      753.4381  1100                    Cuts: 12   583736         
   1503     0      753.4165  1112                     Cuts: 6   584113         
   1503     0      753.3947  1135                     Cuts: 7   584442         
   1503     0      753.3701  1127                    Cuts: 18   584785         
   1503     0      753.3195  1160                     Cuts: 9   585310         
   1503     0      753.3095  1167                    Cuts: 11   585572         
   1503     0      753.1949  1148                     Cuts: 7   586336         
   1503     0      753.1819  1157                     Cuts: 9   586545         
   1503     0      753.1788  1169                    Cuts: 17   586686         
   1503     0      753.1657  1169                     Cuts: 4   586869         
   1503     0      753.1448  1182                    Cuts: 70   587178         
   1503     0      753.1205  1180                     Cuts: 9   587463         
   1503     2      753.1205  1180                    753.1205   587463         
   1506     5      753.0672  1165                    753.1196   590022         
   1508     7      753.0667  1157                    753.1196   593043         
   1511    10      751.3811  1037                    753.1196   594907         
   1514    13      752.1767   969                    753.1196   596689         
   1517    16      753.0336  1159                    753.1196   599103         
   1520    19      752.3816  1014                    753.1196   602205         
   1524    23      751.4477   897                    753.1196   605511         
   1528    27      750.3628   947                    753.1196   609207         
   1532    31      748.2653   870                    753.1196   612820         
Elapsed time = 856.77 sec. (1226386.46 ticks, tree = 1.55 MB, solutions = 0)
   1536    35      749.2136   915                    753.1196   616684         
   1542    41      752.0334   996                    753.1196   620246         
   1545    44      749.3653   878                    753.1196   625138         
   1551    50      751.9126   969                    753.1196   628913         
   1556    55      746.4815   840                    753.1196   633900         
   1561    60      748.5667   886                    753.1196   638528         
   1565    64      749.6761   842                    753.1196   642302         
   1571    70      751.1755   960                    753.1196   646181         
   1577    76      750.7642   950                    753.1196   649658         
   1583    82      748.6714   904                    753.1196   653916         
Elapsed time = 903.12 sec. (1271071.16 ticks, tree = 4.38 MB, solutions = 0)
   1587    86      748.0255   808                    753.1196   657475         
   1595    94      749.6727   905                    753.1196   661029         
   1601   100      748.9026   907                    753.1196   664456         
   1607   106      746.8958   864                    753.1196   668524         
   1618   117      746.0544   844                    753.1196   673633         
   1626   125      749.7286   967                    753.1196   677907         
   1631   129      734.2666   863                    753.1196   682103         
   1639   137      733.6874   843                    753.1196   686195         
   1644   137      750.4535   935                    753.0632   691928         
   1651   144      750.3564   926                    753.0632   695906         
Elapsed time = 946.35 sec. (1313390.01 ticks, tree = 7.86 MB, solutions = 0)
   1660   153      749.4615   875                    753.0632   700474         
   1669   162      743.0757   766                    753.0632   705444         
   1678   171      748.0398   859                    753.0632   709797         
   1686   179      747.8426   811                    753.0632   714883         
   1691   184      748.8696   947                    753.0632   717544         
   1694   187      746.5216   837                    753.0632   720375         
   1704   197      746.9638   824                    753.0632   725312         
   1711   204      747.7953   926                    753.0632   729976         
   1719   212      746.5177   707                    753.0632   735034         
   1725   218      745.8810   832                    753.0632   738588         
Elapsed time = 988.81 sec. (1357762.35 ticks, tree = 12.01 MB, solutions = 0)
   1733   226      744.6991   746                    753.0632   743105         
   1740   233      743.5649   778                    753.0632   747953         
   1750   243      744.1389   758                    753.0632   752389         
   1758   251      743.0224   787                    753.0632   757362         
   1768   261      741.5213   635                    753.0632   762382         
   1778   271      737.7555   724                    753.0632   766960         
   1790   283      738.1430   660                    753.0632   771690         
   1803   296      741.3940   798                    753.0632   776026         
   1812   305      741.0794   823                    753.0632   780895         
   1823   316      740.9782   744                    753.0632   783692         
Elapsed time = 1037.20 sec. (1406917.33 ticks, tree = 17.47 MB, solutions = 0)
   1834   327      736.9749   689                    753.0632   789677         
   1847   340      739.8375   769                    753.0632   794778         
   1860   353      737.6191   711                    753.0632   800127         
   1871   364      737.9143   678                    753.0632   804707         
   1884   377      737.4948   679                    753.0632   809566         
   1895   388      738.0266   676                    753.0632   814263         
   1903   396      739.5128   683                    753.0632   817921         
   1916   409      738.4720   619                    753.0632   822922         
   1929   422      735.8096   596                    753.0632   827797         
   1941   434      738.2994   711                    753.0632   832353         
Elapsed time = 1081.52 sec. (1452206.81 ticks, tree = 24.16 MB, solutions = 0)
   1943   436      738.2196   730                    753.0632   832650         
   1956   447      734.5074   691                    753.0632   837478         
   1968   458      732.0908   621                    753.0632   841885         
   1981   471      731.3804   534                    753.0632   846698         
   1993   482      721.6328   527                    753.0632   851712         
   2009   498      719.1410   445                    753.0632   856511         
   2020   509      719.1719   490                    753.0632   861427         
   2035   524      719.2952   510                    753.0632   866293         
   2050   539      716.9251   394                    753.0632   871728         
   2062   550      713.5505   433                    753.0632   876584         
Elapsed time = 1121.46 sec. (1493147.44 ticks, tree = 30.72 MB, solutions = 0)
   2074   561      704.0991   371                    753.0632   881248         
   2096   583      701.3439   415                    753.0632   885971         
   2115   602      704.9977   398                    753.0632   891036         
   2132   619      703.5945   348                    753.0632   896325         
   2152   639      702.3183   395                    753.0632   900996         
   2161   647      688.5132   309                    753.0632   906884         
   2170   654      690.9573   332                    753.0632   913543         
   2182   666      691.9829   343                    753.0632   920219         
   2191   669      751.1448   913                    753.0581   925878         
   2194   672      752.9076  1112                    752.9858   928532         
Elapsed time = 1163.02 sec. (1534965.15 ticks, tree = 37.60 MB, solutions = 0)
   2206   684      752.2476  1049                    752.9858   932112         
   2222   700      751.3344  1018                    752.9858   935824         
   2246   724      750.8332  1002                    752.9858   939534         
   2263   741      750.6906   994                    752.9858   941151         
   2296   774      750.1669   869                    752.9858   944984         
   2303   781      749.1531   772                    752.9858   946242         
   2308   786      750.5287   967                    752.9842   949825         
   2312   790      742.8414   962                    752.9842   953736         
   2321   799      749.3094   988                    752.9842   958363         
   2328   806      747.8686   940                    752.9842   962648         
Elapsed time = 1208.39 sec. (1581290.44 ticks, tree = 44.30 MB, solutions = 0)
   2336   814      745.8595   847                    752.9842   967225         
   2347   825      747.4359   944                    752.9842   971443         
   2358   836      745.5236   861                    752.9842   976371         
   2371   849      746.9856   901                    752.9842   980543         
   2380   858      744.2600   725                    752.9842   985280         
   2400   878      744.7015   782                    752.9842   989977         
   2412   890      744.0926   695                    752.9842   995025         
   2422   900      743.6472   687                    752.9842   999741         
   2434   912      744.5870   820                    752.9842  1004126         
   2439   917      740.8413   763                    752.9842  1007999         
Elapsed time = 1249.18 sec. (1622442.96 ticks, tree = 50.59 MB, solutions = 0)
   2451   929      742.9779   766                    752.9842  1012903         
   2464   942      738.7837   635                    752.9842  1018138         
   2476   954      741.3805   691                    752.9842  1022776         
   2485   963      740.4603   727                    752.9842  1027108         
   2495   973      743.5275   837                    752.9842  1031541         
   2503   981      739.3045   670                    752.9842  1036874         
   2508   986      749.7721  1016                    752.9062  1040987         
   2522  1000      748.8005   929                    752.9062  1045183         
   2543  1021      748.3449   911                    752.9062  1048339         
   2583  1061      747.6913   895                    752.9062  1052412         
Elapsed time = 1299.12 sec. (1672505.79 ticks, tree = 58.29 MB, solutions = 0)
   2594  1071      738.7661   835                    752.9062  1056789         
   2618  1095      735.6439   694                    752.9062  1061328         
   2623  1100      735.6097   684                    752.9062  1061590         
   2636  1113      729.4770   552                    752.9062  1066339         
   2653  1130      711.7887   468                    752.9062  1070945         
   2677  1147      747.2955   872                    752.8013  1077891         
   2685  1155      745.5501   991                    752.8013  1082170         
   2703  1173      745.0173   924                    752.8013  1086288         
   2725  1195      744.2962   906                    752.8013  1090340         
   2755  1225      743.7173   891                    752.8013  1094393         
Elapsed time = 1341.11 sec. (1716039.89 ticks, tree = 66.94 MB, solutions = 0)
   2783  1253      743.4076   853                    752.8013  1097129         
   2809  1279      737.2789   689                    752.8013  1101751         
   2829  1299      730.6622   562                    752.8013  1106190         
   2841  1311      715.9364   446                    752.8013  1110968         
   2857  1324      691.8269   301                    752.8013  1115824         
   2881  1343      749.6021  1042                    752.7167  1120951         
   2894  1356      748.5019   942                    752.7167  1125045         
   2912  1374      748.0005   957                    752.7167  1128556         
   2939  1401      747.3276   919                    752.7167  1132641         
   2982  1444      746.0351   867                    752.7167  1136393         
Elapsed time = 1386.42 sec. (1762411.74 ticks, tree = 78.63 MB, solutions = 0)
   3007  1469      740.9245   620                    752.7167  1140737         
   3026  1488      735.6030   607                    752.7167  1145068         
   3047  1509      721.1925   479                    752.7167  1149835         
   3084  1539      750.3425   952                    752.7167  1156144         
   3095  1550      748.7586   974                    752.7167  1160225         
   3109  1564      746.7657   886                    752.7167  1164228         
   3136  1591      746.0818   850                    752.7167  1168359         
   3168  1623      745.4888   887                    752.7167  1172384         
   3215  1670      744.8974   770                    752.7167  1176459         
   3243  1698      739.1573   692                    752.7167  1181170         
Elapsed time = 1427.52 sec. (1804648.01 ticks, tree = 92.76 MB, solutions = 0)
   3263  1718      735.0898   616                    752.7167  1184390         
   3278  1731      713.3166   409                    752.7167  1189257         
   3305  1758      747.0856   922                    752.7101  1194887         
   3310  1763      746.7149   964                    752.7101  1199144         
   3316  1769      745.4316   877                    752.7101  1204204         
   3323  1776      743.1213   802                    752.7101  1209584         
   3331  1784      743.6670   763                    752.7101  1214878         
   3339  1792      744.0491   879                    752.7101  1219404         
   3348  1801      742.6059   803                    752.7101  1224251         
   3360  1813      742.5598   774                    752.7101  1228846         
Elapsed time = 1476.83 sec. (1855755.52 ticks, tree = 99.24 MB, solutions = 0)
   3372  1825      742.6007   824                    752.7101  1233230         
   3387  1840      743.2849   873                    752.7101  1237603         
   3396  1849      743.1508   848                    752.7101  1241993         
   3405  1858      742.6311   736                    752.7101  1246486         
   3414  1867      742.4669   868                    752.7101  1251167         
   3422  1875      740.2389   846                    752.7101  1256725         
   3423  1876      739.1521   844                    752.7101  1257808         
   3432  1885      738.0999   769                    752.7101  1262492         
   3442  1895      738.2934   660                    752.7101  1267573         
   3450  1903      740.7573   823                    752.7101  1272322         
Elapsed time = 1518.11 sec. (1898649.35 ticks, tree = 104.25 MB, solutions = 0)
   3458  1911      734.6338   773                    752.7101  1277856         
   3467  1920      738.6058   741                    752.7101  1282889         
   3478  1931      738.3976   721                    752.7101  1287659         
   3487  1940      734.7606   693                    752.7101  1293329         
   3498  1951      736.1677   685                    752.7101  1298608         
   3505  1958      750.7893  1005                    752.7100  1302750         
   3525  1978      750.2235   952                    752.7100  1306634         
   3550  2003      748.3239   753                    752.7100  1311098         
   3574  2027      746.7885   750                    752.7100  1315043         
   3606  2059      744.0738   560                    752.7100  1319079         
Elapsed time = 1559.77 sec. (1941025.17 ticks, tree = 112.92 MB, solutions = 0)
   3634  2087      738.9865   515                    752.7100  1323124         
   3638  2091      730.3526   415                    752.7100  1325576         
   3641  2094      729.7960   418                    752.7100  1325917         
   3644  2097      729.7560   462                    752.7100  1326030         
   3647  2100      729.5706   436                    752.7100  1326249         
   3650  2103      729.2303   426                    752.7100  1326446         
   3653  2106      729.1925   408                    752.7100  1326573         
   3656  2109      729.0665   401                    752.7100  1326662         
   3659  2112      728.8258   408                    752.7100  1326871         
   3662  2115      727.7539   355                    752.7100  1327175         
Elapsed time = 1606.72 sec. (1986645.80 ticks, tree = 116.09 MB, solutions = 0)
   3665  2118      727.5090   372                    752.7100  1327309         
   3668  2121      719.4755   385                    752.7100  1327815         
   3672  2125      719.2112   360                    752.7100  1327972         
   3693  2142      751.5498   947                    752.6861  1333152         
   3702  2151      750.4285   853                    752.6861  1336724         
   3715  2164      748.3871   806                    752.6861  1340508         
   3731  2180      748.0476   827                    752.6861  1343411         
   3743  2192      746.9823   765                    752.6861  1346076         
   3763  2212      746.3011   839                    752.6861  1348650         
   3788  2237      745.9626   809                    752.6861  1350769         
Elapsed time = 1655.83 sec. (2035564.34 ticks, tree = 122.95 MB, solutions = 0)
   3808  2257      736.8287   671                    752.6861  1353962         
   3827  2276      734.2930   642                    752.6861  1357074         
   3838  2287      726.0253   507                    752.6861  1361034         
   3853  2302      710.7351   396                    752.6861  1364893         
   3864  2309      744.6818   971                    752.6301  1370487         
   3870  2315      743.8293   929                    752.6301  1374093         
   3881  2326      743.2192   942                    752.6301  1377438         
   3894  2339      742.7824   953                    752.6301  1380469         
   3906  2351      742.3723   949                    752.6301  1383381         
   3923  2368      742.1082   989                    752.6301  1385897         
Elapsed time = 1697.26 sec. (2076910.04 ticks, tree = 130.05 MB, solutions = 0)
   3939  2384      741.8165   996                    752.6301  1388422         
   3958  2403      741.6350   999                    752.6301  1390609         
   3979  2424      741.3613   980                    752.6301  1392614         
   4003  2448      741.2065   896                    752.6301  1394329         
   4030  2475      739.4821   742                    752.6301  1396801         
   4046  2491      735.3660   600                    752.6301  1399988         
   4070  2515      729.6623   545                    752.6301  1402759         
   4083  2528      718.5870   436                    752.6301  1406636         
   4105  2550      751.8068  1041                    752.3811  1412212         
   4117  2562      750.9476   944                    752.3811  1415500         
Elapsed time = 1740.27 sec. (2119548.67 ticks, tree = 140.59 MB, solutions = 0)
   4128  2573      750.3307   986                    752.3811  1418638         
   4143  2588      749.6448   906                    752.3811  1421658         
   4157  2602      749.1313   949                    752.3811  1424635         
   4173  2618      748.4387   926                    752.3811  1427494         
   4189  2634      748.2088   897                    752.3811  1429466         
   4204  2649      743.6704   893                    752.3811  1432313         
   4230  2675      742.1925   777                    752.3811  1434792         
   4248  2693      736.6770   680                    752.3811  1438142         
   4273  2718      735.7230   702                    752.3811  1440674         
   4287  2732      726.3981   578                    752.3811  1444350         
Elapsed time = 1780.77 sec. (2159694.64 ticks, tree = 150.12 MB, solutions = 0)
   4301  2746      716.4460   488                    752.3811  1448923         
   4304  2749      716.3977   484                    752.3811  1449102         
   4310  2755      751.3542   885                    752.3801  1452671         
   4319  2764      751.0599   873                    752.3801  1456298         
   4325  2770      749.4345   851                    752.3801  1461152         
   4329  2774      744.1061   819                    752.3801  1465512         
   4337  2782      746.9306   818                    752.3801  1469126         
   4343  2788      744.2892   752                    752.3801  1473103         
   4350  2795      745.6201   704                    752.3801  1477518         
   4357  2802      743.7023   658                    752.3801  1481892         
Elapsed time = 1821.87 sec. (2201286.94 ticks, tree = 154.02 MB, solutions = 0)
   4366  2811      744.3724   770                    752.3801  1485832         
   4374  2819      744.1436   753                    752.3801  1489860         
   4383  2828      741.3416   697                    752.3801  1494312         
   4394  2839      741.4256   573                    752.3801  1498933         
   4407  2852      743.1584   543                    752.3801  1502968         
   4418  2863      741.8413   501                    752.3801  1507389         
   4431  2876      742.5669   538                    752.3801  1511201         
   4446  2891      740.4568   505                    752.3801  1515595         
   4456  2901      739.7448   465                    752.3801  1519905         
   4469  2914      739.7963   494                    752.3801  1524452         
Elapsed time = 1862.82 sec. (2243185.92 ticks, tree = 160.33 MB, solutions = 0)
   4479  2924      736.2522   546                    752.3801  1529362         
   4493  2938      740.0698   513                    752.3801  1532891         
   4502  2947      737.4542   539                    752.3801  1537115         
   4508  2953      751.8051   995                    752.3204  1540155         
   4516  2961      750.4901   956                    752.3204  1543812         
   4526  2971      749.9174   993                    752.3204  1546952         
   4538  2983      749.4046   967                    752.3204  1549709         
   4551  2996      748.9461   925                    752.3204  1552647         
   4565  3010      748.4637   983                    752.3204  1555330         
   4582  3027      748.0748   881                    752.3204  1557763         
Elapsed time = 1903.44 sec. (2283670.66 ticks, tree = 166.37 MB, solutions = 0)
   4602  3047      747.8769   914                    752.3204  1560003         
   4624  3069      747.5252   802                    752.3204  1562030         
   4650  3095      745.7745   884                    752.3204  1564679         
   4676  3121      745.6305   821                    752.3204  1566389         
   4692  3137      741.7014   728                    752.3204  1570241         
   4703  3148      735.5848   674                    752.3204  1574275         
   4709  3154      750.5463   907                    752.3155  1577641         
   4722  3167      749.9977   909                    752.3155  1580761         
   4735  3180      749.4045   897                    752.3155  1583912         
   4751  3196      748.8644   918                    752.3155  1586677         
Elapsed time = 1953.97 sec. (2334027.32 ticks, tree = 175.73 MB, solutions = 0)
   4763  3208      747.2015   952                    752.3155  1589808         
   4781  3226      746.6315   877                    752.3155  1592390         
   4797  3242      745.7322   861                    752.3155  1595275         
   4819  3264      745.2500   830                    752.3155  1597541         
   4847  3292      745.0613   821                    752.3155  1599169         
   4867  3312      741.0660   733                    752.3155  1601830         
   4884  3329      732.3563   713                    752.3155  1605048         
   4903  3348      728.5073   583                    752.3155  1608051         
   4906  3351      748.5824   983                    752.3134  1611529         
   4916  3361      745.7783   973                    752.3134  1614975         
Elapsed time = 1993.99 sec. (2373501.50 ticks, tree = 184.93 MB, solutions = 0)
   4928  3373      744.8217   932                    752.3134  1618078         
   4939  3384      743.8655   972                    752.3134  1621256         
   4949  3394      736.0251   908                    752.3134  1624794         
   4966  3411      735.5388   896                    752.3134  1627658         
   4984  3429      735.1239   882                    752.3134  1630191         
   5003  3448      733.8562   925                    752.3134  1633447         
   5019  3464      733.1236   833                    752.3134  1636456         
   5045  3490      732.9117   807                    752.3134  1638405         
   5072  3517      730.7050   795                    752.3134  1640569         
   5098  3543      727.6099   674                    752.3134  1642890         
Elapsed time = 2034.33 sec. (2413452.71 ticks, tree = 195.11 MB, solutions = 0)
   5107  3552      748.6530   959                    752.3118  1646925         
   5118  3563      747.6898   930                    752.3118  1650425         
   5129  3574      747.0623   892                    752.3118  1653656         
   5140  3585      746.5903   891                    752.3118  1656098         
   5156  3601      746.1050   914                    752.3118  1658987         
   5173  3618      745.7099   873                    752.3118  1661694         
   5190  3635      745.2921   867                    752.3118  1664292         
   5210  3655      744.9753   857                    752.3118  1666841         
   5238  3683      744.8511   851                    752.3118  1668470         
   5258  3703      735.4004   718                    752.3118  1671872         
Elapsed time = 2075.93 sec. (2454189.04 ticks, tree = 203.71 MB, solutions = 0)
   5278  3723      731.1294   618                    752.3118  1675151         
   5298  3743      725.5059   549                    752.3118  1678593         
   5308  3753      751.3597  1020                    752.3116  1682087         
   5313  3758      751.1498   977                    752.3116  1686011         
   5320  3765      751.0394   974                    752.3116  1689650         
   5329  3774      747.4235   872                    752.3116  1694116         
   5338  3783      750.2907   891                    752.3116  1697592         
   5344  3789      750.3801   975                    752.3116  1701553         
   5353  3798      747.5133   812                    752.3116  1705604         
   5362  3807      749.0864   880                    752.3116  1709502         
Elapsed time = 2118.14 sec. (2495812.16 ticks, tree = 209.50 MB, solutions = 0)
   5369  3814      746.8954   686                    752.3116  1713435         
   5378  3823      745.2756   669                    752.3116  1717892         
   5390  3835      745.3186   672                    752.3116  1722175         
   5405  3850      746.6699   726                    752.3116  1725499         
   5414  3859      745.8415   670                    752.3116  1729432         
   5423  3868      745.3857   718                    752.3116  1733528         
   5433  3878      743.1414   578                    752.3116  1737396         
   5448  3893      741.8408   594                    752.3116  1741598         
   5458  3903      741.9219   590                    752.3116  1746332         
   5467  3912      739.2562   576                    752.3116  1751030         
Elapsed time = 2158.65 sec. (2536844.43 ticks, tree = 215.48 MB, solutions = 0)
   5476  3921      743.2235   654                    752.3116  1755357         
   5487  3932      736.8118   583                    752.3116  1760726         
   5497  3942      738.8240   598                    752.3116  1765529         
   5505  3950      751.4026   910                    752.3096  1770402         
   5512  3956      748.2059   911                    752.3096  1775275         
   5527  3970      747.4610   797                    752.3096  1778206         
   5542  3984      745.2731   714                    752.3096  1781636         
   5561  4002      744.5535   708                    752.3096  1784417         
   5585  4026      744.0835   705                    752.3096  1786872         
   5605  4045      741.1257   568                    752.3096  1789808         
Elapsed time = 2202.10 sec. (2580020.02 ticks, tree = 222.98 MB, solutions = 0)
   5627  4066      734.6890   474                    752.3096  1793783         
   5649  4086      729.8475   445                    752.3096  1797236         
   5670  4107      700.5803   348                    752.3096  1802318         
   5674  4107      751.1863   974                    752.2919  1807019         
   5685  4118      750.1811   886                    752.2919  1810229         
   5701  4134      749.5755   890                    752.2919  1813144         
   5718  4151      749.0384   916                    752.2919  1815734         
   5735  4168      748.2354   899                    752.2919  1818684         
   5756  4189      746.8573   773                    752.2919  1822013         
   5773  4206      744.6204   698                    752.2919  1825142         
Elapsed time = 2244.18 sec. (2621710.55 ticks, tree = 232.10 MB, solutions = 0)
   5800  4233      744.0912   691                    752.2919  1827433         
   5821  4254      740.0884   583                    752.2919  1830569         
   5839  4272      726.7523   542                    752.2919  1834690         
   5858  4291      712.4616   426                    752.2919  1838274         
   5876  4309      693.4226   393                    752.2919  1842614         
   5882  4311      742.8917   929                    752.2736  1847071         
   5895  4324      741.3006   909                    752.2736  1850116         
   5903  4332      741.0123   917                    752.2736  1851618         
   5919  4348      740.3847   888                    752.2736  1854453         
   5935  4364      739.7327   927                    752.2736  1857407         
Elapsed time = 2288.48 sec. (2665872.00 ticks, tree = 241.01 MB, solutions = 0)
   5956  4385      739.4521   854                    752.2736  1859688         
   5977  4406      739.1882   884                    752.2736  1862074         
   6001  4430      739.0326   787                    752.2736  1864239         
   6028  4457      738.8014   738                    752.2736  1866270         
   6044  4473      734.2003   642                    752.2736  1869605         
   6064  4493      726.8853   509                    752.2736  1873164         
   6085  4514      714.4856   402                    752.2736  1876782         
   6099  4522      747.8104   949                    752.2476  1880690         
   6111  4534      747.1969   990                    752.2476  1883618         
   6125  4548      746.6979   973                    752.2476  1886507         
Elapsed time = 2328.39 sec. (2705230.54 ticks, tree = 251.27 MB, solutions = 0)
   6137  4560      745.9133   956                    752.2476  1889603         
   6154  4577      745.4198   934                    752.2476  1892351         
   6171  4594      745.0640   913                    752.2476  1894763         
   6190  4613      744.6051   932                    752.2476  1897170         
   6208  4631      744.1480   832                    752.2476  1899754         
   6231  4654      740.5873   825                    752.2476  1902976         
   6258  4681      740.2526   794                    752.2476  1904852         
   6284  4707      738.5132   670                    752.2476  1907149         
   6303  4726      732.8139   487                    752.2476  1910481         
   6307  4730      748.3944   950                    752.2426  1914727         
Elapsed time = 2369.12 sec. (2745464.17 ticks, tree = 261.39 MB, solutions = 0)
   6311  4734      747.8092   953                    752.2426  1917729         
   6320  4743      747.0783   890                    752.2426  1921189         
   6325  4748      746.9352   858                    752.2426  1925291         
   6335  4758      746.8886   876                    752.2426  1928834         
   6347  4770      744.3959   807                    752.2426  1932947         
   6358  4781      742.5021   802                    752.2426  1937502         
   6366  4789      744.3317   816                    752.2426  1941753         
   6373  4796      744.6454   833                    752.2426  1945742         
   6381  4804      744.5761   864                    752.2426  1950381         
   6389  4812      743.4157   822                    752.2426  1954663         
Elapsed time = 2412.28 sec. (2788563.89 ticks, tree = 265.93 MB, solutions = 0)
   6397  4820      744.0028   758                    752.2426  1959100         
   6402  4825      740.8376   797                    752.2426  1965609         
   6410  4833      743.9550   756                    752.2426  1969850         
   6418  4841      740.8363   829                    752.2426  1974565         
   6427  4850      742.3621   801                    752.2426  1979088         
   6434  4857      741.6569   790                    752.2426  1984541         
   6441  4864      741.2456   803                    752.2426  1989835         
   6451  4874      738.8011   831                    752.2426  1994179         
   6456  4879      742.2441   812                    752.2426  1998947         
   6465  4888      739.7337   801                    752.2426  2004203         
Elapsed time = 2460.27 sec. (2836992.26 ticks, tree = 270.19 MB, solutions = 0)
   6473  4896      742.8079   777                    752.2426  2008626         
   6480  4903      737.1410   790                    752.2426  2013684         
   6489  4912      743.1909   793                    752.2426  2017597         
   6498  4921      742.7540   852                    752.2426  2021292         
   6504  4927      736.7103   825                    752.2426  2025961         
   6511  4934      751.2658   944                    752.2373  2029107         
   6525  4948      750.7971   962                    752.2373  2031913         
   6538  4961      749.9247   963                    752.2373  2035217         
   6551  4974      748.8720   798                    752.2373  2038364         
   6561  4984      746.6015   789                    752.2373  2041643         
Elapsed time = 2503.47 sec. (2879477.12 ticks, tree = 275.55 MB, solutions = 0)
   6578  5001      745.8687   750                    752.2373  2044512         
   6601  5024      745.5184   733                    752.2373  2046898         
   6624  5047      744.2794   673                    752.2373  2049850         
   6647  5070      743.4464   654                    752.2373  2052637         
   6677  5100      741.2392   464                    752.2373  2055474         
   6705  5128      750.7850  1029                    752.2328  2059187         
   6715  5138      749.4559   975                    752.2328  2062739         
   6729  5152      749.0471   954                    752.2328  2065532         
   6745  5168      748.6510   964                    752.2328  2067983         
   6763  5186      748.1980   931                    752.2328  2070608         
Elapsed time = 2544.60 sec. (2920110.57 ticks, tree = 286.93 MB, solutions = 0)
   6780  5203      747.6861   952                    752.2328  2073243         
   6800  5223      747.3655   922                    752.2328  2075504         
   6818  5241      746.8762   873                    752.2328  2078016         
   6841  5264      746.6843   880                    752.2328  2080215         
   6864  5287      743.8242   802                    752.2328  2083109         
   6886  5309      740.9983   718                    752.2328  2086045         
   6905  5328      751.1649   950                    752.2095  2089065         
   6915  5338      749.9046   928                    752.2095  2092987         
   6926  5349      749.0640   972                    752.2095  2096270         
   6941  5364      746.3181   902                    752.2095  2099578         
Elapsed time = 2586.70 sec. (2961642.14 ticks, tree = 296.91 MB, solutions = 0)
   6956  5379      745.6958   902                    752.2095  2102407         
   6974  5397      745.2385   894                    752.2095  2104975         
   6994  5417      744.6699   888                    752.2095  2107262         
   7014  5437      744.0766   897                    752.2095  2109655         
   7037  5460      743.7266   808                    752.2095  2111836         
   7065  5488      743.4802   802                    752.2095  2113514         
   7085  5508      737.6871   680                    752.2095  2116592         
   7105  5526      746.9541   847                    752.1928  2119831         
   7118  5539      745.8325   838                    752.1928  2123017         
   7130  5551      744.6774   874                    752.1928  2126206         
Elapsed time = 2627.25 sec. (3001404.94 ticks, tree = 307.32 MB, solutions = 0)
   7142  5563      743.2314   820                    752.1928  2129392         
   7157  5578      741.8722   863                    752.1928  2132528         
   7171  5592      740.9559   852                    752.1928  2135457         
   7187  5608      739.8679   801                    752.1928  2138262         
   7205  5626      738.6955   799                    752.1928  2141060         
   7224  5645      738.1362   802                    752.1928  2143911         
   7245  5666      737.5039   809                    752.1928  2146359         
   7265  5686      736.6594   783                    752.1928  2148922         
   7288  5709      736.1376   841                    752.1928  2151137         
   7305  5726      749.3378   902                    752.1716  2154909         
Elapsed time = 2668.94 sec. (3042363.50 ticks, tree = 317.07 MB, solutions = 0)
   7310  5731      747.8054   894                    752.1716  2159212         
   7316  5737      746.9606   887                    752.1716  2162953         
   7322  5743      745.4725   812                    752.1716  2167062         
   7336  5757      745.1101   850                    752.1716  2170716         
   7344  5765      741.5018   673                    752.1716  2175512         
   7354  5775      741.1701   686                    752.1716  2179515         
   7363  5784      740.5161   611                    752.1716  2183555         
   7369  5790      742.7641   686                    752.1716  2187869         
   7378  5799      742.4060   676                    752.1716  2191579         
   7390  5811      739.6981   577                    752.1716  2196134         
Elapsed time = 2709.95 sec. (3083560.18 ticks, tree = 321.78 MB, solutions = 0)
   7408  5829      738.9538   583                    752.1716  2199742         
   7418  5839      741.3030   583                    752.1716  2203988         
   7429  5850      741.1491   636                    752.1716  2207982         
   7440  5861      737.3049   612                    752.1716  2212547         
   7450  5871      738.5814   597                    752.1716  2217148         
   7460  5881      739.0336   540                    752.1716  2221526         
   7471  5892      739.0757   651                    752.1716  2225596         
   7481  5902      736.8281   576                    752.1716  2230485         
   7493  5914      737.0926   523                    752.1716  2234992         
   7503  5924      738.6055   607                    752.1716  2238029         
Elapsed time = 2751.88 sec. (3126789.23 ticks, tree = 328.16 MB, solutions = 0)
   7512  5933      750.4193   915                    752.1683  2241115         
   7525  5946      749.7298   946                    752.1683  2244063         
   7539  5960      749.1347   895                    752.1683  2246913         
   7553  5974      747.9205   892                    752.1683  2249913         
   7573  5994      747.5336   834                    752.1683  2252390         
   7597  6018      747.2341   807                    752.1683  2254686         
   7622  6043      746.9204   813                    752.1683  2256953         
   7648  6069      745.2015   756                    752.1683  2259599         
   7668  6089      742.5519   667                    752.1683  2262369         
   7690  6111      733.8167   561                    752.1683  2265678         
Elapsed time = 2792.45 sec. (3166825.82 ticks, tree = 338.62 MB, solutions = 0)
   7706  6127      751.3326   890                    752.1645  2268750         
   7713  6134      746.1785   895                    752.1645  2272424         
   7724  6145      745.2265   936                    752.1645  2275754         
   7740  6161      744.5232   856                    752.1645  2278709         
   7759  6180      744.1172   874                    752.1645  2281234         
   7780  6201      743.4918   808                    752.1645  2283749         
   7799  6220      742.6482   777                    752.1645  2286480         
   7820  6241      742.1323   833                    752.1645  2289297         
   7847  6268      741.8196   723                    752.1645  2291533         
   7871  6292      737.9667   722                    752.1645  2294345         
Elapsed time = 2832.20 sec. (3206168.02 ticks, tree = 348.83 MB, solutions = 0)
   7900  6321      737.4466   674                    752.1645  2296553         
   7909  6330      751.0265   997                    752.1274  2299825         
   7920  6341      750.3736   988                    752.1274  2302982         
   7929  6350      748.2828   912                    752.1274  2306530         
   7942  6363      747.5279   912                    752.1274  2309714         
   7959  6380      747.0310   889                    752.1274  2312462         
   7977  6398      746.4291   821                    752.1274  2315183         
   7995  6416      745.9358   773                    752.1274  2317951         
   8016  6437      745.4971   816                    752.1274  2320520         
   8037  6458      745.0205   811                    752.1274  2322975         
Elapsed time = 2871.98 sec. (3245299.45 ticks, tree = 358.05 MB, solutions = 0)
   8061  6482      744.6297   770                    752.1274  2325250         
   8090  6511      744.4078   755                    752.1274  2327046         
   8108  6529      751.2544   999                    752.1254  2329790         
   8116  6537      750.7102   977                    752.1254  2332672         
   8130  6551      750.2987   991                    752.1254  2335412         
   8146  6567      749.8726   961                    752.1254  2337908         
   8167  6588      749.7206   947                    752.1254  2340095         
   8189  6610      749.5496   872                    752.1254  2342193         
   8209  6630      748.9861   789                    752.1254  2344895         
   8221  6642      747.3044   867                    752.1254  2348000         
Elapsed time = 2912.04 sec. (3284926.91 ticks, tree = 367.85 MB, solutions = 0)
   8237  6658      744.5566   738                    752.1254  2351015         
   8259  6680      740.0516   650                    752.1254  2354227         
   8272  6693      732.7332   570                    752.1254  2357740         
   8293  6714      725.9909   355                    752.1254  2361342         
   8305  6726      751.4266   946                    752.1040  2364052         
   8310  6731      749.9099   974                    752.1040  2367954         
   8316  6737      748.3897   815                    752.1040  2371961         
   8322  6743      749.0341   943                    752.1040  2375711         
   8328  6749      748.9402   942                    752.1040  2379734         
   8335  6756      747.5988   789                    752.1040  2384210         
Elapsed time = 2953.12 sec. (3326490.56 ticks, tree = 374.29 MB, solutions = 0)
   8343  6764      746.8333   931                    752.1040  2388796         
   8350  6771      747.8062   969                    752.1040  2392639         
   8359  6780      744.8794   764                    752.1040  2396877         
   8369  6790      746.2661   856                    752.1040  2400578         
   8375  6796      743.4215   682                    752.1040  2405751         
   8383  6804      745.3273   821                    752.1040  2409715         
   8393  6814      745.1720   740                    752.1040  2413406         
   8402  6823      742.2644   779                    752.1040  2418034         
   8413  6834      742.4260   588                    752.1040  2422810         
   8423  6844      742.6232   704                    752.1040  2427058         
Elapsed time = 2995.07 sec. (3369259.85 ticks, tree = 379.25 MB, solutions = 0)
   8434  6855      741.5659   639                    752.1040  2431151         
   8447  6868      739.7190   693                    752.1040  2435931         
   8456  6877      743.0808   784                    752.1040  2439878         
   8465  6886      743.0091   821                    752.1040  2443827         
   8476  6897      741.4029   746                    752.1040  2448243         
   8487  6908      742.5046   790                    752.1040  2452377         
   8499  6920      742.3485   798                    752.1040  2456165         
   8505  6926      746.8217   891                    752.0800  2460125         
   8515  6936      745.0109   911                    752.0800  2463477         
   8529  6950      744.1748   887                    752.0800  2466912         
Elapsed time = 3036.69 sec. (3411010.28 ticks, tree = 385.23 MB, solutions = 0)
   8545  6966      743.6268   777                    752.0800  2469880         
   8560  6981      742.7964   804                    752.0800  2473110         
   8579  7000      741.8831   774                    752.0800  2475844         
   8597  7018      741.2256   713                    752.0800  2478750         
   8624  7045      740.9394   707                    752.0800  2480920         
   8648  7069      740.3466   609                    752.0800  2483393         
   8662  7083      732.1156   736                    752.0800  2486649         
   8682  7103      724.3476   543                    752.0800  2490204         
   8701  7122      715.8947   468                    752.0800  2493730         
   8705  7126      743.2499   899                    751.9835  2496367         
Elapsed time = 3077.90 sec. (3451705.37 ticks, tree = 395.16 MB, solutions = 0)
   8715  7136      742.4745   861                    751.9835  2499848         
   8726  7147      741.6935   918                    751.9835  2502814         
   8741  7162      740.8846   887                    751.9835  2506122         
   8755  7176      739.8356   884                    751.9835  2509369         
   8773  7194      739.1871   847                    751.9835  2512213         
   8792  7213      738.5256   817                    751.9835  2515026         
   8811  7232      737.7676   830                    751.9835  2517643         
   8832  7253      736.8905   770                    751.9835  2520482         
   8857  7278      736.4451   749                    751.9835  2522906         
   8890  7311      736.1414   751                    751.9835  2524737         
Elapsed time = 3117.84 sec. (3491676.67 ticks, tree = 405.58 MB, solutions = 0)
   8905  7326      750.9131   915                    751.9539  2527015         
   8911  7332      746.6256   919                    751.9539  2530705         
   8924  7345      746.0616   856                    751.9539  2533814         
   8936  7357      744.9872   856                    751.9539  2537284         
   8954  7375      744.2436   842                    751.9539  2540361         
   8971  7392      743.6746   784                    751.9539  2543371         
   8989  7410      743.0148   778                    751.9539  2546342         
   9012  7433      742.5834   785                    751.9539  2548875         
   9038  7459      742.2039   817                    751.9539  2551274         
   9060  7478      739.5519   741                    751.9539  2553994         
Elapsed time = 3157.74 sec. (3531104.69 ticks, tree = 415.00 MB, solutions = 0)
   9084  7502      738.7983   754                    751.9539  2556602         
   9105  7523      749.6957   916                    751.9409  2559316         
   9114  7532      748.1881   814                    751.9409  2562933         
   9126  7544      746.8557   858                    751.9409  2566444         
   9139  7557      745.6008   882                    751.9409  2569696         
   9151  7569      743.8354   840                    751.9409  2573022         
   9165  7583      742.8898   775                    751.9409  2576334         
   9184  7602      742.1118   760                    751.9409  2579154         
   9203  7621      741.3154   777                    751.9409  2581984         
   9224  7642      740.2459   793                    751.9409  2584655         
Elapsed time = 3197.90 sec. (3570971.36 ticks, tree = 424.25 MB, solutions = 0)
   9248  7666      739.5183   759                    751.9409  2587083         
   9278  7696      739.2312   774                    751.9409  2588887         
   9301  7719      726.1239   666                    751.9409  2592747         
   9308  7726      746.2237   905                    751.9402  2596661         
   9314  7732      749.5362   938                    751.9402  2600694         
   9323  7741      748.9672   903                    751.9402  2604184         
   9330  7748      745.4643   729                    751.9402  2609760         
   9336  7754      747.8037   817                    751.9402  2613953         
   9343  7761      743.8881   620                    751.9402  2618686         
   9351  7769      744.3757   654                    751.9402  2623099         
Elapsed time = 3239.57 sec. (3613237.29 ticks, tree = 431.36 MB, solutions = 0)
   9359  7775      741.1579   547                    751.9402  2627986         
   9368  7784      739.3263   556                    751.9402  2632824         
   9381  7797      737.3000   598                    751.9402  2637648         
   9395  7811      737.0159   485                    751.9402  2641956         
   9411  7827      737.2279   515                    751.9402  2646515         
   9428  7844      716.9395   425                    751.9402  2652687         
   9445  7859      736.4879   521                    751.9402  2656862         
   9456  7870      735.0323   438                    751.9402  2661310         
   9461  7870      744.3363   896                    751.8975  2667467         
   9472  7881      743.3365   866                    751.8975  2670827         
Elapsed time = 3283.38 sec. (3658326.11 ticks, tree = 437.76 MB, solutions = 0)
   9483  7892      742.0709   844                    751.8975  2673982         
   9497  7906      740.7693   824                    751.8975  2676963         
   9520  7929      740.4185   848                    751.8975  2679404         
   9543  7952      740.0376   813                    751.8975  2681815         
   9559  7968      734.3699   682                    751.8975  2685253         
   9585  7994      733.8521   675                    751.8975  2687559         
   9608  8017      727.9107   566                    751.8975  2691704         
   9627  8036      706.6651   437                    751.8975  2695375         
   9654  8058      751.7081  1011                    751.8758  2698995         
   9663  8067      750.6686   938                    751.8758  2702406         
Elapsed time = 3324.40 sec. (3698868.66 ticks, tree = 448.23 MB, solutions = 0)
   9673  8077      749.5168   972                    751.8758  2705554         
   9683  8087      747.8300   906                    751.8758  2709328         
   9696  8100      746.9403   927                    751.8758  2712654         
   9711  8115      746.2070   919                    751.8758  2715699         
   9722  8126      744.2238   925                    751.8758  2719022         
   9738  8142      743.5139   906                    751.8758  2722033         
   9755  8159      742.6039   869                    751.8758  2724880         
   9774  8178      742.0049   878                    751.8758  2727480         
   9793  8197      740.2995   791                    751.8758  2730213         
   9818  8222      740.0273   825                    751.8758  2732225         
Elapsed time = 3364.97 sec. (3738788.02 ticks, tree = 457.22 MB, solutions = 0)
   9845  8249      739.7082   814                    751.8758  2734125         
   9870  8274      738.3293   757                    751.8758  2736333         
   9897  8301      737.4242   702                    751.8758  2738477         
   9903  8307      737.0611   698                    751.8758  2739171         
   9909  8313      745.0758   810                    751.8579  2743274         
   9919  8323      744.0472   790                    751.8579  2746806         
   9934  8338      743.3303   788                    751.8579  2749962         
   9949  8353      741.5137   701                    751.8579  2753258         
   9967  8371      739.8990   722                    751.8579  2756423         
   9990  8394      739.2796   711                    751.8579  2759012         
Elapsed time = 3405.98 sec. (3779165.45 ticks, tree = 466.92 MB, solutions = 0)
  10012  8416      738.3300   683                    751.8579  2761953         
  10041  8445      737.9267   700                    751.8579  2764127         
  10066  8470      734.3347   556                    751.8579  2767032         
  10087  8491      727.1213   449                    751.8579  2770663         
  10106  8510      747.2109   936                    751.8052  2774150         
  10118  8522      746.2059   884                    751.8052  2777564         
  10133  8537      745.1701   901                    751.8052  2781005         
  10145  8549      743.9757   847                    751.8052  2784322         
  10159  8563      742.9612   898                    751.8052  2787396         
  10174  8578      741.8911   819                    751.8052  2790557         
Elapsed time = 3446.66 sec. (3819192.95 ticks, tree = 477.31 MB, solutions = 0)
  10193  8597      741.1858   780                    751.8052  2793296         
  10214  8618      740.2876   696                    751.8052  2796163         
  10235  8639      739.0586   782                    751.8052  2799104         
  10263  8667      738.6390   664                    751.8052  2801457         
  10299  8703      738.0130   584                    751.8052  2803400         
  10303  8707      737.8907   571                    751.8052  2803770         
  10307  8711      745.2141   890                    751.8051  2807366         
  10315  8719      744.2162   895                    751.8051  2811145         
  10320  8724      738.7358   786                    751.8051  2815928         
  10327  8731      741.9769   781                    751.8051  2819076         
Elapsed time = 3487.87 sec. (3860404.65 ticks, tree = 485.94 MB, solutions = 0)
  10335  8739      740.3025   744                    751.8051  2823621         
  10347  8751      737.9366   645                    751.8051  2827367         
  10361  8765      740.0766   820                    751.8051  2830927         
  10374  8778      737.8751   684                    751.8051  2835508         
  10386  8790      739.7606   756                    751.8051  2839122         
  10397  8801      735.6534   636                    751.8051  2843393         
  10408  8812      736.3081   685                    751.8051  2848100         
  10421  8825      736.7342   668                    751.8051  2852303         
  10434  8838      734.3435   629                    751.8051  2857054         
  10444  8848      736.5072   683                    751.8051  2861365         
Elapsed time = 3529.56 sec. (3902371.78 ticks, tree = 492.56 MB, solutions = 0)
  10454  8858      735.2262   627                    751.8051  2866738         
  10465  8869      734.0975   680                    751.8051  2871144         
  10474  8878      734.9983   595                    751.8051  2875398         
  10482  8886      737.0560   702                    751.8051  2880083         
  10494  8898      733.5594   640                    751.8051  2885196         
  10503  8907      734.4057   653                    751.8051  2889483         
  10510  8914      749.6941   921                    751.7852  2892817         
  10523  8927      748.1684   893                    751.7852  2896502         
  10541  8945      747.6388   902                    751.7852  2899367         
  10558  8962      746.8449   848                    751.7852  2902203         
Elapsed time = 3571.90 sec. (3944689.43 ticks, tree = 499.01 MB, solutions = 0)
  10575  8979      746.0510   872                    751.7852  2904963         
  10597  9001      745.3510   883                    751.7852  2907287         
  10622  9026      745.0659   795                    751.7852  2909347         
  10644  9048      742.6998   795                    751.7852  2911844         
  10663  9067      739.0339   747                    751.7852  2914637         
  10685  9089      734.5660   642                    751.7852  2917548         
  10703  9105      730.4996   586                    751.7852  2921026         
  10709  9111      746.0179   908                    751.7778  2924654         
  10723  9125      745.4559   963                    751.7778  2927608         
  10738  9140      744.9187   960                    751.7778  2930466         
Elapsed time = 3617.01 sec. (3989421.00 ticks, tree = 509.04 MB, solutions = 0)
  10755  9157      744.4079   911                    751.7778  2933156         
  10772  9174      743.7996   926                    751.7778  2935893         
  10787  9189      741.7006   875                    751.7778  2938907         
  10808  9210      741.1418   854                    751.7778  2941374         
  10829  9231      740.5524   826                    751.7778  2943905         
  10855  9257      740.1863   834                    751.7778  2946006         
  10885  9287      739.9266   803                    751.7778  2947771         
  10905  9307      751.1545   883                    751.7599  2950269         
  10916  9318      750.1350   890                    751.7599  2953859         
  10930  9332      749.3155   899                    751.7599  2957005         
Elapsed time = 3657.44 sec. (4029042.01 ticks, tree = 519.83 MB, solutions = 0)
  10942  9344      747.7022   918                    751.7599  2960329         
  10957  9359      747.0316   890                    751.7599  2963272         
  10974  9376      746.3780   834                    751.7599  2966035         
  10994  9396      745.8952   863                    751.7599  2968650         
  11013  9415      745.2970   841                    751.7599  2971273         
  11030  9432      743.6384   680                    751.7599  2974544         
  11053  9455      742.9429   653                    751.7599  2977379         
  11077  9479      742.0965   640                    751.7599  2980220         
  11103  9505      741.7094   587                    751.7599  2982149         
  11109  9511      748.0279   879                    751.7166  2985814         
Elapsed time = 3697.83 sec. (4069267.92 ticks, tree = 529.93 MB, solutions = 0)
  11120  9522      746.4195   861                    751.7166  2989104         
  11130  9532      745.3935   830                    751.7166  2992154         
  11144  9546      744.3373   798                    751.7166  2995410         
  11161  9563      743.6484   836                    751.7166  2998592         
  11177  9579      742.1167   693                    751.7166  3002090         
  11196  9598      740.3219   689                    751.7166  3005916         
  11213  9615      739.5620   713                    751.7166  3008647         
  11234  9636      738.5338   691                    751.7166  3011597         
  11265  9667      738.0231   615                    751.7166  3013695         
  11292  9694      732.3543   599                    751.7166  3016445         
Elapsed time = 3738.91 sec. (4109523.68 ticks, tree = 540.25 MB, solutions = 0)
  11305  9707      751.6043   977                    751.7124  3018936         
  11312  9714      741.7584   843                    751.7124  3022715         
  11319  9721      743.1268   752                    751.7124  3027325         
  11326  9728      749.2927   892                    751.7124  3031208         
  11331  9733      746.7474   762                    751.7124  3035354         
  11339  9741      748.7183   815                    751.7124  3039201         
  11347  9749      747.1248   703                    751.7124  3043874         
  11355  9757      746.0056   777                    751.7124  3048057         
  11364  9766      747.4564   801                    751.7124  3051904         
  11372  9774      743.9819   696                    751.7124  3056201         
Elapsed time = 3780.46 sec. (4150807.90 ticks, tree = 544.77 MB, solutions = 0)
  11382  9784      743.8801   646                    751.7124  3060839         
  11392  9794      742.2948   626                    751.7124  3065726         
  11401  9803      743.1651   578                    751.7124  3069780         
  11410  9812      741.3780   574                    751.7124  3075235         
  11422  9824      741.5752   639                    751.7124  3080024         
  11429  9831      743.8109   701                    751.7124  3084312         
  11441  9843      743.7101   654                    751.7124  3088120         
  11453  9855      741.8716   641                    751.7124  3092450         
  11467  9869      742.3419   585                    751.7124  3096123         
  11478  9880      741.0358   584                    751.7124  3100662         
Elapsed time = 3822.88 sec. (4193497.58 ticks, tree = 550.76 MB, solutions = 0)
  11491  9893      734.8264   537                    751.7124  3104952         
  11503  9905      741.2004   595                    751.7124  3108233         
  11509  9911      746.3118   776                    751.7108  3112371         
  11521  9923      743.4550   823                    751.7108  3115816         
  11539  9941      742.3688   819                    751.7108  3118792         
  11556  9958      739.9711   724                    751.7108  3121912         
  11578  9980      738.2714   710                    751.7108  3124834         
  11602 10004      737.0398   680                    751.7108  3127412         
  11627 10029      736.2624   680                    751.7108  3129975         
  11649 10051      734.8784   732                    751.7108  3132803         
Elapsed time = 3865.58 sec. (4236181.65 ticks, tree = 560.43 MB, solutions = 0)
  11674 10076      734.2177   735                    751.7108  3135188         
  11705 10107      747.7317   993                    751.7072  3138170         
  11716 10118      746.9253   997                    751.7072  3141959         
  11727 10129      745.9477   984                    751.7072  3145014         
  11740 10142      745.2939   963                    751.7072  3148146         
  11754 10156      744.6478   998                    751.7072  3151173         
  11770 10172      744.2018   996                    751.7072  3153852         
  11786 10188      743.5880   974                    751.7072  3156473         
  11804 10206      743.1219   947                    751.7072  3158967         
  11822 10224      742.4645   864                    751.7072  3161793         
Elapsed time = 3906.76 sec. (4277148.76 ticks, tree = 570.15 MB, solutions = 0)
  11843 10245      741.9731   877                    751.7072  3164170         
  11866 10268      741.6310   838                    751.7072  3166452         
  11888 10290      738.1860   846                    751.7072  3169044         
  11903 10305      737.9280   765                    751.7072  3170304         
  11906 10308      743.4374   883                    751.7048  3173659         
  11919 10321      742.1972   832                    751.7048  3177059         
  11930 10332      739.3521   758                    751.7048  3180706         
  11950 10352      738.8683   805                    751.7048  3183513         
  11973 10375      738.4678   762                    751.7048  3186045         
  12004 10406      738.2995   709                    751.7048  3187912         
Elapsed time = 3950.68 sec. (4320651.69 ticks, tree = 580.40 MB, solutions = 0)
  12030 10432      736.3605   694                    751.7048  3190315         
  12054 10456      734.7734   647                    751.7048  3193078         
  12068 10470      721.8049   596                    751.7048  3196747         
  12090 10492      716.9085   506                    751.7048  3200180         
  12105 10507      743.7151   841                    751.6878  3205082         
  12113 10515      741.1910   845                    751.6878  3208873         
  12125 10527      738.8570   874                    751.6878  3212439         
  12139 10541      738.0372   848                    751.6878  3215543         
  12157 10559      737.2902   785                    751.6878  3218360         
  12176 10578      736.4813   859                    751.6878  3220992         
Elapsed time = 3991.76 sec. (4361176.22 ticks, tree = 590.13 MB, solutions = 0)
  12199 10601      733.6350   714                    751.6878  3224501         
  12220 10622      732.5219   740                    751.6878  3227206         
  12247 10649      732.0103   718                    751.6878  3229487         
  12270 10672      729.4213   675                    751.6878  3232172         
  12300 10702      724.9241   640                    751.6878  3235141         
  12303 10703      724.7950   644                    751.6878  3235345         
  12310 10710      742.8329   933                    751.6589  3238743         
  12318 10718      742.4728   964                    751.6589  3242339         
  12324 10724      740.2531   859                    751.6589  3246596         
  12348 10748      741.8089   908                    751.6589  3261917         
Elapsed time = 4047.47 sec. (4417149.10 ticks, tree = 599.69 MB, solutions = 0)
  12372 10772      740.0541   923                    751.6589  3277227         
  12404 10804      737.9836   809                    751.6589  3292625         
  12436 10836      736.0332   768                    751.6589  3308809         
  12476 10876      732.3575   606                    751.6589  3324707         
  12516 10916      741.4085   940                    751.6240  3338955         
  12567 10967      738.2888   922                    751.6240  3350360         
  12641 11041      734.7467   799                    751.6240  3361382         
  12705 11105      745.6362   924                    751.6203  3369860         
  12753 11153      739.1651   780                    751.6203  3382723         
  12841 11241      735.0373   736                    751.6203  3393018         
Elapsed time = 4203.84 sec. (4573239.28 ticks, tree = 627.42 MB, solutions = 0)
  12914 11314      746.7701   917                    751.6175  3404576         
  12973 11373      742.9356   871                    751.6175  3416337         
  13061 11461      740.8765   803                    751.6175  3425791         
  13106 11506      750.9208   944                    751.6031  3432838         
  13155 11555      748.1016   986                    751.6031  3445062         
  13231 11631      744.8418   796                    751.6031  3455227         
  13307 11707      744.6576   859                    751.6004  3466996         
  13330 11730      736.7841   721                    751.6004  3484354         
  13362 11762      726.9788   417                    751.6004  3502628         
  13405 11805      724.1020   482                    751.6004  3520255         
Elapsed time = 4358.32 sec. (4728460.57 ticks, tree = 659.24 MB, solutions = 0)
  13463 11863      720.8782   439                    751.6004  3536852         
  13509 11909      744.7984   853                    751.5776  3551914         
  13557 11957      739.5713   752                    751.5776  3565182         
  13634 12034      735.8765   674                    751.5776  3576533         
  13711 12111      740.1769   823                    751.5649  3587802         
  13773 12173      734.1915   760                    751.5649  3599779         
  13869 12267      697.0124   400                    751.5649  3614384         
  13903 12297      738.5813   939                    751.5561  3626054         
  13974 12368      736.3944   896                    751.5561  3636185         
  14070 12464      728.8593   667                    751.5561  3645946         
Elapsed time = 4520.48 sec. (4890998.27 ticks, tree = 696.49 MB, solutions = 0)
  14124 12518      748.7653   845                    751.5551  3658917         
  14200 12594      745.6178   766                    751.5551  3670254         
  14303 12697      739.2159   536                    751.5551  3681192         
  14327 12721      739.5388   885                    751.5527  3696496         
  14352 12746      739.0769   870                    751.5527  3711756         
  14379 12773      737.6676   890                    751.5527  3727758         
  14411 12805      730.6178   465                    751.5527  3744967         
  14460 12852      731.7602   524                    751.5527  3761496         
  14507 12897      749.8075   945                    751.5498  3777245         
  14564 12954      746.0525   907                    751.5498  3788972         
Elapsed time = 4674.33 sec. (5045170.78 ticks, tree = 724.21 MB, solutions = 0)
  14644 13034      744.3434   845                    751.5498  3797886         
  14716 13106      741.2389   915                    751.5424  3808711         
  14769 13159      737.8107   843                    751.5424  3820697         
  14842 13232      732.6332   674                    751.5424  3832231         
  14917 13307      741.7201   778                    751.5416  3844099         
  14991 13381      737.7979   781                    751.5416  3855643         
  15091 13481      729.5085   557                    751.5416  3866185         
  15128 13518      748.3247   939                    751.5273  3876607         
  15196 13586      746.2256   919                    751.5273  3886860         
  15281 13671      744.6977   825                    751.5273  3895936         
Elapsed time = 4829.99 sec. (5199619.14 ticks, tree = 764.63 MB, solutions = 0)
  15326 13716      746.4224   680                    751.5223  3910093         
  15358 13748      742.6338   586                    751.5223  3926681         
  15396 13786      742.4732   692                    751.5223  3942696         
  15438 13828      738.0085   607                    751.5223  3959228         
  15492 13882      734.5803   563                    751.5223  3975426         
  15522 13912      741.0819   876                    751.5205  3986558         
  15584 13974      738.1876   871                    751.5205  3998276         
  15662 14052      735.6649   639                    751.5205  4008246         
  15724 14114      749.2004  1009                    751.5132  4018311         
  15779 14169      747.2017   950                    751.5132  4029228         
Elapsed time = 4984.90 sec. (5354851.94 ticks, tree = 792.44 MB, solutions = 0)
  15852 14242      745.4350   921                    751.5132  4038858         
  15903 14293      744.6880   882                    751.5132  4043754         
  15947 14337      744.0963   832                    751.4918  4057141         
  16025 14415      739.0656   709                    751.4918  4068712         
  16108 14498      748.5333   874                    751.4571  4080180         
  16156 14546      743.0527   736                    751.4571  4093646         
  16223 14613      737.7460   680                    751.4571  4106121         
  16310 14700      747.6574   915                    751.4477  4116820         
  16336 14726      742.2433   734                    751.4477  4133368         
  16368 14758      738.6338   615                    751.4477  4150319         
Elapsed time = 5143.06 sec. (5510954.48 ticks, tree = 825.53 MB, solutions = 0)
  16403 14793      735.9476   554                    751.4477  4167664         
  16451 14841      733.5078   540                    751.4477  4183894         
  16501 14891      730.8032   572                    751.4477  4199208         
  16537 14927      743.2256   748                    751.4469  4213836         
  16600 14990      732.4334   723                    751.4469  4227674         
  16707 15097      747.5163   779                    751.4450  4239391         
  16764 15154      737.4938   597                    751.4450  4253259         
  16849 15239      724.5242   520                    751.4450  4266612         
  16921 15311      747.4271   916                    751.4443  4279740         
  16981 15371      744.0914   857                    751.4443  4291141         
Elapsed time = 5298.47 sec. (5666568.10 ticks, tree = 860.25 MB, solutions = 0)
  17064 15454      741.5840   738                    751.4443  4300909         
  17108 15498      750.3065   926                    751.4410  4305935         
  17167 15557      746.7842   896                    751.4410  4317546         
  17240 15630      743.8589   847                    751.4410  4328358         
  17315 15705      746.7988   877                    751.4265  4339055         
  17344 15734      739.4448   707                    751.4265  4355086         
  17382 15772      733.0113   509                    751.4265  4372035         
  17430 15820      721.7001   369                    751.4265  4390028         
  17503 15893      724.7282   376                    751.4265  4405117         
  17543 15933      740.0710   938                    751.4245  4418890         
Elapsed time = 5453.60 sec. (5822555.98 ticks, tree = 892.05 MB, solutions = 0)
  17616 16006      737.4654   718                    751.4245  4430041         
  17705 16095      743.0649   820                    751.4088  4440715         
  17753 16143      737.4635   790                    751.4088  4454195         
  17830 16220      733.8008   812                    751.4088  4465732         
  17907 16297      742.1946   834                    751.4087  4476830         
  17966 16356      738.5178   859                    751.4087  4489044         
  18046 16436      734.9286   802                    751.4087  4499760         
  18113 16503      749.1202   891                    751.4011  4510601         
  18169 16559      745.4058   936                    751.4011  4522613         
  18244 16634      743.0370   866                    751.4011  4532654         
Elapsed time = 5610.20 sec. (5977170.53 ticks, tree = 932.41 MB, solutions = 0)
  18303 16693      742.1965   782                    751.4011  4537585         
  18327 16717      741.8198   679                    751.3809  4553832         
  18356 16746      734.9085   637                    751.3809  4571574         
  18404 16794      734.8795   549                    751.3809  4587559         
  18456 16846      733.9148   550                    751.3809  4603375         
  18501 16891      731.2473   598                    751.3809  4620057         
  18539 16929      747.0805   986                    751.3803  4633056         
  18591 16981      744.3198   896                    751.3803  4644828         
  18658 17048      740.5232   866                    751.3803  4655482         
  18703 17093      738.8459   886                    751.3803  4660618         
Elapsed time = 5769.76 sec. (6137867.51 ticks, tree = 958.36 MB, solutions = 0)
  18744 17134      747.1872   969                    751.3761  4673192         
  18797 17187      744.2297   861                    751.3761  4684795         
  18871 17261      741.7554   787                    751.3761  4695330         
  18927 17317      741.9564   961                    751.3719  4707448         
  18987 17377      739.9465   920                    751.3719  4717705         
  19062 17452      737.7637   642                    751.3719  4728327         
  19104 17494      737.1817   688                    751.3719  4731689         
  19162 17552      747.2862   873                    751.3706  4743286         
  19251 17641      744.8231   751                    751.3706  4752747         
  19310 17700      737.5957   868                    751.3692  4766245         
Elapsed time = 5926.58 sec. (6291965.25 ticks, tree = 992.45 MB, solutions = 0)
  19330 17720      736.5066   645                    751.3692  4782644         
  19364 17754      727.9064   444                    751.3692  4799758         
  19413 17803      728.1113   602                    751.3692  4816117         
  19461 17844      748.5773   900                    751.3542  4832653         
  19522 17905      745.2903   850                    751.3542  4844210         
  19607 17990      743.2009   711                    751.3542  4854153         
  19705 18086      747.6997   930                    751.3479  4866027         
  19757 18138      742.8408   834                    751.3479  4878836         
  19828 18209      739.7347   844                    751.3479  4890130         
  19903 18284      737.4141   745                    751.3479  4898455         
Elapsed time = 6085.18 sec. (6449258.72 ticks, tree = 1025.51 MB, solutions = 0)
  19949 18330      746.6547   882                    751.3448  4911621         
  20018 18399      744.5808   869                    751.3448  4922265         
  20104 18485      742.8023   830                    751.3448  4931730         
  20144 18525      741.1560   857                    751.3439  4946327         
  20234 18615      738.5213   677                    751.3439  4955789         
  20303 18684      700.5888   598                    751.3439  4969429         
  20332 18712      741.1476   769                    751.3418  4984866         
  20365 18743      737.1587   617                    751.3418  5002028         
  20405 18783      734.4197   573                    751.3418  5018766         
  20462 18840      731.9459   538                    751.3418  5035186         
Elapsed time = 6242.10 sec. (6604980.73 ticks, tree = 1056.92 MB, solutions = 0)
  20500 18878      732.1493   603                    751.3418  5052695         
  20548 18926      740.3497   830                    751.3360  5066414         
  20621 18999      735.8067   703                    751.3360  5078041         
  20704 19082      728.7585   657                    751.3360  5085969         
  20746 19124      745.1816   879                    751.3354  5099589         
  20813 19191      742.5107   781                    751.3354  5110515         
  20900 19278      739.3522   803                    751.3354  5120176         
  20944 19322      740.2543   886                    751.3353  5133280         
  21003 19381      720.6005   740                    751.3353  5146493         
  21065 19442      712.6182   594                    751.3353  5159851         
Elapsed time = 6398.47 sec. (6760101.39 ticks, tree = 1091.06 MB, solutions = 0)
  21121 19498      740.5401   881                    751.3344  5173434         
  21184 19561      737.3126   792                    751.3344  5185592         
  21260 19637      728.9856   658                    751.3344  5197847         
  21314 19691      747.5698   827                    751.3282  5211112         
  21335 19712      747.6055   913                    751.3282  5225838         
  21366 19743      744.4511   631                    751.3282  5241149         
  21412 19789      744.7750   754                    751.3282  5255442         
  21435 19812      741.8186   705                    751.3282  5272700         
  21466 19843      742.6150   688                    751.3282  5289763         
  21494 19871      742.4463   728                    751.3282  5305888         
Elapsed time = 6555.31 sec. (6916831.94 ticks, tree = 1115.31 MB, solutions = 0)
  21512 19889      749.0149   954                    751.3198  5316485         
  21561 19938      746.0508   919                    751.3198  5328403         
  21631 20008      743.5433   875                    751.3198  5338736         
  21705 20082      749.8973   781                    751.3193  5349315         
  21749 20126      742.2588   812                    751.3193  5363297         
  21829 20206      737.7477   698                    751.3193  5374520         
  21914 20291      742.2213   843                    751.2877  5385989         
  21972 20349      736.9781   792                    751.2877  5398748         
  22057 20434      734.3652   711                    751.2877  5409251         
  22124 20501      741.1643   764                    751.2826  5421442         
Elapsed time = 6712.99 sec. (7072347.15 ticks, tree = 1150.84 MB, solutions = 0)
  22197 20574      737.7196   645                    751.2826  5433568         
  22284 20661      733.8936   611                    751.2826  5444698         
  22315 20692      740.1675   763                    751.2797  5455310         
  22348 20725      735.5060   679                    751.2797  5471334         
  22390 20767      731.5792   666                    751.2797  5486674         
  22434 20811      730.0641   573                    751.2797  5502582         
  22474 20851      725.6476   524                    751.2797  5519615         
  22515 20892      742.4513   993                    751.2771  5534539         
  22571 20948      740.7310   951                    751.2771  5545243         
  22651 21028      739.2290   839                    751.2771  5554301         
Elapsed time = 6866.57 sec. (7226517.49 ticks, tree = 1180.14 MB, solutions = 0)
  22703 21080      738.3799   798                    751.2771  5559089         
  22752 21129      742.9473   829                    751.2753  5572391         
  22823 21200      731.9486   730                    751.2753  5584815         
  22907 21284      745.3650   896                    751.2703  5596368         
  22958 21335      741.4452   877                    751.2703  5609395         
  23027 21404      735.7023   695                    751.2703  5622025         
  23109 21486      746.1023   804                    751.2664  5633401         
  23162 21539      741.9520   804                    751.2664  5646324         
  23235 21612      739.1249   773                    751.2664  5657708         
  23307 21684      739.8342   803                    751.2658  5669926         
Elapsed time = 7026.25 sec. (7385105.78 ticks, tree = 1217.22 MB, solutions = 0)
  23332 21709      739.7022   863                    751.2658  5685724         
  23363 21740      728.3336   492                    751.2658  5702633         
  23406 21783      730.5577   603                    751.2658  5719208         
  23461 21838      728.7635   502                    751.2658  5735511         
  23503 21880      727.2766   493                    751.2658  5748193         
  23557 21934      745.6472   715                    751.2544  5761251         
  23653 22030      741.8208   673                    751.2544  5771837         
  23714 22091      749.3434   951                    751.2488  5786017         
  23764 22141      746.2912   864                    751.2488  5798339         
  23835 22212      743.3715   824                    751.2488  5809501         
Elapsed time = 7179.29 sec. (7538787.75 ticks, tree = 1247.17 MB, solutions = 0)
  23913 22290      745.5507   912                    751.2488  5820510         

GUB cover cuts applied:  24
Cover cuts applied:  11
Implied bound cuts applied:  28
Flow cuts applied:  6
Mixed integer rounding cuts applied:  51
Zero-half cuts applied:  72
Lift and project cuts applied:  2
Gomory fractional cuts applied:  2

Root node processing (before b&c):
  Real time             =   21.05 sec. (32508.98 ticks)
Sequential b&c:
  Real time             = 7178.96 sec. (7527480.91 ticks)
                          ------------
Total (root+branch&cut) = 7200.00 sec. (7559989.88 ticks)

CPLEX Sol status: Unknown
