Instance Name: sarp-100-50-A-1

K: 26
Multi parcel
Value of Q: 50
Version identifier: 22.1.1.0 | 2022-11-28 | 9160aff4d
CPXPARAM_Threads                                 1
CPXPARAM_TimeLimit                               7200
Tried aggregator 2 times.
MIP Presolve eliminated 28509 rows and 27691 columns.
MIP Presolve modified 110750 coefficients.
Aggregator did 28 substitutions.
Reduced MIP has 33227 rows, 485880 columns, and 2288461 nonzeros.
Reduced MIP has 485583 binaries, 0 generals, 0 SOSs, and 0 indicators.
Presolve time = 2.44 sec. (2693.08 ticks)
Tried aggregator 1 time.
Detecting symmetries...
Reduced MIP has 33227 rows, 485880 columns, and 2288461 nonzeros.
Reduced MIP has 485583 binaries, 0 generals, 0 SOSs, and 0 indicators.
Presolve time = 1.48 sec. (1174.50 ticks)
Probing time = 0.16 sec. (106.46 ticks)
Clique table members: 242625.
MIP emphasis: balance optimality and feasibility.
MIP search method: dynamic search.
Parallel mode: none, using 1 thread.
Root relaxation solution time = 67.76 sec. (84332.88 ticks)

        Nodes                                         Cuts/
   Node  Left     Objective  IInf  Best Integer    Best Bound    ItCnt     Gap

      0     0      332.4403   600                    332.4403    31090         
      0     0      325.8164   823                   Cuts: 882    38176         
      0     0      324.7057   881                  Cuts: 1351    41412         
      0     0      324.0225   824                   Cuts: 532    43254         
      0     0      322.3710  1059                   Cuts: 275    47280         
      0     0      321.9678  1062                   Cuts: 747    50045         
Detecting symmetries...
      0     0      321.7203  1021                   Cuts: 331    51645         
      0     0      321.6584  1045                   Cuts: 402    52320         
      0     0      321.6265  1060                    Cuts: 96    52778         
      0     0      321.5666  1075                    Cuts: 50    53364         
      0     0      321.4630  1100                    Cuts: 93    53996         
      0     0      321.3394  1090                    Cuts: 99    54497         
      0     0      321.3372  1105                    Cuts: 81    54631         
      0     0      321.3252  1145                     Cuts: 6    54864         
Heuristic still looking.
Heuristic still looking.
Heuristic still looking.
Detecting symmetries...
      0     2      321.3252  1145                    321.3242    54864         
Elapsed time = 864.29 sec. (877785.03 ticks, tree = 0.01 MB, solutions = 0)
      1     3      321.0067  1055                    321.3242    55545         
      2     4      321.1200  1127                    321.1199    56844         
      3     5      310.5916   901                    321.1199    58997         
      4     6      320.9924  1029                    321.1199    59106         
      5     7      320.9623  1086                    321.1199    59456         
      6     8      318.7410  1009                    321.1199    60927         
      7     9      320.8985  1062                    321.1199    61297         
      8    10      320.7608  1101                    321.1199    61675         
      9    11      316.9236   989                    321.1199    62796         
     10    12      320.6703  1075                    321.1199    63744         
Elapsed time = 965.88 sec. (974861.17 ticks, tree = 4.03 MB, solutions = 0)
     11    13      320.3837  1034                    321.1199    64643         
     12    14      320.3554  1072                    321.1199    65120         
     13    15      318.1576   919                    321.1199    66465         
     14    16      318.0547   923                    321.1199    66818         
     15    17      317.9728   857                    321.1199    67315         
     16    18      317.9537   837                    321.1199    67500         
     17    19      317.9398   877                    321.1199    67779         
     18    20      306.2800   842                    321.1199    69709         
     19    21      317.8100   864                    321.1199    70130         
     20    22      317.6693   865                    321.1199    70713         
Elapsed time = 1018.40 sec. (1013037.61 ticks, tree = 7.72 MB, solutions = 0)
     21    23      316.9540   796                    321.1199    72189         
     23    25      316.6653   805                    321.1199    72708         
     24    26      304.8837   783                    321.1199    74379         
     26    28      302.0017   687                    321.1199    76661         
     28    30      280.8590   818                    321.1199    80836         
     30    32      303.9474   744                    321.1199    82654         
     32    34      288.3798   835                    321.1199    85179         
     34    36      304.7183   695                    321.1199    86572         
     35    37      316.6008   816                    321.1199    87142         
     36    38      316.6103   749                    321.1199    87772         
Elapsed time = 1130.87 sec. (1096217.12 ticks, tree = 15.06 MB, solutions = 0)
     37    39      316.5774   738                    321.1199    88104         
     38    40      316.4956   743                    321.1199    88345         
     39    41      306.6583   710                    321.1199    90410         
     40    42      316.3912   730                    321.1199    90713         
     42    44      293.1456   744                    321.1199    93039         
     44    46      316.3123   789                    321.1199    93639         
     45    47      300.8988   648                    321.1199    96767         
     47    49      301.4736   736                    321.1199    99623         
     49    51      296.7159   727                    321.1199   102184         
     51    53      304.3752   607                    321.1199   104094         
Elapsed time = 1246.47 sec. (1177702.79 ticks, tree = 21.57 MB, solutions = 0)
     53    55      293.0252   733                    321.1199   106485         
     55    57      299.7072   670                    321.1199   108954         
     57    59      316.2455   797                    321.1199   109279         
     58    60      311.6563   726                    321.1199   110150         
     59    61      316.2079   753                    321.1199   110444         
     61    63      284.9411   591                    321.1199   114939         
     63    65      280.1295   770                    321.1199   118760         
     66    68      295.9893   783                    321.1199   120656         
     67    69      315.9462   735                    321.1199   121453         
     68    70      315.8921   756                    321.1199   121908         
Elapsed time = 1368.62 sec. (1266405.88 ticks, tree = 28.50 MB, solutions = 0)
     69    71      314.9455   724                    321.1199   122713         
     70    72      315.7108   752                    321.1199   123360         
     71    73      314.8595   734                    321.1199   124749         
     72    74      315.6358   750                    321.1199   125193         
     73    75      311.8722   728                    321.1199   125955         
     74    76      315.4161   735                    321.1199   126466         
     76    78      315.0335   796                    321.1199   127362         
     77    79      314.3471   712                    321.1199   128422         
     78    80      313.4775   740                    321.1199   128804         
     79    81      312.2721   691                    321.1199   130152         
Elapsed time = 1475.61 sec. (1363155.59 ticks, tree = 33.76 MB, solutions = 0)
     80    82      312.1741   672                    321.1199   130452         
     82    84      310.8276   683                    321.1199   131098         
     83    85      311.9475   683                    321.1199   131778         
     84    86      310.2625   621                    321.1199   133383         
     85    87      310.0317   596                    321.1199   134385         
     86    88      309.6840   617                    321.1199   135357         
     87    89      309.0668   622                    321.1199   137151         
     88    90      309.5455   600                    321.1199   137495         
     89    91      309.5057   672                    321.1199   138016         
     90    92      309.2407   525                    321.1199   139384         
Elapsed time = 1545.44 sec. (1418265.95 ticks, tree = 38.59 MB, solutions = 0)
     91    93      308.9523   586                    321.1199   140302         
     92    94      308.7957   531                    321.1199   141776         
     93    95      308.7768   493                    321.1199   142159         
     94    96      308.2049   431                    321.1199   142796         
     95    97      308.1563   465                    321.1199   143052         
     96    98      306.7468   466                    321.1199   144073         
     97    99      307.8240   429                    321.1199   144398         
     98   100      306.9204   417                    321.1199   145269         
     99   101      305.7534   501                    321.1199   146334         
    100   102      306.5744   474                    321.1199   147267         
Elapsed time = 1632.07 sec. (1486631.08 ticks, tree = 42.55 MB, solutions = 0)
    101   103      306.5854   436                    321.1199   147956         
    103   105      303.2636   440                    321.1199   148788         
    104   106      306.2641   450                    321.1199   149393         
    105   107      303.6492   460                    321.1199   150711         
    106   108      305.7899   475                    321.1199   151738         
    107   109      305.4729   432                    321.1199   153441         
    108   110      305.4381   428                    321.1199   153647         
    109   111      305.0219   283                    321.1199   153921         
    110   112      304.5165   235                    321.1199   154808         
    111   113      304.4012   388                    321.1199   155225         
Elapsed time = 1683.80 sec. (1527537.70 ticks, tree = 47.39 MB, solutions = 0)
    112   114      302.9997   259                    321.1199   156612         
    113   115      302.7818   263                    321.1199   157009         
    114   116      301.9555   274                    321.1199   158102         
    115   117      302.7515   270                    321.1199   158359         
    116   118      301.1703   254                    321.1199   159097         
    117   119      302.7126   265                    321.1199   159328         
    119   121      301.2834   281                    321.1199   160343         
    120   122      302.5668   263                    321.1199   160512         
    121   123      302.4803   397                    321.1199   161026         
    124   126      301.2360   209                    321.1199   162722         
Elapsed time = 1720.66 sec. (1559972.76 ticks, tree = 53.55 MB, solutions = 0)
    126   128      300.4247   316                    321.1199   164262         
    130   132      299.8801   362                    321.1199   165839         
    135   137      301.0724   356                    321.1199   166941         
    136   138      300.1982   349                    321.1199   168038         
    140   142      299.8213   352                    321.1199   169219         
    146   148      301.0684   376                    321.1199   170281         
    149   151      299.8213   359                    321.1199   171581         
    153   155      299.8213   352                    321.1199   173209         
    159   161      299.8213   351                    321.1199   174221         
    160   162      301.0679   202                    321.1199   174222         
Elapsed time = 1815.06 sec. (1646067.06 ticks, tree = 68.99 MB, solutions = 0)
    163   165      299.8213   351                    321.1199   175678         
    167   169      299.8213   348                    321.1199   176859         
    171   173      299.8213   353                    321.1199   177860         
    173   175      299.8213   351                    321.1199   178948         
    177   179      300.3582   426                    321.1199   180120         
    180   182      299.2883   192                    321.1199   181076         
    185   187      297.9679   243                    321.1199   182495         
    189   190      261.2312   272                    321.1199   186519         
    192   193      296.2939    97                    321.1199   187444         
    195   196      295.9388    79                    321.1199   188657         
Elapsed time = 1883.26 sec. (1704798.01 ticks, tree = 84.43 MB, solutions = 0)
    198   199      295.5856   205                    321.1199   189788         
    202   203      284.5290   158                    321.1199   191661         
    206   207      284.5686   248                    321.1199   194623         
    210   211      288.8203    36                    321.1199   195965         
    214   215      286.3666   142                    321.1199   198670         
    220   221      289.7342   186                    321.1199   201529         
    222   223      285.5227   172                    321.1199   203109         
    224   225      285.0197   149                    321.1199   205200         
    226   227      285.4767   204                    321.1199   206897         
    232   233      285.4824   226                    321.1199   209404         
Elapsed time = 1991.02 sec. (1791034.32 ticks, tree = 100.79 MB, solutions = 0)
    236   237      288.0273   137                    321.1199   211316         
    238   239      284.5884   192                    321.1199   213107         
    244   245      282.4391    94                    321.1199   215307         
    246   247      284.2387   170                    321.1199   217485         
    248   249      284.7232   236                    321.1199   219342         
    250   251      283.2924   187                    321.1199   222045         
    255   256      287.4854    21                    321.1199   223114         
    259   260      291.0342    57                    321.1199   224135         
    260   261      288.0482    39                    321.1199   224306         
    264   265      288.7202    45                    321.1199   225438         
Elapsed time = 2134.40 sec. (1909204.81 ticks, tree = 114.50 MB, solutions = 0)
    266   267      288.6683    91                    321.1199   226478         
    268   269      266.6612   181                    321.1199   228763         
    273   271      271.1813   149                    321.1199   231396         
    275   273      271.4475   180                    321.1199   236053         
    277   274      272.1466   175                    321.1199   237560         
    279   276      260.6828   181                    321.1199   239174         
    282   279      261.7784   183                    321.1199   240228         
    286   281      261.3291   246                    321.1199   241331         
    289   282      214.3588   230                    321.1199   243070         
    292   285      255.4649   176                    321.1199   244396         
Elapsed time = 2234.29 sec. (1992383.40 ticks, tree = 123.80 MB, solutions = 0)
    294   287      240.1629   182                    321.1199   246945         
    298   289      238.6049   198                    321.1199   249725         
    300   291      223.1135   223                    321.1199   252732         
    303   294      218.4108   203                    321.1199   255322         
    307   296      227.1439   206                    321.1199   257308         
    309   298      245.9156   232                    321.1199   258357         
    310   299      225.9074   174                    321.1199   260936         
    314   303      194.5157   281                    321.1199   265075         
    315   304      243.0417   208                    321.1199   265168         
    316   305      241.6727   233                    321.1199   265483         
Elapsed time = 2473.46 sec. (2216088.51 ticks, tree = 132.21 MB, solutions = 0)
    317   305      226.7839   188                    321.1199   267483         
    319   305    infeasible                          321.1199   269578         
    323   307      227.5405   269                    321.1199   270964         
    331   307      318.8684  1071                    321.1196   273756         
    333   309      318.7575   931                    321.1196   274732         
    334   310      318.2511   920                    321.1196   275793         
    336   312      317.6090   907                    321.1196   277374         
    338   314      317.2903   887                    321.1196   278356         
    339   315      316.0168   887                    321.1196   279314         
    341   317      313.9953   785                    321.1196   280925         
Elapsed time = 2662.11 sec. (2384631.94 ticks, tree = 137.83 MB, solutions = 0)
    343   319      316.4747   786                    321.1196   283294         
    345   321      316.2649   755                    321.1196   284729         
    346   322      316.0889   617                    321.1196   285603         
    347   323      315.8201   655                    321.1196   286330         
    348   324      311.4284   537                    321.1196   288393         
    350   326      315.6018   762                    321.1196   289564         
    351   327      315.3926   738                    321.1196   291208         
    353   329      314.9288   710                    321.1196   292358         
    355   331      313.9491   653                    321.1196   293828         
    357   333      312.0908   652                    321.1196   295282         
Elapsed time = 2761.08 sec. (2461584.22 ticks, tree = 144.84 MB, solutions = 0)
    359   335      313.2944   729                    321.1196   296498         
    360   336      312.2748   651                    321.1196   296977         
    363   339      311.8922   650                    321.1196   298575         
    364   340      306.3874   554                    321.1196   300621         
    367   343      300.8183   710                    321.1196   304525         
    368   344      311.1392   680                    321.1196   305364         
    370   346      311.1215   615                    321.1196   306460         
    371   347      310.4171   460                    321.1196   307779         
    373   349      308.6130   421                    321.1196   309946         
    374   350      308.2318   453                    321.1196   310724         
Elapsed time = 2877.21 sec. (2560739.70 ticks, tree = 151.88 MB, solutions = 0)
    376   352      307.6123   528                    321.1196   311665         
    377   353      306.8416   508                    321.1196   313792         
    379   355      306.6900   448                    321.1196   314613         
    381   357      306.4711   356                    321.1196   315714         
    383   359      306.0727   332                    321.1196   316940         
    385   361      305.0332   310                    321.1196   318562         
    388   364      303.7172   226                    321.1196   319623         
    389   365      303.5944   210                    321.1196   320119         
    393   369      299.7605   318                    321.1196   322245         
    397   373      302.4647   247                    321.1196   323558         
Elapsed time = 3060.11 sec. (2732300.22 ticks, tree = 162.03 MB, solutions = 0)
    400   376      302.4842   167                    321.1196   324663         
    405   381      302.0087   149                    321.1196   325629         
    412   388      300.6555   132                    321.1196   326691         
    421   397      288.4626    88                    321.1196   328060         
    427   403      295.5716    93                    321.1196   329028         
    429   405      290.5994   177                    321.1196   330208         
    432   408      294.9763   160                    321.1196   331183         
    434   410      291.3280   166                    321.1196   332107         
    437   413      288.4054   145                    321.1196   333537         
    442   418      293.5538   185                    321.1196   334486         
Elapsed time = 3111.83 sec. (2778775.83 ticks, tree = 182.05 MB, solutions = 0)
    443   419      292.1432   180                    321.1196   335422         
    449   425      292.4165    86                    321.1196   336473         
    452   428      291.5949   142                    321.1196   337331         
    461   435      242.8221   125                    321.1196   339722         
    468   440      225.7971   202                    321.1196   341729         
    472   444      225.4005   168                    321.1196   342914         
    476   446      248.0939   161                    321.1196   344192         
    477   447      221.9416   180                    321.1196   346536         
    480   450      246.1264   144                    321.1196   347206         
    481   449    infeasible                          321.1196   349323         
Elapsed time = 3177.09 sec. (2837572.31 ticks, tree = 196.30 MB, solutions = 0)
    486   454      231.1613    79                    321.1196   350438         
    494   456      240.0785   154                    321.1196   351475         
    501   463      228.2048    90                    321.1196   352736         
    510   462      321.0942  1095                    321.0942   353573         
    512   464      320.8471  1012                    321.0922   354638         
    514   466      320.6524  1051                    321.0922   355820         
    516   468      320.5353  1084                    321.0922   356801         
    517   469      320.4678  1067                    321.0922   357523         
    518   470      320.3270  1107                    321.0922   358447         
    520   472      320.2968  1134                    321.0922   359124         
Elapsed time = 3432.99 sec. (3050760.98 ticks, tree = 206.05 MB, solutions = 0)
    521   473      320.1935  1137                    321.0922   359800         
    522   474      319.4981  1096                    321.0922   361909         
    523   475      319.4232  1191                    321.0922   362542         
    524   476      319.0973  1178                    321.0922   363831         
    525   477      319.0221  1115                    321.0922   364569         
    527   479      318.9738  1072                    321.0922   365544         
    546   498      318.8817  1107                    321.0922   366599         
    547   499      318.8679  1026                    321.0922   367356         
    549   501      318.1832  1076                    321.0922   369109         
    550   502      318.1183  1039                    321.0922   369786         
Elapsed time = 3521.37 sec. (3114188.45 ticks, tree = 217.71 MB, solutions = 0)
    552   504      317.8800  1067                    321.0922   371770         
    553   505      317.8155  1044                    321.0922   372459         
    555   507      317.5375  1131                    321.0922   374031         
    557   509      317.1617  1117                    321.0922   376259         
    558   510      316.9706  1081                    321.0922   377229         
    560   512      316.7512  1063                    321.0922   378648         
    562   514      316.0126  1058                    321.0922   380717         
    563   515      315.7390  1112                    321.0922   382821         
    564   516      315.6793  1119                    321.0922   383633         
    566   518      315.5177  1002                    321.0922   384795         
Elapsed time = 3696.07 sec. (3245061.98 ticks, tree = 223.95 MB, solutions = 0)
    568   520      315.4311  1021                    321.0922   385811         
    570   522      315.1660  1058                    321.0922   387357         
    572   524      315.0155  1003                    321.0922   388533         
    574   526      314.8675  1038                    321.0922   389523         
    576   528      314.6300  1083                    321.0922   390536         
    577   529      314.5039  1007                    321.0922   391665         
    578   530      314.2524  1074                    321.0922   392724         
    579   531      313.7582   997                    321.0922   393944         
    581   533      313.4045   969                    321.0922   395436         
    583   535      313.1309   975                    321.0922   396299         
Elapsed time = 3785.39 sec. (3312384.38 ticks, tree = 230.56 MB, solutions = 0)
    584   536      312.9153  1033                    321.0922   397386         
    585   537      312.8782   979                    321.0922   398159         
    587   539      312.5627   965                    321.0922   399378         
    589   541      312.5051   918                    321.0922   400034         
    590   542      312.1239  1012                    321.0922   401763         
    592   544      312.0359   974                    321.0922   402523         
    593   545      311.9683  1034                    321.0922   403518         
    595   547      311.8454  1010                    321.0922   405072         
    596   548      311.7108  1126                    321.0922   406284         
    597   549      311.6513  1046                    321.0922   407397         
Elapsed time = 3872.66 sec. (3377793.20 ticks, tree = 236.01 MB, solutions = 0)
    599   551      311.2469  1065                    321.0922   408824         
    600   552      311.1704  1076                    321.0922   409761         
    602   554      319.6252  1064                    321.0864   413148         
    604   556      319.3815  1047                    321.0864   414008         
    605   557      319.1384  1016                    321.0864   415137         
    607   559      318.7701  1047                    321.0864   416603         
    608   560      318.6629   814                    321.0864   417635         
    609   561      318.5444   809                    321.0864   418868         
    610   562      316.2049   834                    321.0864   420390         
    611   563      318.3585   818                    321.0864   421121         
Elapsed time = 4049.87 sec. (3519458.52 ticks, tree = 241.44 MB, solutions = 0)
    612   564      317.7443   728                    321.0864   423569         
    613   565      317.3252   770                    321.0864   424295         
    614   566      316.6821   793                    321.0864   425937         
    616   568      315.9981   852                    321.0864   427752         
    618   570      316.5003   910                    321.0864   429410         
    619   571      316.5525   758                    321.0864   430571         
    621   573      316.4924   674                    321.0864   431609         
    623   575      315.6634   644                    321.0864   433263         
    624   576      315.3239   636                    321.0864   434185         
    625   577      315.1408   708                    321.0864   436602         
Elapsed time = 4283.58 sec. (3731788.24 ticks, tree = 248.04 MB, solutions = 0)
    626   578      315.0188   648                    321.0864   438194         
    627   579      314.6346   593                    321.0864   439767         
    629   581      314.4569   646                    321.0864   440703         
    632   584      311.7154   589                    321.0864   441555         
    634   586      313.6104   607                    321.0864   444270         
    637   589      301.4074   604                    321.0864   446321         
    639   591      313.2866   666                    321.0864   447044         
    640   592      310.8671   647                    321.0864   448101         
    642   594      304.5164   507                    321.0864   450662         
    644   596      313.0417   652                    321.0864   451521         
Elapsed time = 4382.85 sec. (3810821.47 ticks, tree = 255.98 MB, solutions = 0)
    646   598      311.7788   574                    321.0864   452428         
    648   600      309.4064   594                    321.0864   453690         
    650   602      306.8820   526                    321.0864   455682         
    654   606      310.1591   622                    321.0864   457828         
    656   608      308.5172   574                    321.0864   459166         
    657   609      310.4191   604                    321.0864   460128         
    659   611      308.7086   584                    321.0864   461598         
    660   612      277.9673   573                    321.0864   464934         
    661   613      308.4632   532                    321.0864   465751         
    662   614      307.7035   552                    321.0864   466840         
Elapsed time = 4477.69 sec. (3886915.34 ticks, tree = 263.91 MB, solutions = 0)
    663   615      277.3611   567                    321.0864   469186         
    665   617      282.0714   594                    321.0864   471242         
    666   618      306.0714   611                    321.0864   472156         
    667   619      277.1419   552                    321.0864   474537         
    669   621      276.9391   595                    321.0864   476872         
    670   622      301.7893   609                    321.0864   477638         
    672   624      300.7798   561                    321.0864   478760         
    673   625      291.0677   602                    321.0864   479586         
    674   626      276.6260   604                    321.0864   481099         
    675   627      290.5351   600                    321.0864   482157         
Elapsed time = 4568.31 sec. (3957901.45 ticks, tree = 269.65 MB, solutions = 0)
    676   628      277.4597   635                    321.0864   483803         
    678   630      273.8493   658                    321.0864   485896         
    680   632      288.2438   569                    321.0864   488112         
    681   633      246.8602   651                    321.0864   491437         
    682   634      287.4485   606                    321.0864   492343         
    685   635      253.1588   633                    321.0864   496343         
    686   636      285.4495   622                    321.0864   497538         
    688   638      268.3689   706                    321.0864   499354         
    690   640      281.6674   568                    321.0864   501122         
    692   642      281.4213   542                    321.0864   502178         
Elapsed time = 4700.51 sec. (4067417.35 ticks, tree = 276.70 MB, solutions = 0)
    694   644      280.6616   545                    321.0864   503565         
    697   643    infeasible                          321.0864   504380         
    699   645      278.7684   612                    321.0864   505121         
    701   645      278.0795   560                    321.0864   506298         
    703   647      257.3004   602                    321.0864   510623         
    705   649      276.7741   567                    321.0864   512873         
    706   650      274.1315   609                    321.0864   514001         
    707   651      274.8899   571                    321.0864   514800         
    708   652      264.8200   670                    321.0864   517241         
    712   650      320.4631  1080                    320.9621   519502         
Elapsed time = 4804.03 sec. (4151079.21 ticks, tree = 280.29 MB, solutions = 0)
    713   651      320.4013  1088                    320.9621   520265         
    714   652      320.3501   907                    320.9621   521053         
    715   653      319.6852   809                    320.9621   522955         
    717   655      317.0756   758                    320.9621   525344         
    719   657      318.2649   717                    320.9621   527190         
    721   659      306.8395   774                    320.9621   529864         
    723   661      310.5099   663                    320.9621   530973         
    727   665      317.8212   803                    320.9621   532537         
    729   667      315.9894   750                    320.9621   533431         
    730   668      314.0316   748                    320.9621   534575         
Elapsed time = 4911.09 sec. (4231823.87 ticks, tree = 287.85 MB, solutions = 0)
    731   669      315.0109   740                    320.9621   536186         
    732   670      312.4943   723                    320.9621   537429         
    734   672      314.0160   703                    320.9621   539300         
    736   674      313.9499   448                    320.9621   540481         
    737   675      313.5363   477                    320.9621   542119         
    738   676      310.3105   476                    320.9621   543944         
    739   677      313.4014   531                    320.9621   544785         
    740   678      312.6309   535                    320.9621   546365         
    742   680      309.9213   489                    320.9621   548519         
    743   681      309.8094   547                    320.9621   549349         
Elapsed time = 5017.74 sec. (4312575.10 ticks, tree = 293.12 MB, solutions = 0)
    745   683      309.7401   414                    320.9621   550703         
    746   684      308.9301   483                    320.9621   552295         
    748   686      309.2470   382                    320.9621   553648         
    750   688      308.7902   393                    320.9621   554463         
    753   691      306.5779   572                    320.9621   557062         
    755   693      307.9861   339                    320.9621   558158         
    756   694      306.7361   330                    320.9621   560009         
    757   695      307.6232   313                    320.9621   560878         
    759   697      303.4007   351                    320.9621   562848         
    760   698      307.3615   417                    320.9621   563862         
Elapsed time = 5117.11 sec. (4389116.25 ticks, tree = 300.60 MB, solutions = 0)
    761   699      305.8506   467                    320.9621   566144         
    763   701      304.5392   385                    320.9621   567767         
    765   703      303.8027   424                    320.9621   569350         
    767   705      303.7837   298                    320.9621   570881         
    769   707      301.0078   308                    320.9621   572687         
    771   709      302.7034   317                    320.9621   573916         
    772   710      302.7112   387                    320.9621   575043         
    774   712      303.2712   303                    320.9621   576023         
    776   714      303.1209   266                    320.9621   576936         
    778   716      300.7318   306                    320.9621   578019         
Elapsed time = 5205.06 sec. (4459252.78 ticks, tree = 308.52 MB, solutions = 0)
    779   717      299.7030   259                    320.9621   579467         
    783   721      299.0579   279                    320.9621   580329         
    784   722      298.6196   208                    320.9621   581213         
    786   724      293.5129   197                    320.9621   582129         
    789   727      294.9599   197                    320.9621   583129         
    794   732      295.2419   168                    320.9621   584202         
    795   733      259.3465   224                    320.9621   587580         
    799   737      259.1347   274                    320.9621   592576         
    800   738      291.6411   150                    320.9621   592869         
    802   740      291.3664   217                    320.9621   593987         
Elapsed time = 5316.19 sec. (4552222.98 ticks, tree = 319.10 MB, solutions = 0)
    806   743      248.8811   163                    320.9621   597344         
    808   745      246.1671   163                    320.9621   600170         
    810   747      267.0506   215                    320.9621   601768         
    815   752      281.4712   149                    320.9621   602846         
    816   753      252.0151   152                    320.9621   604918         
    819   756      279.1174   203                    320.9621   606046         
    820   757      268.8915   198                    320.9621   607231         
    822   759      251.4169   211                    320.9621   609124         
    824   761      270.3255   226                    320.9621   610065         
    828   765      268.4527   231                    320.9621   611026         
Elapsed time = 5401.75 sec. (4621719.27 ticks, tree = 330.59 MB, solutions = 0)
    830   767      254.9600   116                    320.9621   613261         
    832   769      259.3858   168                    320.9621   614101         
    836   773      263.7080   131                    320.9621   615187         
    838   775      256.9199   135                    320.9621   616628         
    840   777      244.4467   190                    320.9621   618819         
    841   778      258.7390   131                    320.9621   619058         
    844   779      257.8468   169                    320.9621   620229         
    846   781      252.1673   139                    320.9621   621413         
    848   783      250.8921   199                    320.9621   623019         
    850   785      251.6223   168                    320.9621   623931         
Elapsed time = 5593.73 sec. (4800200.53 ticks, tree = 339.01 MB, solutions = 0)
    853   788      230.2352   214                    320.9621   626003         
    857   792      246.0556   217                    320.9621   627224         
    859   794      245.1235   240                    320.9621   628403         
    860   795      228.9654   209                    320.9621   629620         
    864   799      240.0247   235                    320.9621   631083         
    869   804      234.1698   211                    320.9621   632657         
    874   805      195.8635   199                    320.9621   634271         
    878   809      225.6649   214                    320.9621   635867         
    881   812      209.7073   203                    320.9621   637501         
    883   814      174.6619   146                    320.9621   638882         
Elapsed time = 5642.30 sec. (4845311.87 ticks, tree = 352.43 MB, solutions = 0)
    888   817      213.4265   219                    320.9621   640275         
    892   821      210.3804   205                    320.9621   641833         
    900   827      179.7413   224                    320.9621   643572         
    912   826      319.8115   988                    320.8457   645081         
    916   830      319.2383   984                    320.8457   646007         
    917   831      319.3131   794                    320.8457   646686         
    920   834      318.9454   859                    320.8457   647551         
    923   837      316.3723   822                    320.8457   648594         
    924   838      318.2013   780                    320.8457   649835         
    927   841      317.0849   844                    320.8457   651460         
Elapsed time = 5711.25 sec. (4901176.31 ticks, tree = 364.40 MB, solutions = 0)
    931   845      315.5166   673                    320.8457   652526         
    933   847      316.1848   846                    320.8457   654190         
    936   850      316.0378   816                    320.8457   655437         
    939   853      315.0584   820                    320.8457   656223         
    941   855      317.3179   796                    320.8457   657160         
    942   856      317.0084   764                    320.8457   658734         
    943   857      316.7838   817                    320.8457   659680         
    945   859      316.6327   825                    320.8457   660786         
    946   860      299.6653   908                    320.8457   665537         
    947   861      316.5198   778                    320.8457   666418         
Elapsed time = 5970.35 sec. (5137894.96 ticks, tree = 373.19 MB, solutions = 0)
    948   862      316.3897   764                    320.8457   667662         
    950   864      312.7336   848                    320.8457   668588         
    952   866      315.7534   716                    320.8457   670462         
    954   868      314.0903   733                    320.8457   671742         
    956   870      292.7079   885                    320.8457   674557         
    958   872      308.4367   773                    320.8457   675847         
    959   873      310.9188   742                    320.8457   676805         
    960   874      310.1693   624                    320.8457   677770         
    962   876      309.7403   650                    320.8457   678592         
    963   877      309.1421   623                    320.8457   679516         
Elapsed time = 6054.18 sec. (5205889.94 ticks, tree = 380.23 MB, solutions = 0)
    964   878      308.8733   591                    320.8457   680713         
    965   879      308.7863   562                    320.8457   681410         
    966   880      308.6695   545                    320.8457   682100         
    968   882      302.9679   442                    320.8457   684050         
    970   884      302.5542   531                    320.8457   686480         

Performing restart 1

Repeating presolve.
Tried aggregator 1 time.
MIP Presolve eliminated 11 rows and 2019 columns.
MIP Presolve modified 422699 coefficients.
Reduced MIP has 33216 rows, 483861 columns, and 2135213 nonzeros.
Reduced MIP has 483564 binaries, 0 generals, 0 SOSs, and 0 indicators.
Presolve time = 1.54 sec. (1851.72 ticks)
Tried aggregator 2 times.
MIP Presolve eliminated 44 rows and 8108 columns.
MIP Presolve modified 41 coefficients.
Aggregator did 59 substitutions.
Reduced MIP has 33113 rows, 475694 columns, and 2099941 nonzeros.
Reduced MIP has 475397 binaries, 0 generals, 0 SOSs, and 0 indicators.
Presolve time = 1.51 sec. (1568.44 ticks)
Tried aggregator 2 times.
MIP Presolve eliminated 3 rows and 633 columns.
Aggregator did 9 substitutions.
Reduced MIP has 33101 rows, 475052 columns, and 2097089 nonzeros.
Reduced MIP has 474755 binaries, 0 generals, 0 SOSs, and 0 indicators.
Presolve time = 1.62 sec. (1361.22 ticks)
Represolve time = 114.83 sec. (126714.25 ticks)
    972     0      320.4624  1067                   Cuts: 476   728478         
    972     0      320.0493  1016                   Cuts: 581   731481         
    972     0      320.0296   958                   Cuts: 574   732051         
    972     0      319.9907   996                   Cuts: 102   732309         
    972     0      319.8799   997                    Cuts: 37   732595         
    972     0      319.8336   994                    Cuts: 15   732923         
    972     0      319.7777  1068                    Cuts: 15   733416         
    972     0      319.7189  1105                    Cuts: 67   734120         
    972     0      319.7109  1092                   Cuts: 108   734258         
    972     0      319.7096  1074                    Cuts: 81   734367         
    972     0      319.6684  1009                    Cuts: 20   735008         
    972     0      319.6452   967                    Cuts: 32   735489         
    972     0      319.5750   989                    Cuts: 95   736088         
    972     0      319.5010  1022                    Cuts: 88   736472         
    972     0      319.4016  1073                    Cuts: 97   737195         
    972     0      319.3578  1055                    Cuts: 72   737975         
    972     0      319.2630  1075                   Cuts: 190   738916         
    972     0      319.1323  1052                    Cuts: 77   740595         
    972     0      319.0362  1003                   Cuts: 107   741323         
    972     0      318.9903  1010                    Cuts: 39   742896         
    972     0      318.8063  1114                   Cuts: 117   744195         
    972     0      318.7456  1083                   Cuts: 159   744647         
    972     0      318.7140  1224                    Cuts: 30   745041         
    972     0      318.6247  1190                   Cuts: 198   745890         
    972     0      318.5860  1185                    Cuts: 97   746665         
    972     0      318.5439  1219                    Cuts: 13   747266         
    972     0      318.5115  1203                    Cuts: 29   748158         
    972     2      318.5115  1203                    318.5114   748158         
    974     4      318.3952  1161                    318.5089   749192         
    975     5      318.3719   858                    318.5063   750513         
    976     6      318.3751  1185                    318.5063   750846         
    977     7      316.1567  1094                    318.5063   752834         
Elapsed time = 7111.16 sec. (6413356.79 ticks, tree = 2.01 MB, solutions = 0)
    978     8      318.3476  1210                    318.5063   753264         
    979     9      312.3090  1023                    318.5063   758657         
    980    10      318.1899  1035                    318.5063   760647         

GUB cover cuts applied:  10
Clique cuts applied:  6
Cover cuts applied:  9
Implied bound cuts applied:  24
Flow cuts applied:  29
Mixed integer rounding cuts applied:  698
Zero-half cuts applied:  99
Lift and project cuts applied:  1
Gomory fractional cuts applied:  5

Root node processing (before b&c):
  Real time             =  851.97 sec. (864995.77 ticks)
Sequential b&c:
  Real time             = 6348.05 sec. (5654723.03 ticks)
                          ------------
Total (root+branch&cut) = 7200.03 sec. (6519718.80 ticks)

CPLEX Sol status: Unknown
Instance Name: sarp-100-50-A-2

K: 26
Multi parcel
Value of Q: 50
Version identifier: 22.1.1.0 | 2022-11-28 | 9160aff4d
CPXPARAM_Threads                                 1
CPXPARAM_TimeLimit                               7200
Tried aggregator 2 times.
MIP Presolve eliminated 27714 rows and 22505 columns.
MIP Presolve modified 94797 coefficients.
Aggregator did 5 substitutions.
Reduced MIP has 34117 rows, 491275 columns, and 2346004 nonzeros.
Reduced MIP has 490976 binaries, 0 generals, 0 SOSs, and 0 indicators.
Presolve time = 2.31 sec. (2623.28 ticks)
Tried aggregator 1 time.
Detecting symmetries...
Reduced MIP has 34117 rows, 491275 columns, and 2346004 nonzeros.
Reduced MIP has 490976 binaries, 0 generals, 0 SOSs, and 0 indicators.
Presolve time = 1.43 sec. (1201.03 ticks)
Probing time = 0.18 sec. (120.77 ticks)
Clique table members: 261155.
MIP emphasis: balance optimality and feasibility.
MIP search method: dynamic search.
Parallel mode: none, using 1 thread.
Root relaxation solution time = 65.23 sec. (85081.54 ticks)

        Nodes                                         Cuts/
   Node  Left     Objective  IInf  Best Integer    Best Bound    ItCnt     Gap

      0     0      347.4941   749                    347.4941    30523         
      0     0      342.1915   758                  Cuts: 1329    36789         
      0     0      341.4353   852                   Cuts: 710    39418         
      0     0      340.3272   909                   Cuts: 126    42325         
      0     0      339.6797   838                   Cuts: 468    43667         
      0     0      339.2514   875                   Cuts: 729    45447         
Detecting symmetries...
      0     0      339.0574   914                   Cuts: 271    46769         
      0     0      338.8193   855                   Cuts: 288    47422         
      0     0      338.7476   964                   Cuts: 277    48426         
      0     0      338.7406   849                   Cuts: 310    48820         
      0     0      338.6170   991                   Cuts: 122    49376         
      0     0      338.5904   956                   Cuts: 209    50160         
      0     0      338.5336   865                   Cuts: 164    51117         
      0     0      338.5336   853                   Cuts: 129    51137         
      0     0      338.5050   844                    Cuts: 56    51682         
Heuristic still looking.
Heuristic still looking.
*     0+    0                         -505.6800      338.5050           166.94%
*     0+    0                         -504.3620      338.5050           167.12%
Detecting symmetries...
      0     2      338.5050   844     -504.3620      338.5017    51682  167.11%
Elapsed time = 601.51 sec. (620092.99 ticks, tree = 0.01 MB, solutions = 2)
      1     3      335.9022   803     -504.3620      338.5017    53573  167.11%
      2     4      338.3540   873     -504.3620      338.3535    54052  167.09%
      3     5      335.8034   790     -504.3620      338.3535    54713  167.09%
      4     6      335.2888   802     -504.3620      338.3535    55848  167.09%
      5     7      335.2973   742     -504.3620      338.3535    56805  167.09%
      6     8      335.1562   787     -504.3620      338.3535    57740  167.09%
      7     9      335.1977   655     -504.3620      338.3535    58569  167.09%
      8    10      334.6846   660     -504.3620      338.3535    59930  167.09%
      9    11      334.6648   612     -504.3620      338.3535    61996  167.09%
     10    12      334.3440   584     -504.3620      338.3535    62373  167.09%
Elapsed time = 709.37 sec. (719961.99 ticks, tree = 4.38 MB, solutions = 2)
     11    13      334.3067   622     -504.3620      338.3535    62682  167.09%
     12    14      332.8769   533     -504.3620      338.3535    63248  167.09%
     13    15      331.6360   576     -504.3620      338.3535    63560  167.09%
     16    18      332.5518   570     -504.3620      338.3535    63908  167.09%
     18    20      332.3847   557     -504.3620      338.3535    64467  167.09%
     19    21      332.2615   581     -504.3620      338.3535    65806  167.09%
     20    22      330.4384   482     -504.3620      338.3535    68516  167.09%
     21    23      329.0079   526     -504.3620      338.3535    69567  167.09%
     22    24      329.2707   452     -504.3620      338.3535    69978  167.09%
     23    25      329.0810   462     -504.3620      338.3535    70572  167.09%
Elapsed time = 791.42 sec. (798556.57 ticks, tree = 9.75 MB, solutions = 2)
     24    25      326.3114   445     -504.3620      338.3535    70961  167.09%
     28    29      328.6789   466     -504.3620      338.3535    71234  167.09%
     29    30      328.7125   508     -504.3620      338.3535    71677  167.09%
     30    30      325.9777   486     -504.3620      338.3535    72878  167.09%
     31    31      328.4632   510     -504.3620      338.3535    73448  167.09%
     32    32      327.0733   512     -504.3620      338.3535    73852  167.09%
     39    39      328.2554   482     -504.3620      338.3535    74600  167.09%
     40    40      328.2427   468     -504.3620      338.3535    74726  167.09%
     42    42      328.1490   466     -504.3620      338.3535    74934  167.09%
     43    43      328.1209   462     -504.3620      338.3535    75249  167.09%
Elapsed time = 818.32 sec. (821482.97 ticks, tree = 18.28 MB, solutions = 2)
     44    44      328.0328   475     -504.3620      338.3535    75520  167.09%
     45    45      326.3276   404     -504.3620      338.3535    76258  167.09%
     46    46      326.2758   458     -504.3620      338.3535    76600  167.09%
     47    47      325.7038   388     -504.3620      338.3535    77664  167.09%
     50    50      325.6733   324     -504.3620      338.3535    77806  167.09%
     51    51      325.4200   363     -504.3620      338.3535    78141  167.09%
     52    52      324.8038   308     -504.3620      338.3535    78909  167.09%
     54    54      321.5859   118     -504.3620      338.3535    79656  167.09%
     56    56      321.0141   139     -504.3620      338.3535    80082  167.09%
     57    57      320.7017   124     -504.3620      338.3535    80341  167.09%
Elapsed time = 848.17 sec. (846609.15 ticks, tree = 24.12 MB, solutions = 2)
     58    58      311.9078   100     -504.3620      338.3535    80732  167.09%
     59    59      318.0573   127     -504.3620      338.3535    81105  167.09%
     63    63      318.6009   109     -504.3620      338.3535    81382  167.09%
     64    64      320.0317   117     -504.3620      338.3535    81812  167.09%
     65    65      319.8188   154     -504.3620      338.3535    82433  167.09%
     66    66      313.8260   119     -504.3620      338.3535    82709  167.09%
     67    67      319.6733   149     -504.3620      338.3535    83569  167.09%
     71    71      319.4583   165     -504.3620      338.3535    84336  167.09%
     72    72      319.3017   146     -504.3620      338.3535    85093  167.09%
     74    74      317.7417   135     -504.3620      338.3535    86271  167.09%
Elapsed time = 883.30 sec. (876259.94 ticks, tree = 32.24 MB, solutions = 2)
     77    77      319.1062   128     -504.3620      338.3535    86415  167.09%
     80    80      319.1062   128     -504.3620      338.3535    86418  167.09%
     90    90      319.1062   128     -504.3620      338.3535    86429  167.09%
     94    94      318.8145   106     -504.3620      338.3535    86770  167.09%
     95    95      318.6883   131     -504.3620      338.3535    87015  167.09%
     96    96      317.8487   104     -504.3620      338.3535    87414  167.09%
     97    97      317.7924    95     -504.3620      338.3535    87739  167.09%
     98    98      317.7587   171     -504.3620      338.3535    88088  167.09%
     99    99      314.4224   163     -504.3620      338.3535    89968  167.09%
    101   101      317.6716   108     -504.3620      338.3535    90088  167.09%
Elapsed time = 910.01 sec. (899560.43 ticks, tree = 44.42 MB, solutions = 2)
    103   103      313.5482   135     -504.3620      338.3535    91407  167.09%
    104   104      317.5897   185     -504.3620      338.3535    91644  167.09%
    105   105      313.4635    94     -504.3620      338.3535    92765  167.09%
    106   106      313.1489   133     -504.3620      338.3535    93085  167.09%
    108   108      312.8475   132     -504.3620      338.3535    93575  167.09%
    109   109      310.8325   180     -504.3620      338.3535    93863  167.09%
    110   110      312.1447   134     -504.3620      338.3535    94144  167.09%
    111   111      312.7605   149     -504.3620      338.3535    94542  167.09%
    112   112      311.8077   165     -504.3620      338.3535    94822  167.09%
    113   113      311.5742   123     -504.3620      338.3535    95048  167.09%
Elapsed time = 937.46 sec. (923097.31 ticks, tree = 49.84 MB, solutions = 2)
    115   115      310.0887   120     -504.3620      338.3535    95455  167.09%
    116   116      308.9522   119     -504.3620      338.3535    95671  167.09%
    118   118      310.0942    91     -504.3620      338.3535    96140  167.09%
    120   120      308.9902    89     -504.3620      338.3535    96325  167.09%
    123   123      309.4499   120     -504.3620      338.3535    96765  167.09%
    124   124      309.3744   101     -504.3620      338.3535    97347  167.09%
    125   125      308.2355   182     -504.3620      338.3535    98260  167.09%
    126   126      309.1355   125     -504.3620      338.3535    98579  167.09%
    127   127      305.2586   138     -504.3620      338.3535    99537  167.09%
    128   128      308.4537   136     -504.3620      338.3535    99942  167.09%
Elapsed time = 963.06 sec. (944972.44 ticks, tree = 56.16 MB, solutions = 2)
    130   130      308.5632   124     -504.3620      338.3535   100270  167.09%
    132   132      308.2849    83     -504.3620      338.3535   100572  167.09%
    135   135      297.8403   142     -504.3620      338.3535   101686  167.09%
    136   136      301.9265    96     -504.3620      338.3535   102513  167.09%
    137   137      299.3660   137     -504.3620      338.3535   103419  167.09%
    138   138      301.6521   153     -504.3620      338.3535   104029  167.09%
    139   139      296.6192   147     -504.3620      338.3535   104861  167.09%
    140   140      301.3853   200     -504.3620      338.3535   105021  167.09%
    142   142      301.2861   158     -504.3620      338.3535   105687  167.09%
    143   143      289.3022   125     -504.3620      338.3535   106285  167.09%
Elapsed time = 998.33 sec. (976055.67 ticks, tree = 63.41 MB, solutions = 2)
    147   147      295.4358   195     -504.3620      338.3535   107098  167.09%
    148   148      300.7048   163     -504.3620      338.3535   107305  167.09%
    150   150      300.6772   122     -504.3620      338.3535   107591  167.09%
    151   151      295.8789   109     -504.3620      338.3535   108283  167.09%
    153   153      300.4351   171     -504.3620      338.3535   109155  167.09%
    156   156      299.9568   110     -504.3620      338.3535   109374  167.09%
    158   158      300.0555    32     -504.3620      338.3535   109674  167.09%
    160   159      296.2471    65     -504.3620      338.3535   110068  167.09%
    162   161      296.2203   123     -504.3620      338.3535   110467  167.09%
    170   167    infeasible           -504.3620      338.3535   111779  167.09%
Elapsed time = 1021.52 sec. (997318.61 ticks, tree = 74.29 MB, solutions = 2)
    174   171      290.6687   114     -504.3620      338.3535   112805  167.09%
    178   173      274.1872   142     -504.3620      338.3535   114286  167.09%
    183   172      334.6612   783     -504.3620      338.3534   117106  167.09%
    185   174      334.1910   736     -504.3620      338.3534   118865  167.09%
    187   176      333.7152   776     -504.3620      338.3534   120553  167.09%
    189   178      333.4506   753     -504.3620      338.3534   121662  167.09%
    190   179      332.8483   690     -504.3620      338.3534   122877  167.09%
    192   181      332.5932   725     -504.3620      338.3534   124061  167.09%
    193   182      332.5085   639     -504.3620      338.3534   125552  167.09%
    195   184      332.4411   610     -504.3620      338.3534   126217  167.09%
Elapsed time = 1107.76 sec. (1066982.55 ticks, tree = 81.50 MB, solutions = 2)
    199   188      331.8355   678     -504.3620      338.3534   127212  167.09%
    200   189      325.1731   474     -504.3620      338.3534   129790  167.09%
    201   190      325.0343   636     -504.3620      338.3534   130814  167.09%
    202   190      322.1778   568     -504.3620      338.3534   132302  167.09%
    203   191      320.2411   569     -504.3620      338.3534   133337  167.09%
    205   193      320.0140   551     -504.3620      338.3534   134591  167.09%
    206   194      319.7914   501     -504.3620      338.3534   135317  167.09%
    208   196      319.6720   486     -504.3620      338.3534   136370  167.09%
    211   199      319.1482   493     -504.3620      338.3534   137959  167.09%
    212   200      319.5016   495     -504.3620      338.3534   138671  167.09%
Elapsed time = 1255.99 sec. (1188707.46 ticks, tree = 89.12 MB, solutions = 2)
    214   202      318.7920   501     -504.3620      338.3534   140203  167.09%
    216   204      318.8361   461     -504.3620      338.3534   141269  167.09%
    217   205      315.9104   424     -504.3620      338.3534   142429  167.09%
    219   207      315.3140   469     -504.3620      338.3534   143926  167.09%
    220   208      318.6640   469     -504.3620      338.3534   144444  167.09%
    221   209      314.6553   447     -504.3620      338.3534   146081  167.09%
    223   211      318.1795   409     -504.3620      338.3534   147121  167.09%
    233   221      314.9277   360     -504.3620      338.3534   148603  167.09%
    234   222      314.0168   277     -504.3620      338.3534   149419  167.09%
    236   224      309.1008   256     -504.3620      338.3534   150893  167.09%
Elapsed time = 1337.98 sec. (1258550.71 ticks, tree = 99.92 MB, solutions = 2)
    239   227      312.1363   185     -504.3620      338.3534   152413  167.09%
    240   228      311.5089   228     -504.3620      338.3534   153325  167.09%
    244   232      308.9928   251     -504.3620      338.3534   154520  167.09%
    248   236      311.0082   213     -504.3620      338.3534   155419  167.09%
    253   240      309.7935   197     -504.3620      338.3534   157047  167.09%
    254   241      307.4293   196     -504.3620      338.3534   158236  167.09%
    256   243      308.9330   184     -504.3620      338.3534   159009  167.09%
    257   244      308.5708   166     -504.3620      338.3534   159984  167.09%
    259   246      306.1876   201     -504.3620      338.3534   161277  167.09%
    260   247      308.3097   152     -504.3620      338.3534   162014  167.09%
Elapsed time = 1404.97 sec. (1314326.52 ticks, tree = 110.30 MB, solutions = 2)
    262   249      307.8535   183     -504.3620      338.3534   163085  167.09%
    265   252      303.4311   136     -504.3620      338.3534   164251  167.09%
    267   254      307.2396   123     -504.3620      338.3534   165409  167.09%
    270   257      303.7429   153     -504.3620      338.3534   166481  167.09%
    272   259      302.3282   130     -504.3620      338.3534   167898  167.09%
    273   260      305.3388   132     -504.3620      338.3534   168771  167.09%
    274   261      305.4291   163     -504.3620      338.3534   169996  167.09%
    277   264      304.6843   162     -504.3620      338.3534   170947  167.09%
    279   266      304.6734   164     -504.3620      338.3534   171883  167.09%
    280   267      300.6521   196     -504.3620      338.3534   173716  167.09%
Elapsed time = 1469.29 sec. (1369660.72 ticks, tree = 119.34 MB, solutions = 2)
    282   269      302.8398    52     -504.3620      338.3534   175209  167.09%
    287   274      295.7359    77     -504.3620      338.3534   176369  167.09%
    292   279      300.1028    30     -504.3620      338.3534   177326  167.09%
    296   283      297.0445    41     -504.3620      338.3534   178717  167.09%
    300   287      281.7908    78     -504.3620      338.3534   180091  167.09%
    305   291      293.1101    76     -504.3620      338.3534   181308  167.09%
    308   291    infeasible           -504.3620      338.3534   184445  167.09%
    311   294      276.7348    78     -504.3620      338.3534   185347  167.09%
    317   299      267.9011    69     -504.3620      338.3534   186718  167.09%
    325   307      264.1196    65     -504.3620      338.3534   188300  167.09%
Elapsed time = 1528.22 sec. (1422603.50 ticks, tree = 137.45 MB, solutions = 2)
    330   312      281.6157    88     -504.3620      338.3534   189808  167.09%
    333   315      243.5849    91     -504.3620      338.3534   192163  167.09%
    335   317      271.3824    86     -504.3620      338.3534   193243  167.09%
    346   328      252.1106    62     -504.3620      338.3534   195018  167.09%
    355   337      247.4082    63     -504.3620      338.3534   196629  167.09%
    364   342    infeasible           -504.3620      338.3534   201437  167.09%
    373   351      233.9937    76     -504.3620      338.3534   202691  167.09%
    385   363      245.1519    64     -504.3620      338.3534   204149  167.09%
    397   373      215.2644    87     -504.3620      338.3534   206170  167.09%
    399   373    infeasible           -504.3620      338.3534   208587  167.09%
Elapsed time = 1603.95 sec. (1490424.94 ticks, tree = 167.35 MB, solutions = 2)
    405   379      216.2533   147     -504.3620      338.3534   209708  167.09%
    409   381    infeasible           -504.3620      338.3534   212527  167.09%
    411   381      338.3057   891     -504.3620      338.3057   213159  167.08%
    412   382      307.8210   665     -504.3620      338.3053   217879  167.08%
    413   383      304.8542   653     -504.3620      338.3053   218776  167.08%
    417   383      338.0445   887     -504.3620      338.2394   220112  167.06%
    419   385      337.8205   986     -504.3620      338.2394   221324  167.06%
    420   386      337.6736   919     -504.3620      338.2394   222462  167.06%
    423   389      337.6067   906     -504.3620      338.2394   223118  167.06%
    426   392      337.4470   902     -504.3620      338.2394   224035  167.06%
Elapsed time = 1704.69 sec. (1568709.49 ticks, tree = 175.46 MB, solutions = 2)
    431   397      337.3660   907     -504.3620      338.2394   224874  167.06%
    440   406      337.2476   854     -504.3620      338.2394   225383  167.06%
    447   413      336.6756   876     -504.3620      338.2394   227340  167.06%
    448   414      336.3097   858     -504.3620      338.2394   228440  167.06%
    449   415      336.1580   861     -504.3620      338.2394   229402  167.06%
    450   416      335.9228   840     -504.3620      338.2394   230359  167.06%
    453   419      335.6438   936     -504.3620      338.2394   232136  167.06%
    454   420      335.3175   937     -504.3620      338.2394   233490  167.06%
    457   423      335.0815   887     -504.3620      338.2394   234681  167.06%
    460   426      334.9293   911     -504.3620      338.2394   235700  167.06%
Elapsed time = 1795.69 sec. (1636945.42 ticks, tree = 189.03 MB, solutions = 2)
    463   429      334.6243   865     -504.3620      338.2394   236789  167.06%
    466   432      334.3642   876     -504.3620      338.2394   237526  167.06%
    468   434      334.2107   859     -504.3620      338.2394   238587  167.06%
    470   436      334.0279   861     -504.3620      338.2394   239736  167.06%
    472   438      333.9209   892     -504.3620      338.2394   240570  167.06%
    473   439      333.8125   895     -504.3620      338.2394   241405  167.06%
    477   443      333.7384   929     -504.3620      338.2394   242112  167.06%
    479   445      333.5037   881     -504.3620      338.2394   243419  167.06%
    480   446      333.4820   867     -504.3620      338.2394   243725  167.06%
    484   450      333.3546   898     -504.3620      338.2394   244609  167.06%
Elapsed time = 1900.42 sec. (1715962.49 ticks, tree = 198.61 MB, solutions = 2)
    485   451      333.2468   946     -504.3620      338.2394   245412  167.06%
    492   458      333.2010   843     -504.3620      338.2394   246210  167.06%
    497   463      333.1065   976     -504.3620      338.2394   247189  167.06%
    499   465      332.9196   896     -504.3620      338.2394   248535  167.06%
    500   466      332.7998   905     -504.3620      338.2394   249225  167.06%

Performing restart 1

Repeating presolve.
Tried aggregator 1 time.
MIP Presolve eliminated 14 rows and 2632 columns.
MIP Presolve modified 492876 coefficients.
Reduced MIP has 34103 rows, 488643 columns, and 2174472 nonzeros.
Reduced MIP has 488344 binaries, 0 generals, 0 SOSs, and 0 indicators.
Presolve time = 1.60 sec. (1929.34 ticks)
Tried aggregator 1 time.
Reduced MIP has 34103 rows, 488643 columns, and 2174472 nonzeros.
Reduced MIP has 488344 binaries, 0 generals, 0 SOSs, and 0 indicators.
Presolve time = 1.39 sec. (1160.10 ticks)
Represolve time = 5.46 sec. (5051.60 ticks)
    501     0      337.8717   845     -504.3620     Cuts: 304   289285  166.99%
    501     0      337.2643   975     -504.3620      Cuts: 93   292980  166.87%
    501     0      337.2097   960     -504.3620      Cuts: 96   294566  166.86%
    501     0      336.9962  1078     -504.3620      Cuts: 61   297995  166.82%
    501     0      336.9502  1074     -504.3620      Cuts: 20   298961  166.81%
    501     0      336.5284   913     -504.3620      Cuts: 50   300212  166.72%
    501     0      336.4846   956     -504.3620     Cuts: 344   301171  166.71%
    501     0      336.4458  1081     -504.3620      Cuts: 66   301896  166.71%
    501     0      336.2849  1058     -504.3620      Cuts: 51   303860  166.68%
    501     0      336.2009   975     -504.3620     Cuts: 256   305078  166.66%
    501     0      336.1636  1042     -504.3620      Cuts: 51   306431  166.65%
    501     0      336.1488  1039     -504.3620     Cuts: 109   306797  166.65%
    501     0      336.1465  1073     -504.3620      Cuts: 20   307063  166.65%
    501     0      336.1267  1075     -504.3620  ZeroHalf: 11   307609  166.64%
    501     0      336.1232  1153     -504.3620       Cuts: 6   308035  166.64%
    501     0      336.1092  1188     -504.3620      Cuts: 11   308501  166.64%
    501     0      336.0993  1217     -504.3620      Cuts: 19   308914  166.64%
    501     2      336.0993  1217     -504.3620      336.0993   308914  166.64%
    502     3      335.7814  1104     -504.3620      335.7812   310406  166.58%
    503     4      335.5620  1050     -504.3620      335.7812   312432  166.58%
    504     5      333.9962  1021     -504.3620      335.6829   314429  166.56%
    505     6      335.4506  1019     -504.3620      335.6829   315210  166.56%
Elapsed time = 5432.00 sec. (4682415.46 ticks, tree = 1.60 MB, solutions = 2)
    506     7      335.4477  1018     -504.3620      335.6829   315510  166.56%
    507     8      334.3863   868     -504.3620      335.6829   318540  166.56%
    508     9      335.3367   954     -504.3620      335.6829   319586  166.56%
    509    10      335.3002   936     -504.3620      335.6829   320228  166.56%

GUB cover cuts applied:  6
Clique cuts applied:  3
Cover cuts applied:  7
Implied bound cuts applied:  13
Flow cuts applied:  33
Mixed integer rounding cuts applied:  552
Zero-half cuts applied:  115
Lift and project cuts applied:  3
Gomory fractional cuts applied:  6

Root node processing (before b&c):
  Real time             =  591.71 sec. (609873.17 ticks)
Sequential b&c:
  Real time             = 6608.34 sec. (5446796.68 ticks)
                          ------------
Total (root+branch&cut) = 7200.06 sec. (6056669.85 ticks)

CPLEX Sol status: Feasible
 LB: -504.362
 UB: 335.683
Initializing solStats

Obj Val: -504.362

Solve Time: 7163.75
b(0): 16.45
b(1): 9.56666666666667
b(2): 16.2166666666667
b(3): 12.4833333333333
b(4): 12.2666666666667
b(5): 10.7333333333333
b(6): 14.1833333333333
b(7): 12.8166666666667
b(8): 13.3833333333333
b(9): 15.4333333333333
b(10): 11.7666666666667
b(11): 10.7
b(12): 10.75
b(13): 12.5833333333333
b(14): 11.2
b(15): 16.4833333333333
b(16): 14.5166666666667
b(17): 15.1833333333333
b(18): 16.6333333333333
b(19): 12.4833333333333
b(20): 16.2333333333333
b(21): 13.2166666666667
b(22): 12.1166666666667
b(23): 13.5833333333333
b(24): 15.25
b(25): 17.1833333333333
b(26): 9.86666666666667
b(27): 13.2166666666667
b(28): 15.9833333333333
b(29): 11.9666666666667
b(30): 11.8666666666667
b(31): 15.1
b(32): 10.0833333333333
b(33): 16.6166666666667
b(34): 16.1333333333333
b(35): 10.8833333333333
b(36): 10.0333333333333
b(37): 10.85
b(38): 14.3666666666667
b(39): 14.0833333333333
b(40): 16.95
b(41): 14.6666666666667
b(42): 13.3166666666667
b(43): 16.2333333333333
b(44): 9.93333333333333
b(45): 15.2
b(46): 15.3833333333333
b(47): 12.9833333333333
b(48): 10.9166666666667
b(49): 12.5666666666667
b(50): 14
b(51): 9.81666666666667
b(52): 14.3166666666667
b(53): 16.7833333333333
b(54): 11.9333333333333
b(55): 12.2333333333333
b(56): 16.6333333333333
b(57): 12.4833333333333
b(58): 16.1166666666667
b(59): 15.2833333333333
b(60): 12.9833333333333
b(61): 16.5166666666667
b(62): 10.9333333333333
b(63): 13.7333333333333
b(64): 15.8
b(65): 15.6
b(66): 15.2833333333333
b(67): 14.3666666666667
b(68): 17.1166666666667
b(69): 10.1833333333333
b(70): 17
b(71): 14.6
b(72): 15.5333333333333
b(73): 12.9833333333333
b(74): 13.5
b(75): 14
b(76): 16.7166666666667
b(77): 9.43333333333333
b(78): 15.5166666666667
b(79): 10.3
b(80): 10.5333333333333
b(81): 12.1833333333333
b(82): 16.6666666666667
b(83): 15.5166666666667
b(84): 11.6333333333333
b(85): 11.2666666666667
b(86): 16.2833333333333
b(87): 16.8
b(88): 12.2833333333333
b(89): 12.9333333333333
b(90): 12.6166666666667
b(91): 15.95
b(92): 12.1166666666667
b(93): 12.0833333333333
b(94): 10.2166666666667
b(95): 16.45
b(96): 10.35
b(97): 14.05
b(98): 13.5
b(99): 10.1333333333333
b(100): 16.9
b(101): 14.5
b(102): 15.0666666666667
b(103): 10.8
b(104): 14.1833333333333
b(105): 9.11666666666666
b(106): 9.13333333333333
b(107): 12.1166666666667
b(108): 15.7166666666667
b(109): 16.3166666666667
b(110): 9.28333333333333
b(111): 14.75
b(112): 11
b(113): 12.1166666666667
b(114): 13.9666666666667
b(115): 14
b(116): 11.1
b(117): 9.11666666666666
b(118): 13.8333333333333
b(119): 16.55
b(120): 14.55
b(121): 14.6333333333333
b(122): 10.3666666666667
b(123): 12.8666666666667
b(124): 14.2166666666667
b(125): 14.4666666666667
b(126): 10.5166666666667
b(127): 13.5833333333333
b(128): 14.5166666666667
b(129): 15.0166666666667
b(130): 9.41666666666666
b(131): 12.45
b(132): 11.55
b(133): 15.3666666666667
b(134): 14.2666666666667
b(135): 14.6166666666667
b(136): 15.4833333333333
b(137): 14.4
b(138): 17.7012195121951
b(139): 11.2333333333333
b(140): 11.7666666666667
b(141): 9.18333333333333
b(142): 15.85
b(143): 12.6333333333333
b(144): 10.1833333333333
b(145): 11.9833333333333
b(146): 14.5166666666667
b(147): 12.2833333333333
b(148): 10.9666666666667
b(149): 12.5166666666667
b(150): 17
b(151): 15.6
b(152): 16.1666666666667
b(153): 11.9
b(154): 14.2833333333333
b(155): 10.2166666666667
b(156): 10.2333333333333
b(157): 13.2166666666667
b(158): 16.8166666666667
b(159): 16.4166666666667
b(160): 10.3833333333333
b(161): 14.85
b(162): 12.1
b(163): 12.2166666666667
b(164): 15.0666666666667
b(165): 14.1
b(166): 13.2
b(167): 10.2166666666667
b(168): 15.9333333333333
b(169): 17.65
b(170): 14.65
b(171): 14.7333333333333
b(172): 11.4666666666667
b(173): 12.9666666666667
b(174): 15.3166666666667
b(175): 15.5666666666667
b(176): 10.6166666666667
b(177): 13.6833333333333
b(178): 14.6166666666667
b(179): 15.1166666666667
b(180): 10.5166666666667
b(181): 12.55
b(182): 11.65
b(183): 15.4666666666667
b(184): 14.3666666666667
b(185): 15.7166666666667
b(186): 15.5833333333333
b(187): 14.5
b(188): 17.8333333333333
b(189): 12.3333333333333
b(190): 11.8666666666667
b(191): 10.2833333333333
b(192): 15.95
b(193): 12.7333333333333
b(194): 11.2833333333333
b(195): 13.0833333333333
b(196): 15.6166666666667
b(197): 13.3833333333333
b(198): 12.0666666666667
b(199): 12.6166666666667
b(200): 9
b(201): 9
b(202): 9
b(203): 9
b(204): 9
b(205): 9
b(206): 9
b(207): 9
b(208): 9
b(209): 9
b(210): 9
b(211): 9
b(212): 9
b(213): 9
b(214): 9
b(215): 9
b(216): 9
b(217): 9
b(218): 9
b(219): 9
b(220): 9
b(221): 9
b(222): 9
b(223): 9
b(224): 9
b(225): 9
b(226): 19
b(227): 19
b(228): 19
b(229): 19
b(230): 19
b(231): 19
b(232): 19
b(233): 19
b(234): 19
b(235): 19
b(236): 19
b(237): 19
b(238): 19
b(239): 19
b(240): 19
b(241): 19
b(242): 19
b(243): 19
b(244): 19
b(245): 19
b(246): 19
b(247): 19
b(248): 19
b(249): 19
b(250): 19
b(251): 19


Customer profit: 452.592
Parcel profit: 4.4
Costs: 961.354
Without fixed: 956.954
after print results

Solution: 
Vehicle 0: 200 - 57 - 75 - 28 - 33 - 226 - Total time: 7.61666666666667
Vehicle 1: 201 - 5 - 88 - 73 - 52 - 45 - 58 - 82 - 227 - Total time: 7.66666666666667
Vehicle 2: 202 - 94 - 90 - 38 - 24 - 91 - 18 - 228 - Total time: 7.63333333333333
Vehicle 3: 203 - 29 - 42 - 17 - 76 - 229 - Total time: 7.71666666666667
Vehicle 4: 204 - 19 - 60 - 71 - 9 - 95 - 40 - 230 - Total time: 7.95
Vehicle 5: 205 - 4 - 39 - 66 - 231 - Total time: 6.28333333333333
Vehicle 6: 206 - 36 - 30 - 7 - 97 - 2 - 25 - 232 - Total time: 8.18333333333333
Vehicle 7: 207 - 51 - 80 - 47 - 65 - 15 - 138 - 188 - 233 - Total time: 8.83333333333333
Vehicle 8: 208 - 77 - 93 - 59 - 0 - 234 - Total time: 7.45
Vehicle 9: 209 - 69 - 62 - 3 - 23 - 16 - 61 - 235 - Total time: 7.51666666666667
Vehicle 10: 210 - 26 - 74 - 41 - 64 - 56 - 70 - 236 - Total time: 8
Vehicle 11: 211 - 49 - 237 - Total time: 3.56666666666667
Vehicle 12: 212 - 35 - 238 - Total time: 1.88333333333333
Vehicle 13: 213 - 48 - 81 - 27 - 239 - Total time: 4.21666666666667
Vehicle 14: 214 - 11 - 54 - 240 - Total time: 2.93333333333333
Vehicle 15: 215 - 44 - 84 - 13 - 98 - 6 - 83 - 53 - 241 - Total time: 7.78333333333333
Vehicle 16: 216 - 99 - 14 - 242 - Total time: 2.2
Vehicle 17: 217 - 79 - 55 - 8 - 31 - 34 - 243 - Total time: 7.13333333333333
Vehicle 18: 218 - 32 - 244 - Total time: 1.08333333333333
Vehicle 19: 219 - 96 - 21 - 245 - Total time: 4.21666666666667
Vehicle 20: 220 - 50 - 46 - 43 - 246 - Total time: 7.23333333333333
Vehicle 21: 221 - 12 - 10 - 63 - 78 - 86 - 87 - 68 - 247 - Total time: 8.11666666666667
Vehicle 22: 222 - 1 - 92 - 248 - Total time: 3.11666666666667
Vehicle 23: 223 - 37 - 249 - Total time: 1.85
Vehicle 24: 224 - 85 - 89 - 67 - 72 - 20 - 250 - Total time: 7.23333333333333
Vehicle 25: 225 - 22 - 251 - Total time: 3.11666666666667

Vehicle 0: S - d - d - d - d - f
Vehicle 1: S - d - d - d - d - d - d - d - f
Vehicle 2: S - d - d - d - d - d - d - f
Vehicle 3: S - d - d - d - d - f
Vehicle 4: S - d - d - d - d - d - d - f
Vehicle 5: S - d - d - d - f
Vehicle 6: S - d - d - d - d - d - d - f
Vehicle 7: S - d - d - d - d - d - P - D - f
Vehicle 8: S - d - d - d - d - f
Vehicle 9: S - d - d - d - d - d - d - f
Vehicle 10: S - d - d - d - d - d - d - f
Vehicle 11: S - d - f
Vehicle 12: S - d - f
Vehicle 13: S - d - d - d - f
Vehicle 14: S - d - d - f
Vehicle 15: S - d - d - d - d - d - d - d - f
Vehicle 16: S - d - d - f
Vehicle 17: S - d - d - d - d - d - f
Vehicle 18: S - d - f
Vehicle 19: S - d - d - f
Vehicle 20: S - d - d - d - f
Vehicle 21: S - d - d - d - d - d - d - d - f
Vehicle 22: S - d - d - f
Vehicle 23: S - d - f
Vehicle 24: S - d - d - d - d - d - f
Vehicle 25: S - d - f

************************************
Final solution value: -504.362
************************************
IN GENERATE RESULTS CSV
File exists: 1
CSV file 'TreatResults/FullResults/node2MMcsarpL.csv' generated successfully!
Instance Name: sarp-100-50-B-1

K: 26
Multi parcel
Value of Q: 50
Version identifier: 22.1.1.0 | 2022-11-28 | 9160aff4d
CPXPARAM_Threads                                 1
CPXPARAM_TimeLimit                               7200
Tried aggregator 2 times.
MIP Presolve eliminated 28456 rows and 34739 columns.
MIP Presolve modified 107292 coefficients.
Aggregator did 18 substitutions.
Reduced MIP has 33014 rows, 476404 columns, and 2255496 nonzeros.
Reduced MIP has 476108 binaries, 0 generals, 0 SOSs, and 0 indicators.
Presolve time = 2.35 sec. (2611.47 ticks)
Tried aggregator 1 time.
Detecting symmetries...
Reduced MIP has 33014 rows, 476404 columns, and 2255496 nonzeros.
Reduced MIP has 476108 binaries, 0 generals, 0 SOSs, and 0 indicators.
Presolve time = 1.42 sec. (1155.03 ticks)
Probing time = 0.17 sec. (110.44 ticks)
Clique table members: 244572.
MIP emphasis: balance optimality and feasibility.
MIP search method: dynamic search.
Parallel mode: none, using 1 thread.
Root relaxation solution time = 69.55 sec. (87654.10 ticks)

        Nodes                                         Cuts/
   Node  Left     Objective  IInf  Best Integer    Best Bound    ItCnt     Gap

      0     0      426.1572   791                    426.1572    31236         
      0     0      417.8597   994                  Cuts: 1159    37541         
      0     0      414.9632  1123                  Cuts: 1226    41245         
      0     0      413.5640  1138                   Cuts: 475    43852         
      0     0      412.9081  1191                   Cuts: 570    45069         
      0     0      412.4846  1142                   Cuts: 243    46044         
Detecting symmetries...
      0     0      411.9679  1267                   Cuts: 224    47344         
      0     0      411.2533  1217                   Cuts: 124    49099         
      0     0      410.8021  1275                   Cuts: 603    50788         
      0     0      410.2324  1278                   Cuts: 290    53623         
      0     0      410.1754  1160                   Cuts: 276    53977         
      0     0      410.0931  1253                    Cuts: 51    54546         
      0     0      410.0044  1283                    Cuts: 17    54855         
      0     0      409.9723  1265                   Cuts: 196    55284         
      0     0      409.9573  1268                    Cuts: 16    55472         
      0     0      409.9570  1256                    Cuts: 19    55494         
Heuristic still looking.
Heuristic still looking.
Heuristic still looking.
Detecting symmetries...
      0     2      409.9570  1256                    409.9562    55494         
Elapsed time = 955.72 sec. (963267.47 ticks, tree = 0.01 MB, solutions = 0)
      1     3      409.6193  1264                    409.9559    55952         
      2     4      409.8554  1279                    409.8539    56280         
      3     5      409.7646  1239                    409.8475    56493         
      4     6      409.6602  1234                    409.8475    56759         
      5     7      402.9179  1184                    409.8475    59311         
      6     8      409.6561  1238                    409.8475    59404         
      7     9      401.8500  1215                    409.8475    61153         
      8    10      409.6542  1237                    409.8475    61245         
      9    11      409.4225  1263                    409.8475    61914         
     10    12      409.4796  1211                    409.8475    62340         
Elapsed time = 1025.36 sec. (1023751.21 ticks, tree = 3.79 MB, solutions = 0)
     11    13      409.3363  1042                    409.8475    64048         
     12    14      409.2267  1169                    409.8475    64562         
     13    15      408.0432  1045                    409.8475    65528         
     14    16      407.8085  1019                    409.8475    65872         
     15    17      407.6747  1065                    409.8475    66201         
     16    18      400.8771  1029                    409.8475    68321         
     18    20      407.5571  1021                    409.8475    68748         
     19    21      407.3808  1038                    409.8475    69013         
     20    22      407.3311  1031                    409.8475    69404         
     21    23      407.2792  1042                    409.8475    69980         
Elapsed time = 1074.57 sec. (1064417.73 ticks, tree = 8.12 MB, solutions = 0)
     22    24      393.7054  1026                    409.8475    72085         
     23    25      406.9188   974                    409.8475    72876         
     24    26      406.4396  1048                    409.8475    73335         
     25    27      404.9799   995                    409.8475    73769         
     29    29      406.3428  1034                    409.8475    74116         
     30    30      405.8235  1025                    409.8475    75307         
     31    31      404.4492  1012                    409.8475    76054         
     32    32      405.5749   990                    409.8475    76480         
     33    33      405.5311   989                    409.8475    76710         
     34    34      404.9524   953                    409.8475    77783         
Elapsed time = 1127.45 sec. (1105764.96 ticks, tree = 13.31 MB, solutions = 0)
     35    35      404.5831   938                    409.8475    78280         
     36    36      404.2048   959                    409.8475    79359         
     37    37      403.2320   912                    409.8475    80328         
     38    38      402.9481   898                    409.8475    80932         
     39    39      402.1507   903                    409.8475    81469         
     40    40      398.7770   821                    409.8475    82625         
     42    42      399.8178   777                    409.8475    83753         
     43    43      399.7601   761                    409.8475    84032         
     44    44      399.7151   755                    409.8475    84264         
     45    45      399.1692   752                    409.8475    85156         
Elapsed time = 1174.97 sec. (1143754.01 ticks, tree = 17.64 MB, solutions = 0)
     46    46      399.4394   709                    409.8475    85450         
     48    48      397.3045   715                    409.8475    86610         
     50    50      397.0498   699                    409.8475    87924         
     51    51      399.3553   733                    409.8475    88264         
     52    52      398.9818   737                    409.8475    88950         
     53    53      399.3362   739                    409.8475    89138         
     54    54      398.7343   795                    409.8475    90136         
     55    55      399.2436   762                    409.8475    90519         
     56    56      398.2388   760                    409.8475    91235         
     57    57      399.0816   750                    409.8475    91544         
Elapsed time = 1217.18 sec. (1183667.63 ticks, tree = 23.28 MB, solutions = 0)
     58    58      399.0275   782                    409.8475    91776         
     59    59      384.9001   699                    409.8475    92629         
     60    60      398.9968   796                    409.8475    92766         
     61    61      397.6625   816                    409.8475    93411         
     63    63      398.7892   807                    409.8475    93924         
     64    64      397.4504   716                    409.8475    95166         
     65    65      397.1375   734                    409.8475    95513         
     66    66      392.6473   704                    409.8475    96550         
     67    67      397.1082   702                    409.8475    96834         
     68    68      396.9127   687                    409.8475    97196         
Elapsed time = 1260.89 sec. (1228484.31 ticks, tree = 28.06 MB, solutions = 0)
     69    69      396.8047   717                    409.8475    97411         
     70    70      395.4055   723                    409.8475    99141         
     71    71      396.7621   673                    409.8475    99312         
     72    72      396.7511   758                    409.8475    99481         
     73    73      395.0328   604                    409.8475   100341         
     74    74      394.8974   683                    409.8475   100867         
     75    75      393.6211   718                    409.8475   102212         
     77    77      394.7298   617                    409.8475   102901         
     78    78      394.6627   619                    409.8475   103295         
     79    79      393.9483   555                    409.8475   104237         
Elapsed time = 1314.46 sec. (1280061.66 ticks, tree = 32.84 MB, solutions = 0)
     80    80      393.8359   621                    409.8475   104458         
     81    81      391.7968   527                    409.8475   105450         
     82    82      391.5053   504                    409.8475   105857         
     84    84      390.8737   568                    409.8475   107100         
     85    85      391.2850   579                    409.8475   107397         
     86    86      390.7516   544                    409.8475   108233         
     88    88      390.5740   537                    409.8475   108436         
     89    89      390.5166   600                    409.8475   108624         
     90    90      390.3412   528                    409.8475   109089         
     91    91      390.1102   501                    409.8475   109576         
Elapsed time = 1343.91 sec. (1306129.55 ticks, tree = 38.05 MB, solutions = 0)
     93    93      389.5225   466                    409.8475   109936         
     96    96      388.2560   530                    409.8475   110387         
     98    98      381.9892   464                    409.8475   110825         
    100   100      382.4872   561                    409.8475   111447         
    102   102      388.1796   517                    409.8475   111805         
    104   104      382.0428   466                    409.8475   112877         
    106   106      386.5490   476                    409.8475   113196         
    108   108      379.3964   511                    409.8475   114575         
    109   109      385.6828   548                    409.8475   114931         
    110   110      384.6456   529                    409.8475   116145         
Elapsed time = 1374.01 sec. (1333568.33 ticks, tree = 46.33 MB, solutions = 0)
    111   111      384.2173   497                    409.8475   116503         
    112   112      383.4977   513                    409.8475   116909         
    113   113      384.0788   522                    409.8475   117108         
    115   115      383.4871   508                    409.8475   117526         
    117   117      382.1081   531                    409.8475   118033         
    118   118      381.8150   451                    409.8475   118605         
    120   120      380.7943   456                    409.8475   119308         
    121   121      380.5808   495                    409.8475   119657         
    122   122      378.4155   477                    409.8475   120169         
    126   126      379.9275   379                    409.8475   121110         
Elapsed time = 1397.13 sec. (1355638.12 ticks, tree = 52.88 MB, solutions = 0)
    131   131      378.2457   325                    409.8475   122269         
    139   139      367.6695   393                    409.8475   123967         
    148   148      364.3608   213                    409.8475   125667         
    156   156      368.7624   136                    409.8475   126830         
    167   167      351.6194   217                    409.8475   128616         
    171   171      354.8310   250                    409.8475   130232         
    174   174      362.8723   254                    409.8475   131642         
    178   176    infeasible                          409.8475   136352         
    180   176    infeasible                          409.8475   138904         
    186   178      317.0939   241                    409.8475   140930         
Elapsed time = 1468.07 sec. (1424182.07 ticks, tree = 75.69 MB, solutions = 0)
    190   178      315.0138   285                    409.8475   142335         
    193   177      408.7244  1122                    409.6561   143375         
    195   179      408.4142  1107                    409.6561   144108         
    196   180      400.4597  1007                    409.6561   146192         
    198   182      406.5212   984                    409.6561   148146         
    200   184      405.6051   956                    409.6561   149001         
    202   186      405.2515   988                    409.6561   149964         
    203   187      400.2897   908                    409.6561   150794         
    204   188      404.8904   988                    409.6561   151588         
    205   189      390.1517   940                    409.6561   155521         
Elapsed time = 1561.69 sec. (1497266.95 ticks, tree = 80.90 MB, solutions = 0)
    207   191      404.1853   924                    409.6561   157189         
    210   194      403.6800   855                    409.6561   158479         
    214   198      402.8912   898                    409.6561   159736         
    216   200      402.9275   816                    409.6561   160488         
    218   202      402.2666   841                    409.6561   161421         
    220   204      401.0562   774                    409.6561   162452         
    221   205      400.9878   780                    409.6561   163423         
    224   208      395.6874   782                    409.6561   165180         
    226   210      391.6305   796                    409.6561   167127         
    227   211      398.0831   802                    409.6561   167943         
Elapsed time = 1640.09 sec. (1560305.64 ticks, tree = 90.01 MB, solutions = 0)
    228   212      396.3105   753                    409.6561   168887         
    230   214      394.2553   762                    409.6561   170045         
    234   218      394.9328   757                    409.6561   171651         
    236   220      394.7038   777                    409.6561   173324         
    239   223      395.3848   734                    409.6561   174576         
    241   225      395.1560   640                    409.6561   175276         
    243   227      391.3306   472                    409.6561   176887         
    245   229      389.8904   395                    409.6561   178522         
    248   232      389.4277   396                    409.6561   179370         
    250   234      388.9202   427                    409.6561   180391         
Elapsed time = 1714.05 sec. (1621574.47 ticks, tree = 100.00 MB, solutions = 0)
    253   237      388.3344   425                    409.6561   181435         
    256   240      378.8929   503                    409.6561   183543         
    258   242      381.5800   498                    409.6561   185122         
    260   244      378.6580   440                    409.6561   187831         
    264   248      384.8682   434                    409.6561   188889         
    266   250      382.8139   429                    409.6561   190208         
    268   252      377.2547   456                    409.6561   193581         
    270   254      381.3875   434                    409.6561   194678         
    272   256      375.5247   416                    409.6561   196299         
    274   258      371.7557   450                    409.6561   198872         
Elapsed time = 1808.33 sec. (1705512.49 ticks, tree = 110.91 MB, solutions = 0)
    276   260      367.5675   367                    409.6561   200472         
    279   263      373.9618   414                    409.6561   201668         
    280   264      373.0593   396                    409.6561   202090         
    283   267      372.7994   444                    409.6561   203097         
    284   268      367.1776   331                    409.6561   204010         
    288   272      365.5112   310                    409.6561   205252         
    293   277      363.9112   367                    409.6561   206159         
    296   280      363.4623   281                    409.6561   206995         
    301   285      362.7501   197                    409.6561   207907         
    304   286    infeasible                          409.6561   212551         
Elapsed time = 1900.37 sec. (1793638.99 ticks, tree = 123.62 MB, solutions = 0)
    306   287      347.8483   310                    409.6561   213889         
    308   289      347.9288   302                    409.6561   215189         
    313   290      343.1628   219                    409.6561   216231         
    317   290      324.0259   257                    409.6561   217276         
    321   290      409.5215  1183                    409.6191   218388         
    323   292      406.7579  1055                    409.6191   220669         
    326   293      408.9948  1199                    409.6191   222393         
    327   294      406.7878  1024                    409.6191   223550         
    329   296      406.5373  1008                    409.6191   224839         
    330   297      406.4615   934                    409.6191   225619         
Elapsed time = 1980.07 sec. (1860618.60 ticks, tree = 128.04 MB, solutions = 0)
    332   299      400.7197   900                    409.6191   229326         
    334   301      406.1630   987                    409.6191   230431         
    335   302      404.8760   866                    409.6191   231967         
    336   303      404.3084   839                    409.6191   232916         
    337   304      403.7195   856                    409.6191   234558         
    339   306      404.1508   845                    409.6191   235497         
    341   308      404.0140   795                    409.6191   236850         
    344   311      398.9420   726                    409.6191   238635         
    346   313      403.0424   780                    409.6191   239483         
    348   315      402.0774   784                    409.6191   241156         
Elapsed time = 2082.90 sec. (1941961.47 ticks, tree = 135.83 MB, solutions = 0)
    350   317      400.8066   765                    409.6191   242731         
    352   319      401.3501   762                    409.6191   244109         
    355   322      397.1043   681                    409.6191   245927         
    357   324      395.9097   626                    409.6191   246862         
    360   327      400.4085   716                    409.6191   248131         
    362   329      395.9875   684                    409.6191   249981         
    364   331      397.2876   767                    409.6191   250781         
    367   334      399.7808   697                    409.6191   251734         
    369   336      397.7724   675                    409.6191   253126         
    372   339      399.3234   731                    409.6191   253835         
Elapsed time = 2164.39 sec. (2006717.81 ticks, tree = 145.80 MB, solutions = 0)
    376   341      397.3919   616                    409.6191   254862         
    380   345      395.7761   599                    409.6191   255856         
    384   349      392.8644   656                    409.6191   256866         
    387   352      394.2202   601                    409.6191   258014         
    391   356      393.8822   633                    409.6191   259118         
    393   358      393.4289   638                    409.6191   260522         
    394   359      385.6022   658                    409.6191   261686         
    396   361      383.9985   583                    409.6191   265603         
    399   364      392.8047   626                    409.6191   266513         
    401   366      389.4342   662                    409.6191   267801         
Elapsed time = 2252.46 sec. (2075180.64 ticks, tree = 158.45 MB, solutions = 0)
    402   367      409.4951  1245                    409.6184   268880         
    405   370      409.0807  1294                    409.6184   270153         
    406   371      408.8406  1275                    409.6184   271612         
    408   373      408.5414  1106                    409.6184   273077         
    410   375      408.2932  1109                    409.6184   273735         
    414   379      407.0602  1170                    409.6184   275494         
    416   381      406.3207  1172                    409.6184   277300         
    417   382      406.1338  1235                    409.6184   278159         
    418   383      405.9143  1227                    409.6184   279038         
    420   385      405.7567  1201                    409.6184   279890         
Elapsed time = 2348.84 sec. (2146148.43 ticks, tree = 165.27 MB, solutions = 0)
    421   386      405.6750  1174                    409.6184   280913         
    422   387      404.7471  1075                    409.6184   283156         
    424   389      404.6355  1188                    409.6184   284530         
    426   391      404.5028  1209                    409.6184   285290         
    428   393      404.3993  1139                    409.6184   286010         
    431   396      404.3395  1167                    409.6184   286649         
    433   398      404.0967  1100                    409.6184   287680         
    434   399      403.9249  1037                    409.6184   288407         
    436   401      403.8093  1135                    409.6184   289098         
    438   403      403.5742  1097                    409.6184   289797         
Elapsed time = 2424.16 sec. (2202105.94 ticks, tree = 172.09 MB, solutions = 0)
    440   405      403.5558  1065                    409.6184   289853         
    443   408      403.2743  1106                    409.6184   290577         
    446   411      403.0863  1112                    409.6184   291220         
    448   413      402.7202  1167                    409.6184   292282         
    452   417      402.4856  1105                    409.6184   293338         
    453   418      402.0827  1153                    409.6184   294178         
    455   420      401.8664  1138                    409.6184   294959         
    457   422      401.7486  1140                    409.6184   295933         
    461   426      401.5013  1114                    409.6184   296680         
    463   428      401.1776  1064                    409.6184   297694         
Elapsed time = 2532.48 sec. (2289945.17 ticks, tree = 181.57 MB, solutions = 0)
    464   429      400.8137  1098                    409.6184   298708         
    465   430      400.5225  1113                    409.6184   299542         
    466   431      400.3461  1091                    409.6184   300193         
    468   433      400.1294  1234                    409.6184   301348         
    470   435      399.8496  1247                    409.6184   302545         
    475   440      399.6913  1219                    409.6184   303429         
    477   442      399.4290  1195                    409.6184   304294         
    479   444      399.2770  1113                    409.6184   305191         
    482   447      399.0758  1121                    409.6184   306577         
    483   448      398.8473  1119                    409.6184   307284         
Elapsed time = 2604.97 sec. (2345525.04 ticks, tree = 189.17 MB, solutions = 0)
    484   449      398.6061  1129                    409.6184   308073         
    494   459      398.5091  1111                    409.6184   308647         
    498   463      398.3565  1133                    409.6184   309600         
    505   470      398.1934  1105                    409.6184   310672         
    508   473      398.1043  1062                    409.6184   311461         
    510   475      398.0200  1128                    409.6184   312175         

Performing restart 1

Repeating presolve.
Tried aggregator 1 time.
MIP Presolve eliminated 2 rows and 78 columns.
MIP Presolve modified 469053 coefficients.
Reduced MIP has 33012 rows, 476326 columns, and 2101597 nonzeros.
Reduced MIP has 476030 binaries, 0 generals, 0 SOSs, and 0 indicators.
Presolve time = 1.55 sec. (1874.62 ticks)
Tried aggregator 2 times.
MIP Presolve eliminated 79 rows and 12404 columns.
MIP Presolve modified 12296 coefficients.
Aggregator did 46 substitutions.
Reduced MIP has 32887 rows, 463876 columns, and 2046505 nonzeros.
Reduced MIP has 463580 binaries, 0 generals, 0 SOSs, and 0 indicators.
Presolve time = 1.53 sec. (1614.02 ticks)
Tried aggregator 1 time.
MIP Presolve eliminated 0 rows and 40 columns.
Reduced MIP has 32887 rows, 463836 columns, and 2046291 nonzeros.
Reduced MIP has 463540 binaries, 0 generals, 0 SOSs, and 0 indicators.
Presolve time = 1.28 sec. (1104.25 ticks)
Represolve time = 109.16 sec. (121388.82 ticks)
    512     0      407.7066  1171                  Cuts: 1209   364051         
    512     0      406.8315  1131                   Cuts: 301   366453         
    512     0      406.4543  1177                   Cuts: 212   370071         
    512     0      406.1310  1247                   Cuts: 569   371487         
    512     0      405.8326  1316                   Cuts: 234   375038         
    512     0      405.4832  1354                   Cuts: 479   376311         
    512     0      405.4602  1371                   Cuts: 244   376668         
    512     0      405.4598  1349                    Cuts: 70   376709         
    512     0      405.4597  1362                     Cuts: 4   376757         
    512     0      405.4462  1371                 ZeroHalf: 2   376926         
    512     0      405.1598  1356                    Cuts: 18   378458         
    512     0      405.1137  1333                   Cuts: 143   378887         
    512     0      404.2918  1366                    Cuts: 17   380164         
    512     0      404.0830  1300                   Cuts: 212   382185         
    512     0      404.0501  1364                   Cuts: 342   382789         
    512     0      403.9665  1383                    Cuts: 19   383772         
    512     0      403.9550  1358                     Cuts: 9   384061         
    512     0      403.9314  1333                     Cuts: 8   384455         
    512     0      403.8851  1476                     Cuts: 8   385218         
    512     0      403.8748  1481                    Cuts: 22   385500         
    512     0      403.8727  1452                    Cuts: 98   385669         
    512     0      403.8315  1495                    Cuts: 66   386195         
    512     0      403.8054  1472                    Cuts: 10   386361         
    512     0      403.8054  1478                    Cuts: 21   386365         
    512     0      403.7986  1495                 ZeroHalf: 6   386577         
    512     2      403.7986  1495                    403.7974   386577         
    513     3      403.7768  1412                    403.7869   386804         
    514     4      403.7254  1418                    403.7869   387620         
    515     5      402.8395  1366                    403.7869   389242         
Elapsed time = 4162.05 sec. (3911473.37 ticks, tree = 1.17 MB, solutions = 0)
    516     6      403.7131  1371                    403.7869   389321         
    517     7      403.3396  1352                    403.7869   390307         
    518     8      403.6906  1402                    403.7869   390525         
    519     9      403.6783  1371                    403.7869   390756         
    520    10      403.6403  1418                    403.7869   391075         
    521    11      403.2894  1295                    403.7869   391998         
    524    14      399.1318  1192                    403.7869   395653         
    527    17      403.4855  1408                    403.7869   396596         
    528    18      402.5269  1295                    403.7869   398380         
    530    20      403.1821  1461                    403.7869   398904         
Elapsed time = 4294.08 sec. (4016306.77 ticks, tree = 6.53 MB, solutions = 0)
    531    21      400.9105  1302                    403.7869   400303         
    533    23      401.0530  1306                    403.7869   401160         
    537    27      402.6873  1415                    403.7869   402029         
    539    29      390.9318  1092                    403.7869   404518         
    541    31      402.2124  1201                    403.7869   405867         
    542    32      402.8369  1309                    403.7869   406614         
    543    33      401.8461  1221                    403.7869   407422         
    546    36      400.6818  1157                    403.7869   410593         
    548    38      388.8818  1229                    403.7869   413821         
    550    40      400.6818  1308                    403.7869   415760         
Elapsed time = 4442.70 sec. (4123839.16 ticks, tree = 14.72 MB, solutions = 0)
    551    41      402.7466  1304                    403.7869   416002         
    552    42      401.8737  1139                    403.7869   417331         
    553    43      402.7173  1296                    403.7869   417683         
    554    44      402.2388  1172                    403.7869   418623         
    556    44      402.1963  1121                    403.7869   419037         
    558    46      401.2465  1014                    403.7869   421463         
    560    48      399.4804  1160                    403.7869   424599         
    562    50      401.5610  1195                    403.7869   425409         
    564    52      398.5307  1109                    403.7869   427319         
    566    54      400.5085  1141                    403.7869   428712         
Elapsed time = 4581.36 sec. (4246727.31 ticks, tree = 20.33 MB, solutions = 0)
    568    56      400.1581  1145                    403.7869   430258         
    571    59      396.6768  1140                    403.7869   433021         
    573    61      398.1792  1200                    403.7869   435177         
    575    63      396.9430  1083                    403.7869   436854         
    577    65      400.9915  1131                    403.7869   437454         
    578    66      400.1845  1061                    403.7869   438890         
    580    68      399.9489  1130                    403.7869   440777         
    582    70      398.8544  1257                    403.7869   443527         
    583    71      400.8059  1211                    403.7869   444221         
    586    74      397.3146  1135                    403.7869   447447         
Elapsed time = 4733.19 sec. (4358194.77 ticks, tree = 28.11 MB, solutions = 0)
    589    77      400.7436  1193                    403.7869   448192         
    590    78      394.0608  1256                    403.7869   449584         
    592    80      396.2139  1050                    403.7869   452787         
    594    82      395.3386  1046                    403.7869   456374         
    596    84      397.8194  1177                    403.7869   458703         
    598    86      397.4563  1110                    403.7869   461347         
    601    89      399.0857  1153                    403.7869   463966         
    604    92      400.1834  1223                    403.7869   465003         
    606    93      400.1421  1239                    403.7869   465940         
    608    95      398.3416  1276                    403.7869   467635         
Elapsed time = 4904.08 sec. (4481387.18 ticks, tree = 35.92 MB, solutions = 0)
    609    96      387.4681  1134                    403.7869   468676         
    611    98      397.2067  1210                    403.7869   471507         
    612    99      397.5787  1309                    403.7869   473109         
    613   100      397.7074  1278                    403.7869   474725         
    615   102      397.1850  1267                    403.7869   475804         
    617   104      396.3704  1308                    403.7869   477827         
    619   106      392.7507  1116                    403.7869   481206         
    621   108      397.4460  1155                    403.7869   482030         
    623   110      396.7210  1054                    403.7869   483943         
    626   113      394.2745   828                    403.7869   487633         
Elapsed time = 5065.35 sec. (4597463.70 ticks, tree = 43.35 MB, solutions = 0)
    628   115      396.8444  1119                    403.7869   489007         
    630   117      396.3287   996                    403.7869   491063         
    632   119      388.7426  1008                    403.7869   495231         
    634   121      396.4697  1071                    403.7869   497721         
    636   123      395.9711  1094                    403.7869   500385         
    638   125      395.1686  1048                    403.7869   502371         
    640   127      396.9761  1125                    403.7869   503028         
    641   128      392.9068  1090                    403.7869   505351         
    642   129      395.7087  1076                    403.7869   507164         
    646   133      396.9027  1074                    403.7869   507836         
Elapsed time = 5231.06 sec. (4716552.63 ticks, tree = 50.82 MB, solutions = 0)
    648   135      396.1314   997                    403.7869   509157         
    650   137      396.8337   972                    403.7869   509818         
    653   140      392.8395   889                    403.7869   511544         
    655   142      396.7310   947                    403.7869   512227         
    656   143      395.3296   810                    403.7869   514023         
    657   144      396.3988   991                    403.7869   515221         
    660   147      393.6723   900                    403.7869   517161         
    662   149      396.3580   910                    403.7869   517688         
    663   150      395.0250   910                    403.7869   518836         
    665   152      396.2713   916                    403.7869   519432         
Elapsed time = 5324.99 sec. (4785354.80 ticks, tree = 58.63 MB, solutions = 0)
    666   153      393.6567   865                    403.7869   521751         
    667   154      396.1761   990                    403.7869   522348         
    668   155      394.4262   864                    403.7869   524159         
    669   156      396.0818   977                    403.7869   524700         
    670   157      393.9748  1030                    403.7869   525582         
    672   159      392.0191   991                    403.7869   527964         
    675   162      384.8790  1014                    403.7869   532695         
    677   164      393.3104   846                    403.7869   534120         
    679   166      392.5198   938                    403.7869   535849         
    682   169      395.9677  1048                    403.7869   536351         
Elapsed time = 5474.52 sec. (4898787.36 ticks, tree = 65.77 MB, solutions = 0)
    683   170      391.3120   827                    403.7869   538386         
    685   172      395.6199   937                    403.7869   539952         
    686   173      395.5956   940                    403.7869   540801         
    688   175      388.0896   971                    403.7869   542252         
    690   177      394.4835   981                    403.7869   544458         
    693   180      392.8775   727                    403.7869   546942         
    694   181      393.3927   807                    403.7869   549472         
    697   184      387.9888   991                    403.7869   553530         
    698   185      393.4590   945                    403.7869   555329         
    700   187      395.4989   919                    403.7869   555935         
Elapsed time = 5615.88 sec. (5004734.60 ticks, tree = 73.29 MB, solutions = 0)
    701   188      394.8649   829                    403.7869   556984         
    703   190      394.8226  1037                    403.7869   559163         
    705   192      395.2401   973                    403.7869   560255         
    706   193      395.1695   956                    403.7869   561303         
    708   195      390.5534   973                    403.7869   563319         
    710   197      392.8576   898                    403.7869   565053         
    712   199      386.9778   923                    403.7869   568921         
    714   201      390.8313  1054                    403.7869   571357         
    716   203      394.8856   976                    403.7869   573025         
    718   205      394.8563   944                    403.7869   573938         
Elapsed time = 5757.34 sec. (5109335.96 ticks, tree = 80.82 MB, solutions = 0)
    719   206      393.3551   993                    403.7869   575123         
    721   208      393.8194   864                    403.7869   577271         
    723   210      391.9350   860                    403.7869   579052         
    724   211      394.5396   883                    403.7869   580153         
    725   212      394.3693   872                    403.7869   581574         
    728   215      391.6503   896                    403.7869   583576         
    730   217      392.8054   840                    403.7869   585486         
    732   219      392.9346   849                    403.7869   587482         
    736   223      393.5619   848                    403.7869   588286         
    738   225      392.9627   946                    403.7869   590116         
Elapsed time = 5990.37 sec. (5284083.41 ticks, tree = 89.56 MB, solutions = 0)
    741   228      394.3275   904                    403.7869   591065         
    742   229      393.7787   921                    403.7869   592022         
    743   230      393.2787  1014                    403.7869   593300         
    744   231      394.1458   930                    403.7869   594231         
    746   233      373.1687   890                    403.7869   598609         
    750   237      393.2830   919                    403.7869   600368         
    752   239      393.5003   883                    403.7869   601748         
    754   241      393.9606   936                    403.7869   602513         
    756   243      392.3787  1092                    403.7869   605921         
    757   244      391.5628   853                    403.7869   608211         
Elapsed time = 6236.17 sec. (5474890.84 ticks, tree = 97.15 MB, solutions = 0)
    760   247      389.4788   848                    403.7869   611579         
    761   248      393.8196   849                    403.7869   612600         
    762   249      393.0981   880                    403.7869   614363         
    764   251      382.3209   822                    403.7869   618209         
    765   252      392.3326   891                    403.7869   619391         
    766   253      393.6419   934                    403.7869   620200         
    768   255      393.5208   914                    403.7869   621032         
    769   256      390.6035   871                    403.7869   622287         
    771   258      388.8760   922                    403.7869   624230         
    772   259      393.3837   933                    403.7869   624775         
Elapsed time = 6401.34 sec. (5606405.94 ticks, tree = 103.57 MB, solutions = 0)
    773   260      388.9086   857                    403.7869   627313         
    774   261      384.4437   823                    403.7869   630141         
    776   263      393.2850   956                    403.7869   630950         
    778   265      392.0477   861                    403.7869   632306         
    780   267      386.3251   926                    403.7869   635333         
    782   269      390.4486   919                    403.7869   637899         
    784   271      393.0569   961                    403.7869   638753         
    785   272      389.2701   901                    403.7869   642785         
    786   273      390.5479   879                    403.7869   643910         
    789   276      388.5314   822                    403.7869   646657         
Elapsed time = 6558.76 sec. (5723565.21 ticks, tree = 111.30 MB, solutions = 0)
    792   279      392.9971   956                    403.7869   647073         
    794   281      390.6702   911                    403.7869   649255         
    796   283      392.0471   951                    403.7869   650648         
    798   285      392.3784   929                    403.7869   652057         
    801   288      391.7425   928                    403.7869   653176         
    803   290      391.0978   831                    403.7869   655478         
    805   292      392.5775   970                    403.7869   656287         
    806   293      388.7733   870                    403.7869   658355         
    807   294      392.3721   867                    403.7869   659079         
    809   296      388.2641   991                    403.7869   661136         
Elapsed time = 6742.44 sec. (5868737.88 ticks, tree = 119.85 MB, solutions = 0)
    811   298      391.4606   787                    403.7869   663387         
    812   299      392.2337   971                    403.7869   663519         
    813   300      389.8318   815                    403.7869   666122         
    815   302      387.5177   796                    403.7869   669446         
    817   304      388.0888   864                    403.7869   672499         
    819   306      391.9923   913                    403.7869   673361         
    820   307      391.9161   836                    403.7869   674348         
    821   308      390.1223   759                    403.7869   675557         
    824   311      386.0740   814                    403.7869   678551         
    825   312      389.4569   858                    403.7869   681343         
Elapsed time = 6912.42 sec. (6003497.19 ticks, tree = 126.31 MB, solutions = 0)
    827   314      388.9522   790                    403.7869   683261         
    829   316      391.7971   845                    403.7869   683915         
    831   318      389.1948   817                    403.7869   686751         
    832   319      391.6987   897                    403.7869   687349         
    834   321      391.6891   873                    403.7869   688045         
    836   323      389.8863   969                    403.7869   689134         
    837   324      390.9055   811                    403.7869   690108         
    840   327      387.6470   781                    403.7869   694272         
    842   329      390.6088   814                    403.7869   695691         
    843   330      391.3368   887                    403.7869   696640         
Elapsed time = 7024.76 sec. (6087984.25 ticks, tree = 134.49 MB, solutions = 0)
    846   333      383.5285   702                    403.7869   698980         
    848   335      389.2257   719                    403.7869   701696         
    851   338      388.7069   818                    403.7869   704725         
    853   340      384.5192   770                    403.7869   707765         
    855   342      388.4822   835                    403.7869   709641         
    858   345      387.7893   897                    403.7869   711584         
    860   347      391.1141   902                    403.7869   712190         
    861   348      388.7376   796                    403.7869   714907         
    864   351      388.5731   931                    403.7869   718233         
    867   354      390.8847   839                    403.7869   719084         
Elapsed time = 7185.73 sec. (6208461.07 ticks, tree = 144.39 MB, solutions = 0)
    868   355      388.7204   849                    403.7869   720598         

GUB cover cuts applied:  8
Clique cuts applied:  9
Cover cuts applied:  15
Implied bound cuts applied:  22
Flow cuts applied:  54
Mixed integer rounding cuts applied:  836
Zero-half cuts applied:  139
Lift and project cuts applied:  5
Gomory fractional cuts applied:  11

Root node processing (before b&c):
  Real time             =  945.66 sec. (952558.40 ticks)
Sequential b&c:
  Real time             = 6254.37 sec. (5267326.13 ticks)
                          ------------
Total (root+branch&cut) = 7200.03 sec. (6219884.52 ticks)

CPLEX Sol status: Unknown
Instance Name: sarp-100-50-B-2

K: 26
Multi parcel
Value of Q: 50
Version identifier: 22.1.1.0 | 2022-11-28 | 9160aff4d
CPXPARAM_Threads                                 1
CPXPARAM_TimeLimit                               7200
Tried aggregator 2 times.
MIP Presolve eliminated 28599 rows and 36269 columns.
MIP Presolve modified 101152 coefficients.
Aggregator did 80 substitutions.
Reduced MIP has 33265 rows, 479715 columns, and 2287711 nonzeros.
Reduced MIP has 479422 binaries, 0 generals, 0 SOSs, and 0 indicators.
Presolve time = 2.63 sec. (2824.14 ticks)
Tried aggregator 1 time.
Detecting symmetries...
Reduced MIP has 33265 rows, 479715 columns, and 2287711 nonzeros.
Reduced MIP has 479422 binaries, 0 generals, 0 SOSs, and 0 indicators.
Presolve time = 1.47 sec. (1165.10 ticks)
Probing time = 0.19 sec. (135.30 ticks)
Clique table members: 252489.
MIP emphasis: balance optimality and feasibility.
MIP search method: dynamic search.
Parallel mode: none, using 1 thread.
Root relaxation solution time = 81.71 sec. (99704.45 ticks)

        Nodes                                         Cuts/
   Node  Left     Objective  IInf  Best Integer    Best Bound    ItCnt     Gap

      0     0      467.9333   808                    467.9333    35034         
      0     0      459.8865   997                   Cuts: 570    40266         
      0     0      456.2199  1056                   Cuts: 532    45642         
      0     0      454.9222  1069                  Cuts: 1012    49986         
      0     0      454.5299  1062                   Cuts: 599    51923         
      0     0      454.0993  1130                   Cuts: 134    53869         
Detecting symmetries...
      0     0      453.9960  1097                   Cuts: 221    54759         
      0     0      453.7500  1094                   Cuts: 141    55557         
      0     0      453.6245  1096                    Cuts: 56    56483         
      0     0      453.6200  1103                    Cuts: 64    56715         
      0     0      453.5591  1164                   Cuts: 205    57673         
      0     0      453.4486  1207                   Cuts: 100    58301         
      0     0      453.3056  1174                   Cuts: 183    59167         
      0     0      452.9524  1117                   Cuts: 242    60931         
      0     0      452.6775  1191                   Cuts: 141    61846         
      0     0      452.5304  1182                   Cuts: 138    62711         
      0     0      452.5298  1150                   Cuts: 459    62820         
      0     0      452.5285  1123                    Cuts: 50    62912         
      0     0      452.4195  1125                    Cuts: 10    63695         
      0     0      452.3768  1168                    Cuts: 90    64039         
Heuristic still looking.
Heuristic still looking.
Heuristic still looking.
Detecting symmetries...
      0     2      452.3768  1168                    452.3764    64039         
Elapsed time = 1053.99 sec. (1014598.59 ticks, tree = 0.01 MB, solutions = 0)
      1     3      451.8568  1057                    452.3764    65272         
      2     4      452.1308  1205                    452.1273    66417         
      3     5      451.2566  1026                    452.1273    66736         
      4     6      451.8265  1058                    452.1273    66822         
      5     7      451.7355  1093                    452.1273    67166         
      6     8      450.5258  1011                    452.1273    67567         
      7     9      451.6720  1138                    452.1273    67998         
      8    10      451.3116  1060                    452.1273    68626         
      9    11      450.0150  1101                    452.1273    68937         
     10    12      444.5038   954                    452.1273    70584         
Elapsed time = 1121.67 sec. (1076889.54 ticks, tree = 4.24 MB, solutions = 0)
     11    13      443.9430   976                    452.1273    71416         
     12    14      443.3151   928                    452.1273    73917         
     13    15      443.2395   892                    452.1273    74144         
     14    16      442.8361   985                    452.1273    74717         
     15    17      432.7299   959                    452.1273    78057         
     16    18      442.4039   964                    452.1273    78787         
     17    19      442.2856   948                    452.1273    79591         
     18    20      442.2741   999                    452.1273    79827         
     19    21      441.3466   867                    452.1273    81212         
     20    22      441.2656   907                    452.1273    81829         
Elapsed time = 1197.20 sec. (1133960.18 ticks, tree = 8.19 MB, solutions = 0)
     21    23      438.5340   870                    452.1273    82671         
     22    24      441.0772   910                    452.1273    83270         
     23    25      441.0620   922                    452.1273    84019         
     24    26      440.9735   907                    452.1273    84238         
     25    27      440.6645   951                    452.1273    85170         
     26    28      438.1262   917                    452.1273    85547         
     27    29      440.5774  1001                    452.1273    86138         
     28    30      439.6179   897                    452.1273    86549         
     29    31      439.2756   899                    452.1273    86927         
     30    32      438.9059   944                    452.1273    87928         
Elapsed time = 1238.53 sec. (1165691.50 ticks, tree = 13.03 MB, solutions = 0)
     32    34      436.8989   842                    452.1273    89811         
     33    35      436.8525   895                    452.1273    90044         
     34    36      436.6462   828                    452.1273    90703         
     35    37      436.3901   836                    452.1273    91480         
     36    38      436.1978   821                    452.1273    92326         
     37    39      435.9857   770                    452.1273    93299         
     38    40      435.8095   725                    452.1273    93956         
     39    41      435.5326   729                    452.1273    94466         
     40    42      433.9785   770                    452.1273    96367         
     41    43      435.0964   759                    452.1273    97197         
Elapsed time = 1300.08 sec. (1213675.87 ticks, tree = 17.43 MB, solutions = 0)
     42    44      435.3965   693                    452.1273    97911         
     43    45      435.3346   630                    452.1273    98333         
     44    46      435.2854   635                    452.1273    98698         
     45    47      426.6378   654                    452.1273   101460         
     46    48      434.9765   606                    452.1273   101889         
     48    50      433.3931   588                    452.1273   103047         
     49    51      429.2581   602                    452.1273   103671         
     50    52      418.9929   631                    452.1273   105489         
     51    53      428.6002   619                    452.1273   106873         
     52    52    infeasible                          452.1273   110740         
Elapsed time = 1383.93 sec. (1278861.90 ticks, tree = 21.83 MB, solutions = 0)
     53    53      428.5350   675                    452.1273   111052         
     54    54      407.1509   605                    452.1273   114654         
     55    55      427.9635   631                    452.1273   116163         
     56    56      427.0879   668                    452.1273   117529         
     57    57      405.1056   622                    452.1273   119993         
     58    58      426.0813   619                    452.1273   120728         
     59    59      425.8035   665                    452.1273   121508         
     60    60      408.3895   605                    452.1273   124077         
     61    61      424.6653   660                    452.1273   125445         
     62    60    infeasible                          452.1273   148794         
Elapsed time = 1665.77 sec. (1530380.07 ticks, tree = 25.35 MB, solutions = 0)
     63    61      424.5369   665                    452.1273   148990         
     64    62      424.3222   680                    452.1273   149596         
     65    63      424.0401   638                    452.1273   150352         
     66    64      423.2663   647                    452.1273   151253         
     67    65      413.1686   661                    452.1273   152781         
     68    66      422.4594   665                    452.1273   154366         
     69    67      410.8553   685                    452.1273   157331         
     70    68      422.3829   603                    452.1273   157508         
     71    69      422.1372   644                    452.1273   158406         
     72    70      418.3966   538                    452.1273   159796         
Elapsed time = 1732.97 sec. (1583665.40 ticks, tree = 29.76 MB, solutions = 0)
     73    71      411.7280   576                    452.1273   160342         
     74    71      415.4853   602                    452.1273   161098         
     75    72      404.1211   582                    452.1273   161870         
     76    73      396.6890   573                    452.1273   163103         
     78    73      395.4641   568                    452.1273   163631         
     79    72    infeasible                          452.1273   165753         
     80    73      394.8219   591                    452.1273   166584         
     82    75      391.9048   560                    452.1273   167041         
     83    76      390.9301   568                    452.1273   167561         
     84    77      391.4409   564                    452.1273   167914         
Elapsed time = 1781.27 sec. (1623429.51 ticks, tree = 32.40 MB, solutions = 0)
     85    78      388.3244   530                    452.1273   168825         
     86    79      387.8138   566                    452.1273   169504         
     88    79      387.4656   552                    452.1273   169863         
     89    80      387.3691   563                    452.1273   170284         
     90    81      385.3717   571                    452.1273   171106         
     91    82      387.2441   605                    452.1273   171564         
     92    83      387.3131   502                    452.1273   171923         
     94    81    infeasible                          452.1273   173534         
     95    82      452.1097  1229                    452.1205   173761         
     96    83      451.7411  1152                    452.1205   175336         
Elapsed time = 1827.14 sec. (1660609.58 ticks, tree = 35.49 MB, solutions = 0)
     97    84      451.6821  1151                    452.1205   175721         
     98    85      447.7483  1062                    452.1205   177457         
     99    86      447.5375  1079                    452.1205   178626         
    100    87      444.7365  1087                    452.1205   179677         
    101    88      447.4160  1121                    452.1205   180257         
    102    89      443.4545  1086                    452.1205   183093         
    104    91      446.6962  1054                    452.1205   184383         
    105    92      445.4819  1047                    452.1205   184832         
    106    93      445.0941  1054                    452.1205   186003         
    108    95      440.1593  1049                    452.1205   187190         
Elapsed time = 2033.78 sec. (1826343.07 ticks, tree = 40.61 MB, solutions = 0)
    111    98      444.2718   977                    452.1205   188211         
    113   100      443.5143   951                    452.1205   190162         
    115   102      442.7862   938                    452.1205   191580         
    117   104      442.4056   848                    452.1205   192793         
    118   105      442.1987   796                    452.1205   193704         
    119   106      441.7319   824                    452.1205   194660         
    120   107      440.2759   809                    452.1205   195622         
    121   108      440.5097   830                    452.1205   196628         
    123   110      440.8406   805                    452.1205   197899         
    124   111      440.8681   753                    452.1205   198735         
Elapsed time = 2113.99 sec. (1888762.54 ticks, tree = 47.64 MB, solutions = 0)
    127   114      440.6126   754                    452.1205   200203         
    129   115      440.1670   782                    452.1205   202008         
    132   117      437.6771   672                    452.1205   203126         
    133   118      437.5928   723                    452.1205   204149         
    134   119      432.1965   744                    452.1205   205425         
    135   120      437.1401   707                    452.1205   206325         
    137   122      434.5328   770                    452.1205   207449         
    139   124      425.5710   835                    452.1205   210434         
    140   125      435.0976   759                    452.1205   211268         
    143   128      425.7520   715                    452.1205   213048         
Elapsed time = 2200.30 sec. (1958184.90 ticks, tree = 55.11 MB, solutions = 0)
    144   129      434.1054   764                    452.1205   213949         
    145   130      424.5619   779                    452.1205   215463         
    148   133      432.0111   720                    452.1205   216768         
    149   134      431.1336   723                    452.1205   217570         
    150   135      431.6622   696                    452.1205   218459         
    153   138      431.4475   666                    452.1205   219140         
    156   141      430.4231   611                    452.1205   220867         
    160   145      427.3860   516                    452.1205   221746         
    162   147      424.4782   495                    452.1205   223363         
    166   151      414.4093   501                    452.1205   225317         
Elapsed time = 2271.72 sec. (2017417.97 ticks, tree = 65.24 MB, solutions = 0)
    167   152      424.0648   512                    452.1205   226186         
    170   155      422.0544   428                    452.1205   227633         
    172   157      421.4129   419                    452.1205   228797         
    174   158      415.5174   417                    452.1205   229797         
    177   161      420.3476   385                    452.1205   230786         
    180   164      418.5062   365                    452.1205   232130         
    183   167      417.6255   412                    452.1205   233772         
    186   170      416.7194   365                    452.1205   235013         
    188   172      398.8745   347                    452.1205   236222         
    190   174      395.3894   401                    452.1205   238018         
Elapsed time = 2338.99 sec. (2075869.21 ticks, tree = 74.98 MB, solutions = 0)
    195   177      392.4584   386                    452.1205   239297         
    198   180      383.4585   359                    452.1205   240621         
    201   181      388.8245   417                    452.1205   242320         
    207   181      358.8687   396                    452.1205   243573         
    212   181      451.2130  1043                    452.1042   246689         
    213   182      451.1017  1013                    452.1042   247380         
    214   183      450.7618  1030                    452.1042   248059         
    215   184      449.1521  1054                    452.1042   250518         
    216   185      449.7146  1042                    452.1042   252497         
    217   186      446.1582  1017                    452.1042   254933         
Elapsed time = 2439.55 sec. (2156742.41 ticks, tree = 80.77 MB, solutions = 0)
    218   187      449.4365  1056                    452.1042   255735         
    220   189      448.9452  1033                    452.1042   257038         
    221   190      448.2457  1023                    452.1042   258028         
    222   191      448.8757   999                    452.1042   259499         
    224   191      448.2260   960                    452.1042   261749         
    225   192      444.5822   963                    452.1042   262472         
    227   194      443.7077   912                    452.1042   263382         
    228   195      443.1350   938                    452.1042   264346         
    230   197      442.6280   883                    452.1042   265145         
    234   201      441.4134   817                    452.1042   266375         
Elapsed time = 2538.99 sec. (2234935.92 ticks, tree = 87.31 MB, solutions = 0)
    235   202      441.2976   821                    452.1042   267481         
    236   203      440.6390   832                    452.1042   268819         
    239   206      440.2797   855                    452.1042   270596         
    240   207      439.3813   781                    452.1042   271903         
    242   209      439.0145   738                    452.1042   273008         
    243   210      420.3120   759                    452.1042   275039         
    246   213      436.3269   797                    452.1042   276512         
    248   215      434.0462   780                    452.1042   278424         
    251   218      436.9786   800                    452.1042   279394         
    253   220      438.2085   727                    452.1042   280446         
Elapsed time = 2626.80 sec. (2307433.16 ticks, tree = 95.66 MB, solutions = 0)
    255   222      421.4828   733                    452.1042   283584         
    257   224      437.2032   718                    452.1042   284503         
    258   225      434.5454   764                    452.1042   285834         
    260   227      434.4707   747                    452.1042   287415         
    263   230      436.7625   716                    452.1042   288205         
    266   233      434.1148   805                    452.1042   290246         
    270   235      433.9892   792                    452.1042   291984         
    272   237      435.8887   806                    452.1042   292944         
    274   239      429.5660   744                    452.1042   294197         
    275   240      426.7715   718                    452.1042   295837         
Elapsed time = 2751.17 sec. (2410539.36 ticks, tree = 104.45 MB, solutions = 0)
    277   242      428.8774   774                    452.1042   296956         
    280   245      426.5646   750                    452.1042   298201         
    282   247      428.5711   797                    452.1042   299759         
    284   249      427.7917   689                    452.1042   301683         
    286   251      412.4942   681                    452.1042   303967         
    288   253      423.9335   742                    452.1042   305040         
    289   254      423.0368   722                    452.1042   305909         
    291   256      422.0300   659                    452.1042   307946         
    292   257      421.3505   692                    452.1042   308909         
    293   258      413.7394   569                    452.1042   310688         
Elapsed time = 2857.05 sec. (2501124.69 ticks, tree = 112.38 MB, solutions = 0)
    295   260      397.8371   579                    452.1042   312629         
    297   262      393.9082   638                    452.1042   315512         
    298   263      408.0136   594                    452.1042   317010         
    299   264      398.8978   664                    452.1042   318452         
    301   266      394.6509   656                    452.1042   320904         
    303   268      383.1150   626                    452.1042   323360         
    306   271      404.3563   662                    452.1042   324658         
    308   273      395.4543   681                    452.1042   326799         
    310   275      404.7413   635                    452.1042   328001         
    312   277      403.5827   670                    452.1042   328938         
Elapsed time = 2955.71 sec. (2583201.74 ticks, tree = 120.32 MB, solutions = 0)
    314   279      403.2710   627                    452.1042   329962         
    316   281      400.6747   616                    452.1042   330718         
    317   282      392.9450   553                    452.1042   332553         
    318   283      399.7508   607                    452.1042   333340         
    319   284      398.3078   734                    452.1042   334315         
    321   284      394.8675   752                    452.1042   335688         
    322   283    infeasible                          452.1042   338230         
    323   284      393.1284   710                    452.1042   339035         
    324   285      392.3957   631                    452.1042   339853         
    327   286      381.1107   638                    452.1042   340759         
Elapsed time = 3022.73 sec. (2638320.50 ticks, tree = 124.72 MB, solutions = 0)
    329   288      379.9144   590                    452.1042   341700         
    331   290      379.5861   594                    452.1042   342617         
    335   290      451.4427  1187                    451.6821   345411         
    337   292      451.1976  1180                    451.6821   346369         
    338   293      451.0573  1137                    451.6821   347329         
    340   295      450.8990  1114                    451.6821   347884         
    341   296      449.8778  1187                    451.6821   349207         
    344   299      449.6513  1233                    451.6821   350128         
    346   301      449.2899  1195                    451.6821   351251         
    348   303      449.1373  1187                    451.6821   352010         
Elapsed time = 3109.83 sec. (2705882.73 ticks, tree = 131.72 MB, solutions = 0)
    350   305      449.0872  1147                    451.6821   352780         
    351   306      448.7728  1246                    451.6821   353760         
    355   310      448.5810  1278                    451.6821   354729         
    357   312      447.9265  1078                    451.6821   356565         
    359   314      447.6980  1108                    451.6821   357320         
    361   316      447.3935  1169                    451.6821   357970         
    363   318      447.0472  1142                    451.6821   359255         
    365   320      446.9068  1261                    451.6821   360121         
    367   322      446.4612  1177                    451.6821   361729         
    368   323      446.1385  1168                    451.6821   362474         
Elapsed time = 3188.59 sec. (2765406.19 ticks, tree = 139.68 MB, solutions = 0)
    370   325      445.9968  1197                    451.6821   363299         
    373   328      445.7962  1195                    451.6821   365043         
    376   331      445.4822  1207                    451.6821   367380         
    378   333      444.8585  1158                    451.6821   368653         
    380   335      444.7392  1168                    451.6821   369573         
    382   337      444.5672  1136                    451.6821   370630         
    384   339      444.3850  1180                    451.6821   372126         
    385   340      444.1250  1142                    451.6821   373109         
    387   342      443.9816  1164                    451.6821   374092         
    388   343      443.9093  1192                    451.6821   374762         
Elapsed time = 3387.08 sec. (2918845.18 ticks, tree = 147.64 MB, solutions = 0)
    390   345      443.4255  1159                    451.6821   376995         
    392   347      443.1940  1177                    451.6821   378183         
    394   349      443.0391  1232                    451.6821   379011         
    396   351      442.6396  1168                    451.6821   380050         
    398   353      442.2354  1230                    451.6821   381105         
    400   355      441.9680  1217                    451.6821   382488         
    402   357      441.8099  1221                    451.6821   383339         
    404   359      441.5534  1156                    451.6821   384301         
    406   361      441.4555  1195                    451.6821   385042         
    408   363      441.3320  1173                    451.6821   386846         
Elapsed time = 3480.07 sec. (2989254.57 ticks, tree = 155.60 MB, solutions = 0)
    410   365      441.1102  1176                    451.6821   388107         
    412   367      440.9144  1263                    451.6821   389141         
    414   369      440.8427  1199                    451.6821   390060         
    416   371      440.6292  1148                    451.6821   391485         
    419   374      440.4950  1172                    451.6821   392388         
    420   375      440.4840  1181                    451.6821   392613         
    423   378      440.3620  1161                    451.6821   394320         
    424   379      440.1978  1234                    451.6821   395125         
    426   381      440.0885  1190                    451.6821   396617         
    428   383      439.8511  1160                    451.6821   398096         
Elapsed time = 4045.50 sec. (3425555.57 ticks, tree = 163.56 MB, solutions = 0)
    429   384      437.0347   988                    451.6821   401584         
    430   385      435.3050  1087                    451.6821   402449         
    431   386      434.9131  1042                    451.6821   403371         
    433   388      432.4211  1079                    451.6821   404999         
    435   390      430.1536  1220                    451.6821   408218         
    436   391      429.3655  1240                    451.6821   410190         
    437   392      429.3067  1149                    451.6821   410877         
    438   393      429.0632  1154                    451.6821   412288         
    440   395      428.9374  1237                    451.6821   413115         
    442   397      428.7145  1176                    451.6821   414385         
Elapsed time = 4162.66 sec. (3513807.38 ticks, tree = 169.28 MB, solutions = 0)
    444   399      428.0639  1236                    451.6821   416997         
    446   401      427.6810  1252                    451.6821   418156         
    448   403      427.3317  1250                    451.6821   419269         
    449   404      427.1342  1195                    451.6821   420031         
    451   406      426.8744  1174                    451.6821   421080         
    453   408      426.2276  1217                    451.6821   422891         
    455   410      426.0568  1137                    451.6821   423824         
    457   412      425.9398  1253                    451.6821   424996         
    459   414      425.8237  1171                    451.6821   426174         
    466   421      425.7669  1150                    451.6821   426753         
Elapsed time = 4258.28 sec. (3585663.09 ticks, tree = 179.39 MB, solutions = 0)
    470   425      425.4548  1157                    451.6821   428369         
    472   427      425.3111  1161                    451.6821   429244         
    475   430      425.1847  1111                    451.6821   429914         
    477   432      425.0848  1179                    451.6821   430856         

Performing restart 1

Repeating presolve.
Tried aggregator 1 time.
MIP Presolve eliminated 0 rows and 24 columns.
MIP Presolve modified 501126 coefficients.
Reduced MIP has 33265 rows, 479691 columns, and 2126351 nonzeros.
Reduced MIP has 479398 binaries, 0 generals, 0 SOSs, and 0 indicators.
Presolve time = 1.59 sec. (1895.66 ticks)
Tried aggregator 2 times.
MIP Presolve eliminated 32 rows and 5747 columns.
Aggregator did 15 substitutions.
Reduced MIP has 33218 rows, 473929 columns, and 2101173 nonzeros.
Reduced MIP has 473636 binaries, 0 generals, 0 SOSs, and 0 indicators.
Presolve time = 1.19 sec. (1171.33 ticks)
Tried aggregator 1 time.
Reduced MIP has 33218 rows, 473929 columns, and 2101173 nonzeros.
Reduced MIP has 473636 binaries, 0 generals, 0 SOSs, and 0 indicators.
Presolve time = 1.31 sec. (1122.08 ticks)
Represolve time = 80.64 sec. (91989.58 ticks)
    479     0      450.6541  1094                   Cuts: 296   484209         
    479     0      449.3097  1172                   Cuts: 695   489085         
    479     0      448.7934  1214                   Cuts: 386   493787         
    479     0      448.5958  1230                   Cuts: 462   495456         
    479     0      448.5567  1268                   Cuts: 273   496075         
    479     0      448.4223  1270                    Cuts: 56   496948         
    479     0      448.4129  1267                    Cuts: 23   497388         
    479     0      448.2031  1259                    Cuts: 20   499368         
    479     0      448.1800  1309                    Cuts: 12   499869         
    479     0      448.1242  1231                    Cuts: 65   500518         
    479     0      448.0577  1310                    Cuts: 85   501847         
    479     0      448.0406  1305                    Cuts: 62   502074         
    479     0      447.8907  1342                    Cuts: 14   503093         
    479     0      447.8344  1351                    Cuts: 22   503861         
    479     0      447.7151  1298                    Cuts: 64   505179         
    479     0      447.5228  1406                    Cuts: 27   506037         
    479     0      447.4934  1453                   Cuts: 166   506427         
    479     0      447.3941  1336                    Cuts: 12   507057         
    479     0      447.3860  1414                    Cuts: 59   507316         
    479     0      447.2598  1481                    Cuts: 14   508929         
    479     0      447.2274  1450                    Cuts: 21   509420         
    479     0      447.1367  1461                    Cuts: 23   510194         
    479     0      447.1210  1492                   Cuts: 132   510498         
    479     0      447.1107  1509                    Cuts: 19   510790         
    479     2      447.1107  1509                    447.1084   510790         
    480     3      446.8706  1437                    447.1062   513466         
    481     4      446.7041  1390                    446.8704   515382         
    482     5      446.1208  1424                    446.8694   517419         
    483     6      446.7938  1413                    446.7937   517914         
    484     7      446.6363  1520                    446.7916   519068         
Elapsed time = 5915.89 sec. (5503719.57 ticks, tree = 1.63 MB, solutions = 0)
    485     8      446.3915  1317                    446.7033   520744         
    486     9      446.6050  1480                    446.7033   520990         
    487    10      444.1623  1351                    446.7033   524690         
    488    11      446.5736  1446                    446.7033   525055         
    489    12      445.0894  1406                    446.7033   527340         
    491    14      444.1438  1307                    446.7033   531615         
    492    15      446.5585  1472                    446.7033   531925         
    493    16      437.6535  1177                    446.7033   536730         
    494    17      446.5018  1423                    446.7033   537471         
    496    19      444.7164  1268                    446.7033   541584         
Elapsed time = 6153.15 sec. (5798836.41 ticks, tree = 6.82 MB, solutions = 0)
    499    22      443.7505  1270                    446.7033   545906         
    501    24      446.4825  1471                    446.7033   546185         
    502    25      443.8698  1411                    446.7033   548712         
    503    26      446.2855  1462                    446.7033   549953         
    504    27      444.7712  1290                    446.7033   554922         
    505    28      446.2017  1425                    446.7033   555807         
    506    29      444.2192  1379                    446.7033   559394         
    507    30      445.1562  1345                    446.7033   560559         
    508    31      446.1693  1415                    446.7033   560867         
    510    33      444.7918  1319                    446.7033   563922         
Elapsed time = 6324.55 sec. (6002195.16 ticks, tree = 12.27 MB, solutions = 0)
    512    35      443.9829  1368                    446.7033   566794         
    514    37      438.8219  1184                    446.7033   572527         
    515    38      446.0599  1515                    446.7033   572988         
    516    39      444.2707  1316                    446.7033   575540         
    517    40      446.0435  1489                    446.7033   575962         
    518    41      444.2899  1244                    446.7033   580420         
    519    42      446.0296  1487                    446.7033   580755         
    520    43      444.6426  1350                    446.7033   584811         
    522    45      445.3420  1413                    446.7033   586898         
    524    47      443.8662  1284                    446.7033   591173         
Elapsed time = 6612.39 sec. (6348367.92 ticks, tree = 17.87 MB, solutions = 0)
    525    48      445.8866  1297                    446.7033   592182         
    526    49      444.3423  1401                    446.7033   594536         
    528    51      444.0083  1205                    446.7033   597028         
    529    52      445.8149  1420                    446.7033   597550         
    530    53      444.9582  1147                    446.7033   600336         
    531    54      444.6695  1234                    446.7033   601078         
    532    55      439.6823  1212                    446.7033   603996         
    533    56      443.4360  1164                    446.7033   605140         
    534    57      442.0211  1218                    446.7033   606985         
    536    59      434.0518  1113                    446.7033   612019         
Elapsed time = 6766.97 sec. (6530148.61 ticks, tree = 22.89 MB, solutions = 0)
    537    60      441.4934  1117                    446.7033   615343         
    538    61      443.0710  1178                    446.7033   616760         
    539    61      443.0172  1186                    446.7033   617040         
    540    62      438.6807  1145                    446.7033   619172         
    542    64      440.6816  1101                    446.7033   619978         
    543    65      440.6292  1146                    446.7033   620560         
    544    66      437.1340  1132                    446.7033   622962         
    546    68      437.3257  1049                    446.7033   625840         
    548    70      436.8612  1118                    446.7033   628189         
    549    71      440.4864  1238                    446.7033   628601         
Elapsed time = 6976.03 sec. (6774375.46 ticks, tree = 28.10 MB, solutions = 0)
    550    72      439.2939  1297                    446.7033   630737         
    551    73      440.3342  1144                    446.7033   631278         
    552    74      440.2281  1208                    446.7033   631737         
    553    75      436.5032  1245                    446.7033   634198         
    555    77      439.7171  1276                    446.7033   635907         
    556    78      438.1426  1169                    446.7033   639181         
    558    80      437.9102  1173                    446.7033   642462         
    559    81      439.6156  1220                    446.7033   642867         
    560    82      435.4538  1157                    446.7033   644280         
    561    83      439.2485  1195                    446.7033   645880         
Elapsed time = 7094.13 sec. (6919972.22 ticks, tree = 33.31 MB, solutions = 0)
    562    84      439.1352  1234                    446.7033   646782         
    563    85      435.4461  1162                    446.7033   650251         
    565    87      431.4566  1257                    446.7033   653370         
    566    88      438.9037  1183                    446.7033   654206         
    567    89      436.2622  1123                    446.7033   656197         
    569    91      435.6120  1108                    446.7033   659163         

GUB cover cuts applied:  9
Clique cuts applied:  8
Cover cuts applied:  13
Implied bound cuts applied:  12
Flow cuts applied:  59
Mixed integer rounding cuts applied:  564
Zero-half cuts applied:  167
Gomory fractional cuts applied:  8

Root node processing (before b&c):
  Real time             = 1041.89 sec. (1001733.48 ticks)
Sequential b&c:
  Real time             = 6158.14 sec. (6044618.75 ticks)
                          ------------
Total (root+branch&cut) = 7200.03 sec. (7046352.23 ticks)

CPLEX Sol status: Unknown
Instance Name: sarp-100-50-C-1

K: 26
Multi parcel
Value of Q: 50
Version identifier: 22.1.1.0 | 2022-11-28 | 9160aff4d
CPXPARAM_Threads                                 1
CPXPARAM_TimeLimit                               7200
Tried aggregator 2 times.
MIP Presolve eliminated 30194 rows and 65311 columns.
MIP Presolve modified 87993 coefficients.
Aggregator did 36 substitutions.
Reduced MIP has 31562 rows, 448441 columns, and 2144216 nonzeros.
Reduced MIP has 448150 binaries, 0 generals, 0 SOSs, and 0 indicators.
Presolve time = 2.36 sec. (2523.48 ticks)
Tried aggregator 1 time.
Detecting symmetries...
Reduced MIP has 31562 rows, 448441 columns, and 2144216 nonzeros.
Reduced MIP has 448150 binaries, 0 generals, 0 SOSs, and 0 indicators.
Presolve time = 1.33 sec. (1094.49 ticks)
Probing time = 0.17 sec. (111.13 ticks)
Clique table members: 239902.
MIP emphasis: balance optimality and feasibility.
MIP search method: dynamic search.
Parallel mode: none, using 1 thread.
Root relaxation solution time = 258.61 sec. (299743.40 ticks)

        Nodes                                         Cuts/
   Node  Left     Objective  IInf  Best Integer    Best Bound    ItCnt     Gap

      0     0     2575.2713  3491                   2575.2713    60116         
      0     0     2568.6629  3445                  Cuts: 1042    70821         
      0     0     2567.2925  3391                  Cuts: 1279    75928         
      0     0     2566.6647  3478                   Cuts: 916    79686         
      0     0     2565.8441  3385                   Cuts: 324    82624         
      0     0     2565.2829  3495                   Cuts: 371    85127         
Detecting symmetries...
      0     0     2564.8314  3572                    Cuts: 26    87136         
      0     0     2564.7841  3502                   Cuts: 130    87896         
      0     0     2564.4103  3552                   Cuts: 136    90248         
      0     0     2564.0339  3531                   Cuts: 100    92095         
      0     0     2563.9638  3574                   Cuts: 296    93076         
      0     0     2563.9280  3553                    Cuts: 20    93983         
      0     0     2563.7089  3502                    Cuts: 38    96380         
      0     0     2563.6792  3517                    Cuts: 63    97047         
Heuristic still looking.
Heuristic still looking.
Heuristic still looking.
Detecting symmetries...
      0     2     2563.6792  3517                   2563.6791    97047         
Elapsed time = 2051.57 sec. (2490516.74 ticks, tree = 0.01 MB, solutions = 0)
      1     3     2562.0565  3430                   2563.6791   101374         
      2     4     2563.5725  3528                   2563.5724   102427         
      3     5     2561.2060  3183                   2563.5724   106047         
      4     6     2560.9909  3151                   2563.5724   107533         
      5     7     2560.6100  3111                   2563.5724   109605         
      6     8     2560.5279  3147                   2563.5724   110483         
      7     9     2557.0687  2966                   2563.5724   114430         
      8    10     2556.9424  3055                   2563.5724   115432         
      9    11     2550.8444  2757                   2563.5724   122111         
     10    12     2550.1319  2872                   2563.5724   125019         
Elapsed time = 2319.68 sec. (2830634.75 ticks, tree = 3.60 MB, solutions = 0)
     11    13     2550.4505  2765                   2563.5724   127137         
     12    14     2549.3941  2709                   2563.5724   131088         
     13    15     2549.0547  2607                   2563.5724   133010         
     14    16     2548.2118  2718                   2563.5724   136442         
     15    17     2533.8630  2750                   2563.5724   143488         
     16    18     2547.6387  2707                   2563.5724   145472         
     17    19     2547.2394  2703                   2563.5724   147600         
     18    20     2543.4807  2540                   2563.5724   152841         
     19    21     2541.2670  2554                   2563.5724   156998         
     20    22     2539.2793  2461                   2563.5724   161248         
Elapsed time = 2561.92 sec. (3125612.91 ticks, tree = 8.15 MB, solutions = 0)
     21    23     2536.8194  2575                   2563.5724   164010         
     22    24     2530.0490  2402                   2563.5724   169255         
     23    25     2529.4839  2604                   2563.5724   171361         
     24    26     2524.7782  2528                   2563.5724   177407         
     25    27     2524.5272  2649                   2563.5724   178174         
     26    28     2516.4037  2356                   2563.5724   182845         
     27    29     2514.2769  2416                   2563.5724   184098         
     28    30     2514.7873  2021                   2563.5724   185963         
     29    31     2512.3298  1972                   2563.5724   189093         
     30    32     2511.9374  2098                   2563.5724   190146         
Elapsed time = 2740.20 sec. (3342113.81 ticks, tree = 11.88 MB, solutions = 0)
     31    33     2509.1321  2119                   2563.5724   193712         
     32    34     2511.8000  2119                   2563.5724   194135         
     33    35     2503.2486  2105                   2563.5724   197324         
     34    36     2511.4384  2017                   2563.5724   198671         
     35    37     2511.1174  2155                   2563.5724   200100         
     36    38     2508.1302  2115                   2563.5724   203304         
     37    39     2505.9285  1941                   2563.5724   206176         
     38    40     2503.8435  1897                   2563.5724   208297         
     39    41     2500.2703  1911                   2563.5724   210762         
     41    41     2494.2815  1849                   2563.5724   214928         
Elapsed time = 2885.18 sec. (3517483.47 ticks, tree = 16.04 MB, solutions = 0)
     42    42     2488.8224  2009                   2563.5724   218509         
     43    43     2469.3896  1623                   2563.5724   228624         
     44    44     2469.2771  1650                   2563.5724   229125         
     46    44     2467.7072  1694                   2563.5724   233700         
     48    44     2465.4972  1664                   2563.5724   237705         
     49    43    infeasible                         2563.5724   239784         
     51    43     2562.8698  3582                   2563.5717   243593         
     52    44     2562.7152  3462                   2563.5717   244846         
     53    45     2562.5839  3467                   2563.5717   246211         
     54    46     2561.3796  3205                   2563.5717   250164         
Elapsed time = 3218.21 sec. (3941473.63 ticks, tree = 18.14 MB, solutions = 0)
     55    47     2560.9799  3504                   2563.5717   252186         
     56    48     2553.0084  3282                   2563.5717   257972         
     57    49     2539.2572  3090                   2563.5717   261395         
     58    50     2537.6455  2891                   2563.5717   265440         
     59    51     2537.4762  2888                   2563.5717   266641         
     60    52     2537.1670  2909                   2563.5717   268332         
     61    53     2532.6184  2856                   2563.5717   273514         
     62    54     2531.5705  2681                   2563.5717   276165         
     63    55     2530.3604  2791                   2563.5717   278911         
     64    56     2523.4279  2665                   2563.5717   283100         
Elapsed time = 3474.87 sec. (4258939.18 ticks, tree = 22.27 MB, solutions = 0)
     65    57     2523.3378  2565                   2563.5717   283881         
     66    58     2523.0551  2630                   2563.5717   285439         
     67    59     2518.0124  2623                   2563.5717   292106         
     68    60     2522.7821  2609                   2563.5717   293958         
     69    61     2522.6412  2645                   2563.5717   294856         
     70    62     2516.3863  2499                   2563.5717   301032         
     71    63     2515.8225  2458                   2563.5717   302926         
     72    64     2514.0644  2477                   2563.5717   305701         
     73    65     2513.8941  2313                   2563.5717   309312         
     74    66     2513.7390  2380                   2563.5717   310576         
Elapsed time = 3655.51 sec. (4478556.73 ticks, tree = 25.99 MB, solutions = 0)
     75    67     2510.3451  2247                   2563.5717   315147         
     76    68     2508.4937  2198                   2563.5717   317449         
     77    69     2508.4026  2126                   2563.5717   318095         
     78    70     2506.4695  2200                   2563.5717   321302         
     80    70     2502.8296  2179                   2563.5717   324904         
     81    71     2501.1775  2149                   2563.5717   327396         
     82    72     2495.2220  2095                   2563.5717   330967         
     83    73     2494.4176  2198                   2563.5717   331806         
     85    73     2494.2492  2211                   2563.5717   332695         
     86    74     2487.2126  2113                   2563.5717   335861         
Elapsed time = 3811.83 sec. (4669574.05 ticks, tree = 29.72 MB, solutions = 0)
     87    75     2486.9542  2057                   2563.5717   337091         
     88    76     2479.7812  2200                   2563.5717   341741         
     90    74    infeasible                         2563.5717   349093         
     92    74     2562.9909  3542                   2562.9909   352102         
     93    75     2562.8861  3533                   2562.9909   353217         
     94    76     2561.3512  3269                   2562.8861   358328         
     95    77     2561.0834  3305                   2562.8861   360078         
     96    78     2556.0960  3008                   2562.8861   366766         
     97    79     2555.2633  2943                   2562.8861   369259         
     98    80     2554.2568  3013                   2562.8861   371061         
Elapsed time = 4056.65 sec. (4967697.32 ticks, tree = 31.71 MB, solutions = 0)
     99    81     2546.4432  2819                   2562.8861   376132         
    100    82     2545.6002  2891                   2562.8861   378281         
    101    83     2538.4902  2956                   2562.8861   384697         
    102    84     2545.2682  2967                   2562.8861   386606         
    104    84     2544.5107  2971                   2562.8861   389268         
    105    85     2544.3293  2862                   2562.8861   391983         
    106    86     2542.0805  2980                   2562.8861   394968         
    108    86     2541.8337  2801                   2562.8861   396738         
    109    87     2536.9820  2878                   2562.8861   400417         
    111    87     2535.0065  2777                   2562.8861   402701         
Elapsed time = 4280.53 sec. (5240255.25 ticks, tree = 35.01 MB, solutions = 0)
    112    88     2532.6132  3000                   2562.8861   406252         
    116    86     2562.6277  3604                   2562.8860   407828         
    117    87     2562.5766  3446                   2562.8860   408621         
    118    88     2562.5129  3402                   2562.8860   409314         
    119    89     2562.0083  3462                   2562.8860   411623         
    120    90     2561.7522  3445                   2562.8860   413362         
    121    91     2561.6221  3458                   2562.8860   414490         
    122    92     2561.5461  3429                   2562.8860   415362         
    123    93     2561.4723  3540                   2562.8860   416212         
    124    94     2561.2607  3505                   2562.8860   417727         
Elapsed time = 4915.26 sec. (5978934.52 ticks, tree = 37.53 MB, solutions = 0)
    125    95     2561.1235  3510                   2562.8860   418979         
    126    96     2560.3360  3429                   2562.8860   422381         
    127    97     2560.2606  3522                   2562.8860   423364         
    128    98     2560.0852  3555                   2562.8860   424972         
    129    99     2559.8637  3441                   2562.8860   426713         
    130   100     2559.8122  3457                   2562.8860   427507         
    131   101     2559.6378  3560                   2562.8860   429403         
    132   102     2559.6225  3588                   2562.8860   430055         
    133   103     2559.4125  3566                   2562.8860   431728         
    135   105     2559.2275  3621                   2562.8860   433627         
Elapsed time = 5041.37 sec. (6128158.26 ticks, tree = 41.87 MB, solutions = 0)
    136   106     2559.1778  3600                   2562.8860   434541         
    137   107     2559.1424  3534                   2562.8860   435344         
    138   108     2558.9591  3627                   2562.8860   436641         
    139   109     2558.8525  3626                   2562.8860   437493         
    140   110     2558.8159  3665                   2562.8860   438166         
    141   111     2558.6441  3714                   2562.8860   439442         
    143   113     2558.5478  3755                   2562.8860   440781         
    144   114     2558.5153  3692                   2562.8860   441374         
    145   115     2558.4243  3743                   2562.8860   442619         
    146   116     2558.4022  3765                   2562.8860   443068         
Elapsed time = 5408.59 sec. (6543225.05 ticks, tree = 46.30 MB, solutions = 0)
    147   117     2558.3640  3739                   2562.8860   443814         
    148   118     2558.2802  3807                   2562.8860   444755         
    149   119     2558.2699  3664                   2562.8860   445154         
    150   120     2558.2116  3717                   2562.8860   445998         
    151   121     2558.0294  3729                   2562.8860   447553         
    152   122     2557.9679  3787                   2562.8860   448240         
    153   123     2557.9561  3846                   2562.8860   448660         
    154   124     2557.7313  3697                   2562.8860   450206         
    155   125     2557.6494  3744                   2562.8860   451120         
    156   126     2557.5809  3745                   2562.8860   452112         
Elapsed time = 5481.39 sec. (6629366.41 ticks, tree = 50.33 MB, solutions = 0)
    157   127     2557.5621  3765                   2562.8860   452756         
    158   128     2557.4793  3774                   2562.8860   453505         
    159   129     2557.4142  3761                   2562.8860   454427         
    160   130     2557.3641  3703                   2562.8860   455375         
    161   131     2557.3070  3734                   2562.8860   456139         
    162   132     2557.2724  3668                   2562.8860   456854         
    163   133     2557.2416  3692                   2562.8860   457390         
    164   134     2557.2147  3693                   2562.8860   458078         
    165   135     2557.1158  3658                   2562.8860   459167         
    166   136     2557.0926  3744                   2562.8860   459753         
Elapsed time = 5755.61 sec. (6950273.66 ticks, tree = 54.37 MB, solutions = 0)
    168   138     2557.0240  3744                   2562.8860   460659         
    169   139     2556.9755  3765                   2562.8860   461496         
    170   140     2556.9051  3823                   2562.8860   462320         
    171   141     2556.8820  3782                   2562.8860   462834         
    172   142     2556.8412  3792                   2562.8860   463619         
    173   143     2556.8276  3808                   2562.8860   464102         
    174   144     2556.8067  3848                   2562.8860   464578         
    175   145     2556.7889  3815                   2562.8860   465116         
    176   146     2556.7624  3778                   2562.8860   465715         
    178   148     2556.6898  3760                   2562.8860   466890         
Elapsed time = 5813.58 sec. (7018972.85 ticks, tree = 59.20 MB, solutions = 0)
    179   149     2556.6407  3755                   2562.8860   467645         
    180   150     2556.6199  3729                   2562.8860   468184         
    181   151     2556.5472  3705                   2562.8860   469147         
    182   152     2556.4761  3599                   2562.8860   470113         
    183   153     2556.4534  3621                   2562.8860   470515         
    184   154     2556.3694  3698                   2562.8860   471495         
    185   155     2556.2843  3716                   2562.8860   472269         
    186   156     2556.2234  3687                   2562.8860   473138         
    188   158     2556.1878  3682                   2562.8860   474083         
    189   159     2556.1332  3675                   2562.8860   475090         
Elapsed time = 5880.14 sec. (7097511.70 ticks, tree = 63.64 MB, solutions = 0)
    190   160     2556.0607  3632                   2562.8860   476026         
    191   161     2556.0130  3608                   2562.8860   476645         
    192   162     2555.9331  3715                   2562.8860   477848         
    193   163     2555.8896  3681                   2562.8860   478520         
    194   164     2555.8405  3664                   2562.8860   479277         
    195   165     2555.8038  3685                   2562.8860   480198         
    196   166     2555.7760  3727                   2562.8860   480784         
    197   167     2555.6949  3754                   2562.8860   481721         
    199   169     2555.6469  3668                   2562.8860   482456         
    200   170     2555.5881  3685                   2562.8860   483343         
Elapsed time = 5948.48 sec. (7176597.41 ticks, tree = 68.07 MB, solutions = 0)
    201   171     2555.5778  3665                   2562.8860   483763         
    202   172     2555.1987  3658                   2562.8860   485719         
    203   173     2554.9997  3694                   2562.8860   487333         
    204   174     2554.9485  3752                   2562.8860   488009         
    205   175     2554.9201  3750                   2562.8860   488530         
    206   176     2554.8266  3742                   2562.8860   489260         
    208   178     2554.7826  3680                   2562.8860   489833         
    209   179     2554.7644  3664                   2562.8860   490250         
    210   180     2554.7282  3605                   2562.8860   490903         
    211   181     2554.7093  3608                   2562.8860   491421         
Elapsed time = 6013.70 sec. (7253195.47 ticks, tree = 72.51 MB, solutions = 0)
    212   182     2554.6855  3703                   2562.8860   491832         
    214   184     2554.6417  3608                   2562.8860   492841         
    215   185     2554.6254  3660                   2562.8860   493309         
    216   186     2554.6018  3611                   2562.8860   493989         
    217   187     2554.5624  3573                   2562.8860   494778         
    219   189     2554.4610  3602                   2562.8860   496060         
    220   190     2554.3868  3597                   2562.8860   497021         
    221   191     2554.3621  3628                   2562.8860   497492         
    222   192     2554.3341  3662                   2562.8860   497937         
    223   193     2554.2895  3613                   2562.8860   498551         
Elapsed time = 6072.62 sec. (7321764.60 ticks, tree = 77.35 MB, solutions = 0)
    224   194     2554.2465  3685                   2562.8860   499182         
    225   195     2554.1894  3636                   2562.8860   500065         
    226   196     2554.1573  3628                   2562.8860   500595         
    227   197     2554.1145  3627                   2562.8860   501274         
    228   198     2554.0672  3654                   2562.8860   502081         
    229   199     2554.0265  3664                   2562.8860   502550         
    231   201     2553.9309  3603                   2562.8860   504066         
    232   202     2553.8196  3678                   2562.8860   505318         
    233   203     2553.7198  3656                   2562.8860   506515         
    234   204     2553.6859  3692                   2562.8860   507115         
Elapsed time = 6143.91 sec. (7403546.22 ticks, tree = 81.79 MB, solutions = 0)
    235   205     2553.6525  3639                   2562.8860   507841         
    236   206     2553.5715  3623                   2562.8860   508858         
    237   207     2553.5420  3678                   2562.8860   509494         
    238   208     2553.4652  3642                   2562.8860   510426         
    239   209     2553.4426  3602                   2562.8860   511037         
    240   210     2553.2283  3615                   2562.8860   512716         
    241   211     2553.1874  3621                   2562.8860   513327         
    242   212     2553.1371  3597                   2562.8860   514049         
    243   213     2553.1166  3592                   2562.8860   514562         
    244   214     2553.0700  3575                   2562.8860   515361         
Elapsed time = 6207.50 sec. (7482858.33 ticks, tree = 85.82 MB, solutions = 0)
    245   215     2552.9735  3577                   2562.8860   516517         
    247   217     2552.9106  3683                   2562.8860   517585         
    248   218     2552.8737  3712                   2562.8860   518264         
    249   219     2552.8062  3607                   2562.8860   518998         
    250   220     2552.7742  3535                   2562.8860   519678         
    251   221     2552.7422  3767                   2562.8860   520280         
    252   222     2552.7321  3635                   2562.8860   520683         
    253   223     2552.7222  3677                   2562.8860   521084         
    254   224     2552.6912  3779                   2562.8860   521580         
    255   225     2552.5705  3690                   2562.8860   522413         
Elapsed time = 6261.68 sec. (7550447.07 ticks, tree = 90.26 MB, solutions = 0)
    256   226     2552.4760  3640                   2562.8860   523611         
    257   227     2552.4381  3668                   2562.8860   524115         
    258   228     2552.4120  3640                   2562.8860   524782         
    259   229     2552.3717  3663                   2562.8860   525586         
    260   230     2552.3018  3690                   2562.8860   526539         
    261   231     2552.2737  3636                   2562.8860   527296         
    263   233     2552.1045  3617                   2562.8860   529250         
    265   235     2552.0610  3711                   2562.8860   529941         
    266   236     2551.9885  3723                   2562.8860   530723         
    268   238     2551.9699  3642                   2562.8860   531591         
Elapsed time = 6333.14 sec. (7638489.76 ticks, tree = 95.50 MB, solutions = 0)
    270   240     2551.9358  3654                   2562.8860   532289         
    272   242     2551.9288  3541                   2562.8860   532773         
    273   243     2551.9152  3644                   2562.8860   533204         
    274   244     2551.8550  3593                   2562.8860   534122         
    275   245     2551.8412  3670                   2562.8860   534553         
    277   247     2551.8023  3680                   2562.8860   535352         
    278   248     2551.7388  3691                   2562.8860   536111         
    279   249     2551.6891  3801                   2562.8860   536751         
    280   250     2551.6629  3753                   2562.8860   537356         
    282   252     2551.6461  3716                   2562.8860   537903         
Elapsed time = 6383.02 sec. (7699371.67 ticks, tree = 101.15 MB, solutions = 0)
    284   254     2551.6065  3731                   2562.8860   538698         
    285   255     2551.5501  3679                   2562.8860   539408         
    287   257     2551.5260  3786                   2562.8860   540184         
    288   258     2551.3557  3838                   2562.8860   541427         
    290   260     2551.3063  3830                   2562.8860   542644         
    291   261     2551.2717  3843                   2562.8860   543150         
    292   262     2551.1547  3842                   2562.8860   544029         
    293   263     2551.0916  3766                   2562.8860   544888         
    295   265     2551.0364  3696                   2562.8860   545818         
    296   266     2551.0093  3812                   2562.8860   546296         
Elapsed time = 6448.81 sec. (7779496.40 ticks, tree = 106.81 MB, solutions = 0)
    297   267     2550.7877  3785                   2562.8860   547532         
    298   268     2550.7727  3730                   2562.8860   547930         
    299   269     2550.6385  3671                   2562.8860   548978         
    300   270     2550.6303  3676                   2562.8860   549244         
    301   271     2550.4964  3749                   2562.8860   550165         
    302   272     2550.3923  3740                   2562.8860   551079         
    303   273     2550.3351  3635                   2562.8860   551732         
    304   274     2550.3285  3662                   2562.8860   552128         
    305   275     2550.1944  3767                   2562.8860   553395         
    306   276     2550.1822  3684                   2562.8860   553951         
Elapsed time = 6522.43 sec. (7867652.06 ticks, tree = 110.85 MB, solutions = 0)
    308   278     2550.1563  3782                   2562.8860   554829         
    309   279     2550.1214  3736                   2562.8860   555494         
    311   281     2550.1006  3743                   2562.8860   556008         
    312   282     2550.0837  3807                   2562.8860   556474         
    313   283     2549.9276  3792                   2562.8860   557515         
    314   284     2549.9098  3871                   2562.8860   557986         
    315   285     2549.8937  3865                   2562.8860   558378         
    316   286     2549.7788  3859                   2562.8860   559461         
    318   288     2549.7401  3727                   2562.8860   560296         
    319   289     2549.7225  3826                   2562.8860   560875         
Elapsed time = 6577.23 sec. (7933974.17 ticks, tree = 116.10 MB, solutions = 0)
    320   290     2549.6850  3935                   2562.8860   561555         
    322   292     2549.6401  3911                   2562.8860   562312         
    323   293     2549.6176  3909                   2562.8860   562705         
    324   294     2549.5961  3907                   2562.8860   563277         
    325   295     2549.5690  3909                   2562.8860   564013         
    326   296     2549.5570  3879                   2562.8860   564449         
    327   297     2549.5306  3905                   2562.8860   564887         
    329   299     2549.4917  3842                   2562.8860   565534         
    330   300     2549.4760  3870                   2562.8860   566000         
    331   301     2549.4430  3909                   2562.8860   566669         
Elapsed time = 6624.26 sec. (7990386.67 ticks, tree = 120.94 MB, solutions = 0)
    332   302     2549.4106  3799                   2562.8860   567258         
    333   303     2549.3952  3786                   2562.8860   567671         
    334   304     2549.3835  3728                   2562.8860   568133         
    335   305     2549.3526  3712                   2562.8860   568596         
    337   307     2549.3252  3809                   2562.8860   569383         
    339   309     2549.2746  3652                   2562.8860   570355         
    340   310     2549.2060  3734                   2562.8860   571256         
    341   311     2549.1236  3926                   2562.8860   572151         
    342   312     2549.0475  3771                   2562.8860   573048         
    343   313     2548.9517  3920                   2562.8860   574072         
Elapsed time = 6683.58 sec. (8061962.45 ticks, tree = 125.79 MB, solutions = 0)
    344   314     2548.9313  3699                   2562.8860   574660         
    345   315     2548.8841  3706                   2562.8860   575333         
    346   316     2548.7539  3752                   2562.8860   576365         
    348   318     2548.7316  3740                   2562.8860   577051         
    349   319     2548.6776  3769                   2562.8860   577713         
    350   320     2548.6603  3718                   2562.8860   578179         
    351   321     2548.6374  3738                   2562.8860   578690         
    352   322     2548.6144  3785                   2562.8860   579294         
    353   323     2548.5744  3767                   2562.8860   580015         
    354   324     2548.5233  3783                   2562.8860   580912         
Elapsed time = 6737.84 sec. (8127506.03 ticks, tree = 130.23 MB, solutions = 0)
    355   325     2548.4831  3825                   2562.8860   581702         
    356   326     2548.3709  3729                   2562.8860   582827         
    357   327     2548.3225  3761                   2562.8860   583486         
    358   328     2548.2839  3778                   2562.8860   584137         
    359   329     2548.2609  3816                   2562.8860   584693         
    360   330     2548.2505  3877                   2562.8860   585157         
    361   331     2548.2254  3911                   2562.8860   585649         
    362   332     2548.1473  3834                   2562.8860   586521         
    363   333     2548.1058  3828                   2562.8860   587157         
    364   334     2548.0813  3879                   2562.8860   587711         
Elapsed time = 6792.65 sec. (8193491.35 ticks, tree = 134.27 MB, solutions = 0)
    365   335     2548.0124  3881                   2562.8860   588369         
    366   336     2547.9386  3887                   2562.8860   589303         
    368   338     2547.9142  3880                   2562.8860   590179         
    369   339     2547.8794  3860                   2562.8860   590881         
    370   340     2547.8637  3860                   2562.8860   591282         
    372   342     2547.8488  3865                   2562.8860   591867         
    373   343     2547.7613  3884                   2562.8860   592978         
    374   344     2547.7413  3796                   2562.8860   593448         
    376   346     2547.7042  3842                   2562.8860   594356         
    377   347     2547.6417  3767                   2562.8860   595211         
Elapsed time = 6852.36 sec. (8265468.91 ticks, tree = 139.52 MB, solutions = 0)
    379   349     2547.5883  3808                   2562.8860   596180         
    380   350     2547.4579  3877                   2562.8860   597347         
    382   352     2547.4031  3742                   2562.8860   598320         
    383   353     2547.3064  3726                   2562.8860   599510         
    384   354     2547.2496  3761                   2562.8860   600363         
    385   355     2547.2366  3665                   2562.8860   600817         
    386   356     2547.2006  3700                   2562.8860   601444         
    387   357     2547.0416  3789                   2562.8860   602926         
    388   358     2546.9690  3735                   2562.8860   603818         
    390   360     2546.9014  3710                   2562.8860   604995         
Elapsed time = 6932.27 sec. (8359724.17 ticks, tree = 144.78 MB, solutions = 0)
    391   361     2546.8469  3713                   2562.8860   605902         
    392   362     2546.7797  3700                   2562.8860   606399         
    393   363     2546.7448  3756                   2562.8860   607074         
    394   364     2546.7189  3772                   2562.8860   607605         
    395   365     2546.6934  3749                   2562.8860   608367         
    396   366     2546.6554  3846                   2562.8860   609182         
    397   367     2546.6332  3826                   2562.8860   609777         
    398   368     2546.5966  3862                   2562.8860   610280         
    399   369     2546.5532  3797                   2562.8860   610896         
    400   370     2546.5421  3795                   2562.8860   611265         
Elapsed time = 6984.32 sec. (8420152.07 ticks, tree = 148.82 MB, solutions = 0)
    401   371     2546.4750  3814                   2562.8860   611868         
    402   372     2546.4205  3829                   2562.8860   612601         
    403   373     2546.4004  3808                   2562.8860   613126         
    404   374     2546.2704  3858                   2562.8860   614613         
    406   376     2546.2470  3961                   2562.8860   615378         
    407   377     2546.1895  3966                   2562.8860   616044         
    408   378     2546.1364  3952                   2562.8860   616777         
    409   379     2546.1116  3868                   2562.8860   617325         
    410   380     2546.0764  3879                   2562.8860   617742         
    411   381     2546.0596  3801                   2562.8860   618267         
Elapsed time = 7106.66 sec. (8550810.88 ticks, tree = 153.32 MB, solutions = 0)
    412   382     2546.0145  3762                   2562.8860   618982         
    414   384     2545.9947  3883                   2562.8860   619648         
    415   385     2545.9604  3881                   2562.8860   620291         
    416   386     2545.9095  3823                   2562.8860   621076         
    417   387     2545.8587  3720                   2562.8860   621793         
    418   388     2545.8371  3755                   2562.8860   622337         
    420   390     2545.7809  3769                   2562.8860   623451         
    421   391     2545.7629  3758                   2562.8860   623914         
    422   392     2545.6864  3680                   2562.8860   624790         
    424   394     2545.5513  3856                   2562.8860   626005         
Elapsed time = 7169.22 sec. (8624301.47 ticks, tree = 158.68 MB, solutions = 0)
    425   395     2545.5316  3856                   2562.8860   626534         
    427   397     2545.5172  3809                   2562.8860   627163         
    428   398     2545.4934  3798                   2562.8860   627802         
    429   399     2545.4480  3747                   2562.8860   628550         
    430   400     2545.4277  3762                   2562.8860   629050         
    431   401     2545.4145  3753                   2562.8860   629461         

Clique cuts applied:  14
Cover cuts applied:  12
Implied bound cuts applied:  45
Flow cuts applied:  46
Mixed integer rounding cuts applied:  737
Zero-half cuts applied:  17

Root node processing (before b&c):
  Real time             = 2018.98 sec. (2458471.99 ticks)
Sequential b&c:
  Real time             = 5181.03 sec. (6200529.60 ticks)
                          ------------
Total (root+branch&cut) = 7200.01 sec. (8659001.58 ticks)

CPLEX Sol status: Unknown
Instance Name: sarp-100-50-C-2

K: 26
Multi parcel
Value of Q: 50
Version identifier: 22.1.1.0 | 2022-11-28 | 9160aff4d
CPXPARAM_Threads                                 1
CPXPARAM_TimeLimit                               7200
Tried aggregator 2 times.
MIP Presolve eliminated 29680 rows and 64312 columns.
MIP Presolve modified 89852 coefficients.
Aggregator did 20 substitutions.
Reduced MIP has 32120 rows, 449770 columns, and 2163273 nonzeros.
Reduced MIP has 449474 binaries, 0 generals, 0 SOSs, and 0 indicators.
Presolve time = 2.32 sec. (2489.08 ticks)
Tried aggregator 1 time.
Detecting symmetries...
Reduced MIP has 32120 rows, 449770 columns, and 2163273 nonzeros.
Reduced MIP has 449474 binaries, 0 generals, 0 SOSs, and 0 indicators.
Presolve time = 1.34 sec. (1104.09 ticks)
Probing time = 0.18 sec. (116.64 ticks)
Clique table members: 238074.
MIP emphasis: balance optimality and feasibility.
MIP search method: dynamic search.
Parallel mode: none, using 1 thread.
Root relaxation solution time = 294.38 sec. (330458.34 ticks)

        Nodes                                         Cuts/
   Node  Left     Objective  IInf  Best Integer    Best Bound    ItCnt     Gap

      0     0     2457.8193  4136                   2457.8193    66884         
      0     0     2453.2138  4166                  Cuts: 1181    76315         
      0     0     2452.2841  4109                  Cuts: 1407    79889         
      0     0     2450.9405  3967                   Cuts: 630    88559         
      0     0     2450.4848  4128                   Cuts: 814    92486         
      0     0     2450.1555  3967                   Cuts: 609    95639         
Detecting symmetries...
      0     0     2450.0816  4080                   Cuts: 426    97596         
      0     0     2450.0814  4076                   Cuts: 171    97698         
Heuristic still looking.
Heuristic still looking.
Heuristic still looking.
Detecting symmetries...
      0     2     2450.0814  4076                   2450.0813    97698         
Elapsed time = 2016.93 sec. (2445796.54 ticks, tree = 0.01 MB, solutions = 0)
      1     3     2441.7290  3698                   2450.0813   103612         
      2     4     2440.2804  3475                   2450.0813   108830         
      3     5     2439.5640  3445                   2450.0813   111315         
      4     6     2439.5216  3373                   2450.0813   112056         
      5     7     2439.4504  3401                   2450.0813   113663         
      6     8     2428.3524  3219                   2450.0813   119435         
      7     9     2428.0557  3327                   2450.0813   121315         
      8    10     2427.9386  3114                   2450.0813   123882         
      9    11     2427.7891  3084                   2450.0813   125023         
     10    12     2427.7812  3189                   2450.0813   125352         
Elapsed time = 2360.91 sec. (2880672.22 ticks, tree = 3.69 MB, solutions = 0)
     11    13     2425.7945  2892                   2450.0813   128653         
     12    14     2425.7792  2856                   2450.0813   128966         
     14    16     2414.6155  2778                   2450.0813   133485         
     15    17     2425.7227  2927                   2450.0813   134160         
     16    18     2421.1795  2799                   2450.0813   137622         
     17    19     2421.1577  2743                   2450.0813   137976         
     18    20     2421.1057  2790                   2450.0813   138589         
     19    21     2415.0465  2760                   2450.0813   143006         
     20    22     2420.8685  2687                   2450.0813   144318         
     21    23     2420.7908  2697                   2450.0813   144939         
Elapsed time = 2500.47 sec. (3045127.15 ticks, tree = 8.29 MB, solutions = 0)
     22    24     2407.9491  2569                   2450.0813   152705         
     23    25     2407.3936  2578                   2450.0813   154526         
     24    26     2397.7455  2551                   2450.0813   162177         
     25    27     2406.7476  2473                   2450.0813   164101         
     26    28     2404.1723  2667                   2450.0813   168276         
     27    29     2398.8042  2431                   2450.0813   173181         
     28    30     2398.4513  2388                   2450.0813   174693         
     29    31     2397.7255  2433                   2450.0813   176410         
     30    32     2396.2248  2366                   2450.0813   179463         
     31    33     2396.1975  2370                   2450.0813   179904         
Elapsed time = 2738.56 sec. (3319985.25 ticks, tree = 12.48 MB, solutions = 0)
     32    34     2385.1681  2321                   2450.0813   183835         
     33    35     2392.9034  2297                   2450.0813   187833         
     34    36     2392.4547  2333                   2450.0813   189242         
     35    37     2390.4212  2147                   2450.0813   192559         
     36    38     2390.3826  2207                   2450.0813   193009         
     37    39     2378.9153  2182                   2450.0813   196813         
     38    40     2390.3471  2206                   2450.0813   197264         
     39    41     2390.1669  2191                   2450.0813   198327         
     40    42     2388.8159  2171                   2450.0813   200989         
     41    43     2388.3689  2292                   2450.0813   202199         
Elapsed time = 2957.10 sec. (3570866.47 ticks, tree = 16.67 MB, solutions = 0)
     42    44     2376.7690  2102                   2450.0813   208739         
     43    45     2375.9787  2116                   2450.0813   211115         
     44    46     2373.3963  1858                   2450.0813   215548         
     45    47     2372.4404  1827                   2450.0813   216287         
     46    48     2370.3319  1918                   2450.0813   217588         
     48    48     2369.8714  1937                   2450.0813   218787         
     50    48     2369.0779  1950                   2450.0813   220108         
     51    47    infeasible                         2450.0813   226257         
     52    48     2368.2204  1863                   2450.0813   228351         
     53    49     2366.9272  1924                   2450.0813   230079         
Elapsed time = 3122.05 sec. (3766196.49 ticks, tree = 19.19 MB, solutions = 0)
     54    50     2361.9688  1977                   2450.0813   233946         
     55    51     2366.8821  1949                   2450.0813   234394         
     56    52     2356.6517  1948                   2450.0813   237934         
     57    53     2366.8249  1991                   2450.0813   238407         
     58    54     2356.0958  1866                   2450.0813   241594         
     59    55     2355.7612  1862                   2450.0813   242753         
     60    56     2351.0229  1818                   2450.0813   244473         
     61    57     2350.9791  1791                   2450.0813   244781         
     62    58     2350.7146  1812                   2450.0813   245086         
     63    59     2342.0310  1807                   2450.0813   247937         
Elapsed time = 3253.14 sec. (3928624.12 ticks, tree = 23.82 MB, solutions = 0)
     64    60     2350.2341  1853                   2450.0813   249316         
     65    61     2349.3803  1673                   2450.0813   251158         
     66    62     2348.4450  1800                   2450.0813   253056         
     67    63     2347.8661  1767                   2450.0813   256004         
     68    64     2346.9374  1849                   2450.0813   258633         
     69    65     2340.6711  1755                   2450.0813   261700         
     70    66     2340.3998  1732                   2450.0813   262683         
     71    67     2339.6350  1768                   2450.0813   264096         
     72    66    infeasible                         2450.0813   286357         
     73    67     2339.2815  1811                   2450.0813   287382         
Elapsed time = 3459.34 sec. (4183388.80 ticks, tree = 26.77 MB, solutions = 0)
     74    68     2317.2068  1691                   2450.0813   292134         
     75    69     2315.7329  1636                   2450.0813   293980         
     76    70     2315.0053  1583                   2450.0813   295458         
     77    71     2313.1102  1596                   2450.0813   298276         
     79    71     2311.9434  1618                   2450.0813   299151         
     80    72     2288.8205  1652                   2450.0813   303522         
     81    73     2310.7273  1697                   2450.0813   306524         
     82    74     2289.1467  1629                   2450.0813   310652         
     83    75     2308.8484  1629                   2450.0813   311303         
     84    76     2306.3591  1766                   2450.0813   313829         
Elapsed time = 3593.03 sec. (4349645.42 ticks, tree = 30.57 MB, solutions = 0)
     85    75    infeasible                         2450.0813   328627         
     86    76     2306.0133  1743                   2450.0813   329607         
     87    77     2305.3297  1695                   2450.0813   331207         
     88    78     2304.6978  1709                   2450.0813   332726         
     90    78     2304.2689  1714                   2450.0813   333792         
     91    79     2302.8621  1627                   2450.0813   336141         
     92    80     2302.1793  1599                   2450.0813   337295         
     93    81     2301.7289  1688                   2450.0813   338867         
     95    81     2301.6258  1693                   2450.0813   339386         
     96    82     2299.7228  1746                   2450.0813   342165         
Elapsed time = 3736.76 sec. (4529894.79 ticks, tree = 33.53 MB, solutions = 0)
     97    83     2301.1254  1773                   2450.0813   343598         
     98    84     2299.4795  1727                   2450.0813   346562         
     99    85     2294.2853  1749                   2450.0813   348632         
    101    85     2294.1717  1755                   2450.0813   349141         
    102    86     2289.0586  1418                   2450.0813   352356         
    103    87     2283.6073  1337                   2450.0813   355265         
    104    88     2283.3521  1294                   2450.0813   355987         
    105    89     2281.8674  1300                   2450.0813   357781         
    106    88    infeasible                         2450.0813   362211         
    107    89     2280.6272  1308                   2450.0813   364238         
Elapsed time = 3842.37 sec. (4658607.58 ticks, tree = 36.07 MB, solutions = 0)
    108    90     2257.1768  1251                   2450.0813   370050         
    109    91     2280.2192  1380                   2450.0813   371017         
    110    92     2279.8317  1297                   2450.0813   372495         
    111    93     2279.4759  1386                   2450.0813   373484         
    112    94     2259.9578  1330                   2450.0813   381090         
    113    95     2278.7799  1404                   2450.0813   382722         
    114    96     2263.4386  1309                   2450.0813   386721         
    115    97     2262.1675  1282                   2450.0813   387931         
    116    98     2260.7310  1311                   2450.0813   389151         
    117    97    infeasible                         2450.0813   395905         
Elapsed time = 3983.06 sec. (4828740.19 ticks, tree = 39.89 MB, solutions = 0)
    118    98     2258.6124  1312                   2450.0813   397004         
    119    97    infeasible                         2450.0813   398460         
    120    98     2256.7624  1298                   2450.0813   399788         
    121    99     2256.1763  1377                   2450.0813   401066         
    122    98    infeasible                         2450.0813   403480         
    123    99     2255.8667  1356                   2450.0813   404230         
    124   100     2254.4306  1479                   2450.0813   405852         
    125   101     2255.2797  1383                   2450.0813   406917         
    126   102     2254.9585  1433                   2450.0813   407806         
    127   103     2249.7013  1339                   2450.0813   413276         
Elapsed time = 4054.95 sec. (4915419.89 ticks, tree = 42.43 MB, solutions = 0)
    131   103    infeasible                         2450.0813   415387         
    132   104     2450.0445  4034                   2450.0445   416240         
    133   105     2449.9885  4096                   2450.0431   417056         
    134   106     2435.8202  3515                   2449.9885   428243         
    135   107     2435.1167  3575                   2449.9885   431008         
    137   107     2433.3748  3425                   2449.9885   436140         
    138   108     2432.6738  3476                   2449.9885   440091         
    140   108     2431.2436  3456                   2449.9885   443733         
    142   108     2418.3987  3351                   2449.9885   449796         
    147   107     2449.9802  4078                   2449.9880   450590         
Elapsed time = 4325.38 sec. (5228182.15 ticks, tree = 43.70 MB, solutions = 0)
    148   108     2433.8709  3878                   2449.9880   462883         
    149   109     2421.7767  3293                   2449.9880   476369         
    150   110     2420.6952  3516                   2449.9880   480298         
    151   111     2417.8306  3598                   2449.9880   487854         
    152   112     2420.5619  3375                   2449.9880   489143         
    153   113     2419.7276  3420                   2449.9880   493254         
    155   113     2417.8738  3500                   2449.9880   496094         
    157   113     2417.1387  3423                   2449.9880   499993         
    158   114     2416.3799  3415                   2449.9880   504105         
    160   114     2416.0804  3263                   2449.9880   506211         
Elapsed time = 4723.01 sec. (5709604.51 ticks, tree = 46.90 MB, solutions = 0)
    161   115     2415.9788  3274                   2449.9880   507644         
    162   116     2408.3574  2916                   2449.9880   514249         
    163   117     2407.4375  3109                   2449.9880   517952         
    164   118     2393.5023  3088                   2449.9880   523640         
    165   119     2403.4336  3201                   2449.9880   526230         
    166   120     2403.1653  3058                   2449.9880   531263         
    167   121     2402.6366  3195                   2449.9880   534254         
    169   121     2401.4534  3152                   2449.9880   537884         
    170   122     2401.1690  3186                   2449.9880   540136         
    171   123     2397.7435  3222                   2449.9880   546432         
Elapsed time = 5003.42 sec. (6050233.06 ticks, tree = 50.65 MB, solutions = 0)
    173   125     2399.8634  3024                   2449.9880   550811         
    174   126     2399.6516  3218                   2449.9880   551969         
    176   126     2397.8561  3355                   2449.9880   556468         
    177   127     2388.5335  3192                   2449.9880   562416         
    178   128     2385.4917  2987                   2449.9880   567138         
    179   129     2384.7323  2955                   2449.9880   569693         
    180   130     2381.8154  2898                   2449.9880   575098         
    181   131     2381.5886  2970                   2449.9880   576552         
    183   131     2381.4890  2958                   2449.9880   577210         
    184   132     2380.9691  2857                   2449.9880   579409         
Elapsed time = 5461.70 sec. (6580032.80 ticks, tree = 54.41 MB, solutions = 0)
    186   134     2380.4633  2783                   2449.9880   581405         
    187   135     2379.3789  3004                   2449.9880   584281         
    188   136     2366.6401  2736                   2449.9880   592778         
    189   137     2364.7542  2664                   2449.9880   596250         
    190   138     2363.5738  2598                   2449.9880   598910         
    191   139     2362.4306  2715                   2449.9880   600739         
    195   137     2438.1125  3462                   2449.9801   610972         
    196   138     2438.0544  3322                   2449.9801   611967         
    197   139     2437.7555  3441                   2449.9801   614026         
    198   140     2437.7389  3432                   2449.9801   614547         
Elapsed time = 5724.55 sec. (6883260.43 ticks, tree = 57.78 MB, solutions = 0)
    199   141     2437.6863  3492                   2449.9801   615564         
    200   142     2437.5378  3469                   2449.9801   616948         
    201   143     2437.5085  3472                   2449.9801   617542         
    202   144     2437.4729  3557                   2449.9801   618104         
    203   145     2437.2895  3505                   2449.9801   619566         
    204   146     2437.1146  3607                   2449.9801   621319         
    205   147     2437.0572  3528                   2449.9801   622374         
    206   148     2436.9198  3537                   2449.9801   623835         
    207   149     2436.8230  3705                   2449.9801   625119         
    208   150     2436.7572  3663                   2449.9801   626020         
Elapsed time = 5815.96 sec. (6991651.50 ticks, tree = 61.85 MB, solutions = 0)
    210   152     2436.6624  3610                   2449.9801   627246         
    211   153     2436.6169  3772                   2449.9801   628232         
    212   154     2436.5705  3744                   2449.9801   629222         
    213   155     2436.4845  3715                   2449.9801   630449         
    214   156     2436.4756  3684                   2449.9801   630884         
    215   157     2436.2328  3797                   2449.9801   633460         
    216   158     2435.7948  3710                   2449.9801   635933         
    217   159     2435.7056  3732                   2449.9801   637474         
    218   160     2435.4065  3698                   2449.9801   640443         
    219   161     2435.3827  3756                   2449.9801   641030         
Elapsed time = 5925.49 sec. (7131549.23 ticks, tree = 66.32 MB, solutions = 0)
    220   162     2435.3406  3701                   2449.9801   641873         
    222   164     2435.1858  3717                   2449.9801   643202         
    223   165     2435.0887  3772                   2449.9801   644139         
    224   166     2434.9329  3649                   2449.9801   645792         
    225   167     2434.8536  3573                   2449.9801   646915         
    226   168     2434.7988  3529                   2449.9801   647805         
    228   170     2434.7883  3624                   2449.9801   648429         
    230   172     2434.7097  3504                   2449.9801   649693         
    231   173     2434.6240  3607                   2449.9801   650697         
    232   174     2434.3948  3696                   2449.9801   652374         
Elapsed time = 6755.97 sec. (8084412.46 ticks, tree = 71.60 MB, solutions = 0)
    233   175     2434.3584  3667                   2449.9801   653157         
    234   176     2434.3249  3719                   2449.9801   653947         
    235   177     2434.2824  3783                   2449.9801   654907         
    236   178     2434.2346  3621                   2449.9801   656067         
    237   179     2434.1723  3829                   2449.9801   657377         
    238   180     2433.9321  3722                   2449.9801   658634         
    239   181     2433.8254  3759                   2449.9801   659607         
    240   182     2433.6927  3770                   2449.9801   660929         
    241   183     2433.4473  3844                   2449.9801   662812         
    242   184     2433.3580  3900                   2449.9801   664131         
Elapsed time = 6847.72 sec. (8195338.48 ticks, tree = 75.67 MB, solutions = 0)
    243   185     2433.3191  3793                   2449.9801   664740         
    244   186     2433.1554  3755                   2449.9801   666161         
    245   187     2433.0705  3892                   2449.9801   667209         
    246   188     2433.0019  3803                   2449.9801   668170         
    247   189     2432.9173  3935                   2449.9801   668855         
    248   190     2432.7330  3924                   2449.9801   670016         
    249   191     2432.6057  3726                   2449.9801   671145         
    250   192     2432.5872  3670                   2449.9801   671744         
    251   193     2432.5225  3729                   2449.9801   672602         
    253   195     2432.5015  3696                   2449.9801   673397         
Elapsed time = 6921.60 sec. (8282974.75 ticks, tree = 80.15 MB, solutions = 0)
    254   196     2432.4611  3731                   2449.9801   674193         
    256   198     2432.4324  3736                   2449.9801   675063         
    257   199     2432.3634  3715                   2449.9801   676162         
    258   200     2432.3498  3849                   2449.9801   676630         
    259   201     2432.3086  3733                   2449.9801   677307         
    260   202     2432.3017  3859                   2449.9801   677607         
    261   203     2432.2760  3827                   2449.9801   678191         

Clique cuts applied:  10
Cover cuts applied:  10
Implied bound cuts applied:  46
Flow cuts applied:  37
Mixed integer rounding cuts applied:  748
Zero-half cuts applied:  5
Gomory fractional cuts applied:  2

Root node processing (before b&c):
  Real time             = 1988.14 sec. (2414946.10 ticks)
Sequential b&c:
  Real time             = 5211.87 sec. (6206573.90 ticks)
                          ------------
Total (root+branch&cut) = 7200.01 sec. (8621520.00 ticks)

CPLEX Sol status: Unknown
Instance Name: sarp-80-40-A-1

K: 22
Multi parcel
Value of Q: 40
Version identifier: 22.1.1.0 | 2022-11-28 | 9160aff4d
CPXPARAM_Threads                                 1
CPXPARAM_TimeLimit                               7200
Tried aggregator 2 times.
MIP Presolve eliminated 19215 rows and 23216 columns.
MIP Presolve modified 73490 coefficients.
Aggregator did 38 substitutions.
Reduced MIP has 20825 rows, 252926 columns, and 1193676 nonzeros.
Reduced MIP has 252692 binaries, 0 generals, 0 SOSs, and 0 indicators.
Presolve time = 1.23 sec. (1427.08 ticks)
Tried aggregator 1 time.
Detecting symmetries...
Reduced MIP has 20825 rows, 252926 columns, and 1193676 nonzeros.
Reduced MIP has 252692 binaries, 0 generals, 0 SOSs, and 0 indicators.
Presolve time = 0.69 sec. (624.58 ticks)
Probing time = 0.08 sec. (56.14 ticks)
Clique table members: 137692.
MIP emphasis: balance optimality and feasibility.
MIP search method: dynamic search.
Parallel mode: none, using 1 thread.
Root relaxation solution time = 13.59 sec. (19397.60 ticks)

        Nodes                                         Cuts/
   Node  Left     Objective  IInf  Best Integer    Best Bound    ItCnt     Gap

      0     0      262.5871   573                    262.5871    14304         
      0     0      250.4504   469                   Cuts: 720    18444         
      0     0      248.9806   573                   Cuts: 536    19572         
      0     0      248.1229   598                   Cuts: 294    20525         
      0     0      247.6800   746                   Cuts: 479    21252         
      0     0      246.9570   748                   Cuts: 134    21796         
Detecting symmetries...
      0     0      246.1856   665                   Cuts: 229    22324         
      0     0      245.9650   626                   Cuts: 489    22875         
      0     0      245.7988   694                   Cuts: 184    23448         
      0     0      245.3234   694                   Cuts: 317    24668         
      0     0      245.2251   719                   Cuts: 142    25150         
      0     0      245.1982   745                   Cuts: 113    25438         
      0     0      245.1904   752                    Cuts: 78    25570         
Heuristic still looking.
*     0+    0                         -482.1920      245.1904           150.85%
*     0+    0                          202.1190      245.1904            21.31%
*     0+    0                          209.3390      245.1904            17.13%
*     0+    0                          211.6040      245.1904            15.87%
      0     0        cutoff            211.6040      245.1904    25570   15.87%
Detecting symmetries...
      0     2      245.1904   752      211.6040      245.1903    25570   15.87%
Elapsed time = 114.33 sec. (111430.90 ticks, tree = 0.01 MB, solutions = 4)
      1     3      244.4906   672      211.6040      245.1896    26576   15.87%
      2     4      245.0292   735      211.6040      245.0255    27309   15.79%
      3     5      243.6832   654      211.6040      245.0255    27537   15.79%
      4     6      244.2107   719      211.6040      245.0255    27890   15.79%
      5     7      243.6134   683      211.6040      245.0255    28149   15.79%
      6     8      243.6087   605      211.6040      245.0255    28508   15.79%
      7     9      243.4310   644      211.6040      245.0255    28792   15.79%
      8    10      242.9782   690      211.6040      245.0255    29372   15.79%
      9    11      243.3531   702      211.6040      245.0255    29572   15.79%
     11    13      243.2260   597      211.6040      245.0255    29912   15.79%
Elapsed time = 139.77 sec. (136689.59 ticks, tree = 2.45 MB, solutions = 4)
     13    15      243.0517   596      211.6040      245.0255    30353   15.79%
     15    17      241.9984   569      211.6040      245.0255    30779   15.79%
     18    20      240.7322   529      211.6040      245.0255    31351   15.79%
     20    22      238.4070   528      211.6040      245.0255    31590   15.79%
     26    28      239.3375   585      211.6040      245.0255    31976   15.79%
     30    32      238.8399   517      211.6040      245.0255    32124   15.79%
     37    37        cutoff            211.6040      245.0255    33227   15.79%
     40    40      237.9674   488      211.6040      245.0255    33483   15.79%
     42    42      237.8298   472      211.6040      245.0255    33938   15.79%
     43    43      237.3000   218      211.6040      245.0255    34516   15.79%
Elapsed time = 155.13 sec. (151104.52 ticks, tree = 10.42 MB, solutions = 4)
     45    45      237.2562   229      211.6040      245.0255    35359   15.79%
     50    50      236.7550   410      211.6040      245.0255    35871   15.79%
     51    51      232.8301   344      211.6040      245.0255    36526   15.79%
     53    53      236.4402   173      211.6040      245.0255    37080   15.79%
     55    55      227.9066   380      211.6040      245.0255    38056   15.79%
     57    57      235.5518   392      211.6040      245.0255    38472   15.79%
     59    59      234.8161   332      211.6040      245.0255    39043   15.79%
     60    60      234.0134   266      211.6040      245.0255    39356   15.79%
     64    64      224.0978   135      211.6040      245.0255    40278   15.79%
     67    67      232.9533   274      211.6040      245.0255    40944   15.79%
Elapsed time = 183.63 sec. (179930.09 ticks, tree = 16.36 MB, solutions = 4)
     70    70      225.2927   246      211.6040      245.0255    41686   15.79%
     74    74      219.4080    49      211.6040      245.0255    42191   15.79%
     80    78      225.5097    87      211.6040      245.0255    42426   15.79%
     84    82      222.5763    90      211.6040      245.0255    43005   15.79%
     90    88      224.1971    79      211.6040      245.0255    43367   15.79%
    100    98      212.8695   131      211.6040      245.0255    43969   15.79%
    103    99        cutoff            211.6040      245.0255    44769   15.79%
*   107    99      integral     0      217.6730      245.0255    45161   12.57%
    108    98      243.8980   692      217.6730      245.0188    46440   12.56%
    111   101      243.5816   665      217.6730      245.0188    46804   12.56%
    113   103      241.5861   631      217.6730      245.0188    47351   12.56%
Elapsed time = 200.65 sec. (196208.45 ticks, tree = 25.92 MB, solutions = 5)
    114   104      242.7938   706      217.6730      245.0188    47941   12.56%
    115   105      243.0057   637      217.6730      245.0188    48453   12.56%
    117   107      242.9134   569      217.6730      245.0188    48870   12.56%
    119   109      242.6454   552      217.6730      245.0188    49175   12.56%
    121   111      242.5538   609      217.6730      245.0188    49688   12.56%
    122   112      241.4477   535      217.6730      245.0188    50102   12.56%
    124   114      240.4527   575      217.6730      245.0188    51101   12.56%
    126   116      233.8364   499      217.6730      245.0188    51934   12.56%
    128   118      239.6792   571      217.6730      245.0188    52515   12.56%
    130   118      239.4293   490      217.6730      245.0188    52907   12.56%
Elapsed time = 219.80 sec. (212537.33 ticks, tree = 29.76 MB, solutions = 5)
    132   120      233.3248   456      217.6730      245.0188    53327   12.56%
    136   124      238.3483   514      217.6730      245.0188    53878   12.56%
    138   126      237.2821   603      217.6730      245.0188    54684   12.56%
    139   127      237.4672   404      217.6730      245.0188    55135   12.56%
    140   128      237.3126   417      217.6730      245.0188    55294   12.56%
    147   135      236.4354   178      217.6730      245.0188    55720   12.56%
    150   138      231.3984   126      217.6730      245.0188    56240   12.56%
    154   142      229.9671   205      217.6730      245.0188    56895   12.56%
    158   146      229.3967    76      217.6730      245.0188    57340   12.56%
    160   148      227.5642    79      217.6730      245.0188    57537   12.56%
Elapsed time = 236.23 sec. (228275.09 ticks, tree = 37.50 MB, solutions = 5)
    174   162      224.0769    19      217.6730      245.0188    57982   12.56%
    187   173      220.0295    32      217.6730      245.0188    58388   12.56%
    191   173      244.9116   713      217.6730      244.9113    59031   12.51%
    193   175      244.8055   711      217.6730      244.9098    59420   12.51%
    195   177      244.6069   801      217.6730      244.9098    60063   12.51%
    196   178      244.5022   759      217.6730      244.9098    60393   12.51%
    199   181      244.4024   787      217.6730      244.9098    60917   12.51%
    201   183      244.2570   767      217.6730      244.9098    61442   12.51%
    203   185      243.8553   785      217.6730      244.9098    62173   12.51%
    206   188      243.5837   774      217.6730      244.9098    62752   12.51%
Elapsed time = 255.36 sec. (244701.80 ticks, tree = 47.48 MB, solutions = 5)
*   207+  110                          233.2310      244.9098             5.01%
    207   112      243.3989   832      233.2310      244.9098    63020    5.01%
    208   113      243.1238   760      233.2310      244.9098    63368    5.01%
    210   115      242.9367   758      233.2310      244.9098    63761    5.01%
    212   117      242.0813   723      233.2310      244.9098    64660    5.01%
    214   119      241.2996   721      233.2310      244.9098    65267    5.01%
    217   122      240.7983   750      233.2310      244.9098    65852    5.01%
    220   125      240.4227   721      233.2310      244.9098    66391    5.01%
    224   129      240.0624   753      233.2310      244.9098    66977    5.01%
    227   132      239.6108   645      233.2310      244.9098    67517    5.01%
    230   135      239.4107   628      233.2310      244.9098    68059    5.01%
Elapsed time = 265.50 sec. (257228.96 ticks, tree = 33.65 MB, solutions = 6)
    233   138      239.2264   782      233.2310      244.9098    68723    5.01%
    236   141      238.5232   790      233.2310      244.9098    69637    5.01%
    239   144      237.8790   795      233.2310      244.9098    70447    5.01%
    242   147      237.6879   796      233.2310      244.9098    71022    5.01%
    246   151      237.4955   762      233.2310      244.9098    71702    5.01%
    249   154      237.1855   798      233.2310      244.9098    72385    5.01%
    252   157      236.8342   793      233.2310      244.9098    73096    5.01%
    255   160      236.3536   733      233.2310      244.9098    73773    5.01%
    260   165      235.9581   770      233.2310      244.9098    74595    5.01%
    265   170      235.7274   762      233.2310      244.9098    75477    5.01%
Elapsed time = 275.19 sec. (269024.21 ticks, tree = 42.62 MB, solutions = 6)
    270   175      235.4323   761      233.2310      244.9098    76239    5.01%
    276   181      235.1177   777      233.2310      244.9098    77113    5.01%
    280   185      234.7586   774      233.2310      244.9098    78147    5.01%
    289   194      234.4471   762      233.2310      244.9098    79069    5.01%
    297   202      234.0791   750      233.2310      244.9098    80108    5.01%
    306   211      233.7904   794      233.2310      244.9098    81141    5.01%
    313   218      233.3975   803      233.2310      244.9098    82182    5.01%
    316   217      244.8051   651      233.2310      244.8077    82933    4.96%
    319   220      244.6043   618      233.2310      244.8077    83371    4.96%
    322   223      244.2511   800      233.2310      244.8077    84438    4.96%
Elapsed time = 287.95 sec. (284860.46 ticks, tree = 56.23 MB, solutions = 6)
    333   234      243.6736   744      233.2310      244.8077    85703    4.96%
    341   242      242.7806   706      233.2310      244.8077    87353    4.96%
    348   249      241.8461   689      233.2310      244.8077    88856    4.96%
    353   254      240.3787   535      233.2310      244.8077    91060    4.96%
    360   261      239.6277   741      233.2310      244.8077    92072    4.96%
    372   273      237.6644   724      233.2310      244.8077    94395    4.96%
    385   286      236.1804   729      233.2310      244.8077    97084    4.96%
    401   302      233.8015   692      233.2310      244.8077   100981    4.96%
    409   306      237.8576   698      233.2310      244.8055   102923    4.96%
    420   317      236.7915   663      233.2310      244.8055   105724    4.96%
Elapsed time = 320.84 sec. (326052.99 ticks, tree = 80.36 MB, solutions = 6)
    440   337      233.3321   675      233.2310      244.8055   109689    4.96%
    445   338      243.5527   558      233.2310      244.8051   111146    4.96%
    449   342      242.2312   362      233.2310      244.8051   112755    4.96%
    457   350      240.2282   471      233.2310      244.8051   115016    4.96%
    479   368      238.3479   243      233.2310      244.8051   117641    4.96%
    490   377      236.8640   262      233.2310      244.8051   120912    4.96%
    512   389      235.1152   706      233.2310      244.7432   126242    4.94%
    518   391      244.3645   693      233.2310      244.7312   127783    4.93%
    522   395      243.3554   686      233.2310      244.7312   129352    4.93%
    530   403      242.3284   694      233.2310      244.7312   131069    4.93%
Elapsed time = 356.89 sec. (371994.09 ticks, tree = 102.54 MB, solutions = 6)
    540   413      242.0196   679      233.2310      244.7312   132619    4.93%
    547   420      241.3490   624      233.2310      244.7312   134290    4.93%
    548   421      241.0936   646      233.2310      244.7312   134718    4.93%
    559   432      239.3444   658      233.2310      244.7312   136666    4.93%
    570   443      237.7742   712      233.2310      244.7312   139194    4.93%
    586   459      235.3799   779      233.2310      244.7312   142117    4.93%
    604   473      244.5027   747      233.2310      244.7034   146181    4.92%
    608   477      243.9020   648      233.2310      244.7034   147599    4.92%
    614   483      243.0743   576      233.2310      244.7034   149124    4.92%
    622   491      242.2116   697      233.2310      244.7034   150941    4.92%
Elapsed time = 400.68 sec. (424891.43 ticks, tree = 125.15 MB, solutions = 6)
    630   499      241.7214   702      233.2310      244.7034   152577    4.92%
    636   505      240.2951   724      233.2310      244.7034   154461    4.92%
    648   517      238.3693   725      233.2310      244.7034   156739    4.92%
    660   529      236.9900   746      233.2310      244.7034   159356    4.92%
    677   546      235.2919   790      233.2310      244.7034   162449    4.92%
    689   554      243.7098   631      233.2310      244.6067   164960    4.88%
    697   562      241.9662   438      233.2310      244.6067   166767    4.88%
    707   572      240.8990   616      233.2310      244.6067   168724    4.88%
    716   581      239.3757   571      233.2310      244.6067   170974    4.88%
    733   598      238.8598   387      233.2310      244.6067   172095    4.88%
Elapsed time = 433.87 sec. (466435.27 ticks, tree = 152.65 MB, solutions = 6)
    743   608      236.6242   544      233.2310      244.6067   174769    4.88%
    761   622      243.5563   690      233.2310      244.6039   178292    4.88%
    764   625      242.7808   579      233.2310      244.6039   179791    4.88%
    770   631      241.8613   517      233.2310      244.6039   181395    4.88%
    780   641      234.9217   400      233.2310      244.6039   183790    4.88%
    793   648      244.4285   717      233.2310      244.5688   186312    4.86%
    796   651      243.3363   680      233.2310      244.5688   187690    4.86%
*   800+  509                          235.5620      244.5688             3.82%
    800   511      242.7500   658      235.5620      244.5688   187973    3.82%
    809   520      241.7192   712      235.5620      244.5688   190067    3.82%
    820   531      240.8949   751      235.5620      244.5688   192564    3.82%
Elapsed time = 467.94 sec. (509507.13 ticks, tree = 135.46 MB, solutions = 7)
    833   544      239.9893   721      235.5620      244.5688   194948    3.82%
    843   554      238.6781   676      235.5620      244.5688   197732    3.82%
    852   559      242.0159   642      235.5620      244.5326   201029    3.81%
    865   572      240.0867   510      235.5620      244.5326   203298    3.81%
    878   585      237.5387   592      235.5620      244.5326   206203    3.81%
    891   594      244.2274   766      235.5620      244.5025   209199    3.80%
    902   605      243.5165   783      235.5620      244.5025   210690    3.80%
    912   615      243.0720   730      235.5620      244.5025   212298    3.80%
    917   620      240.8797   760      235.5620      244.5025   214440    3.80%
    925   628      237.8544   689      235.5620      244.5025   217084    3.80%
Elapsed time = 500.74 sec. (550329.01 ticks, tree = 160.35 MB, solutions = 7)
    942   641      244.3504   723      235.5620      244.4965   220988    3.79%
    956   655      243.2756   616      235.5620      244.4965   222997    3.79%
    965   664      242.6463   675      235.5620      244.4965   224716    3.79%
    974   673      241.8022   614      235.5620      244.4965   226722    3.79%
    982   681      238.9837   696      235.5620      244.4965   229559    3.79%
    999   694      243.5891   690      235.5620      244.4950   234154    3.79%
   1002   697      243.2796   659      235.5620      244.4950   234732    3.79%
   1006   701      241.7872   522      235.5620      244.4950   236936    3.79%
   1012   707      240.6754   228      235.5620      244.4950   239442    3.79%

Performing restart 1

Repeating presolve.
Tried aggregator 2 times.
MIP Presolve eliminated 8186 rows and 150223 columns.
MIP Presolve modified 94418 coefficients.
Aggregator did 5 substitutions.
Reduced MIP has 12634 rows, 102698 columns, and 463805 nonzeros.
Reduced MIP has 102466 binaries, 0 generals, 0 SOSs, and 0 indicators.
Presolve time = 0.68 sec. (741.29 ticks)
Tried aggregator 2 times.
MIP Presolve eliminated 107 rows and 2717 columns.
MIP Presolve modified 1828 coefficients.
Aggregator did 31 substitutions.
Reduced MIP has 12496 rows, 99950 columns, and 451894 nonzeros.
Reduced MIP has 99718 binaries, 0 generals, 0 SOSs, and 0 indicators.
Presolve time = 0.70 sec. (768.90 ticks)
Tried aggregator 1 time.
MIP Presolve eliminated 0 rows and 9 columns.
Reduced MIP has 12496 rows, 99941 columns, and 451851 nonzeros.
Reduced MIP has 99709 binaries, 0 generals, 0 SOSs, and 0 indicators.
Presolve time = 0.26 sec. (244.82 ticks)
Represolve time = 18.45 sec. (20201.30 ticks)
   1020     0      245.0479   747      235.5620     Cuts: 198   260199    3.79%
   1020     0      244.8207   807      235.5620      Cuts: 65   260718    3.79%
   1020     0      244.3275   833      235.5620      Cuts: 83   261670    3.72%
*  1020+    0                          236.4340      244.3275             3.34%
   1020     0        cutoff            236.4340      244.3275   261670    3.34%
   1020     0      244.1032   830      236.4340     Cuts: 117   262331    3.24%

Repeating presolve.
Tried aggregator 2 times.
MIP Presolve eliminated 1722 rows and 26643 columns.
MIP Presolve modified 13434 coefficients.
Aggregator did 4 substitutions.
Reduced MIP has 10770 rows, 73294 columns, and 343156 nonzeros.
Reduced MIP has 73062 binaries, 0 generals, 0 SOSs, and 0 indicators.
Presolve time = 0.34 sec. (388.69 ticks)
Tried aggregator 2 times.
MIP Presolve eliminated 50 rows and 212 columns.
MIP Presolve modified 59 coefficients.
Aggregator did 3 substitutions.
Reduced MIP has 10717 rows, 73079 columns, and 341712 nonzeros.
Reduced MIP has 72847 binaries, 0 generals, 0 SOSs, and 0 indicators.
Presolve time = 0.41 sec. (427.42 ticks)
Represolve time = 5.34 sec. (5302.22 ticks)
   1020     0      243.9591   816      236.4340     Cuts: 122   280291    3.18%
   1020     0      243.6300   673      236.4340      Cuts: 76   281278    3.04%
   1020     0      243.5246   859      236.4340     Cuts: 176   281815    3.00%
*  1020+    0                          236.4400      243.5246             3.00%
   1020     0        cutoff            236.4400      243.5246   281815    3.00%
   1020     0      243.4555   787      236.4400     Cuts: 146   282124    2.97%
   1020     0      243.4122   815      236.4400      Cuts: 37   282470    2.95%
   1020     0      243.3479   794      236.4400      Cuts: 27   282758    2.92%
   1020     0      243.2769   890      236.4400      Cuts: 24   283010    2.89%
   1020     0      243.2674   865      236.4400      Cuts: 29   283128    2.89%
   1020     0      243.2511   900      236.4400      Cuts: 40   283322    2.88%
*  1020+    0                          236.6700      243.2511             2.78%
   1020     0        cutoff            236.6700      243.2511   283322    2.78%
   1020     0      243.1828   910      236.6700      Cuts: 38   283528    2.75%
   1020     0      243.1298   860      236.6700      Cuts: 35   283827    2.73%
   1020     0      243.0869   887      236.6700      Cuts: 29   284072    2.71%
*  1020+    0                          238.1420      243.0869             2.08%
   1020     0        cutoff            238.1420      243.0869   284072    2.08%
   1020     0      243.0463   803      238.1420      Cuts: 35   284237    2.06%
   1020     0      243.0208   901      238.1420      Cuts: 13   284396    2.05%
   1020     0      243.0024   853      238.1420      Cuts: 12   284586    2.04%
   1020     0      242.9733   934      238.1420       Cuts: 8   284720    2.03%
   1020     0      242.9408   929      238.1420       Cuts: 8   284903    2.02%
   1020     0      242.9226   880      238.1420   ZeroHalf: 2   285103    2.01%
   1020     0      242.9199   875      238.1420      Cuts: 11   285132    2.01%
   1020     0      242.8607   886      238.1420       Cuts: 5   285383    1.98%
   1020     0      242.8447   919      238.1420      Cuts: 28   285554    1.97%
   1020     0      242.8384   872      238.1420      Cuts: 17   285626    1.97%
   1020     0      242.8384   876      238.1420       Cuts: 5   285645    1.97%
   1020     0      242.8185   891      238.1420       Cuts: 2   285751    1.96%
   1020     2      242.8121   756      238.1420      242.8113   285978    1.96%
Elapsed time = 738.09 sec. (818321.74 ticks, tree = 0.01 MB, solutions = 11)
   1021     3      242.6705   817      238.1420      242.6667   287336    1.90%
   1022     4      242.5676   770      238.1420      242.5666   287914    1.86%
   1023     5      242.4851   785      238.1420      242.5636   288561    1.86%
   1024     5      242.2613   764      238.1420      242.5636   289144    1.86%
   1025     5      242.2516   764      238.1420      242.5636   290731    1.86%
   1026     5      242.2456   763      238.1420      242.5636   295647    1.86%
   1027     5      242.2290   815      238.1420      242.5636   297483    1.86%
   1028     6      242.2282   664      238.1420      242.5636   299271    1.86%
   1029     6      242.2056   613      238.1420      242.5636   299456    1.86%
   1030     6      242.2055   674      238.1420      242.5636   300484    1.86%
Elapsed time = 940.42 sec. (1060694.87 ticks, tree = 0.23 MB, solutions = 11)
   1032     7      242.1761   793      238.1420      242.5636   300676    1.86%
   1033     8      242.1761   793      238.1420      242.5636   300895    1.86%
   1034     8      242.1619   804      238.1420      242.5636   301028    1.86%
   1037    11      242.0988   748      238.1420      242.5636   301836    1.86%
   1038    11      241.6084   729      238.1420      242.5636   302323    1.86%
   1039    12      241.4885   638      238.1420      242.5636   303138    1.86%
   1041    13      240.1230   659      238.1420      242.5636   304367    1.86%
   1042    14      240.1108   666      238.1420      242.5636   304637    1.86%
   1047    16      240.0628   570      238.1420      242.5636   305234    1.86%
   1048    17      240.0338   645      238.1420      242.5636   305401    1.86%
Elapsed time = 1005.00 sec. (1133744.66 ticks, tree = 0.57 MB, solutions = 11)
   1052    18      239.9262   622      238.1420      242.5636   306671    1.86%
   1056    21      239.8798   683      238.1420      242.5636   307790    1.86%
   1058    20      239.4447   677      238.1420      242.5636   308565    1.86%
   1064    23      238.9014   400      238.1420      242.5636   310757    1.86%
   1068    27      238.8105   331      238.1420      242.5636   312380    1.86%
   1073    27      239.8316   652      238.1420      242.4836   319080    1.82%
   1074    27      239.6300   643      238.1420      242.4836   320475    1.82%
   1075    27      239.6002   652      238.1420      242.4836   320762    1.82%
   1078    27      239.4472   458      238.1420      242.4836   321308    1.82%
   1083    28      239.0038   407      238.1420      242.4836   321793    1.82%
Elapsed time = 1070.52 sec. (1202005.79 ticks, tree = 0.96 MB, solutions = 11)
   1088    28      241.7471   580      238.1420      242.3030   323728    1.75%
   1090    30      241.4692   573      238.1420      242.3030   324251    1.75%
   1092    30      241.4272   508      238.1420      242.3030   324413    1.75%
   1098    34      241.1659   468      238.1420      242.3030   325217    1.75%
   1103    37      241.0488   621      238.1420      242.3030   325689    1.75%
   1112    44      240.2521   414      238.1420      242.3030   326603    1.75%
   1113    44      240.2101   519      238.1420      242.3030   326741    1.75%
*  1120+   45                          238.2800      242.3030             1.69%
   1120    46      240.0444   463      238.2800      242.3030   327136    1.69%
   1130    52      239.6969   432      238.2800      242.3030   327648    1.69%
   1137    53      239.5787   542      238.2800      242.3030   328128    1.69%
Elapsed time = 1126.55 sec. (1259462.78 ticks, tree = 3.83 MB, solutions = 12)
   1143    54      239.4425   505      238.2800      242.3030   328418    1.69%
   1147    54      239.2816   519      238.2800      242.3030   328627    1.69%
   1152    55      239.0448   550      238.2800      242.3030   329056    1.69%
   1159    56      241.9493   715      238.2800      242.2233   330879    1.65%
   1162    58      241.7532   722      238.2800      242.2233   331481    1.65%
   1165    60      241.6865   665      238.2800      242.2233   331777    1.65%
   1173    66      241.0648   637      238.2800      242.2233   333021    1.65%
   1183    72      240.8023   671      238.2800      242.2233   333977    1.65%
   1199    84      240.5543   685      238.2800      242.2233   335426    1.65%
   1206    89      240.1489   565      238.2800      242.2233   336302    1.65%
Elapsed time = 1175.79 sec. (1311736.17 ticks, tree = 7.91 MB, solutions = 12)
   1210    91      239.6904   596      238.2800      242.2233   337298    1.65%
   1215    91      239.4898   419      238.2800      242.2233   337890    1.65%
*  1220+   88                          238.6960      242.2233             1.48%
   1231    96      238.8466     4      238.6960      242.2233   338840    1.48%
*  1233    94      integral     0      238.8010      242.2233   338908    1.43%
   1237    91      239.2570   741      238.8010      242.1280   341848    1.39%
   1239    91      238.9671   707      238.8010      242.1280   342460    1.39%
   1246    92      240.6267   648      238.8010      242.0963   343719    1.38%
   1253    92      241.0956   470      238.8010      241.7529   345859    1.24%
   1263   100      239.9285   666      238.8010      241.7529   347271    1.24%
*  1279   104      integral     0      239.2150      241.7529   348130    1.06%
*  1280    91      integral     0      239.6290      241.7529   348163    0.89%
   1288    85      241.3778   675      239.6290      241.4869   349411    0.78%
   1303    94      240.4279   607      239.6290      241.4869   351227    0.78%
Elapsed time = 1227.05 sec. (1364176.36 ticks, tree = 9.91 MB, solutions = 16)
   1325   107      240.5039   355      239.6290      241.4648   352742    0.77%
   1345   107        cutoff            239.6290      241.2298   356842    0.67%
   1368    92      240.2419   390      239.6290      240.9618   360874    0.56%
   1373    92      240.7190   152      239.6290      240.9446   362233    0.55%
   1390    85      240.3316   333      239.6290      240.8069   365395    0.49%
   1412    74      240.2775   145      239.6290      240.6762   368522    0.44%
*  1426    56      integral     0      239.9510      240.6433   369180    0.29%
*  1427    22      integral     0      240.3650      240.6433   369206    0.12%

GUB cover cuts applied:  4
Clique cuts applied:  10
Cover cuts applied:  9
Implied bound cuts applied:  50
Flow cuts applied:  22
Mixed integer rounding cuts applied:  125
Zero-half cuts applied:  138
Lift and project cuts applied:  11
Gomory fractional cuts applied:  5

Root node processing (before b&c):
  Real time             =  111.90 sec. (108886.63 ticks)
Sequential b&c:
  Real time             = 1146.26 sec. (1285624.07 ticks)
                          ------------
Total (root+branch&cut) = 1258.16 sec. (1394510.69 ticks)

CPLEX Sol status: Optimal
 LB: 240.365
 UB: 240.373
Initializing solStats

Obj Val: 240.365

Solve Time: 1249.49
b(0): 13.5166666666667
b(1): 10.9833333333333
b(2): 15.4166666666667
b(3): 12.8833333333333
b(4): 12.3166666666667
b(5): 9.38333333333333
b(6): 16.8833333333333
b(7): 10
b(8): 12.7333333333333
b(9): 10.1
b(10): 17.0333333333333
b(11): 14.85
b(12): 14.7166666666667
b(13): 11.1166666666667
b(14): 15.0166666666667
b(15): 11.0833333333333
b(16): 13.7166666666667
b(17): 17.1
b(18): 9.58333333333333
b(19): 9.66666666666667
b(20): 14.5833333333333
b(21): 15.9833333333333
b(22): 13.3666666666667
b(23): 10.2666666666667
b(24): 11.4833333333333
b(25): 11.4833333333333
b(26): 9.48333333333333
b(27): 12.6333333333333
b(28): 9.65
b(29): 13.35
b(30): 14.1666666666667
b(31): 11.7
b(32): 12.8666666666667
b(33): 12.25
b(34): 15.25
b(35): 13.7166666666667
b(36): 10.1666666666667
b(37): 14.8
b(38): 14.3833333333333
b(39): 11.4333333333333
b(40): 13.4333333333333
b(41): 11.95
b(42): 16.9666666666667
b(43): 16.7
b(44): 11.6
b(45): 12.5166666666667
b(46): 10.45
b(47): 15.9833333333333
b(48): 10.15
b(49): 10.7
b(50): 14.1833333333333
b(51): 13.2666666666667
b(52): 15.2166666666667
b(53): 16.0833333333333
b(54): 14.2166666666667
b(55): 9.36666666666667
b(56): 16.1166666666667
b(57): 14.3666666666667
b(58): 12.6833333333333
b(59): 16.4333333333333
b(60): 16.25
b(61): 9.51666666666667
b(62): 10.8
b(63): 9.65
b(64): 10.3
b(65): 14.5833333333333
b(66): 14.0333333333333
b(67): 17
b(68): 9.91666666666667
b(69): 16.95
b(70): 11.1
b(71): 14.0166666666667
b(72): 9.43333333333333
b(73): 16.6
b(74): 11.25
b(75): 11.7
b(76): 11.8
b(77): 12.3666666666667
b(78): 16.2166666666667
b(79): 12.6166666666667
b(80): 11.2666666666667
b(81): 11.1
b(82): 9.79674796747968
b(83): 14.8414634146341
b(84): 12.7166666666667
b(85): 13.8166666666667
b(86): 16.3841463414634
b(87): 14.0512195121951
b(88): 12.5264227642276
b(89): 13.2833333333333
b(90): 13.9313008130081
b(91): 9.13333333333333
b(92): 13.0243902439024
b(93): 13.4666666666667
b(94): 15.4833333333333
b(95): 13.1333333333333
b(96): 12.8833333333333
b(97): 15.5166666666667
b(98): 17.1333333333333
b(99): 11.3808943089431
b(100): 10.3333333333333
b(101): 12.6024390243902
b(102): 16.0333333333333
b(103): 14.2666666666667
b(104): 9.9630081300813
b(105): 13.95
b(106): 11.6361788617886
b(107): 15.35
b(108): 12.3666666666667
b(109): 12.3833333333333
b(110): 15.5166666666667
b(111): 14.6333333333333
b(112): 13.35
b(113): 15.5967479674797
b(114): 9.83333333333334
b(115): 9.23333333333333
b(116): 12.6268292682927
b(117): 15.7833333333333
b(118): 15.0833333333333
b(119): 14.3166666666667
b(120): 12.4333333333333
b(121): 12.3166666666667
b(122): 10.55
b(123): 15.3166666666667
b(124): 14.0516260162602
b(125): 14.9666666666667
b(126): 17.2166666666667
b(127): 16.0333333333333
b(128): 12.7418699186992
b(129): 14.4166666666667
b(130): 14.2
b(131): 10.4239837398374
b(132): 14.1
b(133): 13.7182926829268
b(134): 17.7166666666667
b(135): 14.8772357723577
b(136): 14.6947154471545
b(137): 16.7
b(138): 17.25
b(139): 11.6666666666667
b(140): 11.5776422764228
b(141): 13.9345528455285
b(142): 17.2166666666667
b(143): 14.4333333333333
b(144): 11.0666666666667
b(145): 15.15
b(146): 11.9219512195122
b(147): 17.6
b(148): 12.5833333333333
b(149): 13.6
b(150): 17.4195121951219
b(151): 15.3943089430894
b(152): 14.55
b(153): 16.2475609756098
b(154): 11.8158536585366
b(155): 10.5008130081301
b(156): 12.8666666666667
b(157): 17.05
b(158): 15.4829268292683
b(159): 16.4191056910569
b(160): 9
b(161): 9
b(162): 9
b(163): 9
b(164): 9
b(165): 9
b(166): 9
b(167): 9
b(168): 9
b(169): 9
b(170): 9
b(171): 9
b(172): 9
b(173): 9
b(174): 9
b(175): 9
b(176): 9
b(177): 9
b(178): 9
b(179): 9
b(180): 9
b(181): 9
b(182): 19
b(183): 19
b(184): 19
b(185): 19
b(186): 19
b(187): 19
b(188): 19
b(189): 19
b(190): 19
b(191): 19
b(192): 19
b(193): 19
b(194): 19
b(195): 19
b(196): 19
b(197): 19
b(198): 19
b(199): 19
b(200): 19
b(201): 19
b(202): 19
b(203): 19


Customer profit: 352.11
Parcel profit: 224.469
Costs: 336.214
Without fixed: 111.745
after print results

Solution: 
Vehicle 0: 160 - 108 - 148 - 71 - 37 - 56 - 182 - Total time: 7.11666666666667
Vehicle 1: 161 - 63 - 104 - 144 - 58 - 40 - 52 - 6 - 183 - Total time: 7.88333333333333
Vehicle 2: 162 - 49 - 81 - 121 - 101 - 0 - 141 - 103 - 143 - 12 - 184 - Total time: 5.71666666666667
Vehicle 3: 163 - 7 - 93 - 133 - 57 - 185 - Total time: 5.36666666666667
Vehicle 4: 164 - 114 - 24 - 154 - 27 - 107 - 113 - 47 - 153 - 147 - 186 - Total time: 8.6
Vehicle 5: 165 - 74 - 106 - 146 - 84 - 35 - 124 - 34 - 21 - 187 - Total time: 6.98333333333333
Vehicle 6: 166 - 9 - 15 - 3 - 22 - 50 - 10 - 188 - Total time: 8.03333333333333
Vehicle 7: 167 - 55 - 82 - 122 - 1 - 76 - 29 - 20 - 53 - 86 - 126 - 189 - Total time: 8.21666666666667
Vehicle 8: 168 - 5 - 36 - 39 - 79 - 94 - 134 - 190 - Total time: 8.71666666666667
Vehicle 9: 169 - 45 - 90 - 130 - 191 - Total time: 5.2
Vehicle 10: 170 - 23 - 13 - 99 - 139 - 33 - 16 - 38 - 97 - 137 - 67 - 192 - Total time: 8
Vehicle 11: 171 - 100 - 140 - 31 - 30 - 78 - 69 - 193 - Total time: 7.95
Vehicle 12: 172 - 19 - 70 - 59 - 194 - Total time: 7.43333333333333
Vehicle 13: 173 - 18 - 62 - 4 - 54 - 65 - 195 - Total time: 5.58333333333333
Vehicle 14: 174 - 75 - 95 - 135 - 14 - 73 - 42 - 196 - Total time: 7.96666666666667
Vehicle 15: 175 - 72 - 89 - 129 - 60 - 197 - Total time: 7.25
Vehicle 16: 176 - 68 - 46 - 44 - 105 - 145 - 2 - 17 - 198 - Total time: 8.1
Vehicle 17: 177 - 109 - 149 - 66 - 111 - 151 - 110 - 102 - 142 - 150 - 199 - Total time: 8.41951219512195
Vehicle 18: 178 - 26 - 41 - 32 - 85 - 87 - 125 - 127 - 200 - Total time: 7.03333333333333
Vehicle 19: 179 - 77 - 8 - 92 - 51 - 132 - 201 - Total time: 5.1
Vehicle 20: 180 - 115 - 61 - 64 - 155 - 25 - 96 - 119 - 136 - 83 - 118 - 123 - 158 - 159 - 43 - 202 - Total time: 7.7
Vehicle 21: 181 - 91 - 28 - 48 - 131 - 88 - 116 - 128 - 156 - 11 - 117 - 157 - 203 - Total time: 8.05

Vehicle 0: S - P - D - d - d - d - f
Vehicle 1: S - d - P - D - d - d - d - d - f
Vehicle 2: S - d - P - D - P - d - D - P - D - d - f
Vehicle 3: S - d - P - D - d - f
Vehicle 4: S - P - d - D - d - P - P - d - D - D - f
Vehicle 5: S - d - P - D - P - d - D - d - d - f
Vehicle 6: S - d - d - d - d - d - d - f
Vehicle 7: S - d - P - D - d - d - d - d - d - P - D - f
Vehicle 8: S - d - d - d - d - P - D - f
Vehicle 9: S - d - P - D - f
Vehicle 10: S - d - d - P - D - d - d - d - P - D - d - f
Vehicle 11: S - P - D - d - d - d - d - f
Vehicle 12: S - d - d - d - f
Vehicle 13: S - d - d - d - d - d - f
Vehicle 14: S - d - P - D - d - d - d - f
Vehicle 15: S - d - P - D - d - f
Vehicle 16: S - d - d - d - P - D - d - d - f
Vehicle 17: S - P - D - d - P - D - P - P - D - D - f
Vehicle 18: S - d - d - d - P - P - D - D - f
Vehicle 19: S - d - d - P - d - D - f
Vehicle 20: S - P - d - d - D - d - P - P - D - P - P - D - D - D - d - f
Vehicle 21: S - P - d - d - D - P - P - D - D - d - P - D - f

************************************
Final solution value: 240.365
************************************
IN GENERATE RESULTS CSV
File exists: 1
CSV file 'TreatResults/FullResults/node2MMcsarpL.csv' generated successfully!
Instance Name: sarp-80-40-A-2

K: 22
Multi parcel
Value of Q: 40
Version identifier: 22.1.1.0 | 2022-11-28 | 9160aff4d
CPXPARAM_Threads                                 1
CPXPARAM_TimeLimit                               7200
Tried aggregator 2 times.
MIP Presolve eliminated 19566 rows and 29568 columns.
MIP Presolve modified 71046 coefficients.
Aggregator did 75 substitutions.
Reduced MIP has 20525 rows, 247421 columns, and 1173784 nonzeros.
Reduced MIP has 247191 binaries, 0 generals, 0 SOSs, and 0 indicators.
Presolve time = 1.29 sec. (1461.53 ticks)
Found incumbent of value -554.559000 after 2.77 sec. (2513.59 ticks)
Tried aggregator 1 time.
Detecting symmetries...
Reduced MIP has 20525 rows, 247421 columns, and 1173784 nonzeros.
Reduced MIP has 247191 binaries, 0 generals, 0 SOSs, and 0 indicators.
Presolve time = 0.71 sec. (607.41 ticks)
Probing time = 0.08 sec. (53.58 ticks)
Clique table members: 141015.
MIP emphasis: balance optimality and feasibility.
MIP search method: dynamic search.
Parallel mode: none, using 1 thread.
Root relaxation solution time = 17.62 sec. (24551.04 ticks)

        Nodes                                         Cuts/
   Node  Left     Objective  IInf  Best Integer    Best Bound    ItCnt     Gap

*     0+    0                         -554.5590    24239.8990              --- 
      0     0      250.3148   345     -554.5590      250.3148    18430  145.14%
      0     0      246.6198   410     -554.5590     Cuts: 464    20007  144.47%
      0     0      243.8554   521     -554.5590     Cuts: 550    21334  143.97%
      0     0      242.5448   539     -554.5590     Cuts: 284    22018  143.74%
*     0+    0                          180.6360      242.5448            34.27%
*     0+    0                          191.1130      242.5448            26.91%
      0     0        cutoff            191.1130      242.5448    22018   26.91%
      0     0      241.8674   426      191.1130     Cuts: 331    22805   26.56%
      0     0      240.7867   485      191.1130     Cuts: 189    23635   25.99%
Detecting symmetries...
      0     0      240.4189   456      191.1130     Cuts: 129    24030   25.80%
*     0+    0                          220.5480      240.4189             9.01%
      0     0        cutoff            220.5480      240.4189    24030    9.01%
      0     0      240.0680   601      220.5480     Cuts: 148    24451    8.85%
      0     0      239.5924   668      220.5480     Cuts: 128    25055    8.64%
      0     0      239.4187   629      220.5480      Cuts: 51    25472    8.56%
      0     0      239.3476   680      220.5480      Cuts: 61    25747    8.52%
      0     0      239.2192   686      220.5480      Cuts: 17    26100    8.47%
      0     0      239.2037   661      220.5480       Cuts: 7    26261    8.46%
      0     0      239.1382   661      220.5480      Cuts: 11    26379    8.43%
      0     0      239.0927   652      220.5480      Cuts: 17    26555    8.41%
      0     0      239.0237   626      220.5480      Cuts: 45    26699    8.38%
      0     0      238.9222   651      220.5480      Cuts: 28    26940    8.33%
      0     0      238.8647   727      220.5480      Cuts: 13    27144    8.31%
      0     0      238.8602   746      220.5480       Cuts: 8    27176    8.30%
      0     0      238.8235   719      220.5480       Cuts: 6    27333    8.29%
      0     0      238.8235   722      220.5480       Cuts: 6    27339    8.29%
Heuristic still looking.
Detecting symmetries...
      0     2      238.8235   722      220.5480      238.8231    27339    8.29%
Elapsed time = 137.38 sec. (174576.28 ticks, tree = 0.01 MB, solutions = 4)
      1     3      238.2838   630      220.5480      238.8231    27947    8.29%
      2     4      238.7445   462      220.5480      238.7445    28273    8.25%
      3     5      238.6850   523      220.5480      238.7445    28373    8.25%
      4     6      238.2059   475      220.5480      238.6839    28945    8.22%
      5     7      238.4784   532      220.5480      238.6814    29071    8.22%
      6     8      238.6586   506      220.5480      238.6586    29208    8.21%
      7     9      238.5482   517      220.5480      238.6586    29368    8.21%
      8    10      238.4918   445      220.5480      238.5460    29572    8.16%
      9    11      238.4587   428      220.5480      238.5460    29640    8.16%
     11    13      238.2978   469      220.5480      238.5460    30126    8.16%
Elapsed time = 158.11 sec. (205918.50 ticks, tree = 2.42 MB, solutions = 4)
     13    15      237.9845   349      220.5480      238.5460    30529    8.16%
     15    17      238.1708   337      220.5480      238.5460    30883    8.16%
     16    18      228.5884   384      220.5480      238.5460    31641    8.16%
     18    20      237.7481   336      220.5480      238.5460    32686    8.16%
     19    21      237.4661   270      220.5480      238.5460    33705    8.16%
     20    22      237.4661   274      220.5480      238.5460    33710    8.16%
     21    23      237.0733   243      220.5480      238.5460    34269    8.16%
     22    24      236.9785   242      220.5480      238.5460    34630    8.16%
     24    26      236.9183   226      220.5480      238.5460    34905    8.16%
     27    29      236.2349   151      220.5480      238.5460    35238    8.16%
Elapsed time = 176.46 sec. (231474.11 ticks, tree = 6.45 MB, solutions = 4)
     30    32      224.8033   321      220.5480      238.5460    36113    8.16%
     35    37      235.6828   200      220.5480      238.5460    36592    8.16%
     37    39      233.8099   305      220.5480      238.5460    37438    8.16%
     40    42      234.2786   180      220.5480      238.5460    37727    8.16%
     44    46      234.1571   138      220.5480      238.5460    37997    8.16%
     45    47      234.0211   209      220.5480      238.5460    38485    8.16%
     50    50      233.1540   133      220.5480      238.5460    39040    8.16%
     55    55      232.8576   123      220.5480      238.5460    39362    8.16%
     60    59      226.6026   105      220.5480      238.5460    39799    8.16%
     66    65      232.6137   117      220.5480      238.5460    40169    8.16%
Elapsed time = 190.18 sec. (249323.91 ticks, tree = 15.83 MB, solutions = 4)
     73    70      224.8954    99      220.5480      238.5460    40816    8.16%
     81    77      225.8704   117      220.5480      238.5460    41482    8.16%
     88    84      228.9562   120      220.5480      238.5460    42159    8.16%
     98    94      222.7312    99      220.5480      238.5460    42679    8.16%
    100    96      228.8095   108      220.5480      238.5460    43231    8.16%
    118   110      228.3469   145      220.5480      238.5460    43551    8.16%
    122   114      228.5716    76      220.5480      238.5460    43981    8.16%
    127   117      226.2967    91      220.5480      238.5460    44695    8.16%
    135   123      225.6101    83      220.5480      238.5460    45599    8.16%
    140   128      225.3401    85      220.5480      238.5460    46233    8.16%
Elapsed time = 199.25 sec. (260112.98 ticks, tree = 31.57 MB, solutions = 4)
    156   140      223.0655     8      220.5480      238.5460    46969    8.16%
    159   139      238.4759   435      220.5480      238.5424    47920    8.16%
    160   140      238.3773   386      220.5480      238.5424    48180    8.16%
    162   142      238.1223   360      220.5480      238.5424    48562    8.16%
    164   144      237.0165   197      220.5480      238.5424    49093    8.16%
    166   146      236.8064   212      220.5480      238.5424    49575    8.16%
    169   149      236.5343   231      220.5480      238.5424    50211    8.16%
    170   150      236.7335   258      220.5480      238.5424    50446    8.16%
    171   151      236.2477   210      220.5480      238.5424    50923    8.16%
    173   153      236.0703   278      220.5480      238.5424    51303    8.16%
Elapsed time = 213.14 sec. (278736.75 ticks, tree = 38.14 MB, solutions = 4)
    174   154      235.8784   320      220.5480      238.5424    51716    8.16%
    175   155      235.9754   241      220.5480      238.5424    52190    8.16%
    177   157      235.6387   220      220.5480      238.5424    52645    8.16%
    178   158      232.6785   167      220.5480      238.5424    54029    8.16%
    182   160      235.4384   149      220.5480      238.5424    54736    8.16%
    184   162      222.6859   321      220.5480      238.5424    56589    8.16%
*   200+  174                          222.4250      238.5424             7.25%
    201   177      235.1223   187      222.4250      238.5424    56879    7.25%
    202   178      224.9298   114      222.4250      238.5424    57566    7.25%
    205   181      234.4956   187      222.4250      238.5424    58469    7.25%
    210   186      233.7510   146      222.4250      238.5424    59217    7.25%
Elapsed time = 228.69 sec. (299467.42 ticks, tree = 46.46 MB, solutions = 5)
    211   187      233.2670   227      222.4250      238.5424    59608    7.25%
    213   189      232.8149   125      222.4250      238.5424    60207    7.25%
    215   191      230.2867   252      222.4250      238.5424    61729    7.25%
    217   193      232.5275   265      222.4250      238.5424    62480    7.25%
    220   196      231.7641   229      222.4250      238.5424    62871    7.25%
    230   206      228.3658   155      222.4250      238.5424    63591    7.25%
    240   216      225.5318   111      222.4250      238.5424    64396    7.25%
    250   224      222.4541    42      222.4250      238.5424    65139    7.25%
    255   229      229.4190   135      222.4250      238.5424    65907    7.25%
    258   232      228.2185    81      222.4250      238.5424    66539    7.25%
Elapsed time = 241.66 sec. (316037.62 ticks, tree = 58.09 MB, solutions = 5)
    262   236      225.7887   123      222.4250      238.5424    67468    7.25%
    265   239      227.5232    60      222.4250      238.5424    68164    7.25%
    267   241      225.4992    86      222.4250      238.5424    69121    7.25%
    276   242      238.3265   463      222.4250      238.4908    69770    7.22%
    277   243      238.2601   490      222.4250      238.4908    70075    7.22%
    278   244      238.0383   507      222.4250      238.4908    70433    7.22%
    280   246      237.9955   455      222.4250      238.4908    70656    7.22%
    283   249      237.4377   390      222.4250      238.4908    71386    7.22%
    286   252      237.3122   385      222.4250      238.4908    71640    7.22%
    288   254      237.2253   405      222.4250      238.4908    71873    7.22%
Elapsed time = 252.14 sec. (329565.06 ticks, tree = 63.67 MB, solutions = 5)
    289   255      237.1582   365      222.4250      238.4908    72236    7.22%
    290   256      237.0235   405      222.4250      238.4908    72580    7.22%
    291   257      236.7061   350      222.4250      238.4908    72983    7.22%
    292   258      236.5741   386      222.4250      238.4908    73271    7.22%
    293   259      236.0917   527      222.4250      238.4908    73937    7.22%
    294   260      235.7876   332      222.4250      238.4908    74389    7.22%
    296   262      235.2036   295      222.4250      238.4908    75119    7.22%
    297   263      234.8611   290      222.4250      238.4908    75524    7.22%
    299   265      234.6474   302      222.4250      238.4908    75895    7.22%
    300   266      234.6313   223      222.4250      238.4908    75913    7.22%
Elapsed time = 263.38 sec. (344595.01 ticks, tree = 66.70 MB, solutions = 5)
    301   267      234.1160   253      222.4250      238.4908    76396    7.22%
    302   268      233.9435   291      222.4250      238.4908    76855    7.22%
    304   270      233.7760   574      222.4250      238.4908    77286    7.22%
    306   272      233.7164   582      222.4250      238.4908    77638    7.22%
    307   273      233.3393   414      222.4250      238.4908    78059    7.22%
    308   274      233.1196   480      222.4250      238.4908    78386    7.22%
    309   275      232.1596   452      222.4250      238.4908    78871    7.22%
    310   276      231.8244   485      222.4250      238.4908    79467    7.22%
    313   279      231.5308   581      222.4250      238.4908    80185    7.22%
    321   287      230.5897   507      222.4250      238.4908    81920    7.22%
Elapsed time = 275.42 sec. (360468.41 ticks, tree = 71.98 MB, solutions = 5)
    327   293      229.3294   382      222.4250      238.4908    83855    7.22%
    339   305      227.7089   522      222.4250      238.4908    86092    7.22%
    352   318      226.7123   388      222.4250      238.4908    88375    7.22%
    366   332      225.6304   432      222.4250      238.4908    91156    7.22%
    383   349      224.5467   397      222.4250      238.4908    94155    7.22%
    403   369      238.3971   439      222.4250      238.4784    96824    7.22%
    410   376      237.3930   504      222.4250      238.4784    98220    7.22%
    415   381      236.7553   343      222.4250      238.4784    99542    7.22%
    419   385      235.5661   340      222.4250      238.4784   100888    7.22%
    424   390      233.4352   350      222.4250      238.4784   102424    7.22%
Elapsed time = 308.18 sec. (402198.70 ticks, tree = 97.91 MB, solutions = 5)
    430   396      232.4376   420      222.4250      238.4784   103847    7.22%
    438   404      231.1469   405      222.4250      238.4784   105431    7.22%
    440   406      230.8515   409      222.4250      238.4784   105949    7.22%
    450   416      229.3051   559      222.4250      238.4784   107706    7.22%
    461   427      226.7792   297      222.4250      238.4784   110028    7.22%
    477   443      225.1566   403      222.4250      238.4784   112708    7.22%

Performing restart 1

Repeating presolve.
Tried aggregator 1 time.
MIP Presolve eliminated 2310 rows and 53318 columns.
MIP Presolve modified 201663 coefficients.
Reduced MIP has 18215 rows, 194103 columns, and 859162 nonzeros.
Reduced MIP has 193873 binaries, 0 generals, 0 SOSs, and 0 indicators.
Presolve time = 0.65 sec. (732.02 ticks)
Tried aggregator 1 time.
MIP Presolve eliminated 2 rows and 282 columns.
MIP Presolve modified 1758 coefficients.
Reduced MIP has 18213 rows, 193821 columns, and 857884 nonzeros.
Reduced MIP has 193591 binaries, 0 generals, 0 SOSs, and 0 indicators.
Presolve time = 0.55 sec. (539.81 ticks)
Represolve time = 10.61 sec. (11374.65 ticks)
    485     0      238.3523   483      222.4250     Cuts: 238   135566    7.16%
    485     0      237.8256   489      222.4250     Cuts: 152   136185    6.92%
    485     0      237.2889   732      222.4250      Cuts: 77   137092    6.68%
*   485+    0                          227.9400      237.2889             4.10%
*   485+    0                          229.3660      237.2889             3.45%
    485     0        cutoff            229.3660      237.2889   137092    3.45%
*   485+    0                          230.3890      237.2889             2.99%
    485     0        cutoff            230.3890      237.2889   137092    2.99%

Repeating presolve.
Tried aggregator 2 times.
MIP Presolve eliminated 8144 rows and 125386 columns.
MIP Presolve modified 15930 coefficients.
Aggregator did 5 substitutions.
Reduced MIP has 10064 rows, 68430 columns, and 308629 nonzeros.
Reduced MIP has 68200 binaries, 0 generals, 0 SOSs, and 0 indicators.
Presolve time = 0.38 sec. (436.82 ticks)
Tried aggregator 2 times.
MIP Presolve eliminated 35 rows and 974 columns.
MIP Presolve modified 119 coefficients.
Aggregator did 7 substitutions.
Reduced MIP has 10022 rows, 67449 columns, and 303968 nonzeros.
Reduced MIP has 67219 binaries, 0 generals, 0 SOSs, and 0 indicators.
Presolve time = 0.31 sec. (342.21 ticks)
Tried aggregator 1 time.
MIP Presolve eliminated 0 rows and 29 columns.
MIP Presolve modified 53 coefficients.
Reduced MIP has 10022 rows, 67420 columns, and 303809 nonzeros.
Reduced MIP has 67190 binaries, 0 generals, 0 SOSs, and 0 indicators.
Presolve time = 0.18 sec. (178.75 ticks)
Represolve time = 10.17 sec. (10811.99 ticks)
    485     0      237.0719   774      230.3890      Cuts: 92   155042    2.90%
    485     0      236.9173   710      230.3890      Cuts: 70   155448    2.83%
    485     0      236.7758   680      230.3890      Cuts: 79   155949    2.77%
    485     0      236.5212   687      230.3890      Cuts: 80   156425    2.66%
    485     0      236.4023   652      230.3890      Cuts: 49   156834    2.61%
    485     0      236.3217   754      230.3890      Cuts: 29   157162    2.58%
    485     0      236.2961   739      230.3890      Cuts: 36   157421    2.56%
    485     0      236.2925   756      230.3890      Cuts: 39   157577    2.56%
    485     0      236.2713   778      230.3890      Cuts: 30   157853    2.55%
*   485+    0                          230.4350      236.2713             2.53%
*   485+    0                          231.4930      236.2713             2.06%
    485     0        cutoff            231.4930      236.2713   157853    2.06%

Repeating presolve.
Tried aggregator 2 times.
MIP Presolve eliminated 1153 rows and 28486 columns.
MIP Presolve modified 158405 coefficients.
Aggregator did 36 substitutions.
Reduced MIP has 8833 rows, 38898 columns, and 401134 nonzeros.
Reduced MIP has 38672 binaries, 0 generals, 0 SOSs, and 0 indicators.
Presolve time = 0.68 sec. (913.40 ticks)
Tried aggregator 2 times.
MIP Presolve eliminated 79 rows and 914 columns.
MIP Presolve modified 1541 coefficients.
Aggregator did 6 substitutions.
Reduced MIP has 8748 rows, 37978 columns, and 386747 nonzeros.
Reduced MIP has 37753 binaries, 0 generals, 0 SOSs, and 0 indicators.
Presolve time = 0.58 sec. (699.15 ticks)
Tried aggregator 2 times.
MIP Presolve eliminated 111 rows and 1030 columns.
MIP Presolve modified 472 coefficients.
Aggregator did 1 substitutions.
Reduced MIP has 8636 rows, 36947 columns, and 375188 nonzeros.
Reduced MIP has 36722 binaries, 0 generals, 0 SOSs, and 0 indicators.
Presolve time = 0.55 sec. (667.25 ticks)
Tried aggregator 1 time.
MIP Presolve eliminated 3 rows and 18 columns.
MIP Presolve modified 30 coefficients.
Reduced MIP has 8633 rows, 36929 columns, and 374446 nonzeros.
Reduced MIP has 36704 binaries, 0 generals, 0 SOSs, and 0 indicators.
Presolve time = 0.39 sec. (440.09 ticks)
Represolve time = 12.79 sec. (15650.86 ticks)
    485     0      236.2230   738      231.4930      Cuts: 99   172000    2.04%
    485     0      236.2180   710      231.4930      Cuts: 38   172101    2.04%
    485     0      236.1775   712      231.4930      Cuts: 43   172463    2.02%
*   485+    0                          232.6330      236.1775             1.52%
    485     0      236.1283   650      232.6330      Cuts: 37   172845    1.50%
    485     0      236.1056   686      232.6330      Cuts: 29   173075    1.49%
    485     0      236.0498   725      232.6330      Cuts: 30   173451    1.47%
    485     0      235.9756   732      232.6330      Cuts: 35   173757    1.44%
    485     0      235.9097   743      232.6330      Cuts: 39   174053    1.41%
    485     0      235.8660   743      232.6330      Cuts: 41   174375    1.39%
    485     0      235.8323   753      232.6330      Cuts: 37   174607    1.38%
    485     0      235.8173   716      232.6330      Cuts: 40   174692    1.37%
    485     0      235.8119   796      232.6330      Cuts: 15   174779    1.37%
    485     0      235.8026   745      232.6330       Cuts: 8   174874    1.36%
    485     0      235.7896   738      232.6330       Cuts: 6   175009    1.36%
    485     0      235.7884   728      232.6330       Cuts: 3   175051    1.36%
    485     0      235.7785   811      232.6330       Cuts: 7   175141    1.35%
    485     0      235.7695   800      232.6330      Cuts: 12   175237    1.35%
    485     0      235.7668   758      232.6330       Cuts: 4   175335    1.35%
    485     0      235.7564   793      232.6330       Cuts: 9   175468    1.34%
    485     2      235.7350   736      232.6330      235.7349   175906    1.33%
    486     3      235.4184   681      232.6330      235.7349   177260    1.33%
    487     4      235.4230   666      232.6330      235.4217   178402    1.20%
    488     5      235.3244   630      232.6330      235.4217   178943    1.20%
Elapsed time = 611.71 sec. (757266.77 ticks, tree = 0.04 MB, solutions = 11)
    489     5      235.1290   618      232.6330      235.4183   179459    1.20%
    490     5      235.1215   618      232.6330      235.4183   182074    1.20%
    491     5      235.0791   502      232.6330      235.4183   185538    1.20%
    492     5      235.0758   561      232.6330      235.4183   187509    1.20%
    494     6      235.0725   529      232.6330      235.4183   188376    1.20%
    496     8      234.9850   483      232.6330      235.4183   190255    1.20%
    498     9      233.9349   445      232.6330      235.4183   191304    1.20%
    505    11      233.8417   431      232.6330      235.4183   191825    1.20%
    508    12      233.8187   446      232.6330      235.4183   191956    1.20%
    517    14      233.6541   477      232.6330      235.4183   192874    1.20%
Elapsed time = 688.25 sec. (843287.98 ticks, tree = 0.56 MB, solutions = 11)
    524    15      233.6148   468      232.6330      235.4183   193107    1.20%
    531    19      233.0556   342      232.6330      235.4183   193794    1.20%
    533    18      235.3394   668      232.6330      235.4164   194196    1.20%
    534    19      235.3364   714      232.6330      235.4164   194443    1.20%
    535    19      235.2995   692      232.6330      235.4164   194618    1.20%
    538    21      235.1921   658      232.6330      235.4164   194933    1.20%
    540    22      233.4731   597      232.6330      235.4164   196123    1.20%
    545    22      233.3569   590      232.6330      235.4164   196668    1.20%
    552    20      234.5592   657      232.6330      235.3244   199655    1.16%
    555    22      234.5512   621      232.6330      235.3244   199894    1.16%
Elapsed time = 747.76 sec. (911067.00 ticks, tree = 1.09 MB, solutions = 11)
    562    28      234.4648   692      232.6330      235.3244   201229    1.16%
    567    30      234.2207   467      232.6330      235.3244   202262    1.16%
    578    38      234.0302   544      232.6330      235.3244   203011    1.16%
    591    45      233.5616   449      232.6330      235.3244   203774    1.16%
    601    47      235.2430   675      232.6330      235.2980   204925    1.15%
    604    49      233.5249   648      232.6330      235.2980   206477    1.15%
    614    53        cutoff            232.6330      235.2980   207248    1.15%
    627    54      234.7479   660      232.6330      235.1931   208616    1.10%
    645    71      234.4062   464      232.6330      235.1931   210342    1.10%
    665    87      233.9369   495      232.6330      235.1931   211988    1.10%
Elapsed time = 789.64 sec. (957599.56 ticks, tree = 4.75 MB, solutions = 11)
    674    92      233.6809   678      232.6330      235.1931   212827    1.10%
    683    93      235.1617   658      232.6330      235.1923   213763    1.10%
    698   108      234.1113   506      232.6330      235.1923   215914    1.10%
    712   116      232.8241   513      232.6330      235.1923   216926    1.10%
    730   120      233.9514   679      232.6330      235.1596   219430    1.09%
    746   132      234.4660   546      232.6330      235.1522   222004    1.08%
    753   132      234.3454   513      232.6330      235.1522   222427    1.08%
    775   141      233.3794   560      232.6330      235.1184   224019    1.07%
    791   148      234.4756   716      232.6330      235.1182   226010    1.07%
    805   159      234.0117   688      232.6330      235.1182   227555    1.07%
Elapsed time = 826.76 sec. (998213.30 ticks, tree = 9.21 MB, solutions = 11)
    839   183      233.1317   521      232.6330      235.1182   229602    1.07%
    849   183      233.7754   573      232.6330      235.0338   231458    1.03%
    875   190      229.4989   474      232.6330      235.0292   234260    1.03%
    885   198      234.7041   643      232.6330      235.0094   236051    1.02%
    915   225      233.3354   499      232.6330      235.0094   239780    1.02%
    922   221      234.2454   573      232.6330      234.9602   243307    1.00%
    927   224      233.5590   517      232.6330      234.9602   244129    1.00%
    942   231      234.5576   557      232.6330      234.9524   246992    1.00%
    963   247      234.7846   507      232.6330      234.9478   250086    1.00%
    973   252      233.5465   510      232.6330      234.9478   251559    1.00%
Elapsed time = 866.29 sec. (1040905.98 ticks, tree = 14.72 MB, solutions = 11)
    991   256        cutoff            232.6330      234.8979   254271    0.97%
    999   260      233.2603   471      232.6330      234.8758   255877    0.96%
   1018   258      233.1332   514      232.6330      234.7790   259218    0.92%
   1030   258      233.1719   520      232.6330      234.7485   261275    0.91%
   1050   255      233.7632   544      232.6330      234.6878   265249    0.88%
   1054   253      233.6944   602      232.6330      234.6853   267804    0.88%
   1067   252      234.6303   473      232.6330      234.6759   270027    0.88%
   1100   279      233.0778   475      232.6330      234.6759   271890    0.88%
   1123   292      234.0581   418      232.6330      234.6585   275009    0.87%
   1154   312      234.1551   527      232.6330      234.6562   278178    0.87%
Elapsed time = 907.33 sec. (1084036.88 ticks, tree = 15.74 MB, solutions = 11)
   1169   321      233.3931   410      232.6330      234.6562   279033    0.87%
   1202   324      233.5382   523      232.6330      234.6027   281273    0.85%
   1215   327      232.7733   593      232.6330      234.6021   283366    0.85%
   1231   319        cutoff            232.6330      234.5516   286883    0.82%
   1247   316        cutoff            232.6330      234.5264   289824    0.81%
   1256   317      233.5687   647      232.6330      234.5133   293368    0.81%
   1270   314      233.2870   465      232.6330      234.4850   296365    0.80%
   1277   313      232.6510   550      232.6330      234.4821   297763    0.79%
   1286   307      233.8478   584      232.6330      234.4383   301971    0.78%
   1300   305      233.8409   511      232.6330      234.4239   305026    0.77%
Elapsed time = 948.73 sec. (1127285.72 ticks, tree = 14.82 MB, solutions = 11)
   1313   307        cutoff            232.6330      234.4083   308698    0.76%
   1323   302      233.4279   527      232.6330      234.3804   313381    0.75%
   1331   300      233.4583   613      232.6330      234.3747   316054    0.75%
   1341   304      233.3968   444      232.6330      234.3638   318214    0.74%
   1352   300        cutoff            232.6330      234.3192   321349    0.72%
   1365   294        cutoff            232.6330      234.2394   325832    0.69%
   1377   289      233.0297   600      232.6330      234.2226   329580    0.68%
   1389   284      233.0471   486      232.6330      234.2038   333641    0.68%
   1406   273        cutoff            232.6330      234.1623   336551    0.66%
   1416   270      233.0802   640      232.6330      234.1402   341032    0.65%
Elapsed time = 988.96 sec. (1168680.15 ticks, tree = 13.46 MB, solutions = 11)
   1430   264      233.6784   471      232.6330      234.1298   343325    0.64%
   1443   262        cutoff            232.6330      234.1193   348310    0.64%
   1453   259      233.1735   596      232.6330      234.0986   351221    0.63%
   1468   256        cutoff            232.6330      234.0840   353900    0.62%
   1486   242      233.1570   632      232.6330      234.0564   358600    0.61%
   1501   235      232.7733   433      232.6330      234.0219   362863    0.60%
   1518   226      233.2579   418      232.6330      234.0041   367400    0.59%
   1538   210        cutoff            232.6330      233.9819   372496    0.58%
   1555   205      232.6806   436      232.6330      233.9561   376528    0.57%
   1572   189      232.4066   572      232.6330      233.9355   381953    0.56%
Elapsed time = 1031.89 sec. (1211577.95 ticks, tree = 10.58 MB, solutions = 11)
   1589   182      233.3575   667      232.6330      233.9083   386418    0.55%
   1603   176        cutoff            232.6330      233.8860   388718    0.54%
   1621   160        cutoff            232.6330      233.8350   392804    0.52%
   1645   143        cutoff            232.6330      233.7565   397696    0.48%
   1663   128        cutoff            232.6330      233.6941   401559    0.46%
   1695   101      232.7786   457      232.6330      233.5552   407328    0.40%
   1752    48        cutoff            232.6330      233.3273   416114    0.30%

GUB cover cuts applied:  8
Clique cuts applied:  6
Cover cuts applied:  6
Implied bound cuts applied:  8
Flow cuts applied:  16
Mixed integer rounding cuts applied:  99
Zero-half cuts applied:  131
Lift and project cuts applied:  17
Gomory fractional cuts applied:  7

Root node processing (before b&c):
  Real time             =  134.65 sec. (171730.57 ticks)
Sequential b&c:
  Real time             =  926.85 sec. (1069844.04 ticks)
                          ------------
Total (root+branch&cut) = 1061.50 sec. (1241574.61 ticks)

CPLEX Sol status: Optimal
 LB: 232.633
 UB: 232.633
Initializing solStats

Obj Val: 232.633

Solve Time: 1054.1
b(0): 9.51666666666667
b(1): 16.5333333333333
b(2): 16.0833333333333
b(3): 15.9666666666667
b(4): 16.45
b(5): 10.8333333333333
b(6): 13.05
b(7): 12.2
b(8): 9.76666666666667
b(9): 14.9833333333333
b(10): 13.6333333333333
b(11): 10.1666666666667
b(12): 14.2666666666667
b(13): 11.6666666666667
b(14): 16.5833333333333
b(15): 13
b(16): 16.05
b(17): 13.5333333333333
b(18): 15.75
b(19): 15.9666666666667
b(20): 14.1166666666667
b(21): 13.0666666666667
b(22): 14.15
b(23): 12.55
b(24): 13.7333333333333
b(25): 16.6
b(26): 12.3166666666667
b(27): 11.8833333333333
b(28): 11.25
b(29): 15.25
b(30): 9.48333333333333
b(31): 17.3
b(32): 12.3166666666667
b(33): 14.1
b(34): 13.8166666666667
b(35): 17.3
b(36): 15.6
b(37): 9.53333333333333
b(38): 10.0333333333333
b(39): 16.0333333333333
b(40): 15.1833333333333
b(41): 12.2
b(42): 14.75
b(43): 10
b(44): 14.5333333333333
b(45): 14
b(46): 13.6666666666667
b(47): 11.1166666666667
b(48): 10.2
b(49): 12.0833333333333
b(50): 15.6166666666667
b(51): 15
b(52): 13.6833333333333
b(53): 12.45
b(54): 16.0833333333333
b(55): 10.0833333333333
b(56): 9.58333333333333
b(57): 11.0666666666667
b(58): 10.5166666666667
b(59): 9.38333333333333
b(60): 14.85
b(61): 16.5333333333333
b(62): 9.35
b(63): 15.7
b(64): 13.3166666666667
b(65): 13.8333333333333
b(66): 13.5333333333333
b(67): 9.45
b(68): 14.0333333333333
b(69): 14.2333333333333
b(70): 14.0333333333333
b(71): 9.76666666666667
b(72): 17.1166666666667
b(73): 11.45
b(74): 10.4333333333333
b(75): 12.1833333333333
b(76): 13.9833333333333
b(77): 12.6333333333333
b(78): 11.85
b(79): 12.7166666666667
b(80): 16.6
b(81): 17.1654471544716
b(82): 14.25
b(83): 15.95
b(84): 17.75
b(85): 10.3333333333333
b(86): 14.4166666666667
b(87): 10.2451219512195
b(88): 11.95
b(89): 13.3
b(90): 11.4333333333333
b(91): 10.3414634146341
b(92): 12.3105691056911
b(93): 10.6166666666667
b(94): 11.5955284552846
b(95): 10.6833333333333
b(96): 13.3
b(97): 16.0833333333333
b(98): 12.15
b(99): 11.5333333333333
b(100): 12.4747967479675
b(101): 9.35
b(102): 16.1333333333333
b(103): 17.1691056910569
b(104): 17.5
b(105): 10.450406504065
b(106): 10.8666666666667
b(107): 16.8605691056911
b(108): 10.95
b(109): 10.4166666666667
b(110): 15.9987804878049
b(111): 10.7467479674797
b(112): 11.0666666666667
b(113): 13.2
b(114): 16.5333333333333
b(115): 16.6833333333333
b(116): 11.5959349593496
b(117): 15.1166666666667
b(118): 10.0666666666667
b(119): 13.0052845528455
b(120): 18.7666666666667
b(121): 18.6833333333333
b(122): 15.4
b(123): 18.1
b(124): 18.9166666666667
b(125): 10.5239837398374
b(126): 15.9369918699187
b(127): 12.4166666666667
b(128): 12.1166666666667
b(129): 14.4333333333333
b(130): 11.6666666666667
b(131): 11.5666666666667
b(132): 12.4475609756098
b(133): 10.8
b(134): 12.45
b(135): 12.9166666666667
b(136): 13.5
b(137): 16.2666666666667
b(138): 13.9085365853659
b(139): 12.7333333333333
b(140): 13.230081300813
b(141): 10.5166666666667
b(142): 16.3166666666667
b(143): 17.35
b(144): 17.6833333333333
b(145): 11.3
b(146): 11.1
b(147): 17.2666666666667
b(148): 12.1666666666667
b(149): 11.6333333333333
b(150): 17.9666666666667
b(151): 12.9833333333333
b(152): 11.2666666666667
b(153): 14.4105691056911
b(154): 17.65
b(155): 18.9
b(156): 12.9093495934959
b(157): 16.3833333333333
b(158): 11.2979674796748
b(159): 14.1321138211382
b(160): 9
b(161): 9
b(162): 9
b(163): 9
b(164): 9
b(165): 9
b(166): 9
b(167): 9
b(168): 9
b(169): 9
b(170): 9
b(171): 9
b(172): 9
b(173): 9
b(174): 9
b(175): 9
b(176): 9
b(177): 9
b(178): 9
b(179): 9
b(180): 9
b(181): 9
b(182): 19
b(183): 19
b(184): 19
b(185): 19
b(186): 19
b(187): 19
b(188): 19
b(189): 19
b(190): 19
b(191): 19
b(192): 19
b(193): 19
b(194): 19
b(195): 19
b(196): 19
b(197): 19
b(198): 19
b(199): 19
b(200): 19
b(201): 19
b(202): 19
b(203): 19


Customer profit: 359.691
Parcel profit: 196
Costs: 323.058
Without fixed: 127.058
after print results

Solution: 
Vehicle 0: 160 - 0 - 10 - 20 - 182 - Total time: 5.11666666666667
Vehicle 1: 161 - 89 - 129 - 1 - 183 - Total time: 7.53333333333333
Vehicle 2: 162 - 73 - 41 - 22 - 3 - 14 - 184 - Total time: 7.58333333333333
Vehicle 3: 163 - 47 - 94 - 134 - 66 - 68 - 185 - Total time: 5.03333333333333
Vehicle 4: 164 - 59 - 49 - 52 - 69 - 16 - 186 - Total time: 7.05
Vehicle 5: 165 - 37 - 100 - 79 - 119 - 140 - 34 - 159 - 54 - 103 - 143 - 187 - Total time: 8.35
Vehicle 6: 166 - 57 - 13 - 24 - 12 - 40 - 25 - 188 - Total time: 7.6
Vehicle 7: 167 - 108 - 148 - 60 - 114 - 154 - 189 - Total time: 8.65
Vehicle 8: 168 - 8 - 7 - 15 - 76 - 36 - 83 - 123 - 190 - Total time: 9.1
Vehicle 9: 169 - 62 - 48 - 5 - 53 - 86 - 50 - 126 - 4 - 107 - 147 - 191 - Total time: 8.26666666666667
Vehicle 10: 170 - 11 - 95 - 112 - 152 - 135 - 44 - 63 - 192 - Total time: 6.7
Vehicle 11: 171 - 55 - 74 - 27 - 32 - 33 - 110 - 102 - 142 - 150 - 193 - Total time: 8.96666666666667
Vehicle 12: 172 - 38 - 91 - 131 - 75 - 194 - Total time: 3.18333333333333
Vehicle 13: 173 - 28 - 92 - 132 - 77 - 64 - 18 - 80 - 120 - 195 - Total time: 9.76666666666667
Vehicle 14: 174 - 71 - 58 - 111 - 151 - 65 - 9 - 39 - 61 - 196 - Total time: 7.53333333333333
Vehicle 15: 175 - 67 - 118 - 87 - 106 - 146 - 158 - 127 - 81 - 35 - 121 - 197 - Total time: 9.68333333333333
Vehicle 16: 176 - 85 - 125 - 116 - 78 - 23 - 156 - 113 - 45 - 153 - 72 - 198 - Total time: 8.11666666666667
Vehicle 17: 177 - 56 - 109 - 149 - 26 - 29 - 97 - 137 - 104 - 144 - 199 - Total time: 8.68333333333333
Vehicle 18: 178 - 90 - 130 - 96 - 136 - 19 - 84 - 124 - 200 - Total time: 9.91666666666666
Vehicle 19: 179 - 30 - 99 - 139 - 21 - 17 - 2 - 115 - 155 - 201 - Total time: 9.9
Vehicle 20: 180 - 43 - 105 - 93 - 133 - 145 - 88 - 128 - 6 - 46 - 42 - 202 - Total time: 5.75
Vehicle 21: 181 - 98 - 138 - 70 - 51 - 31 - 203 - Total time: 8.3

Vehicle 0: S - d - d - d - f
Vehicle 1: S - P - D - d - f
Vehicle 2: S - d - d - d - d - d - f
Vehicle 3: S - d - P - D - d - d - f
Vehicle 4: S - d - d - d - d - d - f
Vehicle 5: S - d - P - d - P - D - d - D - d - P - D - f
Vehicle 6: S - d - d - d - d - d - d - f
Vehicle 7: S - P - D - d - P - D - f
Vehicle 8: S - d - d - d - d - d - P - D - f
Vehicle 9: S - d - d - d - d - P - d - D - d - P - D - f
Vehicle 10: S - d - P - P - D - D - d - d - f
Vehicle 11: S - d - d - d - d - d - P - P - D - D - f
Vehicle 12: S - d - P - D - d - f
Vehicle 13: S - d - P - D - d - d - d - P - D - f
Vehicle 14: S - d - d - P - D - d - d - d - d - f
Vehicle 15: S - d - P - P - P - D - D - D - P - d - D - f
Vehicle 16: S - P - D - P - d - d - D - P - d - D - d - f
Vehicle 17: S - d - P - D - d - d - P - D - P - D - f
Vehicle 18: S - P - D - P - D - d - P - D - f
Vehicle 19: S - d - P - D - d - d - d - P - D - f
Vehicle 20: S - d - P - P - D - D - P - D - d - d - d - f
Vehicle 21: S - P - D - d - d - d - f

************************************
Final solution value: 232.633
************************************
IN GENERATE RESULTS CSV
File exists: 1
CSV file 'TreatResults/FullResults/node2MMcsarpL.csv' generated successfully!
Instance Name: sarp-80-40-B-1

K: 22
Multi parcel
Value of Q: 40
Version identifier: 22.1.1.0 | 2022-11-28 | 9160aff4d
CPXPARAM_Threads                                 1
CPXPARAM_TimeLimit                               7200
Tried aggregator 2 times.
MIP Presolve eliminated 19444 rows and 28785 columns.
MIP Presolve modified 72072 coefficients.
Aggregator did 64 substitutions.
Reduced MIP has 20684 rows, 248963 columns, and 1181268 nonzeros.
Reduced MIP has 248732 binaries, 0 generals, 0 SOSs, and 0 indicators.
Presolve time = 1.32 sec. (1481.35 ticks)
Tried aggregator 1 time.
Detecting symmetries...
Reduced MIP has 20684 rows, 248963 columns, and 1181268 nonzeros.
Reduced MIP has 248732 binaries, 0 generals, 0 SOSs, and 0 indicators.
Presolve time = 0.70 sec. (614.75 ticks)
Probing time = 0.09 sec. (59.84 ticks)
Clique table members: 134620.
MIP emphasis: balance optimality and feasibility.
MIP search method: dynamic search.
Parallel mode: none, using 1 thread.
Root relaxation solution time = 16.72 sec. (22491.86 ticks)

        Nodes                                         Cuts/
   Node  Left     Objective  IInf  Best Integer    Best Bound    ItCnt     Gap

      0     0      349.5581   591                    349.5581    17143         
      0     0      336.5564   649                  Cuts: 1063    21670         
      0     0      334.5143   727                   Cuts: 771    23839         
      0     0      333.8473   746                   Cuts: 562    25866         
      0     0      333.2109   746                   Cuts: 354    27235         
      0     0      332.8893   743                   Cuts: 136    28267         
Detecting symmetries...
      0     0      332.6481   755                   Cuts: 317    29093         
      0     0      332.5496   749                    Cuts: 23    29492         
      0     0      332.3782   792                    Cuts: 31    30022         
      0     0      332.2509   768                   Cuts: 184    30316         
      0     0      332.0174   869                    Cuts: 81    30844         
      0     0      331.8588   832                   Cuts: 244    31248         
      0     0      331.8158   849                    Cuts: 91    31525         
      0     0      331.7735   851                   Cuts: 155    31810         
      0     0      331.5586   843                   Cuts: 138    32428         
      0     0      331.5405   851                    Cuts: 52    32530         
Heuristic still looking.
Heuristic still looking.
Detecting symmetries...
      0     2      331.5405   851                    331.5364    32530         
Elapsed time = 229.94 sec. (262408.70 ticks, tree = 0.01 MB, solutions = 0)
      1     3      330.6583   841                    331.5244    32901         
      3     5      331.2990   837                    331.4903    33082         
      5     7      331.2940   768                    331.4132    33485         
      6     8      331.2027   811                    331.4132    33624         
      7     9      330.8581   656                    331.4132    34364         
      8    10      330.7589   743                    331.4132    34762         
      9    11      329.5730   596                    331.4132    35482         
     10    12      329.2224   660                    331.4132    36022         
     11    13      328.9278   649                    331.4132    36566         
     12    14      328.8693   713                    331.4132    37332         
Elapsed time = 252.91 sec. (293471.80 ticks, tree = 2.65 MB, solutions = 0)
     13    15      329.0776   573                    331.4132    37592         
     14    16      328.5604   591                    331.4132    38055         
     15    17      328.0674   516                    331.4132    38992         
     17    19      323.5697   533                    331.4132    40005         
     19    21      327.7775   613                    331.4132    40254         
     20    22      327.5111   632                    331.4132    40656         
     21    23      327.5628   605                    331.4132    40929         
     23    25      326.9489   566                    331.4132    41392         
     24    26      326.7324   562                    331.4132    41730         
     25    27      323.5981   499                    331.4132    42411         
Elapsed time = 275.88 sec. (326356.73 ticks, tree = 6.23 MB, solutions = 0)
     26    28      325.9557   457                    331.4132    42665         
     29    30      322.8391   455                    331.4132    43305         
     30    31      313.7709   467                    331.4132    44538         
     31    32      316.8899   427                    331.4132    44974         
     32    33      312.8978   486                    331.4132    45805         
     33    34      259.2175   449                    331.4132    49486         
     34    35      312.6909   487                    331.4132    49748         
     35    36      310.6858   500                    331.4132    50221         
     36    37      307.8643   516                    331.4132    51389         
     37    38      293.8665   516                    331.4132    52724         
Elapsed time = 300.16 sec. (359492.27 ticks, tree = 9.05 MB, solutions = 0)
     38    39      306.4957   516                    331.4132    53367         
     39    40      291.7275   559                    331.4132    54875         
     40    41      304.9311   527                    331.4132    55404         
     41    42      301.4465   607                    331.4132    56226         
     42    43      303.5585   449                    331.4132    56902         
     43    44      302.4054   456                    331.4132    57591         
     44    45      273.6851   492                    331.4132    60206         
     45    46      301.3075   525                    331.4132    60771         
     46    47      284.9751   499                    331.4132    61681         
     48    49      300.0856   531                    331.4132    62181         
Elapsed time = 324.10 sec. (391566.04 ticks, tree = 11.61 MB, solutions = 0)
     49    49      266.4378   611                    331.4132    64174         
     50    50      299.6447   582                    331.4132    64555         
     51    49    infeasible                          331.4132    67490         
     53    51      297.1025   550                    331.4132    68193         
     54    50    infeasible                          331.4132    71108         
     55    51      296.1614   568                    331.4132    71699         
     57    51      292.9552   467                    331.4132    72173         
     58    52      290.1876   611                    331.4132    73150         
     60    52      287.7497   604                    331.4132    74478         
     61    53      282.1914   500                    331.4132    77982         
Elapsed time = 362.57 sec. (442689.95 ticks, tree = 12.88 MB, solutions = 0)
     62    52    infeasible                          331.4132    81539         
     63    51    infeasible                          331.4132    82066         
     64    52      331.0775   830                    331.2987    82779         
     65    53      330.9673   728                    331.2987    83150         
     66    54      330.9439   740                    331.2987    83380         
     67    55      329.9927   703                    331.2987    84105         
     68    56      330.8666   774                    331.2987    84471         
     69    57      329.9595   641                    331.2987    85155         
     70    58      329.9406   684                    331.2987    85302         
     71    59      329.3172   583                    331.2987    85981         
Elapsed time = 395.95 sec. (488745.08 ticks, tree = 14.40 MB, solutions = 0)
     72    60      328.9492   527                    331.2987    86578         
     73    61      328.7834   502                    331.2987    87001         
     74    62      328.7407   560                    331.2987    87230         
     75    63      327.9898   486                    331.2987    87877         
     76    64      327.4315   483                    331.2987    88496         
     77    65      327.0225   464                    331.2987    89191         
     78    66      325.8887   494                    331.2987    89809         
     79    67      325.8700   415                    331.2987    90784         
     80    68      325.5160   398                    331.2987    91035         
     81    69      325.0414   420                    331.2987    91355         
Elapsed time = 418.60 sec. (517611.25 ticks, tree = 16.70 MB, solutions = 0)
     83    71      324.8022   413                    331.2987    92232         
     84    72      321.2992   507                    331.2987    93391         
     86    74      324.6526   427                    331.2987    93775         
     88    76      324.5018   403                    331.2987    94057         
     89    77      323.4604   507                    331.2987    94611         
     90    78      322.1762   400                    331.2987    94898         
     92    80      320.1131   476                    331.2987    95803         
     94    82      316.1813   470                    331.2987    96658         
     95    83      321.7218   469                    331.2987    96992         
     98    86      313.9921   399                    331.2987    99057         
Elapsed time = 436.49 sec. (542418.20 ticks, tree = 21.31 MB, solutions = 0)
    100    88      313.5113   402                    331.2987   100988         
    101    89      320.4590   434                    331.2987   101261         
    102    90      319.7607   198                    331.2987   101788         
    104    92      301.0298   319                    331.2987   103117         
    106    94      309.3774   375                    331.2987   105028         
    108    96      312.7711   419                    331.2987   106797         
    110    98      312.4009   249                    331.2987   107388         
    112   100      311.9248   251                    331.2987   107966         
    114   102      313.8241   328                    331.2987   108655         
    117   105      313.5488   158                    331.2987   108944         
Elapsed time = 457.68 sec. (571210.68 ticks, tree = 25.93 MB, solutions = 0)
    118   106      303.0259   244                    331.2987   110595         
    120   108      303.3597   361                    331.2987   112996         
    122   110      301.1404   435                    331.2987   115643         
    124   112      303.8835   335                    331.2987   117971         
    126   114      308.2632   229                    331.2987   119926         
    128   116      305.4596   294                    331.2987   121840         
    130   118      305.7950   199                    331.2987   123370         
    132   120      309.3045   302                    331.2987   124964         
    134   122      306.9710   279                    331.2987   126720         
    136   124      305.3794   279                    331.2987   128753         
Elapsed time = 510.20 sec. (642760.36 ticks, tree = 31.08 MB, solutions = 0)
    138   126      306.8123   166                    331.2987   130310         
    139   127      313.5281   151                    331.2987   130570         
    140   128      313.5281   148                    331.2987   130571         
    141   129      313.3483   140                    331.2987   130906         
    144   132      313.2961   160                    331.2987   132080         
    146   134      310.9196   167                    331.2987   133234         
    148   136      301.3409   356                    331.2987   135220         
    152   140      306.1617   190                    331.2987   137565         
    156   144      301.3441   303                    331.2987   141188         
    158   146      302.8261   292                    331.2987   142985         
Elapsed time = 553.78 sec. (704104.83 ticks, tree = 36.74 MB, solutions = 0)
    160   148      304.1653   291                    331.2987   144521         
    161   149      310.9196   167                    331.2987   144522         
    162   150      302.6274   299                    331.2987   146233         
    163   151      310.9196   167                    331.2987   146234         
    166   154      305.5033   160                    331.2987   148426         
    170   158      305.4220   196                    331.2987   150435         
    173   161      310.7221   238                    331.2987   151840         
    174   162      299.9599   333                    331.2987   153398         
    179   167      310.0033   197                    331.2987   154740         
    183   171      309.0831   173                    331.2987   156185         
Elapsed time = 619.40 sec. (782083.80 ticks, tree = 43.19 MB, solutions = 0)
    186   174      296.3020   256                    331.2987   158182         
    190   178      308.0553   150                    331.2987   159409         
    194   182      307.6844   228                    331.2987   160627         
    198   186      301.6064   127                    331.2987   162055         
    200   188      301.3025   137                    331.2987   162263         
    204   192      292.9040   233                    331.2987   164113         
    212   200      297.4491    98                    331.2987   165787         
    227   213    infeasible                          331.2987   168294         
    233   217    infeasible                          331.2987   170333         
*   237   207      integral     0      286.6620      331.2987   170407   15.57%
Elapsed time = 677.03 sec. (851628.61 ticks, tree = 52.83 MB, solutions = 1)
    238   208      330.9625   801      286.6620      331.2985   171322   15.57%
    241   211      330.7033   779      286.6620      331.2985   172327   15.57%
    246   216      330.5590   785      286.6620      331.2985   173237   15.57%
    248   218      329.7248   889      286.6620      331.2985   174354   15.57%
    251   221      329.6186   884      286.6620      331.2985   175282   15.57%
    253   223      329.2993   879      286.6620      331.2985   176155   15.57%
    257   227      329.1200   840      286.6620      331.2985   177019   15.57%
    259   229      328.7977   955      286.6620      331.2985   177973   15.57%
    260   230      328.6085   878      286.6620      331.2985   178417   15.57%
    264   234      328.1517   945      286.6620      331.2985   179648   15.57%
Elapsed time = 753.06 sec. (954331.76 ticks, tree = 58.86 MB, solutions = 1)
    267   237      327.8366   958      286.6620      331.2985   180546   15.57%
    270   240      327.5104   953      286.6620      331.2985   181478   15.57%
    272   242      327.2680   959      286.6620      331.2985   182328   15.57%
    276   246      326.8834   946      286.6620      331.2985   183458   15.57%
    280   250      326.4837   958      286.6620      331.2985   184639   15.57%
    282   252      324.9776   972      286.6620      331.2985   185710   15.57%
    284   254      324.4602   938      286.6620      331.2985   187033   15.57%
    285   255      323.3761   878      286.6620      331.2985   187909   15.57%
    288   258      322.9916   895      286.6620      331.2985   189010   15.57%
    290   260      322.3437   899      286.6620      331.2985   190186   15.57%
Elapsed time = 790.11 sec. (1005193.08 ticks, tree = 64.90 MB, solutions = 1)
    292   262      321.6036   878      286.6620      331.2985   191099   15.57%
    294   264      321.0991   852      286.6620      331.2985   192658   15.57%
    298   268      320.6281   894      286.6620      331.2985   194091   15.57%
    300   270      320.4066   912      286.6620      331.2985   194866   15.57%
    303   273      320.1210   891      286.6620      331.2985   195734   15.57%
    304   274      319.6005   920      286.6620      331.2985   196560   15.57%
    305   275      319.2258   869      286.6620      331.2985   197394   15.57%
    310   280      318.9186   804      286.6620      331.2985   198237   15.57%
    312   282      318.2281   892      286.6620      331.2985   199944   15.57%
    314   284      316.7892   904      286.6620      331.2985   201611   15.57%
Elapsed time = 871.88 sec. (1107032.64 ticks, tree = 70.69 MB, solutions = 1)
    317   287      316.5776   890      286.6620      331.2985   202579   15.57%
    320   290      316.1547   884      286.6620      331.2985   203683   15.57%
    323   293      315.8860   880      286.6620      331.2985   204487   15.57%
    326   296      315.2980   876      286.6620      331.2985   205647   15.57%
    329   299      315.0443   816      286.6620      331.2985   206454   15.57%
    332   302      314.5037   830      286.6620      331.2985   207345   15.57%
    335   305      313.9792   793      286.6620      331.2985   208534   15.57%
    336   306      313.2323   801      286.6620      331.2985   209634   15.57%
    339   309      312.7878   781      286.6620      331.2985   210459   15.57%
    340   310      312.5816   837      286.6620      331.2985   210950   15.57%
Elapsed time = 945.47 sec. (1205628.01 ticks, tree = 77.32 MB, solutions = 1)
    347   317      312.3272   809      286.6620      331.2985   211897   15.57%
    348   318      311.7852   815      286.6620      331.2985   212759   15.57%
    350   320      311.1493   815      286.6620      331.2985   214007   15.57%
    353   323      310.5656   800      286.6620      331.2985   215182   15.57%
    357   327      309.9194   826      286.6620      331.2985   216443   15.57%
    361   331      309.5086   815      286.6620      331.2985   217490   15.57%
    365   335      309.0229   794      286.6620      331.2985   218553   15.57%
    367   337      308.6760   777      286.6620      331.2985   219491   15.57%
    369   339      308.3653   933      286.6620      331.2985   220342   15.57%
    372   342      308.0283   916      286.6620      331.2985   221396   15.57%
Elapsed time = 981.50 sec. (1253811.08 ticks, tree = 85.48 MB, solutions = 1)
    376   346      307.3531   935      286.6620      331.2985   222817   15.57%
    378   348      306.7347  1047      286.6620      331.2985   224053   15.57%
    381   351      306.3922  1024      286.6620      331.2985   225003   15.57%
    384   354      305.9209   959      286.6620      331.2985   226122   15.57%
    388   358      305.5810   914      286.6620      331.2985   227166   15.57%
    390   360      305.3694   905      286.6620      331.2985   228028   15.57%
    394   364      305.1405   902      286.6620      331.2985   229003   15.57%
    399   369      304.8247   920      286.6620      331.2985   230098   15.57%
    400   370      304.7708   921      286.6620      331.2985   230302   15.57%
    402   372      331.1657   761      286.6620      331.2027   231046   15.54%
Elapsed time = 1022.97 sec. (1306740.75 ticks, tree = 93.15 MB, solutions = 1)
    406   376      330.9975   719      286.6620      331.2027   231855   15.54%
    409   379      330.5225   796      286.6620      331.2027   232814   15.54%
    411   381      330.1762   803      286.6620      331.2027   233830   15.54%
    414   384      329.6237   832      286.6620      331.2027   234984   15.54%
    417   387      329.0834   857      286.6620      331.2027   236178   15.54%
    420   390      328.7773   900      286.6620      331.2027   236972   15.54%
    423   393      328.1990   891      286.6620      331.2027   238042   15.54%
    426   396      327.9304   861      286.6620      331.2027   238979   15.54%
    428   398      327.4768   793      286.6620      331.2027   240006   15.54%
    432   402      326.9042   832      286.6620      331.2027   241123   15.54%
Elapsed time = 1058.36 sec. (1354484.44 ticks, tree = 99.96 MB, solutions = 1)
    435   405      326.4855   893      286.6620      331.2027   242031   15.54%
    438   408      326.1102   816      286.6620      331.2027   242933   15.54%
    440   410      325.7048   863      286.6620      331.2027   243546   15.54%
    443   413      325.3328   850      286.6620      331.2027   244622   15.54%
    446   416      325.0465   761      286.6620      331.2027   245542   15.54%
    450   420      324.7365   882      286.6620      331.2027   246338   15.54%
    454   424      324.3027   893      286.6620      331.2027   247388   15.54%
    457   427      323.7136   931      286.6620      331.2027   248519   15.54%
    460   430      323.5427   876      286.6620      331.2027   249281   15.54%
    464   434      323.2409   927      286.6620      331.2027   250159   15.54%
Elapsed time = 1111.32 sec. (1421504.21 ticks, tree = 107.22 MB, solutions = 1)
    467   437      322.8202   870      286.6620      331.2027   251167   15.54%
    470   440      322.4818   959      286.6620      331.2027   252248   15.54%
    473   443      322.2066   850      286.6620      331.2027   253314   15.54%
    477   447      321.9892   892      286.6620      331.2027   254257   15.54%
    480   450      321.2988   903      286.6620      331.2027   255398   15.54%
    484   454      320.8847   814      286.6620      331.2027   256273   15.54%

Performing restart 1

Repeating presolve.
Tried aggregator 2 times.
MIP Presolve eliminated 3 rows and 410 columns.
MIP Presolve modified 229919 coefficients.
Aggregator did 6 substitutions.
Reduced MIP has 20675 rows, 248547 columns, and 1108809 nonzeros.
Reduced MIP has 248316 binaries, 0 generals, 0 SOSs, and 0 indicators.
Presolve time = 0.92 sec. (1103.50 ticks)
Tried aggregator 2 times.
MIP Presolve eliminated 158 rows and 6518 columns.
MIP Presolve modified 7734 coefficients.
Aggregator did 30 substitutions.
Reduced MIP has 20487 rows, 241999 columns, and 1079743 nonzeros.
Reduced MIP has 241769 binaries, 0 generals, 0 SOSs, and 0 indicators.
Presolve time = 0.97 sec. (1050.04 ticks)
Tried aggregator 1 time.
MIP Presolve eliminated 0 rows and 27 columns.
Reduced MIP has 20487 rows, 241972 columns, and 1079625 nonzeros.
Reduced MIP has 241742 binaries, 0 generals, 0 SOSs, and 0 indicators.
Presolve time = 0.64 sec. (592.25 ticks)
Represolve time = 52.07 sec. (58269.82 ticks)
    486     0      330.4321   826      286.6620     Cuts: 496   286222   15.27%
    486     0      330.2129   836      286.6620     Cuts: 319   286779   15.19%
    486     0      330.0257   904      286.6620     Cuts: 122   287253   15.13%
*   486+    0                          289.6980      330.0257            13.92%
*   486+    0                          291.2160      330.0257            13.33%
    486     0        cutoff            291.2160      330.0257   287253   13.33%
    486     0      329.8954   865      291.2160     Cuts: 265   287731   13.28%
    486     0      329.8805   905      291.2160      Cuts: 90   287851   13.28%
    486     0      329.6851   887      291.2160       Cuts: 7   288436   13.21%
    486     0      329.4830   893      291.2160     Cuts: 176   289288   13.14%
    486     0      329.4272   908      291.2160     Cuts: 324   289546   13.12%
    486     0      329.1988   899      291.2160      Cuts: 59   289908   13.04%
    486     0      328.9209   926      291.2160      Cuts: 11   290558   12.95%
    486     0      328.8367   926      291.2160     Cuts: 261   290995   12.92%
    486     0      328.7733   901      291.2160      Cuts: 64   291490   12.90%
    486     0      328.7458   936      291.2160     Cuts: 161   291711   12.89%
    486     0      328.7005   985      291.2160     Cuts: 128   291981   12.87%
    486     0      328.6924  1041      291.2160      Cuts: 16   292146   12.87%
    486     0      328.6749  1023      291.2160      Cuts: 33   292409   12.86%
    486     0      328.6269   937      291.2160      Cuts: 26   292928   12.85%
    486     0      328.6144   927      291.2160      Cuts: 11   293162   12.84%
    486     0      328.5660   935      291.2160      Cuts: 11   293629   12.83%
    486     0      328.5476   995      291.2160      Cuts: 10   293879   12.82%
    486     0      328.4863  1000      291.2160   ZeroHalf: 9   294148   12.80%
    486     0      328.4479   962      291.2160      Cuts: 10   294616   12.78%
    486     0      328.4271   920      291.2160      Cuts: 62   294791   12.78%
    486     0      328.4258   930      291.2160      Cuts: 88   294876   12.78%
    486     2      328.4258   930      291.2160      328.4249   294876   12.78%
    487     3      328.3120  1045      291.2160      328.3766   295235   12.76%
    488     4      327.1299   874      291.2160      328.3112   295801   12.74%
    489     5      328.1670  1057      291.2160      328.3112   295992   12.74%
Elapsed time = 1613.76 sec. (1976597.64 ticks, tree = 0.48 MB, solutions = 3)
    490     6      328.1995  1027      291.2160      328.1994   296269   12.70%
    491     7      328.1473  1009      291.2160      328.1994   296409   12.70%
    492     8      326.2792   925      291.2160      328.1994   297435   12.70%
    493     9      328.1055  1017      291.2160      328.1994   297579   12.70%
    494    10      327.3243   930      291.2160      328.1994   297884   12.70%
    495    11      328.0673  1030      291.2160      328.1994   298268   12.70%
    496    12      328.0425  1007      291.2160      328.1994   298322   12.70%
    497    13      328.0294  1067      291.2160      328.1994   298438   12.70%
    498    14      328.0052  1048      291.2160      328.1994   298519   12.70%
    499    15      327.9829  1081      291.2160      328.1994   298713   12.70%
Elapsed time = 1694.49 sec. (2057511.37 ticks, tree = 2.77 MB, solutions = 3)
    500    16      323.8313   899      291.2160      328.1994   300379   12.70%
    501    17      327.9152  1065      291.2160      328.1994   300606   12.70%
    502    18      327.9131  1054      291.2160      328.1994   300697   12.70%
    504    20      327.8798  1090      291.2160      328.1994   301025   12.70%
    506    22      326.2423   935      291.2160      328.1994   302330   12.70%
    508    24      323.8613   850      291.2160      328.1994   304041   12.70%
    509    25      327.8281   992      291.2160      328.1994   304174   12.70%
    510    26      325.5287   883      291.2160      328.1994   305877   12.70%
    512    28      325.8027   948      291.2160      328.1994   306905   12.70%
    514    30      325.3479   882      291.2160      328.1994   308017   12.70%
Elapsed time = 1769.55 sec. (2126297.44 ticks, tree = 6.45 MB, solutions = 3)
    518    34      323.9155   902      291.2160      328.1994   309231   12.70%
    521    37      309.5000   648      291.2160      328.1994   312768   12.70%
    524    40      324.6963   833      291.2160      328.1994   313367   12.70%
    526    42      324.3472   781      291.2160      328.1994   314150   12.70%
    527    43      317.7172   784      291.2160      328.1994   315726   12.70%
    531    47      323.6424   714      291.2160      328.1994   317171   12.70%
    536    52      321.8638   714      291.2160      328.1994   318886   12.70%
    539    55      320.0891   738      291.2160      328.1994   320099   12.70%
    544    60      323.5619   863      291.2160      328.1994   321124   12.70%
    549    65      322.8580   846      291.2160      328.1994   322164   12.70%
Elapsed time = 1845.86 sec. (2197743.00 ticks, tree = 15.26 MB, solutions = 3)
    552    68      322.6139   721      291.2160      328.1994   323121   12.70%
    555    71      318.8909   783      291.2160      328.1994   324406   12.70%
    559    75      318.4039   698      291.2160      328.1994   326450   12.70%
    562    78      317.4205   693      291.2160      328.1994   329383   12.70%
    566    82      321.4816   808      291.2160      328.1994   331050   12.70%
    570    86      321.4467   795      291.2160      328.1994   332228   12.70%
    574    90      313.8327   753      291.2160      328.1994   335033   12.70%
    576    92      321.4152   794      291.2160      328.1994   335053   12.70%
    578    94      311.7822   643      291.2160      328.1994   336388   12.70%
    581    97      310.9403   671      291.2160      328.1994   337681   12.70%
Elapsed time = 1922.47 sec. (2269128.96 ticks, tree = 23.31 MB, solutions = 3)
    586   102      315.3453   709      291.2160      328.1994   339729   12.70%
    588   104      314.8121   656      291.2160      328.1994   341232   12.70%
    590   106      317.4374   696      291.2160      328.1994   343074   12.70%
    592   108      318.1582   686      291.2160      328.1994   344618   12.70%
    596   112      321.1699   773      291.2160      328.1994   345547   12.70%
    597   113      318.9551   749      291.2160      328.1994   346585   12.70%
    603   119      321.0442   721      291.2160      328.1994   347681   12.70%
    606   122      320.8312   729      291.2160      328.1994   348563   12.70%
    608   124      318.6211   550      291.2160      328.1994   349926   12.70%
    612   128      316.7446   601      291.2160      328.1994   351457   12.70%
Elapsed time = 1996.11 sec. (2334961.11 ticks, tree = 31.12 MB, solutions = 3)
    616   132      319.1630   543      291.2160      328.1994   353302   12.70%
    617   133      320.6833   684      291.2160      328.1994   353590   12.70%
    618   134      320.6233   736      291.2160      328.1994   353927   12.70%
    621   137      320.6160   702      291.2160      328.1994   354097   12.70%
    625   141      320.5290   656      291.2160      328.1994   354713   12.70%
    627   143      318.9985   660      291.2160      328.1994   356436   12.70%
    630   146      319.6930   672      291.2160      328.1994   357568   12.70%
    631   147      319.9164   679      291.2160      328.1994   358746   12.70%
    632   148      319.8231   697      291.2160      328.1994   359069   12.70%
    634   150      316.8729   593      291.2160      328.1994   360954   12.70%
Elapsed time = 2050.24 sec. (2389676.95 ticks, tree = 36.67 MB, solutions = 3)
    638   154      317.5726   625      291.2160      328.1994   362920   12.70%
    642   158      316.1469   654      291.2160      328.1994   364931   12.70%
    644   160      317.1803   500      291.2160      328.1994   366905   12.70%
    647   163      314.0355   615      291.2160      328.1994   368590   12.70%
    650   166      319.1189   712      291.2160      328.1994   370104   12.70%
    657   173      318.1389   587      291.2160      328.1994   371337   12.70%
    659   175      318.0831   571      291.2160      328.1994   372580   12.70%
    663   179      316.4228   481      291.2160      328.1994   374769   12.70%
    668   184      317.7329   584      291.2160      328.1994   375780   12.70%
    670   186      317.7299   634      291.2160      328.1994   376849   12.70%
Elapsed time = 2113.58 sec. (2446816.45 ticks, tree = 45.75 MB, solutions = 3)
    675   191      317.6005   558      291.2160      328.1994   377951   12.70%
    676   192      308.3189   415      291.2160      328.1994   379438   12.70%
    680   196      315.0812   659      291.2160      328.1994   381002   12.70%
    685   201      310.0513   523      291.2160      328.1994   383084   12.70%
    686   202      317.5029   550      291.2160      328.1994   383235   12.70%
    690   206      314.8169   529      291.2160      328.1994   384887   12.70%
    692   208      316.3462   431      291.2160      328.1994   386230   12.70%
    697   213      317.2292   574      291.2160      328.1994   387542   12.70%
    698   214      314.2368   470      291.2160      328.1994   390032   12.70%
    701   217      313.6084   542      291.2160      328.1994   391472   12.70%
Elapsed time = 2184.99 sec. (2511542.86 ticks, tree = 53.57 MB, solutions = 3)
    704   220      313.9735   566      291.2160      328.1994   392702   12.70%
    708   224      315.6731   459      291.2160      328.1994   393932   12.70%
    711   227      311.9495   433      291.2160      328.1994   396123   12.70%
    713   229      311.3606   552      291.2160      328.1994   398252   12.70%
    716   232      305.6902   567      291.2160      328.1994   400822   12.70%
    720   236      317.0272   496      291.2160      328.1994   402356   12.70%
    723   239      315.1579   415      291.2160      328.1994   404107   12.70%
    726   242      315.4293   368      291.2160      328.1994   405115   12.70%
    728   244      314.8455   382      291.2160      328.1994   407298   12.70%
    730   246      315.4659   348      291.2160      328.1994   409024   12.70%
Elapsed time = 2262.84 sec. (2583737.88 ticks, tree = 60.90 MB, solutions = 3)
    732   248      314.7868   518      291.2160      328.1994   410926   12.70%
    735   251      312.3129   413      291.2160      328.1994   412308   12.70%
    737   253      313.9539   540      291.2160      328.1994   413800   12.70%
    741   257      316.4018   567      291.2160      328.1994   415064   12.70%
    742   258      313.7167   513      291.2160      328.1994   416872   12.70%
    744   260      310.1570   366      291.2160      328.1994   418953   12.70%
    746   262      311.9103   280      291.2160      328.1994   420285   12.70%
    751   265      315.6081   508      291.2160      328.1994   421894   12.70%
    755   269      312.7199   309      291.2160      328.1994   424194   12.70%
    758   272      313.3242   380      291.2160      328.1994   425943   12.70%
Elapsed time = 2324.06 sec. (2638167.82 ticks, tree = 67.47 MB, solutions = 3)
    762   276      315.3124   389      291.2160      328.1994   427420   12.70%
    766   280      316.1248   555      291.2160      328.1994   427720   12.70%
    770   284      311.3909   373      291.2160      328.1994   430357   12.70%
    773   287      314.9471   421      291.2160      328.1994   431690   12.70%
    777   291      314.2744   371      291.2160      328.1994   432916   12.70%
    780   294      315.7354   431      291.2160      328.1994   434262   12.70%
    781   295      312.9246   492      291.2160      328.1994   435400   12.70%
    786   300      315.5159   443      291.2160      328.1994   436059   12.70%
    789   303      314.9208   521      291.2160      328.1994   437603   12.70%
    793   307      302.7210   476      291.2160      328.1994   439811   12.70%
Elapsed time = 2397.55 sec. (2705750.63 ticks, tree = 76.31 MB, solutions = 3)
    796   310      310.1224   462      291.2160      328.1994   441057   12.70%
    799   313      310.4705   409      291.2160      328.1994   442631   12.70%
    804   318      314.4306   499      291.2160      328.1994   444202   12.70%
    808   322      303.5205   385      291.2160      328.1994   446887   12.70%
    813   327      304.7224   328      291.2160      328.1994   449844   12.70%
    819   333      312.9000   386      291.2160      328.1994   451226   12.70%
    823   337      312.5180   384      291.2160      328.1994   452557   12.70%
    827   341      310.6627   393      291.2160      328.1994   453800   12.70%
    835   349      312.1848   446      291.2160      328.1994   455379   12.70%
    839   353      312.0979   422      291.2160      328.1994   456621   12.70%
Elapsed time = 2459.58 sec. (2761185.08 ticks, tree = 87.95 MB, solutions = 3)
    841   355      309.8681   379      291.2160      328.1994   458332   12.70%
    846   360      310.2526   394      291.2160      328.1994   460229   12.70%
    852   366      311.9582   403      291.2160      328.1994   461210   12.70%
    856   370      311.7904   404      291.2160      328.1994   462443   12.70%
    861   373      310.2617   402      291.2160      328.1994   463828   12.70%
    863   375      309.1231   401      291.2160      328.1994   465235   12.70%
    866   378      307.6000   322      291.2160      328.1994   467243   12.70%
    874   386      309.7315   392      291.2160      328.1994   468996   12.70%
    882   394      310.9156   462      291.2160      328.1994   470278   12.70%
    886   398      310.9145   463      291.2160      328.1994   471341   12.70%
Elapsed time = 2519.56 sec. (2818079.55 ticks, tree = 99.34 MB, solutions = 3)
    893   405      310.7055   397      291.2160      328.1994   472769   12.70%
    894   406      304.1190   340      291.2160      328.1994   473987   12.70%
    897   409      305.9526   382      291.2160      328.1994   475373   12.70%
    901   413      310.6411   362      291.2160      328.1994   476322   12.70%
    904   416      310.6035   387      291.2160      328.1994   477704   12.70%
    911   423      306.3649   406      291.2160      328.1994   480163   12.70%
    918   430      306.5668   296      291.2160      328.1994   481850   12.70%
    924   436      308.5410   258      291.2160      328.1994   483317   12.70%
    929   441      307.1362   237      291.2160      328.1994   484641   12.70%
    931   443      306.2833   234      291.2160      328.1994   486094   12.70%
Elapsed time = 2571.24 sec. (2866383.58 ticks, tree = 110.74 MB, solutions = 3)
    935   447      308.9631   285      291.2160      328.1994   487689   12.70%
    939   451      303.8542   321      291.2160      328.1994   489341   12.70%
    945   457      309.1119   307      291.2160      328.1994   490445   12.70%
    951   463      302.7666   297      291.2160      328.1994   492692   12.70%
    955   467      304.9834   273      291.2160      328.1994   493868   12.70%
    960   472      308.5178   293      291.2160      328.1994   495304   12.70%
    963   475      306.2851   193      291.2160      328.1994   496715   12.70%
    966   478      305.6528   336      291.2160      328.1994   498012   12.70%
    973   485      306.9939   241      291.2160      328.1994   500009   12.70%
    979   491      307.7248   246      291.2160      328.1994   501599   12.70%
Elapsed time = 2629.54 sec. (2920706.88 ticks, tree = 122.90 MB, solutions = 3)
    982   494      307.4423   307      291.2160      328.1994   502999   12.70%
    984   496      306.6881   288      291.2160      328.1994   504359   12.70%
    987   499      305.6742   291      291.2160      328.1994   505721   12.70%
    992   504      306.2701   278      291.2160      328.1994   507097   12.70%
    995   507      302.7151   265      291.2160      328.1994   508646   12.70%
   1001   513      305.2784   267      291.2160      328.1994   509881   12.70%
   1006   518      303.4370   182      291.2160      328.1994   511758   12.70%
   1010   522      304.9484   286      291.2160      328.1994   512983   12.70%
   1011   523      303.2832   238      291.2160      328.1994   514721   12.70%
   1013   525      300.3565   317      291.2160      328.1994   516486   12.70%
Elapsed time = 2679.82 sec. (2966180.89 ticks, tree = 131.54 MB, solutions = 3)
   1016   528      298.8620   242      291.2160      328.1994   518238   12.70%
   1018   530      298.1042   280      291.2160      328.1994   520191   12.70%
   1022   534      302.5542   317      291.2160      328.1994   521193   12.70%
   1027   539      301.8753   275      291.2160      328.1994   522953   12.70%
   1031   543      302.0229   318      291.2160      328.1994   524514   12.70%
   1033   545      300.4020   311      291.2160      328.1994   526278   12.70%
   1036   548      300.8448   235      291.2160      328.1994   527494   12.70%
   1039   551      298.0128   296      291.2160      328.1994   529198   12.70%
   1045   557      301.1673   357      291.2160      328.1994   530763   12.70%
   1051   563      299.4895   320      291.2160      328.1994   533311   12.70%
Elapsed time = 2727.94 sec. (3010609.84 ticks, tree = 141.17 MB, solutions = 3)
   1056   566      299.0865   311      291.2160      328.1994   535288   12.70%
   1057   567      300.5809   361      291.2160      328.1994   535655   12.70%
   1058   568      300.5743   366      291.2160      328.1994   535727   12.70%
   1059   569      300.5573   373      291.2160      328.1994   535765   12.70%
   1060   570      300.4701   372      291.2160      328.1994   535986   12.70%
   1061   571      298.1965   335      291.2160      328.1994   536990   12.70%
   1062   572      300.4620   362      291.2160      328.1994   537024   12.70%
   1063   573      300.4499   339      291.2160      328.1994   537057   12.70%
   1064   574      300.1914   347      291.2160      328.1994   537221   12.70%
   1065   575      299.5973   350      291.2160      328.1994   537620   12.70%
Elapsed time = 2789.42 sec. (3070650.96 ticks, tree = 144.24 MB, solutions = 3)
   1066   576      300.1814   342      291.2160      328.1994   537643   12.70%
   1067   577      293.4893   318      291.2160      328.1994   539232   12.70%
   1068   578      300.1506   359      291.2160      328.1994   539327   12.70%
   1069   579      300.1226   354      291.2160      328.1994   539419   12.70%
   1070   580      296.2058   306      291.2160      328.1994   540271   12.70%
   1071   581      300.1137   340      291.2160      328.1994   540312   12.70%
   1072   582      295.3960   268      291.2160      328.1994   541201   12.70%
   1073   583      300.0886   355      291.2160      328.1994   541294   12.70%
   1074   584      299.9704   407      291.2160      328.1994   541503   12.70%
   1075   584      295.3134   306      291.2160      328.1994   542671   12.70%
Elapsed time = 2846.93 sec. (3127493.16 ticks, tree = 146.82 MB, solutions = 3)
   1076   585      295.2820   304      291.2160      328.1994   542754   12.70%
   1078   584        cutoff            291.2160      328.1994   543840   12.70%
   1079   585      328.1346   997      291.2160      328.1461   544093   12.68%
   1081   587      326.2967   896      291.2160      328.1461   546327   12.68%
   1086   592      327.9809   941      291.2160      328.1461   547455   12.68%
   1087   593      327.5686   974      291.2160      328.1461   548833   12.68%
   1088   594      327.7095   727      291.2160      328.1461   550150   12.68%
   1090   596      327.2301   840      291.2160      328.1461   551398   12.68%
   1093   599      327.1094   775      291.2160      328.1461   552262   12.68%
   1097   603      326.1451   770      291.2160      328.1461   554127   12.68%
Elapsed time = 2962.17 sec. (3233274.07 ticks, tree = 151.24 MB, solutions = 3)
   1099   605      325.4408   648      291.2160      328.1461   555627   12.68%
   1100   606      324.8992   690      291.2160      328.1461   556689   12.68%
   1104   610      322.8819   581      291.2160      328.1461   559143   12.68%
   1107   613      324.0700   554      291.2160      328.1461   561095   12.68%
   1110   616      324.2292   648      291.2160      328.1461   563132   12.68%
   1113   619      322.5797   423      291.2160      328.1461   564981   12.68%
   1116   622      324.7883   632      291.2160      328.1461   565606   12.68%
   1117   623      324.2758   582      291.2160      328.1461   566698   12.68%
   1119   625      322.6553   426      291.2160      328.1461   568554   12.68%
   1123   629      324.5158   646      291.2160      328.1461   569763   12.68%
Elapsed time = 3027.42 sec. (3292789.93 ticks, tree = 157.78 MB, solutions = 3)
   1126   632      323.6525   531      291.2160      328.1461   571265   12.68%
   1127   633      324.3523   616      291.2160      328.1461   571799   12.68%
   1130   636      324.3015   601      291.2160      328.1461   572728   12.68%
   1134   640      319.5461   530      291.2160      328.1461   575172   12.68%
   1136   642      321.6403   608      291.2160      328.1461   577336   12.68%
   1139   645      323.7868   543      291.2160      328.1461   578902   12.68%
   1144   650      324.1721   602      291.2160      328.1461   579644   12.68%
   1147   653      322.7625   540      291.2160      328.1461   581473   12.68%
   1149   655      318.4640   423      291.2160      328.1461   583476   12.68%
   1152   658      322.5884   618      291.2160      328.1461   584248   12.68%
Elapsed time = 3100.52 sec. (3362004.07 ticks, tree = 164.83 MB, solutions = 3)
   1154   660      321.7745   418      291.2160      328.1461   585724   12.68%
   1157   663      321.6782   498      291.2160      328.1461   587071   12.68%
   1160   666      321.6622   369      291.2160      328.1461   587810   12.68%
   1161   667      319.9707   437      291.2160      328.1461   589400   12.68%
   1163   669      321.5068   541      291.2160      328.1461   590085   12.68%
   1166   672      321.4412   514      291.2160      328.1461   591530   12.68%
   1171   677      311.4366   307      291.2160      328.1461   593690   12.68%
   1173   679      320.9787   321      291.2160      328.1461   595226   12.68%
   1176   682      320.2488   510      291.2160      328.1461   596554   12.68%
   1179   685      318.4773   425      291.2160      328.1461   598337   12.68%
Elapsed time = 3172.46 sec. (3430630.35 ticks, tree = 171.89 MB, solutions = 3)
   1181   687      316.8681   273      291.2160      328.1461   600019   12.68%
   1186   692      320.1124   207      291.2160      328.1461   600919   12.68%
   1188   694      304.7501   283      291.2160      328.1461   604463   12.68%
   1190   696      319.6877   232      291.2160      328.1461   605211   12.68%
   1193   699      318.5309   208      291.2160      328.1461   606524   12.68%
   1194   700      318.8138   256      291.2160      328.1461   607536   12.68%
   1195   701      319.2666   245      291.2160      328.1461   607714   12.68%
   1198   704      314.0686   204      291.2160      328.1461   609246   12.68%
   1201   707      319.0667   218      291.2160      328.1461   610383   12.68%
   1205   711      317.8717   239      291.2160      328.1461   611541   12.68%
Elapsed time = 3234.88 sec. (3490978.57 ticks, tree = 178.22 MB, solutions = 3)
   1206   712      318.8394   240      291.2160      328.1461   611678   12.68%
   1210   716      318.7175   252      291.2160      328.1461   612976   12.68%
   1214   720      318.1851   252      291.2160      328.1461   614381   12.68%
   1223   729      308.5588   273      291.2160      328.1461   615446   12.68%
   1229   735      316.2802   279      291.2160      328.1461   616377   12.68%
   1233   739      311.3624   149      291.2160      328.1461   618521   12.68%
   1235   741      312.0935   149      291.2160      328.1461   620160   12.68%
   1238   744      313.3577   215      291.2160      328.1461   622067   12.68%
   1242   748      314.7019   229      291.2160      328.1461   623377   12.68%
   1246   752      314.5428   202      291.2160      328.1461   624270   12.68%
Elapsed time = 3297.21 sec. (3549187.42 ticks, tree = 188.88 MB, solutions = 3)
   1251   757      314.4538   214      291.2160      328.1461   625476   12.68%
   1259   765      308.6299   217      291.2160      328.1461   627124   12.68%
   1268   772      310.8997   203      291.2160      328.1461   628263   12.68%
   1274   778      312.0178   197      291.2160      328.1461   629809   12.68%
   1275   779      311.5456   228      291.2160      328.1461   630300   12.68%
   1276   780      311.9947   200      291.2160      328.1461   630320   12.68%
   1277   781      310.4079   183      291.2160      328.1461   630979   12.68%
   1278   782      311.9257   208      291.2160      328.1461   630997   12.68%
   1279   783      311.6664   229      291.2160      328.1461   631318   12.68%
   1280   784      311.6606   221      291.2160      328.1461   631381   12.68%
Elapsed time = 3441.54 sec. (3697942.12 ticks, tree = 197.02 MB, solutions = 3)
   1281   785      311.6552   177      291.2160      328.1461   631415   12.68%
   1283   787      310.9227   213      291.2160      328.1461   632546   12.68%
   1294   798      303.5373   161      291.2160      328.1461   634530   12.68%
   1298   802      310.8946   162      291.2160      328.1461   636267   12.68%
   1310   814      302.4586   115      291.2160      328.1461   638739   12.68%
   1314   818      303.5321   130      291.2160      328.1461   640164   12.68%
   1321   825      308.9654    99      291.2160      328.1461   641777   12.68%
   1333   837      308.3505   116      291.2160      328.1461   643085   12.68%
   1338   842      301.6635   148      291.2160      328.1461   645390   12.68%
   1341   845      296.5264    71      291.2160      328.1461   647781   12.68%
Elapsed time = 3523.09 sec. (3779105.48 ticks, tree = 212.72 MB, solutions = 3)
   1356   860      296.3727   105      291.2160      328.1461   649768   12.68%
   1376   874      294.3899   104      291.2160      328.1461   651392   12.68%
   1382   874      326.5822   939      291.2160      328.1149   653100   12.67%
   1383   875      325.5764   766      291.2160      328.1123   656555   12.67%
   1384   876      326.2734   866      291.2160      328.1079   658301   12.67%
   1385   877      327.3384   815      291.2160      328.0623   661173   12.65%
   1388   880      325.6184   796      291.2160      328.0623   662927   12.65%
   1390   882      326.9797   826      291.2160      328.0623   664001   12.65%
   1392   884      323.5601   737      291.2160      328.0623   665555   12.65%
   1394   886      321.6250   688      291.2160      328.0623   667659   12.65%
Elapsed time = 3619.09 sec. (3862719.90 ticks, tree = 223.24 MB, solutions = 3)
   1396   888      319.4345   616      291.2160      328.0623   669786   12.65%
   1399   891      323.3216   675      291.2160      328.0623   670605   12.65%
   1400   892      322.5521   680      291.2160      328.0623   672396   12.65%
   1402   894      319.3355   655      291.2160      328.0623   674616   12.65%
   1404   896      323.0088   785      291.2160      328.0623   675772   12.65%
   1406   898      322.8568   819      291.2160      328.0623   676804   12.65%
   1407   899      322.8466   823      291.2160      328.0623   677039   12.65%
   1410   902      321.2896   653      291.2160      328.0623   679598   12.65%
   1412   904      319.6725   618      291.2160      328.0623   682907   12.65%
   1415   907      321.8765   578      291.2160      328.0623   684424   12.65%
Elapsed time = 3711.49 sec. (3948392.36 ticks, tree = 228.53 MB, solutions = 3)
   1420   912      322.3715   844      291.2160      328.0623   685488   12.65%
   1422   914      320.8430   617      291.2160      328.0623   687049   12.65%
   1424   916      317.6798   647      291.2160      328.0623   689887   12.65%
   1428   920      316.4979   454      291.2160      328.0623   691675   12.65%
   1433   925      320.5544   615      291.2160      328.0623   692744   12.65%
   1435   927      318.7088   467      291.2160      328.0623   694561   12.65%
   1438   930      319.5800   548      291.2160      328.0623   695505   12.65%
   1441   933      319.1192   620      291.2160      328.0623   697908   12.65%
   1444   936      320.3371   580      291.2160      328.0623   698749   12.65%
   1446   938      318.0854   517      291.2160      328.0623   699806   12.65%
Elapsed time = 3784.02 sec. (4011841.35 ticks, tree = 236.34 MB, solutions = 3)
   1450   942      320.1093   647      291.2160      328.0623   701059   12.65%
   1452   944      317.7563   575      291.2160      328.0623   703244   12.65%
   1453   945      319.9827   701      291.2160      328.0623   703317   12.65%
   1455   947      318.1550   618      291.2160      328.0623   705593   12.65%
   1457   949      316.3942   557      291.2160      328.0623   706943   12.65%
   1459   951      317.8334   532      291.2160      328.0623   707873   12.65%
   1461   953      317.6993   519      291.2160      328.0623   709545   12.65%
   1464   956      317.6042   679      291.2160      328.0623   710530   12.65%
   1465   957      316.9817   490      291.2160      328.0623   711733   12.65%
   1469   961      317.3380   636      291.2160      328.0623   713282   12.65%
Elapsed time = 3881.27 sec. (4107469.12 ticks, tree = 241.90 MB, solutions = 3)
   1476   968      316.5925   650      291.2160      328.0623   714646   12.65%
   1480   972      316.0940   595      291.2160      328.0623   716751   12.65%
   1483   975      316.1441   583      291.2160      328.0623   718789   12.65%
   1485   977      311.4081   532      291.2160      328.0623   721637   12.65%
   1487   979      315.9405   535      291.2160      328.0623   723246   12.65%
   1488   980      326.0940   868      291.2160      328.0374   724898   12.64%
   1490   982      325.4249   890      291.2160      328.0374   725560   12.64%
   1493   985      322.8101   678      291.2160      328.0374   728823   12.64%
   1495   987      321.5542   741      291.2160      328.0374   729648   12.64%
   1499   991      320.0767   774      291.2160      328.0374   730920   12.64%
Elapsed time = 3964.07 sec. (4178680.56 ticks, tree = 249.76 MB, solutions = 3)
   1502   994      319.1004   851      291.2160      328.0374   732373   12.64%
   1505   997      318.9507   895      291.2160      328.0374   733519   12.64%
   1508  1000      318.5799   916      291.2160      328.0374   734799   12.64%
   1511  1003      318.3770   863      291.2160      328.0374   735727   12.64%
   1515  1007      318.1572   870      291.2160      328.0374   736868   12.64%
   1520  1012      317.6704   788      291.2160      328.0374   738124   12.64%
   1525  1017      317.4559   804      291.2160      328.0374   739235   12.64%
   1527  1019      317.1748   843      291.2160      328.0374   740295   12.64%
   1533  1025      311.9843   881      291.2160      328.0374   742593   12.64%
   1538  1030      308.3913   810      291.2160      328.0374   744461   12.64%
Elapsed time = 4051.35 sec. (4256962.69 ticks, tree = 259.62 MB, solutions = 3)
   1543  1035      307.9812   828      291.2160      328.0374   745467   12.64%
   1548  1040      307.6622   817      291.2160      328.0374   746495   12.64%
   1553  1045      307.3431   847      291.2160      328.0374   747545   12.64%
   1558  1050      306.5346   797      291.2160      328.0374   748733   12.64%
   1564  1056      306.2602   756      291.2160      328.0374   749777   12.64%
   1569  1061      306.1323   790      291.2160      328.0374   750685   12.64%
   1577  1069      305.9826   767      291.2160      328.0374   751540   12.64%
   1584  1076      305.5526   669      291.2160      328.0374   752635   12.64%
   1587  1079      304.7127   581      291.2160      328.0374   754080   12.64%
   1592  1084      304.2791   598      291.2160      328.0374   755185   12.64%
Elapsed time = 4097.38 sec. (4298705.83 ticks, tree = 273.27 MB, solutions = 3)
   1598  1090      303.7940   472      291.2160      328.0374   756288   12.64%
   1600  1092      297.3671   476      291.2160      328.0374   758939   12.64%
   1601  1092      294.7660   504      291.2160      328.0374   759493   12.64%
   1602  1092      294.0815   488      291.2160      328.0374   760047   12.64%
   1603  1091        cutoff            291.2160      328.0374   760910   12.64%
   1604  1092      326.0594   768      291.2160      328.0359   763880   12.64%
   1606  1094      326.0141   790      291.2160      328.0359   764157   12.64%
   1609  1097      323.1165   752      291.2160      328.0359   765408   12.64%
   1612  1100      322.7558   733      291.2160      328.0359   766542   12.64%
   1617  1105      322.4418   804      291.2160      328.0359   767601   12.64%
Elapsed time = 4200.18 sec. (4396960.45 ticks, tree = 278.53 MB, solutions = 3)
   1619  1107      321.8540   774      291.2160      328.0359   768858   12.64%
   1620  1108      316.1040   755      291.2160      328.0359   770651   12.64%
   1625  1113      315.6569   688      291.2160      328.0359   771767   12.64%
   1628  1116      315.4176   789      291.2160      328.0359   772607   12.64%
   1631  1119      315.1343   714      291.2160      328.0359   773777   12.64%
   1634  1122      314.7167   714      291.2160      328.0359   774907   12.64%
   1638  1126      309.9047   738      291.2160      328.0359   776943   12.64%
   1644  1132      309.6497   717      291.2160      328.0359   778028   12.64%
   1647  1135      309.3241   719      291.2160      328.0359   778981   12.64%
   1651  1139      308.1586   745      291.2160      328.0359   780402   12.64%
Elapsed time = 4261.37 sec. (4447422.20 ticks, tree = 287.08 MB, solutions = 3)
   1655  1143      307.9395   724      291.2160      328.0359   781437   12.64%
   1658  1146      305.3401   747      291.2160      328.0359   782543   12.64%
   1661  1149      304.0712   783      291.2160      328.0359   784619   12.64%
   1668  1156      303.6180   725      291.2160      328.0359   785870   12.64%
   1670  1158      299.2444   720      291.2160      328.0359   788634   12.64%
   1674  1162      298.4899   672      291.2160      328.0359   790016   12.64%
   1680  1168      298.0522   737      291.2160      328.0359   791596   12.64%
   1685  1173      297.5582   748      291.2160      328.0359   793116   12.64%
   1696  1182      297.0543   700      291.2160      328.0359   794756   12.64%
   1705  1191      296.5035   732      291.2160      328.0359   796311   12.64%
Elapsed time = 4315.85 sec. (4496945.98 ticks, tree = 300.19 MB, solutions = 3)
   1708  1192        cutoff            291.2160      328.0359   798815   12.64%
   1710  1192      322.4100   918      291.2160      328.0236   801782   12.64%
   1713  1195      322.3035   927      291.2160      328.0236   802466   12.64%
   1715  1197      322.0302   840      291.2160      328.0236   803367   12.64%
   1718  1200      321.8654   861      291.2160      328.0236   804261   12.64%
   1721  1203      321.5450   915      291.2160      328.0236   805393   12.64%
   1724  1206      321.2415   854      291.2160      328.0236   806583   12.64%
   1728  1210      320.8136   836      291.2160      328.0236   807889   12.64%
   1731  1213      320.2644   886      291.2160      328.0236   808991   12.64%
   1733  1215      319.4634   958      291.2160      328.0236   810319   12.64%
Elapsed time = 4411.16 sec. (4594081.14 ticks, tree = 306.26 MB, solutions = 3)
   1736  1218      319.1679   861      291.2160      328.0236   811523   12.64%
   1738  1220      318.8120   908      291.2160      328.0236   812566   12.64%
   1740  1222      318.3678   821      291.2160      328.0236   813898   12.64%
   1743  1225      316.6248   720      291.2160      328.0236   815448   12.64%
   1747  1229      316.3095   685      291.2160      328.0236   816693   12.64%
   1751  1233      316.0875   731      291.2160      328.0236   817815   12.64%
   1759  1241      315.9919   691      291.2160      328.0236   818863   12.64%
   1762  1244      315.6552   575      291.2160      328.0236   820311   12.64%
   1767  1249      315.2834   585      291.2160      328.0236   821413   12.64%
   1775  1257      315.1252   583      291.2160      328.0236   822556   12.64%
Elapsed time = 4467.59 sec. (4644263.00 ticks, tree = 316.84 MB, solutions = 3)
   1779  1261      314.9851   529      291.2160      328.0236   823619   12.64%
   1784  1266      314.4099   558      291.2160      328.0236   824880   12.64%
   1790  1272      314.2332   565      291.2160      328.0236   826049   12.64%
   1796  1278      313.0712   553      291.2160      328.0236   827260   12.64%
   1802  1284      312.6803   581      291.2160      328.0236   828310   12.64%
   1809  1291      312.5249   518      291.2160      328.0236   829282   12.64%
   1813  1295      311.0191   491      291.2160      328.0236   830358   12.64%
   1817  1299      309.5012   545      291.2160      328.0236   831021   12.64%
   1821  1303      308.6236   568      291.2160      328.0236   832422   12.64%
   1825  1307      308.2765   553      291.2160      328.0236   833492   12.64%
Elapsed time = 4515.75 sec. (4687153.26 ticks, tree = 329.44 MB, solutions = 3)
   1828  1310      307.7116   563      291.2160      328.0236   834671   12.64%
   1834  1316      307.4669   528      291.2160      328.0236   835965   12.64%
   1838  1320      307.1650   525      291.2160      328.0236   836967   12.64%
   1842  1324      306.4078   445      291.2160      328.0236   839225   12.64%
   1846  1328      306.3659   417      291.2160      328.0236   839643   12.64%
   1851  1333      305.8158   383      291.2160      328.0236   840931   12.64%
   1859  1341      305.3242   437      291.2160      328.0236   842137   12.64%
   1865  1347      305.2150   530      291.2160      328.0236   843156   12.64%
   1870  1352      305.1837   473      291.2160      328.0236   843917   12.64%
   1871  1353      305.1634   502      291.2160      328.0236   844063   12.64%
Elapsed time = 4588.89 sec. (4757918.50 ticks, tree = 341.04 MB, solutions = 3)
   1872  1354      305.1615   495      291.2160      328.0236   844107   12.64%
   1880  1362      304.9063   466      291.2160      328.0236   844973   12.64%
*  1886+ 1360                          293.7920      328.0236            11.65%
   1886  1362      304.5121   438      293.7920      328.0236   845986   11.65%
   1895  1371      303.9013   400      293.7920      328.0236   847194   11.65%
   1900  1376      303.7579   434      293.7920      328.0236   847743   11.65%
   1906  1382      302.3392   416      293.7920      328.0236   849261   11.65%
   1914  1390      301.8267   505      293.7920      328.0236   850680   11.65%
   1925  1401      301.4759   443      293.7920      328.0236   852045   11.65%
   1937  1413      301.0777   466      293.7920      328.0236   853704   11.65%
   1949  1425      300.7238   461      293.7920      328.0236   855305   11.65%
Elapsed time = 4653.78 sec. (4825108.85 ticks, tree = 359.40 MB, solutions = 4)
   1960  1436      299.6633   525      293.7920      328.0236   857345   11.65%
   1967  1443      299.2816   512      293.7920      328.0236   858887   11.65%
   1979  1455      298.9020   474      293.7920      328.0236   860226   11.65%
   1990  1466      297.8227   478      293.7920      328.0236   862350   11.65%
   2005  1481      297.5398   443      293.7920      328.0236   863960   11.65%
   2014  1490      297.1593   528      293.7920      328.0236   864984   11.65%
   2030  1506      296.7304   585      293.7920      328.0236   866769   11.65%
   2047  1523      295.8279   460      293.7920      328.0236   868458   11.65%
   2068  1542      294.3947   460      293.7920      328.0236   871145   11.65%
   2088  1554      325.2913   875      293.7920      328.0167   876739   11.65%
Elapsed time = 4701.60 sec. (4879528.33 ticks, tree = 392.39 MB, solutions = 4)
   2090  1556      321.3694   786      293.7920      328.0167   878250   11.65%
   2092  1558      306.6684   668      293.7920      328.0167   881707   11.65%
   2095  1561      304.5950   543      293.7920      328.0167   883812   11.65%
   2096  1560  -1.00000e+75   657      293.7920      328.0167   885524   11.65%
   2098  1560      321.6455   889      293.7920      327.9878   887771   11.64%
   2100  1562      320.2012   882      293.7920      327.9878   889144   11.64%
   2102  1564      319.2485   866      293.7920      327.9878   890992   11.64%
   2103  1565      312.1911   932      293.7920      327.9878   892237   11.64%
   2104  1566      311.7679   980      293.7920      327.9878   893411   11.64%
   2106  1568      311.0404   908      293.7920      327.9878   895549   11.64%
Elapsed time = 4795.72 sec. (4966244.09 ticks, tree = 395.93 MB, solutions = 4)
   2109  1571      309.9308   731      293.7920      327.9878   897562   11.64%
   2113  1575      310.8558   935      293.7920      327.9878   899273   11.64%
   2114  1576      310.6931   814      293.7920      327.9878   900657   11.64%
   2116  1578      308.4701   794      293.7920      327.9878   902666   11.64%
   2119  1581      310.3012   930      293.7920      327.9878   904056   11.64%
   2122  1584      310.1566   858      293.7920      327.9878   905289   11.64%
   2124  1586      307.6466   710      293.7920      327.9878   907102   11.64%
   2126  1588      309.7953   823      293.7920      327.9878   908701   11.64%
   2128  1590      308.5424   731      293.7920      327.9878   910124   11.64%
   2131  1593      308.0319   652      293.7920      327.9878   912329   11.64%
Elapsed time = 4861.18 sec. (5022109.89 ticks, tree = 402.23 MB, solutions = 4)
   2132  1594      309.3880   853      293.7920      327.9878   912441   11.64%
   2134  1596      307.1434   734      293.7920      327.9878   914393   11.64%
   2136  1598      308.8479   803      293.7920      327.9878   915578   11.64%
   2139  1601      308.3375   780      293.7920      327.9878   916976   11.64%
   2141  1603      308.1235   748      293.7920      327.9878   918230   11.64%
   2144  1606      306.8509   681      293.7920      327.9878   920090   11.64%
   2147  1609      307.3436   763      293.7920      327.9878   921617   11.64%
   2151  1613      307.2338   769      293.7920      327.9878   923081   11.64%
   2155  1617      302.9299   685      293.7920      327.9878   925155   11.64%
   2157  1619      306.1996   732      293.7920      327.9878   926555   11.64%
Elapsed time = 4930.75 sec. (5089334.67 ticks, tree = 408.80 MB, solutions = 4)
   2162  1624      304.9234   673      293.7920      327.9878   928506   11.64%
   2168  1628      304.3476   722      293.7920      327.9878   929563   11.64%
   2170  1630      304.2308   724      293.7920      327.9878   930572   11.64%
   2173  1633      302.6160   549      293.7920      327.9878   932278   11.64%
   2179  1639      303.0156   704      293.7920      327.9878   933954   11.64%
   2184  1644      297.7348   615      293.7920      327.9878   936056   11.64%
   2188  1648      302.4420   678      293.7920      327.9878   937244   11.64%
   2192  1651      294.3294   487      293.7920      327.9878   940556   11.64%
   2194  1651      325.2326   895      293.7920      327.9775   943213   11.64%
   2197  1654      324.3272   845      293.7920      327.9775   944592   11.64%
Elapsed time = 5014.34 sec. (5167709.59 ticks, tree = 417.68 MB, solutions = 4)
   2201  1658      324.0809   897      293.7920      327.9775   945647   11.64%
   2205  1662      323.7304   927      293.7920      327.9775   946718   11.64%
   2209  1666      323.5058   934      293.7920      327.9775   947869   11.64%
   2213  1670      323.2295   908      293.7920      327.9775   949128   11.64%
   2215  1672      322.6253   884      293.7920      327.9775   950162   11.64%
   2219  1676      322.1793   849      293.7920      327.9775   951286   11.64%
   2223  1680      321.5973   751      293.7920      327.9775   952702   11.64%
   2226  1683      321.4590   700      293.7920      327.9775   953469   11.64%
   2231  1688      321.2482   750      293.7920      327.9775   954716   11.64%
   2239  1696      321.1364   807      293.7920      327.9775   955809   11.64%
Elapsed time = 5072.63 sec. (5216167.19 ticks, tree = 428.27 MB, solutions = 4)
   2240  1697      321.1158   817      293.7920      327.9775   956108   11.64%
   2246  1703      320.9400   759      293.7920      327.9775   957090   11.64%
   2250  1707      320.8492   749      293.7920      327.9775   957654   11.64%
   2254  1711      320.1357   734      293.7920      327.9775   958750   11.64%
   2260  1717      319.5972   664      293.7920      327.9775   960170   11.64%
   2265  1722      319.4687   704      293.7920      327.9775   961200   11.64%
   2270  1727      319.1469   709      293.7920      327.9775   962386   11.64%
   2277  1734      318.9411   725      293.7920      327.9775   963217   11.64%
   2283  1740      318.6854   706      293.7920      327.9775   964371   11.64%
   2289  1746      318.4663   661      293.7920      327.9775   965380   11.64%
Elapsed time = 5141.99 sec. (5283128.13 ticks, tree = 440.89 MB, solutions = 4)
   2290  1747      315.9897   747      293.7920      327.9775   967717   11.64%
   2295  1752      315.6469   749      293.7920      327.9775   968391   11.64%
   2303  1760      315.2562   790      293.7920      327.9775   969779   11.64%
   2312  1769      314.9014   728      293.7920      327.9775   970808   11.64%
   2318  1775      314.4484   725      293.7920      327.9775   971589   11.64%
   2323  1780      314.1032   756      293.7920      327.9775   972560   11.64%
   2326  1783      314.0821   725      293.7920      327.9775   972783   11.64%
   2332  1789      313.7176   650      293.7920      327.9775   973894   11.64%
   2334  1791      311.4075   680      293.7920      327.9775   975706   11.64%
   2337  1794      311.3307   635      293.7920      327.9775   976247   11.64%
Elapsed time = 5209.25 sec. (5340411.66 ticks, tree = 453.00 MB, solutions = 4)
   2343  1800      310.7834   639      293.7920      327.9775   977184   11.64%
   2347  1804      310.3755   622      293.7920      327.9775   978075   11.64%
   2353  1810      310.1585   640      293.7920      327.9775   979110   11.64%
   2358  1815      310.0605   766      293.7920      327.9775   979862   11.64%
   2365  1822      309.8689   719      293.7920      327.9775   980962   11.64%
   2375  1832      309.7746   672      293.7920      327.9775   981828   11.64%
   2380  1837      309.0924   615      293.7920      327.9775   983578   11.64%
   2386  1843      308.8308   741      293.7920      327.9775   984759   11.64%
   2391  1848      308.7317   760      293.7920      327.9775   985402   11.64%
   2397  1854      308.5849   753      293.7920      327.9775   985985   11.64%
Elapsed time = 5284.75 sec. (5412270.72 ticks, tree = 468.17 MB, solutions = 4)
   2398  1855      308.5789   761      293.7920      327.9775   986054   11.64%
   2406  1863      308.3757   694      293.7920      327.9775   986422   11.64%
   2415  1872      307.3625   617      293.7920      327.9775   987789   11.64%
   2418  1874      297.9711   570      293.7920      327.9775   989127   11.64%
   2425  1877      295.4054   611      293.7920      327.9775   990941   11.64%
   2445  1893      294.2707   409      293.7920      327.9775   993173   11.64%
   2459  1899      326.0738   937      293.7920      327.9149   995789   11.61%
   2462  1902      325.7309   905      293.7920      327.9149   996921   11.61%
   2464  1904      325.1809   913      293.7920      327.9149   998423   11.61%
   2468  1908      324.9607   871      293.7920      327.9149   999740   11.61%
Elapsed time = 5361.87 sec. (5482821.42 ticks, tree = 481.78 MB, solutions = 4)
   2473  1913      324.6996   879      293.7920      327.9149  1000926   11.61%
   2477  1917      324.1740   854      293.7920      327.9149  1002437   11.61%
   2482  1922      323.9485   905      293.7920      327.9149  1003734   11.61%
   2486  1926      323.7840   895      293.7920      327.9149  1004525   11.61%
   2490  1930      323.4534   815      293.7920      327.9149  1005705   11.61%
   2497  1937      323.2062   801      293.7920      327.9149  1006775   11.61%
   2502  1942      322.8012   836      293.7920      327.9149  1007934   11.61%
   2508  1948      322.5064   806      293.7920      327.9149  1009072   11.61%
   2512  1952      322.0879   731      293.7920      327.9149  1010234   11.61%
   2514  1954      321.5105   797      293.7920      327.9149  1011729   11.61%
Elapsed time = 5443.43 sec. (5558200.74 ticks, tree = 493.26 MB, solutions = 4)
   2516  1956      321.0788   792      293.7920      327.9149  1012650   11.61%
   2522  1962      320.7660   790      293.7920      327.9149  1013946   11.61%
   2526  1966      320.4352   811      293.7920      327.9149  1015027   11.61%
   2531  1971      320.2079   891      293.7920      327.9149  1015967   11.61%
   2535  1975      319.6243   828      293.7920      327.9149  1017007   11.61%
   2539  1979      319.3140   815      293.7920      327.9149  1018145   11.61%
   2541  1981      319.1564   716      293.7920      327.9149  1019028   11.61%
   2543  1983      315.6581   557      293.7920      327.9149  1020720   11.61%
   2546  1986      315.0264   630      293.7920      327.9149  1021792   11.61%
   2549  1989      314.5817   657      293.7920      327.9149  1022874   11.61%
Elapsed time = 5497.98 sec. (5601854.03 ticks, tree = 502.09 MB, solutions = 4)
   2553  1993      314.2960   549      293.7920      327.9149  1024235   11.61%
   2557  1997      313.5683   655      293.7920      327.9149  1025825   11.61%
   2561  2001      313.1307   664      293.7920      327.9149  1026633   11.61%
   2564  2004      312.8522   701      293.7920      327.9149  1027691   11.61%
   2566  2006      312.8300   712      293.7920      327.9149  1027908   11.61%
   2571  2011      311.7787   586      293.7920      327.9149  1029477   11.61%
   2575  2015      311.3567   549      293.7920      327.9149  1030717   11.61%
   2577  2017      309.4628   462      293.7920      327.9149  1032196   11.61%
   2582  2022      307.6259   458      293.7920      327.9149  1033842   11.61%
   2585  2025      306.8258   449      293.7920      327.9149  1035704   11.61%
Elapsed time = 5578.06 sec. (5671100.80 ticks, tree = 511.18 MB, solutions = 4)
   2590  2030      305.9151   440      293.7920      327.9149  1037279   11.61%
   2593  2033      304.6096   455      293.7920      327.9149  1038802   11.61%
   2598  2038      304.4877   403      293.7920      327.9149  1039957   11.61%
   2600  2040      303.9076   459      293.7920      327.9149  1041582   11.61%
   2601  2041      303.5741   443      293.7920      327.9149  1042535   11.61%
   2602  2042      303.5670   462      293.7920      327.9149  1042711   11.61%
   2603  2043      303.5372   429      293.7920      327.9149  1042738   11.61%
   2607  2047      303.1618   471      293.7920      327.9149  1044258   11.61%
   2614  2054      302.2940   496      293.7920      327.9149  1045903   11.61%
   2621  2061      301.9103   487      293.7920      327.9149  1046893   11.61%
Elapsed time = 5648.20 sec. (5738324.89 ticks, tree = 520.42 MB, solutions = 4)
   2630  2066      300.2323   433      293.7920      327.9149  1049142   11.61%
   2637  2073      299.8236   440      293.7920      327.9149  1050274   11.61%
   2649  2085      299.5795   492      293.7920      327.9149  1051454   11.61%
   2660  2096      298.8192   386      293.7920      327.9149  1053228   11.61%
   2670  2106      298.3348   494      293.7920      327.9149  1054365   11.61%
   2681  2117      298.0772   468      293.7920      327.9149  1055726   11.61%
   2689  2124      294.3290   418      293.7920      327.9149  1057723   11.61%
   2698  2127      325.9607   933      293.7920      327.9126  1060239   11.61%
   2700  2129      325.6855   940      293.7920      327.9126  1061396   11.61%
   2702  2131      325.0774   925      293.7920      327.9126  1063175   11.61%
Elapsed time = 5691.65 sec. (5784523.43 ticks, tree = 538.33 MB, solutions = 4)
   2703  2132      325.0410   924      293.7920      327.9126  1063558   11.61%
   2706  2135      324.7881   943      293.7920      327.9126  1064929   11.61%
   2711  2140      324.6578   947      293.7920      327.9126  1066034   11.61%
   2715  2144      324.3877   978      293.7920      327.9126  1067172   11.61%
   2716  2145      323.9654   825      293.7920      327.9126  1068366   11.61%
   2718  2147      323.7991   828      293.7920      327.9126  1069321   11.61%
   2722  2151      323.4887   881      293.7920      327.9126  1070558   11.61%
   2724  2153      323.2670   825      293.7920      327.9126  1071383   11.61%
   2727  2156      322.7265   836      293.7920      327.9126  1072591   11.61%
   2730  2159      322.3820   794      293.7920      327.9126  1073693   11.61%
Elapsed time = 5760.44 sec. (5853631.93 ticks, tree = 545.38 MB, solutions = 4)
   2733  2162      321.7743   776      293.7920      327.9126  1075241   11.61%
   2735  2164      321.6752   817      293.7920      327.9126  1075751   11.61%
   2737  2166      321.2431   903      293.7920      327.9126  1076979   11.61%
   2742  2171      320.8648   864      293.7920      327.9126  1078163   11.61%
   2745  2174      320.6466   952      293.7920      327.9126  1079327   11.61%
   2749  2178      320.3951   840      293.7920      327.9126  1080580   11.61%
   2753  2182      320.2024   895      293.7920      327.9126  1081645   11.61%
   2758  2187      319.9980   966      293.7920      327.9126  1082604   11.61%
   2762  2191      319.7887   880      293.7920      327.9126  1083693   11.61%
   2767  2196      318.9473   743      293.7920      327.9126  1085577   11.61%
Elapsed time = 5816.31 sec. (5903109.46 ticks, tree = 554.70 MB, solutions = 4)
   2770  2199      318.7755   689      293.7920      327.9126  1086593   11.61%
   2774  2203      318.5440   761      293.7920      327.9126  1087830   11.61%
   2778  2207      318.0765   735      293.7920      327.9126  1089363   11.61%
   2781  2210      317.7824   800      293.7920      327.9126  1090621   11.61%
   2788  2217      317.5593   747      293.7920      327.9126  1092074   11.61%
   2796  2225      317.4423   718      293.7920      327.9126  1093119   11.61%
   2800  2229      317.2117   748      293.7920      327.9126  1094161   11.61%
   2806  2235      317.0450   754      293.7920      327.9126  1095046   11.61%
   2814  2241      316.8647   695      293.7920      327.9126  1095969   11.61%
   2819  2246      316.6047   711      293.7920      327.9126  1096994   11.61%
Elapsed time = 5898.01 sec. (5977460.78 ticks, tree = 567.30 MB, solutions = 4)
   2828  2255      316.3708   684      293.7920      327.9126  1098001   11.61%
   2835  2262      316.1842   658      293.7920      327.9126  1099068   11.61%
   2844  2271      315.8721   731      293.7920      327.9126  1100355   11.61%
   2849  2276      315.7054   664      293.7920      327.9126  1101405   11.61%
   2850  2277      315.7033   645      293.7920      327.9126  1101493   11.61%
   2855  2282      315.4240   700      293.7920      327.9126  1102683   11.61%
   2864  2291      315.2993   709      293.7920      327.9126  1103603   11.61%
   2867  2294      314.8734   686      293.7920      327.9126  1104824   11.61%
   2877  2304      314.6861   630      293.7920      327.9126  1105870   11.61%
   2878  2305      312.6372   642      293.7920      327.9126  1107292   11.61%
Elapsed time = 5990.75 sec. (6072265.84 ticks, tree = 582.22 MB, solutions = 4)
   2884  2311      312.3991   588      293.7920      327.9126  1108064   11.61%
   2886  2313      312.2224   643      293.7920      327.9126  1108585   11.61%
   2891  2318      311.9327   631      293.7920      327.9126  1109708   11.61%
   2893  2320      310.9613   670      293.7920      327.9126  1110839   11.61%
   2900  2327      310.7976   517      293.7920      327.9126  1111772   11.61%
   2903  2330      308.1861   505      293.7920      327.9126  1113284   11.61%
   2907  2334      307.9420   445      293.7920      327.9126  1114565   11.61%
   2914  2341      307.5879   534      293.7920      327.9126  1115980   11.61%
   2922  2349      307.3530   531      293.7920      327.9126  1117161   11.61%
   2931  2358      307.1776   493      293.7920      327.9126  1118300   11.61%
Elapsed time = 6049.03 sec. (6128209.93 ticks, tree = 595.67 MB, solutions = 4)
   2936  2363      306.7105   469      293.7920      327.9126  1119599   11.61%
   2943  2370      306.4041   530      293.7920      327.9126  1120797   11.61%
   2953  2380      306.2819   502      293.7920      327.9126  1121904   11.61%
   2963  2390      306.0698   486      293.7920      327.9126  1123146   11.61%
   2969  2396      305.9288   484      293.7920      327.9126  1124104   11.61%
   2979  2406      305.7430   530      293.7920      327.9126  1125384   11.61%
   2992  2419      305.6674   522      293.7920      327.9126  1126386   11.61%
   2999  2426      305.3231   505      293.7920      327.9126  1127651   11.61%
   3005  2432      304.3415   458      293.7920      327.9126  1129177   11.61%
   3015  2442      304.0833   466      293.7920      327.9126  1130239   11.61%
Elapsed time = 6090.00 sec. (6168683.64 ticks, tree = 616.98 MB, solutions = 4)
   3026  2453      303.8803   447      293.7920      327.9126  1131402   11.61%
   3038  2465      303.7281   471      293.7920      327.9126  1132486   11.61%
   3049  2476      303.6040   550      293.7920      327.9126  1133737   11.61%
   3056  2483      301.1078   370      293.7920      327.9126  1135311   11.61%
   3067  2492      299.2767   370      293.7920      327.9126  1136938   11.61%
   3085  2510      296.3959   348      293.7920      327.9126  1138804   11.61%
   3088  2513      327.0354   955      293.7920      327.9012  1140268   11.61%
   3089  2514      326.7837   960      293.7920      327.9012  1141360   11.61%
   3092  2517      326.2396   994      293.7920      327.9012  1142537   11.61%
   3094  2519      326.0612   964      293.7920      327.9012  1143553   11.61%
Elapsed time = 6136.65 sec. (6213529.95 ticks, tree = 636.45 MB, solutions = 4)
   3098  2523      325.9407   943      293.7920      327.9012  1144645   11.61%
   3101  2526      325.7360  1016      293.7920      327.9012  1145827   11.61%
   3106  2531      325.5305   984      293.7920      327.9012  1147257   11.61%
   3109  2534      325.1766   954      293.7920      327.9012  1148238   11.61%
   3112  2537      325.0771   964      293.7920      327.9012  1148967   11.61%
   3116  2541      324.7608   970      293.7920      327.9012  1150228   11.61%
   3119  2544      324.4622   841      293.7920      327.9012  1151578   11.61%
   3122  2547      324.3223   825      293.7920      327.9012  1152362   11.61%
   3125  2550      323.5884   817      293.7920      327.9012  1153719   11.61%
   3126  2551      323.4954   765      293.7920      327.9012  1154000   11.61%
Elapsed time = 6272.48 sec. (6342842.22 ticks, tree = 644.35 MB, solutions = 4)
   3130  2555      323.0632   803      293.7920      327.9012  1155145   11.61%
   3132  2557      322.8406   749      293.7920      327.9012  1155979   11.61%
   3137  2562      322.4137   780      293.7920      327.9012  1157443   11.61%
   3141  2566      322.1032   841      293.7920      327.9012  1158304   11.61%
   3146  2571      321.8324   781      293.7920      327.9012  1159230   11.61%
   3150  2575      321.6493   799      293.7920      327.9012  1160071   11.61%
   3155  2580      321.4484   673      293.7920      327.9012  1161209   11.61%
   3159  2584      321.2267   819      293.7920      327.9012  1162168   11.61%
   3161  2586      320.9545   924      293.7920      327.9012  1163321   11.61%
   3165  2590      320.5114   909      293.7920      327.9012  1164547   11.61%
Elapsed time = 6324.91 sec. (6388456.88 ticks, tree = 654.17 MB, solutions = 4)
   3171  2596      320.3350   906      293.7920      327.9012  1165811   11.61%
   3178  2603      319.6702   865      293.7920      327.9012  1167631   11.61%
   3183  2608      319.4388   826      293.7920      327.9012  1168718   11.61%
   3186  2611      319.2799   850      293.7920      327.9012  1169614   11.61%
   3191  2616      319.0799   810      293.7920      327.9012  1170702   11.61%
   3193  2618      318.6794   824      293.7920      327.9012  1171677   11.61%
   3197  2622      318.5158   862      293.7920      327.9012  1172608   11.61%
   3201  2626      317.8416   835      293.7920      327.9012  1174061   11.61%
   3205  2630      317.4923   841      293.7920      327.9012  1175190   11.61%
   3211  2636      317.3740   795      293.7920      327.9012  1176171   11.61%
Elapsed time = 6383.48 sec. (6438405.70 ticks, tree = 665.75 MB, solutions = 4)
   3217  2642      303.9160   665      293.7920      327.9012  1179857   11.61%
   3222  2647      303.6139   654      293.7920      327.9012  1180966   11.61%
   3229  2654      303.3658   681      293.7920      327.9012  1182150   11.61%
   3235  2660      303.0211   627      293.7920      327.9012  1183399   11.61%
   3244  2669      302.7054   598      293.7920      327.9012  1184912   11.61%
   3250  2675      302.3899   624      293.7920      327.9012  1186100   11.61%
   3251  2676      302.3613   634      293.7920      327.9012  1186235   11.61%
   3260  2685      302.0716   713      293.7920      327.9012  1187414   11.61%
   3271  2696      301.4424   617      293.7920      327.9012  1188743   11.61%
   3284  2709      301.0473   690      293.7920      327.9012  1189949   11.61%
Elapsed time = 6453.32 sec. (6505175.73 ticks, tree = 684.24 MB, solutions = 4)
   3286  2711      300.9421   682      293.7920      327.9012  1190466   11.61%
   3288  2713      326.4032   957      293.7920      327.7800  1191825   11.57%
   3290  2715      326.0502   961      293.7920      327.7800  1193360   11.57%
   3292  2717      326.1412   896      293.7920      327.7800  1194364   11.57%
   3297  2722      325.6234   779      293.7920      327.7800  1195660   11.57%
   3300  2725      324.3206   901      293.7920      327.7800  1197404   11.57%
   3302  2727      322.7331   816      293.7920      327.7800  1199023   11.57%
   3304  2729      325.0113   842      293.7920      327.7800  1200980   11.57%
   3306  2731      324.7749   863      293.7920      327.7800  1202560   11.57%
   3309  2734      323.2068   694      293.7920      327.7800  1204220   11.57%
Elapsed time = 6533.55 sec. (6571119.43 ticks, tree = 690.46 MB, solutions = 4)
   3311  2736      322.4980   627      293.7920      327.7800  1205885   11.57%
   3315  2740      324.3531   782      293.7920      327.7800  1207092   11.57%
   3317  2742      323.1259   723      293.7920      327.7800  1208803   11.57%
   3318  2743      324.2422   909      293.7920      327.7800  1209174   11.57%
   3319  2744      323.1602   688      293.7920      327.7800  1210947   11.57%
   3321  2746      318.9711   634      293.7920      327.7800  1212612   11.57%
   3325  2748      316.5141   671      293.7920      327.7800  1214101   11.57%
   3328  2751      316.6007   609      293.7920      327.7800  1215285   11.57%
   3331  2754      316.3115   649      293.7920      327.7800  1217147   11.57%
   3334  2757      316.0074   627      293.7920      327.7800  1218787   11.57%
Elapsed time = 6625.20 sec. (6655924.82 ticks, tree = 696.26 MB, solutions = 4)
   3337  2760      314.5636   577      293.7920      327.7800  1220311   11.57%
   3340  2763      314.6758   486      293.7920      327.7800  1221433   11.57%
   3343  2766      315.0504   665      293.7920      327.7800  1222475   11.57%
   3346  2769      314.8198   604      293.7920      327.7800  1223816   11.57%
   3349  2772      314.5989   669      293.7920      327.7800  1224653   11.57%
   3352  2775      314.1601   629      293.7920      327.7800  1225883   11.57%
   3355  2778      314.3110   575      293.7920      327.7800  1227000   11.57%
   3358  2781      311.2561   481      293.7920      327.7800  1228524   11.57%
   3361  2784      312.3824   493      293.7920      327.7800  1229639   11.57%
   3364  2787      311.5122   464      293.7920      327.7800  1230902   11.57%
Elapsed time = 6678.96 sec. (6701685.77 ticks, tree = 703.84 MB, solutions = 4)
   3368  2791      311.0323   434      293.7920      327.7800  1231861   11.57%
   3373  2796      310.4928   387      293.7920      327.7800  1233483   11.57%
   3378  2801      309.8938   371      293.7920      327.7800  1234740   11.57%
   3383  2806      308.1604   369      293.7920      327.7800  1236137   11.57%
Starting limited solution polishing.
   3387  2810      305.1618   363      293.7920      327.7800  1237423   11.57%
   3392  2815      305.8161   286      293.7920      327.7800  1239428   11.57%
   3397  2820      300.9010   276      293.7920      327.7800  1241747   11.57%
   3407  2830      304.2057   401      293.7920      327.7800  1243472   11.57%
   3414  2837      303.5574   357      293.7920      327.7800  1245265   11.57%
   3420  2843      302.5596   327      293.7920      327.7800  1247026   11.57%
Elapsed time = 6732.23 sec. (6749202.46 ticks, tree = 718.04 MB, solutions = 4)
   3426  2847      299.9508   343      293.7920      327.7800  1248865   11.57%
   3430  2851      302.8392   375      293.7920      327.7800  1250696   11.57%
   3435  2856      302.5464   351      293.7920      327.7800  1252451   11.57%
   3441  2862      302.3967   344      293.7920      327.7800  1253924   11.57%
   3450  2871      298.3092   345      293.7920      327.7800  1256117   11.57%
   3451  2872      300.3697   412      293.7920      327.7800  1256873   11.57%
   3452  2873      299.8256   286      293.7920      327.7800  1257487   11.57%
   3455  2874      296.4244   325      293.7920      327.7800  1258652   11.57%
   3460  2873      327.5671   970      293.7920      327.7772  1259900   11.57%
   3463  2876      327.4523  1028      293.7920      327.7772  1260921   11.57%
Elapsed time = 6843.85 sec. (6870717.85 ticks, tree = 726.37 MB, solutions = 4)
   3465  2878      327.1875  1014      293.7920      327.7772  1262100   11.57%
   3467  2880      326.6550  1006      293.7920      327.7772  1262967   11.57%
   3471  2884      326.4016  1036      293.7920      327.7772  1264063   11.57%
   3476  2889      325.9644   977      293.7920      327.7772  1265542   11.57%
   3477  2890      323.5832   884      293.7920      327.7772  1267068   11.57%
   3480  2893      321.3128   863      293.7920      327.7772  1268243   11.57%
   3484  2897      321.0584   821      293.7920      327.7772  1269349   11.57%
   3486  2899      320.9430   860      293.7920      327.7772  1269757   11.57%
   3490  2903      320.5943   897      293.7920      327.7772  1270837   11.57%
   3496  2909      320.4206   829      293.7920      327.7772  1272031   11.57%
Elapsed time = 6915.35 sec. (6924658.42 ticks, tree = 734.30 MB, solutions = 4)
   3501  2914      320.3335   831      293.7920      327.7772  1272995   11.57%
   3505  2918      320.0216   765      293.7920      327.7772  1274200   11.57%
   3509  2922      319.6075   779      293.7920      327.7772  1275365   11.57%
   3514  2927      319.3925   787      293.7920      327.7772  1276527   11.57%
   3516  2929      318.1664   624      293.7920      327.7772  1278045   11.57%
   3521  2934      317.5030   646      293.7920      327.7772  1279250   11.57%
   3524  2937      316.8447   649      293.7920      327.7772  1280387   11.57%
   3530  2943      316.5539   650      293.7920      327.7772  1281583   11.57%
   3533  2946      316.1659   692      293.7920      327.7772  1282708   11.57%
   3537  2950      315.9856   683      293.7920      327.7772  1283793   11.57%
Elapsed time = 6971.69 sec. (6972025.68 ticks, tree = 744.65 MB, solutions = 4)
   3541  2954      315.8313   675      293.7920      327.7772  1284815   11.57%
   3548  2961      315.4766   653      293.7920      327.7772  1286095   11.57%
   3552  2965      315.1439   597      293.7920      327.7772  1287046   11.57%
   3556  2969      314.5773   628      293.7920      327.7772  1288113   11.57%
   3563  2976      314.1704   646      293.7920      327.7772  1289320   11.57%
   3572  2983      312.2358   624      293.7920      327.7772  1290092   11.57%
   3581  2992      309.7642   548      293.7920      327.7772  1292308   11.57%
*  3586+ 2995                          293.7930      327.7772            11.57%
   3586  2997      309.2000   557      293.7930      327.7772  1293597   11.57%
   3592  3003      308.7443   548      293.7930      327.7772  1295229   11.57%
   3595  3006      308.2731   501      293.7930      327.7772  1296423   11.57%
Elapsed time = 7084.90 sec. (7072047.23 ticks, tree = 758.80 MB, solutions = 5)
   3604  3015      308.0063   550      293.7930      327.7772  1297674   11.57%
   3617  3024      325.5782   831      293.7930      327.7095  1300745   11.54%
   3620  3027      325.2464   930      293.7930      327.7095  1301961   11.54%
   3622  3029      324.5228   945      293.7930      327.7095  1303286   11.54%
   3627  3034      324.2691   780      293.7930      327.7095  1304475   11.54%
   3630  3037      323.8913   861      293.7930      327.7095  1305770   11.54%
   3633  3040      323.6814   898      293.7930      327.7095  1306690   11.54%
   3636  3043      323.4808   916      293.7930      327.7095  1307789   11.54%
   3641  3048      323.3232   903      293.7930      327.7095  1308856   11.54%
   3645  3052      323.0872   937      293.7930      327.7095  1309801   11.54%
Elapsed time = 7149.92 sec. (7128230.83 ticks, tree = 770.44 MB, solutions = 5)
   3648  3055      322.9205   851      293.7930      327.7095  1310678   11.54%
   3651  3058      322.6928   978      293.7930      327.7095  1311753   11.54%
   3653  3060      322.3331   859      293.7930      327.7095  1313101   11.54%
   3656  3063      322.0133   896      293.7930      327.7095  1314425   11.54%

GUB cover cuts applied:  5
Clique cuts applied:  30
Cover cuts applied:  11
Implied bound cuts applied:  34
Flow cuts applied:  91
Mixed integer rounding cuts applied:  448
Zero-half cuts applied:  158
Lift and project cuts applied:  10
Gomory fractional cuts applied:  9

Root node processing (before b&c):
  Real time             =  226.74 sec. (259045.12 ticks)
Sequential b&c:
  Real time             = 6973.28 sec. (6921071.51 ticks)
                          ------------
Total (root+branch&cut) = 7200.02 sec. (7180116.64 ticks)

CPLEX Sol status: Feasible
 LB: 293.793
 UB: 327.71
Initializing solStats

Obj Val: 293.793

Solve Time: 7153.07
b(0): 14.2333333333333
b(1): 14.8333333333333
b(2): 13.4333333333333
b(3): 10.7666666666667
b(4): 15.7166666666667
b(5): 10.05
b(6): 13
b(7): 13.7666666666667
b(8): 13.2666666666667
b(9): 13.4
b(10): 9.63333333333333
b(11): 9.63333333333333
b(12): 17.2333333333333
b(13): 10
b(14): 9.38333333333333
b(15): 16.3166666666667
b(16): 14.6333333333333
b(17): 14.3166666666667
b(18): 16.9
b(19): 14.2166666666667
b(20): 12.8
b(21): 10.4666666666667
b(22): 13.8166666666667
b(23): 10.6
b(24): 9.58333333333333
b(25): 9.46666666666667
b(26): 17
b(27): 11.0666666666667
b(28): 13.8333333333333
b(29): 15.5333333333333
b(30): 12.15
b(31): 16.6166666666667
b(32): 10.9
b(33): 14.1166666666667
b(34): 15.9166666666667
b(35): 15.15
b(36): 14.8333333333333
b(37): 9.45
b(38): 9.45
b(39): 16.65
b(40): 13.5166666666667
b(41): 9.75
b(42): 16.95
b(43): 13.4166666666667
b(44): 16.2833333333333
b(45): 14.8666666666667
b(46): 10.2833333333333
b(47): 13.5833333333333
b(48): 11.85
b(49): 9.85
b(50): 16.35
b(51): 15.3166666666667
b(52): 16.8666666666667
b(53): 10.7
b(54): 14.45
b(55): 17.1166666666667
b(56): 10.8333333333333
b(57): 14.1166666666667
b(58): 16.7166666666667
b(59): 13.2
b(60): 10.1833333333333
b(61): 11.5333333333333
b(62): 10.35
b(63): 9.61666666666667
b(64): 14.1833333333333
b(65): 16.9333333333333
b(66): 15.4333333333333
b(67): 11.7
b(68): 17.05
b(69): 13.4333333333333
b(70): 11.0166666666667
b(71): 13.2333333333333
b(72): 13.85
b(73): 16.5
b(74): 9.33333333333333
b(75): 12.8166666666667
b(76): 14.0333333333333
b(77): 10.2833333333333
b(78): 14.9333333333333
b(79): 14.4166666666667
b(80): 14
b(81): 13.1166666666667
b(82): 15.7333333333333
b(83): 15.7211382113821
b(84): 15.4833333333333
b(85): 9.35
b(86): 13.8833333333333
b(87): 13.4552845528455
b(88): 14
b(89): 9.35365853658536
b(90): 14.2434959349594
b(91): 13.630081300813
b(92): 14.35
b(93): 16.6166666666667
b(94): 13.6666666666667
b(95): 14.8833333333333
b(96): 13.9
b(97): 13.7548780487805
b(98): 13.2361788617886
b(99): 16.2317073170732
b(100): 14.0943089430894
b(101): 14.0552845528455
b(102): 13.2333333333333
b(103): 12.4333333333333
b(104): 9.86666666666667
b(105): 13.1
b(106): 10.9166666666667
b(107): 13.4
b(108): 12.6918699186992
b(109): 13.7166666666667
b(110): 14.35
b(111): 16.2394308943089
b(112): 17.4105691056911
b(113): 12.1166666666667
b(114): 15.0032520325203
b(115): 14.7760162601626
b(116): 10.3333333333333
b(117): 9.25
b(118): 10.4768292682927
b(119): 16.3333333333333
b(120): 15.1666666666667
b(121): 14.3333333333333
b(122): 16.8833333333333
b(123): 16.989837398374
b(124): 17.5707317073171
b(125): 10.8211382113821
b(126): 14.0333333333333
b(127): 13.7166666666667
b(128): 15.1666666666667
b(129): 11.25
b(130): 15
b(131): 14.0833333333333
b(132): 14.45
b(133): 18.8
b(134): 14.9
b(135): 16.1166666666667
b(136): 14.4565040650407
b(137): 15.3166666666667
b(138): 14.9382113821138
b(139): 17.65
b(140): 15.2833333333333
b(141): 15.8333333333333
b(142): 13.4191056910569
b(143): 13.6
b(144): 11.05
b(145): 13.3
b(146): 11.15
b(147): 14.65
b(148): 13.6784552845528
b(149): 14.9333333333333
b(150): 15.55
b(151): 17.35
b(152): 18.9166666666667
b(153): 12.3833333333333
b(154): 15.45
b(155): 16.45
b(156): 11.4333333333333
b(157): 11.450406504065
b(158): 11.4333333333333
b(159): 17.55
b(160): 9
b(161): 9
b(162): 9
b(163): 9
b(164): 9
b(165): 9
b(166): 9
b(167): 9
b(168): 9
b(169): 9
b(170): 9
b(171): 9
b(172): 9
b(173): 9
b(174): 9
b(175): 9
b(176): 9
b(177): 9
b(178): 9
b(179): 9
b(180): 9
b(181): 9
b(182): 19
b(183): 19
b(184): 19
b(185): 19
b(186): 19
b(187): 19
b(188): 19
b(189): 19
b(190): 19
b(191): 19
b(192): 19
b(193): 19
b(194): 19
b(195): 19
b(196): 19
b(197): 19
b(198): 19
b(199): 19
b(200): 19
b(201): 19
b(202): 19
b(203): 19


Customer profit: 396.855
Parcel profit: 254.266
Costs: 357.328
Without fixed: 103.062
after print results

Solution: 
Vehicle 0: 160 - 20 - 94 - 134 - 182 - Total time: 5.9
Vehicle 1: 161 - 62 - 42 - 183 - Total time: 7.95
Vehicle 2: 162 - 85 - 21 - 125 - 105 - 145 - 80 - 120 - 58 - 184 - Total time: 7.71666666666667
Vehicle 3: 163 - 38 - 13 - 70 - 98 - 107 - 97 - 76 - 147 - 138 - 137 - 119 - 159 - 185 - Total time: 8.55
Vehicle 4: 164 - 3 - 67 - 88 - 64 - 128 - 186 - Total time: 6.16666666666666
Vehicle 5: 165 - 106 - 146 - 22 - 54 - 26 - 187 - Total time: 8
Vehicle 6: 166 - 46 - 56 - 87 - 127 - 1 - 188 - Total time: 5.83333333333333
Vehicle 7: 167 - 63 - 104 - 60 - 118 - 144 - 158 - 108 - 75 - 43 - 148 - 33 - 16 - 66 - 31 - 189 - Total time: 7.61666666666667
Vehicle 8: 168 - 117 - 27 - 157 - 48 - 7 - 100 - 90 - 130 - 140 - 93 - 18 - 133 - 190 - Total time: 9.8
Vehicle 9: 169 - 9 - 50 - 191 - Total time: 7.35
Vehicle 10: 170 - 37 - 40 - 101 - 19 - 84 - 141 - 12 - 124 - 192 - Total time: 8.57073170731707
Vehicle 11: 171 - 24 - 53 - 78 - 193 - Total time: 5.93333333333333
Vehicle 12: 172 - 6 - 96 - 57 - 136 - 65 - 194 - Total time: 7.93333333333333
Vehicle 13: 173 - 25 - 23 - 61 - 59 - 91 - 131 - 83 - 34 - 39 - 123 - 195 - Total time: 7.98983739837399
Vehicle 14: 174 - 74 - 116 - 32 - 156 - 71 - 72 - 79 - 95 - 135 - 99 - 112 - 139 - 152 - 196 - Total time: 9.91666666666667
Vehicle 15: 175 - 109 - 86 - 126 - 149 - 51 - 82 - 122 - 197 - Total time: 7.88333333333333
Vehicle 16: 176 - 77 - 30 - 2 - 28 - 92 - 132 - 115 - 114 - 35 - 154 - 155 - 68 - 198 - Total time: 8.05
Vehicle 17: 177 - 10 - 8 - 44 - 199 - Total time: 7.28333333333333
Vehicle 18: 178 - 89 - 11 - 129 - 102 - 142 - 0 - 52 - 200 - Total time: 7.86666666666667
Vehicle 19: 179 - 49 - 47 - 17 - 45 - 55 - 201 - Total time: 8.11666666666667
Vehicle 20: 180 - 14 - 5 - 69 - 29 - 15 - 202 - Total time: 7.31666666666667
Vehicle 21: 181 - 41 - 81 - 121 - 36 - 4 - 111 - 73 - 151 - 203 - Total time: 8.35

Vehicle 0: S - d - P - D - f
Vehicle 1: S - d - d - f
Vehicle 2: S - P - d - D - P - D - P - D - d - f
Vehicle 3: S - d - d - d - P - P - P - d - D - D - D - P - D - f
Vehicle 4: S - d - d - P - d - D - f
Vehicle 5: S - P - D - d - d - d - f
Vehicle 6: S - d - d - P - D - d - f
Vehicle 7: S - d - P - d - P - D - D - P - d - d - D - d - d - d - d - f
Vehicle 8: S - P - d - D - d - d - P - P - D - D - P - d - D - f
Vehicle 9: S - d - d - f
Vehicle 10: S - d - d - P - d - P - D - d - D - f
Vehicle 11: S - d - d - d - f
Vehicle 12: S - d - P - d - D - d - f
Vehicle 13: S - d - d - d - d - P - D - P - d - d - D - f
Vehicle 14: S - d - P - d - D - d - d - d - P - D - P - P - D - D - f
Vehicle 15: S - P - P - D - D - d - P - D - f
Vehicle 16: S - d - d - d - d - P - D - P - P - d - D - D - d - f
Vehicle 17: S - d - d - d - f
Vehicle 18: S - P - d - D - P - D - d - d - f
Vehicle 19: S - d - d - d - d - d - f
Vehicle 20: S - d - d - d - d - d - f
Vehicle 21: S - d - P - D - d - d - P - d - D - f

************************************
Final solution value: 293.793
************************************
IN GENERATE RESULTS CSV
File exists: 1
CSV file 'TreatResults/FullResults/node2MMcsarpL.csv' generated successfully!
Instance Name: sarp-80-40-B-2

K: 22
Multi parcel
Value of Q: 40
Version identifier: 22.1.1.0 | 2022-11-28 | 9160aff4d
CPXPARAM_Threads                                 1
CPXPARAM_TimeLimit                               7200
Tried aggregator 2 times.
MIP Presolve eliminated 19320 rows and 20862 columns.
MIP Presolve modified 69311 coefficients.
Aggregator did 61 substitutions.
Reduced MIP has 20747 rows, 254022 columns, and 1200635 nonzeros.
Reduced MIP has 253789 binaries, 0 generals, 0 SOSs, and 0 indicators.
Presolve time = 1.31 sec. (1498.76 ticks)
Tried aggregator 1 time.
Detecting symmetries...
Reduced MIP has 20747 rows, 254022 columns, and 1200635 nonzeros.
Reduced MIP has 253789 binaries, 0 generals, 0 SOSs, and 0 indicators.
Presolve time = 0.70 sec. (620.78 ticks)
Probing time = 0.09 sec. (59.89 ticks)
Clique table members: 138294.
MIP emphasis: balance optimality and feasibility.
MIP search method: dynamic search.
Parallel mode: none, using 1 thread.
Root relaxation solution time = 26.26 sec. (34951.41 ticks)

        Nodes                                         Cuts/
   Node  Left     Objective  IInf  Best Integer    Best Bound    ItCnt     Gap

      0     0      358.9411   700                    358.9411    20595         
      0     0      352.0125   690                  Cuts: 1007    22616         
      0     0      349.0347   789                   Cuts: 916    24284         
      0     0      347.7236   864                   Cuts: 337    25623         
      0     0      347.1131   862                   Cuts: 571    26479         
      0     0      346.6966   828                   Cuts: 170    27257         
Detecting symmetries...
      0     0      346.3737   866                   Cuts: 156    27848         
      0     0      346.0693   790                   Cuts: 157    28211         
      0     0      345.9468   844                   Cuts: 126    28522         
      0     0      345.5543   891                    Cuts: 18    28982         
      0     0      345.3304   887                    Cuts: 17    29265         
      0     0      345.3141   886                   Cuts: 158    29369         
      0     0      345.2178   862                    Cuts: 31    29508         
      0     0      345.1897   906                   Cuts: 127    29657         
Heuristic still looking.
Heuristic still looking.
Heuristic still looking.
Detecting symmetries...
      0     2      345.1897   906                    345.1884    29657         
Elapsed time = 190.68 sec. (237808.60 ticks, tree = 0.01 MB, solutions = 0)
      1     3      343.6899   778                    345.1882    30338         
      2     4      344.8385   868                    344.8374    30539         
      3     5      342.4021   713                    344.8374    31930         
      4     6      343.5631   800                    344.8374    32132         
      5     7      342.2633   716                    344.8374    32368         
      6     8      341.3881   627                    344.8374    33054         
      7     9      340.9140   615                    344.8374    33307         
      8    10      336.2850   616                    344.8374    33703         
      9    11      340.6633   612                    344.8374    33808         
     10    12      339.9058   622                    344.8374    34319         
Elapsed time = 215.60 sec. (270107.65 ticks, tree = 2.40 MB, solutions = 0)
     12    14      336.6830   590                    344.8374    34737         
     14    16      338.5942   582                    344.8374    35658         
     15    17      337.8004   545                    344.8374    36117         
     16    18      337.4980   626                    344.8374    36396         
     17    19      333.3709   578                    344.8374    37153         
     19    21      336.2805   609                    344.8374    37685         
     20    22      336.3401   743                    344.8374    38025         
     21    23      336.7106   671                    344.8374    38284         
     22    24      334.4570   605                    344.8374    38866         
     23    25      334.2099   627                    344.8374    39234         
Elapsed time = 230.42 sec. (289074.25 ticks, tree = 5.48 MB, solutions = 0)
     24    26      332.3264   587                    344.8374    39976         
     25    27      332.1507   559                    344.8374    40236         
     27    29      329.5844   515                    344.8374    40984         
     29    31      327.2334   452                    344.8374    41593         
     31    33      325.8044   462                    344.8374    41902         
     32    34      323.6362   477                    344.8374    42299         
     33    35      325.1621   429                    344.8374    42723         
     35    37      319.5788   489                    344.8374    43619         
     38    40      324.4648   452                    344.8374    43985         
     39    41      321.1306   449                    344.8374    44442         
Elapsed time = 244.20 sec. (306311.66 ticks, tree = 9.85 MB, solutions = 0)
     42    44      319.9943   447                    344.8374    45248         
     45    47      323.9611   448                    344.8374    45527         
     48    50      322.7314   405                    344.8374    46005         
     49    51      322.9128   422                    344.8374    46348         
     51    53      323.0585   399                    344.8374    46726         
     52    54      320.5498   452                    344.8374    47162         
     54    56      312.7973   344                    344.8374    48377         
     55    57      322.8840   331                    344.8374    48610         
     57    59      322.1938   284                    344.8374    49211         
     59    61      311.4050   379                    344.8374    49767         
Elapsed time = 257.56 sec. (323687.53 ticks, tree = 15.01 MB, solutions = 0)
     60    62      322.0187   429                    344.8374    49952         
     61    63      304.8039   409                    344.8374    50924         
     63    65      321.3527   535                    344.8374    51392         
     65    67      313.7971   296                    344.8374    52083         
     68    70      313.5648   369                    344.8374    52356         
     71    73      311.6478   275                    344.8374    52744         
     74    76      310.1427   317                    344.8374    53280         
     79    81      300.4531   293                    344.8374    53795         
     81    83      309.9919   354                    344.8374    54240         
     83    85      309.9544   265                    344.8374    54602         
Elapsed time = 268.69 sec. (338025.10 ticks, tree = 21.21 MB, solutions = 0)
     86    88      308.5324   241                    344.8374    54940         
     87    89      307.7728   270                    344.8374    55501         
     90    92      308.2918   227                    344.8374    55816         
     91    93      304.4618   239                    344.8374    56335         
     94    96      307.6971   206                    344.8374    56777         
     97    99      305.0895   210                    344.8374    57602         
    100   102      303.4543   218                    344.8374    58128         
    101   102      295.1471   227                    344.8374    58930         
    103   104      301.2376   174                    344.8374    59395         
    105   106      301.0812   162                    344.8374    59732         
Elapsed time = 278.80 sec. (350962.83 ticks, tree = 26.66 MB, solutions = 0)
    109   110      295.8117   121                    344.8374    60270         
    114   115      293.9128   115                    344.8374    60714         
    121   120      285.9887   101                    344.8374    61444         
    128   125      282.0654    48                    344.8374    61907         
    133   128      273.3169   164                    344.8374    62833         
    138   131      258.0254   166                    344.8374    63830         
    143   136      232.4853   125                    344.8374    65107         
    150   136      243.6741   173                    344.8374    65701         
    153   135      344.5490   850                    344.8369    66159         
    155   137      336.9263   785                    344.8369    67297         
Elapsed time = 293.22 sec. (368807.93 ticks, tree = 34.76 MB, solutions = 0)
    156   138      343.8937   857                    344.8369    67714         
    157   139      341.7139   794                    344.8369    68309         
    159   141      343.5483   840                    344.8369    68689         
    160   142      340.8025   721                    344.8369    69629         
    161   143      340.1763   769                    344.8369    70839         
    162   144      339.3375   697                    344.8369    71772         
    164   146      337.5628   738                    344.8369    72844         
    165   147      337.7615   711                    344.8369    73755         
    166   148      337.6082   702                    344.8369    74186         
    167   149      337.4914   689                    344.8369    74601         
Elapsed time = 318.91 sec. (401238.62 ticks, tree = 37.64 MB, solutions = 0)
    168   150      337.4324   666                    344.8369    74821         
    169   151      337.3902   701                    344.8369    75182         
    170   152      337.3335   597                    344.8369    75630         
    171   153      337.1382   646                    344.8369    76167         
    172   154      335.7939   627                    344.8369    77460         
    173   155      337.0310   622                    344.8369    77730         
    174   156      336.3519   640                    344.8369    78552         
    175   157      336.5473   665                    344.8369    79154         
    176   158      336.1376   591                    344.8369    79657         
    177   159      336.0637   598                    344.8369    79966         
Elapsed time = 337.67 sec. (425455.56 ticks, tree = 39.95 MB, solutions = 0)
    178   160      333.5189   570                    344.8369    81023         
    179   161      335.6946   572                    344.8369    81569         
    180   162      335.5488   640                    344.8369    81896         
    181   163      330.6182   550                    344.8369    82917         
    182   164      334.8172   635                    344.8369    83501         
    183   165      335.4472   617                    344.8369    83838         
    186   168      334.9691   580                    344.8369    84424         
    187   169      334.5148   574                    344.8369    84908         
    188   170      334.8665   588                    344.8369    85200         
    190   172      333.2158   448                    344.8369    86268         
Elapsed time = 371.39 sec. (468815.22 ticks, tree = 43.55 MB, solutions = 0)
    193   175      331.5431   434                    344.8369    87483         
    195   177      331.5016   435                    344.8369    88554         
    199   181      324.0208   429                    344.8369    90820         
    202   184      326.8065   499                    344.8369    92705         
    206   188      330.7042   439                    344.8369    93753         
    209   191      329.9012   358                    344.8369    94764         
    211   193      329.7559   402                    344.8369    96043         
    213   195      329.5459   415                    344.8369    97340         
    214   196      315.8918   348                    344.8369    98935         
    219   201      328.5190   364                    344.8369   100110         
Elapsed time = 409.22 sec. (518511.86 ticks, tree = 50.78 MB, solutions = 0)
    221   203      328.1270   346                    344.8369   101603         
    224   206      324.5745   308                    344.8369   102931         
    226   208      324.2577   323                    344.8369   104251         
    229   211      323.0606   215                    344.8369   105480         
    233   215      314.9798   217                    344.8369   106736         
    240   222      319.5250   248                    344.8369   108049         
    245   227      299.5879   140                    344.8369   109890         
    250   232      315.7614   185                    344.8369   111391         
    258   240      313.3906   165                    344.8369   112785         
    260   242      313.0741   155                    344.8369   113109         
Elapsed time = 443.79 sec. (563888.22 ticks, tree = 61.68 MB, solutions = 0)
    281   259      294.0596    33                    344.8369   114951         
    306   276      276.0112    79                    344.8369   117033         
    316   280    infeasible                          344.8369   122480         
    336   290      344.6582   871                    344.6580   124220         
    340   294      340.4612   854                    344.6566   125527         
    342   296      342.4345   794                    344.6566   126528         
    344   298      334.9427   745                    344.6566   128099         
    346   300      340.5481   752                    344.6566   129209         
    349   303      340.2326   812                    344.6566   130155         
    353   307      339.4327   736                    344.6566   131464         
Elapsed time = 486.05 sec. (617132.11 ticks, tree = 78.41 MB, solutions = 0)
    357   311      335.8518   685                    344.6566   132552         
    363   317      337.2319   718                    344.6566   133604         
    366   320      336.9422   673                    344.6566   134628         
    367   321      332.6592   565                    344.6566   135697         
    371   325      331.4966   477                    344.6566   136638         
    373   327      322.8577   377                    344.6566   137933         
    375   329      323.0634   471                    344.6566   139253         
    378   332      325.3468   586                    344.6566   140281         
    381   335      326.0214   485                    344.6566   141438         
    387   341      327.9619   496                    344.6566   142663         
Elapsed time = 519.68 sec. (660154.06 ticks, tree = 87.13 MB, solutions = 0)
    390   344      325.6366   532                    344.6566   143745         
    394   348      322.3727   434                    344.6566   145348         
    396   350      314.9553   345                    344.6566   147159         
    400   354      312.6615   346                    344.6566   148261         
    402   356      340.8905   767                    344.6545   150459         
    406   360      339.6943   733                    344.6545   151456         
    412   366      338.5568   682                    344.6545   152560         
    419   373      336.3066   728                    344.6545   153830         
    423   377      335.2418   717                    344.6545   154727         
    427   381      334.6615   684                    344.6545   155655         
Elapsed time = 563.41 sec. (716951.66 ticks, tree = 97.38 MB, solutions = 0)
    430   384      333.8016   745                    344.6545   156765         
    434   388      332.7797   650                    344.6545   157664         
    439   393      332.0544   672                    344.6545   158638         
    440   394      332.0171   671                    344.6545   158790         
    444   398      330.9392   666                    344.6545   159961         
    448   402      330.2892   669                    344.6545   160926         
    451   405      329.2648   644                    344.6545   161926         
    453   407      328.6117   687                    344.6545   162865         
    455   409      328.2336   636                    344.6545   163845         
    458   412      327.9044   688                    344.6545   164792         
Elapsed time = 604.78 sec. (768512.82 ticks, tree = 105.26 MB, solutions = 0)
    462   416      327.4072   648                    344.6545   165624         
    464   418      326.5859   692                    344.6545   166839         
    467   421      325.6125   701                    344.6545   167783         
    469   423      324.4101   695                    344.6545   168719         
    474   428      324.0132   657                    344.6545   169702         
    478   432      323.6257   732                    344.6545   170587         
    480   434      322.7080   642                    344.6545   171130         
    485   439      322.2835   679                    344.6545   171991         
    488   442      321.8448   739                    344.6545   172946         
    491   445      321.4422   652                    344.6545   173821         
Elapsed time = 652.62 sec. (829468.19 ticks, tree = 113.65 MB, solutions = 0)
    496   450      321.0309   719                    344.6545   174811         
    500   454      320.3271   722                    344.6545   175704         
    503   457      319.1885   641                    344.6545   176785         
    506   460      318.0520   688                    344.6545   177858         

Performing restart 1

Repeating presolve.
Tried aggregator 1 time.
MIP Presolve modified 258568 coefficients.
Reduced MIP has 20747 rows, 254022 columns, and 1116883 nonzeros.
Reduced MIP has 253789 binaries, 0 generals, 0 SOSs, and 0 indicators.
Presolve time = 0.83 sec. (967.75 ticks)
Tried aggregator 1 time.
MIP Presolve eliminated 0 rows and 4 columns.
Reduced MIP has 20747 rows, 254018 columns, and 1116867 nonzeros.
Reduced MIP has 253785 binaries, 0 generals, 0 SOSs, and 0 indicators.
Presolve time = 0.70 sec. (614.31 ticks)
Represolve time = 4.04 sec. (3846.59 ticks)
    508     0      343.5718   832                   Cuts: 466   204391         
    508     0      343.2232   870                   Cuts: 268   204995         
    508     0      342.9125   880                   Cuts: 107   205449         
    508     0      342.8398   876                    Cuts: 91   205654         
    508     0      342.8208   854                    Cuts: 21   205754         
    508     0      342.8119   894                     Cuts: 2   205875         
    508     0      342.7117   912                     Cuts: 8   206070         
    508     0      342.3983   890                     Cuts: 8   206625         
    508     0      342.3935   894                   Cuts: 332   206687         
    508     0      342.3222   922                    Cuts: 56   206862         
    508     0      342.1393   958                    Cuts: 54   207431         
    508     0      342.0835  1013                    Cuts: 26   207778         
    508     0      341.9636  1068                    Cuts: 76   208190         
    508     0      341.6634  1013                   Cuts: 136   208647         
    508     0      341.6383  1013                    Cuts: 15   208796         
    508     0      341.5600  1032                     Cuts: 9   209075         
    508     0      341.4517  1018                   Cuts: 131   209350         
    508     0      341.4152  1028                    Cuts: 16   209499         
    508     0      341.3999  1060                    Cuts: 66   209629         
    508     0      341.2783  1053                     Cuts: 9   210054         
    508     0      341.2419   939                    Cuts: 12   210250         
    508     0      341.2368   986                    Cuts: 52   210362         
    508     0      341.2271   963                     Cuts: 4   210469         
    508     0      341.1924  1013                    Cuts: 12   210678         
    508     0      341.1807  1031                 ZeroHalf: 2   210766         
    508     2      341.1807  1031                    341.1779   210766         
    509     3      340.9854  1001                    340.9852   211050         
    510     4      340.7718  1033                    340.9845   211355         
    511     5      340.6547   930                    340.9845   211640         
    512     6      337.2389   964                    340.9845   212705         
    513     7      340.4247   957                    340.9845   213089         
Elapsed time = 2045.10 sec. (2574280.90 ticks, tree = 0.92 MB, solutions = 0)
    514     8      338.7253   822                    340.9845   213609         
    515     9      340.0483   911                    340.9845   214074         
    516    10      338.9456   763                    340.9845   214650         
    517    11      338.7353   885                    340.9845   214941         
    518    12      338.6777   887                    340.9845   215217         
    519    13      331.4291   678                    340.9845   216135         
    520    14      338.6767   877                    340.9845   216170         
    521    15      331.3839   717                    340.9845   217767         
    522    16      338.6439   879                    340.9845   217975         
    523    17      334.0415   693                    340.9845   219517         
Elapsed time = 2780.88 sec. (3479568.23 ticks, tree = 3.57 MB, solutions = 0)
    524    18      338.6390   888                    340.9845   219589         
    525    19      338.5349   770                    340.9845   219968         
    526    20      333.2912   690                    340.9845   220953         
    527    21      338.5336   776                    340.9845   221001         
    528    22      338.4833   899                    340.9845   221278         
    529    23      338.4580   964                    340.9845   221485         
    530    24      338.0099   957                    340.9845   222158         
    531    25      337.2579   877                    340.9845   222747         
    532    26      337.2058   737                    340.9845   222958         
    533    27      332.9957   685                    340.9845   223916         
Elapsed time = 3152.11 sec. (3942059.13 ticks, tree = 5.95 MB, solutions = 0)
    534    28      337.1503   814                    340.9845   224178         
    535    29      336.9200   797                    340.9845   224526         
    536    30      336.0956   728                    340.9845   225478         
    538    32      336.8164   759                    340.9845   225807         
    539    33      336.7435   758                    340.9845   225974         
    540    34      336.7235   781                    340.9845   226052         
    541    35      336.5427   849                    340.9845   226498         
    542    36      335.1835   669                    340.9845   227356         
    543    37      336.4934   869                    340.9845   227656         
    544    38      336.4933   865                    340.9845   227680         
Elapsed time = 3392.46 sec. (4235624.29 ticks, tree = 8.55 MB, solutions = 0)
    545    39      336.3078   934                    340.9845   228103         
    546    40      334.9140   753                    340.9845   228895         
    547    41      336.2574   869                    340.9845   229107         
    549    43      336.1938   809                    340.9845   229303         
    550    44      332.9665   801                    340.9845   230351         
    551    45      332.9636   750                    340.9845   230411         
    552    46      321.3961   686                    340.9845   231891         
    553    47      332.8769   774                    340.9845   232127         
    555    49      332.2082   739                    340.9845   232542         
    558    52      331.3503   625                    340.9845   233087         
Elapsed time = 3587.68 sec. (4474549.86 ticks, tree = 11.92 MB, solutions = 0)
    559    53      330.8522   578                    340.9845   233514         
    560    54      330.7799   562                    340.9845   233935         
    561    55      330.6683   601                    340.9845   234266         
    562    56      330.6387   607                    340.9845   234418         
    563    57      325.6424   469                    340.9845   235242         
    565    59      330.5887   595                    340.9845   235480         
    566    60      326.5250   531                    340.9845   236885         
    568    62      330.5159   627                    340.9845   237227         
    569    63      323.3578   431                    340.9845   238579         
    571    65      330.2300   576                    340.9845   239027         
Elapsed time = 3738.88 sec. (4657939.17 ticks, tree = 15.02 MB, solutions = 0)
    572    66      329.4819   611                    340.9845   239641         
    574    68      328.3373   554                    340.9845   240901         
    576    70      330.0241   569                    340.9845   241298         
    578    72      328.9959   534                    340.9845   241830         
    579    73      329.6023   503                    340.9845   242343         
    580    74      328.9797   564                    340.9845   242436         
    581    75      322.5431   399                    340.9845   243854         
    583    77      328.7903   553                    340.9845   244233         
    584    78      321.8910   441                    340.9845   245390         
    585    79      328.7363   549                    340.9845   245573         
Elapsed time = 3890.94 sec. (4854088.54 ticks, tree = 18.63 MB, solutions = 0)
    586    80      324.8816   406                    340.9845   246572         
    587    81      328.7097   540                    340.9845   246734         
    588    82      328.6739   566                    340.9845   246917         
    589    83      321.2552   493                    340.9845   248502         
    590    84      328.6728   559                    340.9845   248565         
    591    85      328.4998   604                    340.9845   248846         
    592    86      326.6254   403                    340.9845   249755         
    594    88      328.4495   557                    340.9845   250042         
    595    89      324.2308   446                    340.9845   251518         
    596    90      328.3574   541                    340.9845   251856         
Elapsed time = 4023.22 sec. (5031091.36 ticks, tree = 21.73 MB, solutions = 0)
    597    91      328.2270   580                    340.9845   252123         
    598    92      326.9121   514                    340.9845   252720         
    600    94      328.1127   559                    340.9845   253072         
    601    95      323.7568   374                    340.9845   254701         
    602    96      328.0961   567                    340.9845   254874         
    603    97      318.4743   459                    340.9845   256209         
    606   100      325.1166   414                    340.9845   257183         
    607   101      327.3220   546                    340.9845   257574         
    608   102      327.0105   381                    340.9845   258500         
    610   104      326.7942   540                    340.9845   259015         
Elapsed time = 4121.69 sec. (5161961.72 ticks, tree = 25.34 MB, solutions = 0)
    612   106      326.5899   615                    340.9845   259471         
    613   107      321.2048   405                    340.9845   260989         
    617   111      318.7783   445                    340.9845   262580         
    619   113      326.2351   553                    340.9845   263048         
    620   114      324.9548   506                    340.9845   264002         
    622   116      324.4604   502                    340.9845   264422         
    623   117      324.2938   546                    340.9845   264720         
    624   118      320.7205   325                    340.9845   265655         
    626   120      324.2373   488                    340.9845   266014         
    628   122      317.8371   285                    340.9845   267286         
Elapsed time = 4205.75 sec. (5272662.10 ticks, tree = 29.98 MB, solutions = 0)
    631   125      318.0604   269                    340.9845   268775         
    632   126      324.0416   512                    340.9845   269089         
    633   127      320.7216   396                    340.9845   270158         
    634   128      320.4018   420                    340.9845   270394         
    635   129      317.2657   348                    340.9845   270704         
    637   131      316.8863   351                    340.9845   271460         
    638   132      320.0937   413                    340.9845   271624         
    639   133      317.5009   391                    340.9845   272120         
    642   136      320.0628   346                    340.9845   272297         
    644   138      320.0464   346                    340.9845   272384         
Elapsed time = 4289.53 sec. (5383320.41 ticks, tree = 34.12 MB, solutions = 0)
    646   140      313.6623   291                    340.9845   273387         
    648   142      319.5620   395                    340.9845   273900         
    649   143      311.5268   255                    340.9845   275196         
    653   147      310.6407   325                    340.9845   276438         
    656   150      312.6121   289                    340.9845   277787         
    657   151      312.4400   320                    340.9845   277933         
    660   154      307.4115   222                    340.9845   278932         
    661   155      306.7385   294                    340.9845   279252         
    662   156      306.1654   273                    340.9845   279743         
    663   157      306.0430   316                    340.9845   279887         
Elapsed time = 4389.00 sec. (5513469.00 ticks, tree = 39.02 MB, solutions = 0)
    664   158      305.4352   287                    340.9845   280281         
    666   160      305.2470   289                    340.9845   280725         
    667   161      305.0294   282                    340.9845   280966         
    668   162      304.6849   277                    340.9845   281333         
    669   163      304.9781   311                    340.9845   281471         
    670   164      300.8726   304                    340.9845   282309         
    672   166      304.6383   282                    340.9845   282539         
    674   168      298.5178   180                    340.9845   283129         
    678   172      304.3798   331                    340.9845   283611         
    683   177      304.0768   324                    340.9845   283998         
Elapsed time = 4450.55 sec. (5596749.43 ticks, tree = 43.94 MB, solutions = 0)
    684   178      298.9491   283                    340.9845   284460         
    685   179      304.0339   281                    340.9845   284556         
    688   182      301.8142   150                    340.9845   285166         
    690   184      297.6047   116                    340.9845   285680         
    692   186      297.3512   162                    340.9845   286261         
    695   189      301.1940   132                    340.9845   286455         
    697   191      299.4830   147                    340.9845   286933         
    699   193      298.2822   158                    340.9845   287228         
    701   195      299.0632   145                    340.9845   287472         
    704   198      298.6728   143                    340.9845   287776         
Elapsed time = 4514.30 sec. (5681698.46 ticks, tree = 49.63 MB, solutions = 0)
    705   199      298.6109   161                    340.9845   287848         
    707   201      296.5548   136                    340.9845   288332         
    708   202      296.5231    98                    340.9845   288527         
    711   205      296.4812   157                    340.9845   288874         
    716   210      278.7963   115                    340.9845   289378         
    718   212      296.4407   182                    340.9845   289418         
    724   218      296.3629    63                    340.9845   289722         
    731   224      271.2274   138                    340.9845   290235         
    733   224      338.8786   851                    340.0413   292023         
    734   225      338.6062   865                    340.0413   292385         
Elapsed time = 4586.40 sec. (5772698.29 ticks, tree = 56.65 MB, solutions = 0)
    735   226      338.3497   847                    340.0413   292655         
    736   227      337.8874   856                    340.0413   292789         
    737   228      336.8842   876                    340.0413   293365         
    738   229      336.7511   853                    340.0413   293506         
    741   232      336.0037   851                    340.0413   294004         
    742   233      334.4284   817                    340.0413   294690         
    744   235      334.3745   828                    340.0413   294939         
    746   237      333.1843   710                    340.0413   296195         
    748   239      334.1250   781                    340.0413   296694         
    749   240      332.8253   726                    340.0413   297828         
Elapsed time = 4660.84 sec. (5864342.44 ticks, tree = 60.49 MB, solutions = 0)
    750   241      333.9140   803                    340.0413   298231         
    751   242      332.2010   657                    340.0413   299036         
    752   243      333.8088   767                    340.0413   299309         
    754   245      327.2019   640                    340.0413   301072         
    756   247      333.3006   783                    340.0413   302205         
    758   249      329.4009   514                    340.0413   304419         
    761   252      332.7883   703                    340.0413   305059         
    764   255      331.4877   600                    340.0413   305843         
    765   256      332.5015   740                    340.0413   305981         
    766   257      331.8983   660                    340.0413   306351         
Elapsed time = 4746.79 sec. (5970045.79 ticks, tree = 64.87 MB, solutions = 0)
    768   259      332.3089   895                    340.0413   306767         
    769   260      327.7079   581                    340.0413   308578         
    771   262      328.8422   685                    340.0413   309115         
    775   266      332.2679   834                    340.0413   309348         
    776   267      323.7548   654                    340.0413   310937         
    777   268      323.6079   733                    340.0413   311187         
    778   269      320.1720   639                    340.0413   311852         
    779   270      323.5173   721                    340.0413   312179         
    780   271      321.3462   666                    340.0413   312878         
    781   272      321.2158   688                    340.0413   313132         
Elapsed time = 4884.64 sec. (6137051.36 ticks, tree = 68.48 MB, solutions = 0)
    782   273      308.3880   668                    340.0413   314232         
    783   274      319.5692   651                    340.0413   314660         
    784   275      317.8935   625                    340.0413   315365         
    785   276      318.1633   672                    340.0413   315919         
    787   278      316.4260   568                    340.0413   316548         
    789   280      313.2798   594                    340.0413   317490         
    792   283      316.6101   568                    340.0413   318258         
    795   285      308.0806   530                    340.0413   319341         
    796   285      305.0879   541                    340.0413   320489         
    797   286      305.0879   544                    340.0413   320637         
Elapsed time = 4982.16 sec. (6259383.91 ticks, tree = 72.35 MB, solutions = 0)
    798   287      300.9543   523                    340.0413   321186         
    799   287      288.0353   565                    340.0413   322190         
    800   287      286.3689   558                    340.0413   322524         
    801   287      283.5614   480                    340.0413   322926         
    802   286  -1.00000e+75   509                    340.0413   323369         
    803   287      339.9745   982                    340.0400   323613         
    804   288      339.9699   950                    340.0400   323685         
    805   289      339.8627   971                    340.0400   323957         
    806   290      339.8426   981                    340.0400   324064         
    809   293      339.4805   935                    340.0400   324623         
Elapsed time = 5092.02 sec. (6390386.36 ticks, tree = 73.77 MB, solutions = 0)
    810   294      336.8303   881                    340.0400   325527         
    813   297      331.4562   879                    340.0400   326402         
    815   299      339.3750   965                    340.0400   326791         
    817   301      333.8306   839                    340.0400   328147         
    818   302      333.7815   928                    340.0400   328478         
    819   303      332.6219   837                    340.0400   329111         
    821   305      324.6619   564                    340.0400   331594         
    823   307      333.5740   923                    340.0400   332198         
    824   308      331.7357   913                    340.0400   332979         
    826   310      332.0610   823                    340.0400   334250         
Elapsed time = 5210.30 sec. (6537900.93 ticks, tree = 78.16 MB, solutions = 0)
    828   312      333.2081   870                    340.0400   334542         
    829   313      331.3507   870                    340.0400   334843         
    830   314      332.8144   948                    340.0400   335282         
    832   316      331.7978   852                    340.0400   336125         
    834   318      331.5090   804                    340.0400   336685         
    838   322      331.2816   840                    340.0400   337531         
    840   324      331.2423   802                    340.0400   338144         
    842   326      331.1414   762                    340.0400   338664         
    843   327      330.1280   714                    340.0400   339761         
    845   329      329.6798   735                    340.0400   341273         
Elapsed time = 5265.01 sec. (6611686.41 ticks, tree = 83.01 MB, solutions = 0)
    847   331      324.3591   593                    340.0400   343184         
    849   333      329.8079   713                    340.0400   343749         
    850   334      330.5272   674                    340.0400   344638         
    851   335      330.3878   757                    340.0400   345412         
    853   337      330.3359   777                    340.0400   346040         
    856   340      330.0332   731                    340.0400   346797         
    857   341      329.2673   715                    340.0400   347644         
    859   343      327.4379   569                    340.0400   348769         
    861   345      325.7739   633                    340.0400   350863         
    865   349      328.3276   766                    340.0400   352511         
Elapsed time = 5325.26 sec. (6694028.23 ticks, tree = 88.16 MB, solutions = 0)
    868   352      329.5366   839                    340.0400   352877         
    869   353      325.8116   681                    340.0400   354321         
    871   355      325.1147   624                    340.0400   355695         
    873   357      322.6362   623                    340.0400   357706         
    877   361      325.5898   619                    340.0400   359565         
    879   363      322.6563   726                    340.0400   360947         
    881   365      328.9011   869                    340.0400   361721         
    882   366      323.7774   619                    340.0400   363579         
    883   367      323.0057   656                    340.0400   364162         
    886   368      322.7338   684                    340.0400   364581         
Elapsed time = 5396.94 sec. (6790668.07 ticks, tree = 92.79 MB, solutions = 0)
    887   369      321.8002   547                    340.0400   365395         
    888   370      322.6437   684                    340.0400   365504         
    889   371      319.8375   650                    340.0400   366208         
    890   372      322.1927   692                    340.0400   366736         
    891   373      320.5133   688                    340.0400   367482         
    892   374      319.9790   581                    340.0400   368550         
    893   375      321.5670   748                    340.0400   369380         
    894   376      321.3484   769                    340.0400   369692         
    895   377      319.9998   686                    340.0400   370323         
    896   378      321.2602   748                    340.0400   370552         
Elapsed time = 5505.07 sec. (6937719.42 ticks, tree = 95.37 MB, solutions = 0)
    897   379      319.1132   575                    340.0400   371345         
    903   385      321.1424   706                    340.0400   371809         
    906   388      320.9989   693                    340.0400   372178         
    908   388      320.9965   709                    340.0400   372248         
    910   390      334.3750   849                    339.9727   373087         
    911   391      329.7336   868                    339.9727   373347         
    912   392      326.8363   870                    339.9727   373757         
    913   393      322.7576   861                    339.9727   374969         
    916   396      322.6167   875                    339.9727   375399         
    918   398      322.4658   826                    339.9727   375855         
Elapsed time = 5573.42 sec. (7030474.85 ticks, tree = 100.77 MB, solutions = 0)
    922   402      321.8893   756                    339.9727   377143         
    925   405      321.3592   754                    339.9727   378151         
    928   408      320.8996   748                    339.9727   379065         
    931   411      320.7688   812                    339.9727   379787         
    935   415      320.3492   795                    339.9727   380622         
    938   418      320.2033   703                    339.9727   381076         
    941   421      319.9887   780                    339.9727   381950         
    943   423      319.7773   805                    339.9727   382434         
    945   425      319.5417   838                    339.9727   382813         
    947   427      319.3844   773                    339.9727   383188         
Elapsed time = 5704.38 sec. (7190614.85 ticks, tree = 108.24 MB, solutions = 0)
    948   428      319.2680   770                    339.9727   383482         
    950   430      319.0403   787                    339.9727   383801         
    951   431      319.0184   846                    339.9727   383892         
    953   433      318.7267   836                    339.9727   384480         
    955   435      318.4740   805                    339.9727   385032         
    957   437      318.3907   894                    339.9727   385467         
    960   440      318.2430   847                    339.9727   385898         
    961   441      318.2269   876                    339.9727   386055         
    963   443      318.1993   845                    339.9727   386262         
    969   449      317.9614   855                    339.9727   387151         
Elapsed time = 5748.79 sec. (7249868.87 ticks, tree = 113.91 MB, solutions = 0)
    971   451      317.8991   781                    339.9727   387372         
    975   455      317.7692   753                    339.9727   387967         
    977   457      317.7545   759                    339.9727   388127         
    979   459      317.5891   752                    339.9727   388409         
    980   460      317.4517   719                    339.9727   388620         
    983   463      317.4064   802                    339.9727   388910         
    987   467      316.3269   724                    339.9727   389541         
    990   470      316.2439   825                    339.9727   389878         
    992   472      316.2098   866                    339.9727   390079         
    994   474      315.7504   877                    339.9727   390599         
Elapsed time = 5810.34 sec. (7331199.10 ticks, tree = 120.35 MB, solutions = 0)
    998   478      315.6153   814                    339.9727   390975         
   1000   480      315.5502   858                    339.9727   391169         
   1005   485      315.4959   866                    339.9727   391598         
   1008   488      315.2858   818                    339.9727   391869         
   1009   489      315.2093   889                    339.9727   392217         
   1012   492      315.0799   789                    339.9727   392765         
   1014   494      314.8161   789                    339.9727   393416         
   1017   497      314.7132   798                    339.9727   393853         
   1020   500      314.4997   721                    339.9727   394544         
   1021   501      314.4314   700                    339.9727   394793         
Elapsed time = 5860.70 sec. (7397161.48 ticks, tree = 127.31 MB, solutions = 0)
   1022   502      314.2452   802                    339.9727   395195         
   1026   506      314.2008   785                    339.9727   395466         
   1028   508      313.8455   749                    339.9727   396220         
   1031   511      313.5562   848                    339.9727   396889         
   1032   512      313.4189   789                    339.9727   397243         
   1034   514      313.3491   797                    339.9727   397627         
   1037   517      313.2697   877                    339.9727   398090         
   1040   520      313.2126   788                    339.9727   398459         
   1041   521      313.1880   849                    339.9727   398554         
   1043   523      313.1797   889                    339.9727   398690         
Elapsed time = 5937.60 sec. (7497866.46 ticks, tree = 133.01 MB, solutions = 0)
   1044   524      312.5815   740                    339.9727   399170         
   1048   528      312.2249   650                    339.9727   399794         
   1051   531      311.9740   792                    339.9727   400428         
   1052   532      311.8862   784                    339.9727   400580         
   1056   536      311.8456   750                    339.9727   400829         
   1059   539      311.8013   736                    339.9727   400990         
   1060   540      311.7153   758                    339.9727   401299         
   1061   541      311.5920   738                    339.9727   401649         
   1065   545      311.5033   710                    339.9727   402195         
   1069   549      311.4166   795                    339.9727   402682         
Elapsed time = 5992.82 sec. (7572083.87 ticks, tree = 139.72 MB, solutions = 0)
   1071   551      311.1069   793                    339.9727   403140         
   1075   555      311.0371   847                    339.9727   403675         
   1079   559      310.8072   833                    339.9727   404186         
   1080   560      310.6821   824                    339.9727   404438         
   1081   561      310.5687   779                    339.9727   404752         
   1083   563      310.4735   749                    339.9727   405152         
   1087   567      310.4158   767                    339.9727   405572         
   1090   570      310.2974   828                    339.9727   405936         
   1091   571      310.2063   841                    339.9727   406134         
   1094   574      310.1090   862                    339.9727   406488         
Elapsed time = 6042.58 sec. (7638717.81 ticks, tree = 146.18 MB, solutions = 0)
   1101   581      310.0673   819                    339.9727   406892         
   1103   583      310.0612   815                    339.9727   406960         
   1104   584      310.0304   810                    339.9727   407160         
   1106   586      309.8755   816                    339.9727   407599         
   1110   590      335.9485   782                    339.9690   408910         
   1112   592      335.8475   814                    339.9690   409313         
   1113   593      335.8308   806                    339.9690   409454         
   1114   594      335.5759   794                    339.9690   409897         
   1115   595      332.9606   867                    339.9690   410956         
   1117   597      335.5417   873                    339.9690   411263         
Elapsed time = 6114.32 sec. (7734251.30 ticks, tree = 151.79 MB, solutions = 0)
   1118   598      329.6238   746                    339.9690   412219         
   1120   600      330.2135   662                    339.9690   412964         
   1121   601      335.4178   802                    339.9690   413134         
   1123   603      335.3331   880                    339.9690   413659         
   1124   604      334.8284   868                    339.9690   414003         
   1125   605      332.0228   799                    339.9690   414731         
   1126   606      331.7675   709                    339.9690   415307         
   1129   609      331.6414   697                    339.9690   416126         
   1132   612      329.6377   535                    339.9690   417600         
   1134   614      330.0286   617                    339.9690   418980         
Elapsed time = 6172.29 sec. (7811919.83 ticks, tree = 156.20 MB, solutions = 0)
   1136   616      330.8774   618                    339.9690   419981         
   1139   619      329.9236   631                    339.9690   421537         
   1141   621      327.6608   523                    339.9690   423004         
   1144   624      329.4395   609                    339.9690   424100         
   1146   626      325.8396   560                    339.9690   426214         
   1148   628      325.7032   590                    339.9690   427629         
   1150   630      323.1604   523                    339.9690   429285         
   1154   634      329.0101   609                    339.9690   430712         
   1158   638      324.7475   584                    339.9690   431874         
   1163   643      328.6215   563                    339.9690   433195         
Elapsed time = 6234.12 sec. (7896853.95 ticks, tree = 163.61 MB, solutions = 0)
   1164   644      328.4924   709                    339.9690   433455         
   1165   645      324.0824   580                    339.9690   434321         
   1167   647      319.1793   458                    339.9690   436413         
   1169   649      316.9622   458                    339.9690   437612         
   1170   650      318.7727   468                    339.9690   438169         
   1171   651      312.6696   468                    339.9690   439076         
   1172   652      317.6173   471                    339.9690   439724         
   1173   653      311.2682   401                    339.9690   440835         
   1175   655      317.2230   470                    339.9690   441696         
   1179   659      312.3420   473                    339.9690   443802         
Elapsed time = 6305.30 sec. (7992453.85 ticks, tree = 167.73 MB, solutions = 0)
   1182   662      316.4673   473                    339.9690   444510         
   1185   665      307.9354   334                    339.9690   445828         
   1187   667      313.2054   446                    339.9690   446372         
   1188   668      315.8940   461                    339.9690   446950         
   1190   670      309.6657   441                    339.9690   448140         
   1192   672      301.7690   503                    339.9690   449096         
   1196   676      311.9218   478                    339.9690   450207         
   1197   677      309.8096   400                    339.9690   450867         
   1198   678      309.5589   515                    339.9690   451227         
   1199   678      307.0801   403                    339.9690   452167         
Elapsed time = 6382.51 sec. (8095976.08 ticks, tree = 172.89 MB, solutions = 0)
   1201   680      306.1056   359                    339.9690   452945         
   1202   681      306.1369   369                    339.9690   453347         
   1206   685      301.7144   296                    339.9690   454288         
   1207   686      305.8561   460                    339.9690   454424         
   1208   687      303.7302   467                    339.9690   455078         
   1209   688      305.5928   454                    339.9690   455327         
   1210   689      305.1985   422                    339.9690   455572         
   1211   690      305.1845   411                    339.9690   455612         
   1212   691      305.1345   341                    339.9690   455699         
   1213   692      305.0234   420                    339.9690   455799         
Elapsed time = 6738.29 sec. (8459490.52 ticks, tree = 176.27 MB, solutions = 0)
   1214   693      304.9132   451                    339.9690   455908         
   1216   695      304.4954   459                    339.9690   456710         
   1217   696      302.6712   418                    339.9690   457315         
   1221   700      299.0478   367                    339.9690   457986         
   1223   702      298.5909   390                    339.9690   458539         
   1225   704      298.3726   482                    339.9690   458873         
   1227   706      295.9757   344                    339.9690   459382         
   1231   710      292.2248   441                    339.9690   460399         
   1234   713      297.6832   420                    339.9690   461190         
   1236   715      297.5285   419                    339.9690   461445         
Elapsed time = 6849.38 sec. (8585338.38 ticks, tree = 182.29 MB, solutions = 0)
   1238   717      292.0949   353                    339.9690   462343         
   1241   720      293.1958   331                    339.9690   463204         
   1243   722      291.3273   268                    339.9690   464244         
   1245   724      294.1957   297                    339.9690   465256         
   1248   727      293.0857   233                    339.9690   465835         
   1251   730      290.3579   289                    339.9690   466478         
   1253   732      289.4190   314                    339.9690   467111         
   1255   734      292.1126   297                    339.9690   467363         
   1258   737      280.8781   278                    339.9690   468209         
   1263   742      291.2965   300                    339.9690   468563         
Elapsed time = 6906.91 sec. (8663671.88 ticks, tree = 189.37 MB, solutions = 0)
   1268   747      289.2021   260                    339.9690   469087         
   1272   751      288.9321   322                    339.9690   469392         
   1273   752      276.0865   222                    339.9690   470493         
   1279   758      285.4167   284                    339.9690   471349         
   1280   759      280.0755   237                    339.9690   472217         
   1284   763      280.6801   273                    339.9690   472710         
   1293   772      282.5986   279                    339.9690   473539         
   1295   772      281.0121   293                    339.9690   474171         
   1298   775      280.7254   263                    339.9690   474647         
   1299   776      266.1684   248                    339.9690   475096         
Elapsed time = 6952.41 sec. (8724091.20 ticks, tree = 198.27 MB, solutions = 0)
   1303   780      280.2068   287                    339.9690   475599         
   1305   782      253.0119   263                    339.9690   476516         
   1307   784      264.8270   218                    339.9690   477033         
   1310   787      336.1394   951                    339.8620   478142         
   1314   791      328.9735   807                    339.8620   480073         
   1315   792      334.3494   771                    339.8620   480874         
   1318   795      330.9616   822                    339.8620   482142         
   1321   798      332.2131   852                    339.8620   483235         
   1323   800      334.0010   783                    339.8620   484096         
   1324   801      333.8615   806                    339.8620   485032         
Elapsed time = 7009.06 sec. (8800190.11 ticks, tree = 204.57 MB, solutions = 0)
   1326   803      333.6117   854                    339.8620   485826         
   1328   805      332.2962   714                    339.8620   487435         
   1330   807      331.9600   712                    339.8620   489254         
   1333   810      329.5637   771                    339.8620   491385         
   1335   812      331.5772   742                    339.8620   492899         
   1339   816      332.8263   820                    339.8620   493839         
   1340   817      330.9180   731                    339.8620   495163         
   1343   820      332.1007   746                    339.8620   496407         
   1345   822      331.8415   760                    339.8620   497637         
   1346   823      321.6673   788                    339.8620   499763         
Elapsed time = 7071.08 sec. (8884083.10 ticks, tree = 210.23 MB, solutions = 0)
   1347   824      331.4305   780                    339.8620   500349         
   1348   825      331.0565   654                    339.8620   501353         
   1351   828      322.3643   462                    339.8620   503449         
   1353   830      329.2223   687                    339.8620   504511         
   1355   832      329.5226   666                    339.8620   505700         

GUB cover cuts applied:  8
Clique cuts applied:  2
Cover cuts applied:  9
Implied bound cuts applied:  9
Flow cuts applied:  64
Mixed integer rounding cuts applied:  457
Zero-half cuts applied:  111
Lift and project cuts applied:  1
Gomory fractional cuts applied:  11

Root node processing (before b&c):
  Real time             =  187.36 sec. (234277.02 ticks)
Sequential b&c:
  Real time             = 7012.65 sec. (8801091.58 ticks)
                          ------------
Total (root+branch&cut) = 7200.01 sec. (9035368.61 ticks)

CPLEX Sol status: Unknown
Instance Name: sarp-80-40-C-1

K: 22
Multi parcel
Value of Q: 40
Version identifier: 22.1.1.0 | 2022-11-28 | 9160aff4d
CPXPARAM_Threads                                 1
CPXPARAM_TimeLimit                               7200
Tried aggregator 2 times.
MIP Presolve eliminated 20186 rows and 33998 columns.
MIP Presolve modified 69909 coefficients.
Aggregator did 41 substitutions.
Reduced MIP has 20111 rows, 243090 columns, and 1148414 nonzeros.
Reduced MIP has 242859 binaries, 0 generals, 0 SOSs, and 0 indicators.
Presolve time = 1.47 sec. (1673.96 ticks)
Tried aggregator 1 time.
Detecting symmetries...
MIP Presolve eliminated 41 rows and 0 columns.
MIP Presolve modified 127 coefficients.
Reduced MIP has 20070 rows, 243090 columns, and 1147635 nonzeros.
Reduced MIP has 242859 binaries, 0 generals, 0 SOSs, and 0 indicators.
Presolve time = 0.74 sec. (663.20 ticks)
Probing time = 0.08 sec. (55.23 ticks)
Clique table members: 137582.
MIP emphasis: balance optimality and feasibility.
MIP search method: dynamic search.
Parallel mode: none, using 1 thread.
Root relaxation solution time = 61.37 sec. (82861.79 ticks)

        Nodes                                         Cuts/
   Node  Left     Objective  IInf  Best Integer    Best Bound    ItCnt     Gap

      0     0     1856.7116  2425                   1856.7116    33545         
      0     0     1853.0167  2438                  Cuts: 1102    38468         
      0     0     1851.8907  2392                   Cuts: 821    40594         
      0     0     1851.4495  2333                   Cuts: 242    41783         
      0     0     1849.8574  2430                   Cuts: 136    44650         
      0     0     1849.7984  2586                   Cuts: 315    45409         
Detecting symmetries...
      0     0     1849.7984  2586                    Cuts: 95    45419         
Heuristic still looking.
Heuristic still looking.
Heuristic still looking.
Detecting symmetries...
      0     2     1849.7984  2586                   1849.7980    45419         
Elapsed time = 396.78 sec. (552302.26 ticks, tree = 0.01 MB, solutions = 0)
      1     3     1836.5182  2357                   1849.7980    48202         
      2     4     1849.7756  2522                   1849.7756    48522         
      3     5     1849.7005  2543                   1849.7756    49018         
      4     6     1845.5365  2415                   1849.7005    52298         
      5     7     1849.5983  2565                   1849.6992    52943         
      6     8     1836.0481  2303                   1849.5982    56724         
      7     9     1849.5647  2647                   1849.5978    57188         
      8    10     1841.3223  2439                   1849.5647    61019         
      9    11     1840.5101  2366                   1849.5647    62715         
     10    12     1839.5999  2427                   1849.5647    64626         
Elapsed time = 476.29 sec. (666006.50 ticks, tree = 2.16 MB, solutions = 0)
     11    13     1833.3704  2330                   1849.5647    68258         
     12    14     1832.9552  2255                   1849.5647    69593         
     13    15     1832.7924  2342                   1849.5647    70226         
     14    16     1805.7509  2190                   1849.5647    74142         
     15    17     1832.6518  2370                   1849.5647    74724         
     16    18     1818.1117  2273                   1849.5647    79827         
     17    19     1832.5696  2359                   1849.5647    80308         
     18    20     1832.5336  2390                   1849.5647    80616         
     19    21     1825.9968  2201                   1849.5647    83857         
     20    22     1825.4473  2298                   1849.5647    84501         
Elapsed time = 549.55 sec. (771421.35 ticks, tree = 4.63 MB, solutions = 0)
     21    23     1811.3222  2010                   1849.5647    88863         
     22    24     1809.0249  1964                   1849.5647    91297         
     23    25     1807.1415  1935                   1849.5647    93617         
     24    26     1806.7030  1888                   1849.5647    94775         
     25    27     1805.9227  1994                   1849.5647    96074         
     26    28     1795.5505  1804                   1849.5647   100173         
     27    29     1793.7193  1782                   1849.5647   101687         
     28    30     1793.4047  1778                   1849.5647   102550         
     29    31     1793.3348  1800                   1849.5647   102955         
     30    32     1787.2367  1734                   1849.5647   105632         
Elapsed time = 646.30 sec. (916953.27 ticks, tree = 7.35 MB, solutions = 0)
     31    33     1787.1947  1747                   1849.5647   105951         
     32    34     1756.6568  1434                   1849.5647   110368         
     33    35     1756.4166  1552                   1849.5647   110988         
     34    36     1755.9123  1409                   1849.5647   112201         
     35    37     1755.6981  1393                   1849.5647   112573         
     36    38     1754.4911  1414                   1849.5647   113399         
     37    39     1751.0425  1278                   1849.5647   115398         
     38    40     1750.9851  1312                   1849.5647   115644         
     39    41     1748.0127  1287                   1849.5647   117012         
     40    42     1746.5738  1251                   1849.5647   119263         
Elapsed time = 684.12 sec. (970275.32 ticks, tree = 9.84 MB, solutions = 0)
     42    41    infeasible                         1849.5647   121274         
     43    42     1741.2205  1285                   1849.5647   123577         
     44    43     1736.5115  1228                   1849.5647   126502         
     45    44     1734.6918  1321                   1849.5647   127488         
     46    43    infeasible                         1849.5647   130312         
     47    44     1732.0405  1290                   1849.5647   131874         
     48    45     1727.7561  1253                   1849.5647   134308         
     49    45     1718.7438  1217                   1849.5647   136471         
     52    44     1823.0392  2337                   1849.5644   145615         
     53    45     1822.4927  2251                   1849.5644   147759         
Elapsed time = 783.69 sec. (1113397.82 ticks, tree = 10.62 MB, solutions = 0)
     54    46     1820.9280  2275                   1849.5644   152232         
     55    47     1818.3339  2190                   1849.5644   156476         
     56    48     1813.6936  2196                   1849.5644   158821         
     57    49     1812.9681  2153                   1849.5644   161861         
     60    48     1849.5251  2537                   1849.5247   162312         
     61    49     1849.4254  2581                   1849.5211   163094         
     62    50     1823.6828  2470                   1849.4253   167641         
     63    51     1849.3355  2662                   1849.4251   168191         
     64    52     1841.1657  2349                   1849.3352   171605         
     65    53     1841.0367  2319                   1849.3352   172249         
Elapsed time = 868.23 sec. (1235145.48 ticks, tree = 12.55 MB, solutions = 0)
     66    54     1840.7529  2392                   1849.3352   173255         
     67    55     1822.7460  2041                   1849.3352   178471         
     68    56     1820.4791  2078                   1849.3352   180477         
     69    57     1820.4055  1860                   1849.3352   182731         
     70    58     1818.7944  2002                   1849.3352   184680         
     71    59     1816.3201  1843                   1849.3352   186817         
     72    60     1815.3064  1835                   1849.3352   188493         
     73    61     1786.8557  1844                   1849.3352   194043         
     74    62     1814.5190  1786                   1849.3352   195321         
     75    63     1812.7077  1808                   1849.3352   196776         
Elapsed time = 945.14 sec. (1345326.05 ticks, tree = 14.77 MB, solutions = 0)
     77    63     1812.3273  1801                   1849.3352   197212         
     78    64     1811.1095  1927                   1849.3352   198446         
     79    65     1807.6244  1769                   1849.3352   199824         
     80    66     1804.6928  1771                   1849.3352   201348         
     81    67     1807.0509  1717                   1849.3352   202410         
     82    68     1806.6269  1684                   1849.3352   203265         
     83    69     1806.5368  1764                   1849.3352   203727         
     84    70     1799.2931  1526                   1849.3352   206538         
     85    71     1797.4004  1486                   1849.3352   207626         
     86    72     1796.9485  1531                   1849.3352   208400         
Elapsed time = 980.01 sec. (1395796.62 ticks, tree = 17.01 MB, solutions = 0)
     87    73     1766.8409  1384                   1849.3352   212170         
     88    74     1796.7837  1590                   1849.3352   212630         
     89    75     1790.5602  1486                   1849.3352   214266         
     90    76     1790.2164  1467                   1849.3352   214747         
     92    78     1777.1424  1394                   1849.3352   216972         
     95    81     1776.9065  1322                   1849.3352   219522         
     97    83     1757.7278  1235                   1849.3352   221505         
     98    83     1746.1987  1153                   1849.3352   222538         
    100    83     1849.0299  2611                   1849.3350   223263         
    101    84     1848.7439  2617                   1849.3350   224293         
Elapsed time = 1024.83 sec. (1459073.94 ticks, tree = 20.25 MB, solutions = 0)
    102    85     1848.6911  2640                   1849.3350   224956         
    103    86     1848.6350  2518                   1849.3350   225485         
    104    87     1848.3309  2649                   1849.3350   226512         
    105    88     1848.3036  2588                   1849.3350   226878         
    106    89     1848.2106  2634                   1849.3350   227438         
    107    90     1848.1652  2631                   1849.3350   227947         
    108    91     1848.0650  2639                   1849.3350   228622         
    109    92     1848.0254  2690                   1849.3350   229095         
    110    93     1847.9282  2667                   1849.3350   229811         
    111    94     1847.8266  2525                   1849.3350   230539         
Elapsed time = 1048.50 sec. (1492703.25 ticks, tree = 22.43 MB, solutions = 0)
    113    96     1847.5615  2671                   1849.3350   231931         
    115    98     1847.4844  2733                   1849.3350   232681         
    118   101     1847.4111  2765                   1849.3350   233405         
    121   104     1847.3451  2693                   1849.3350   234212         
    123   106     1847.1900  2609                   1849.3350   235130         
    126   109     1847.0741  2812                   1849.3350   236255         
    128   111     1846.9322  2777                   1849.3350   237167         
    130   113     1846.8896  2680                   1849.3350   237714         
    133   116     1846.6788  2800                   1849.3350   238692         
    135   118     1846.6014  2695                   1849.3350   239427         
Elapsed time = 1205.35 sec. (1711877.49 ticks, tree = 27.67 MB, solutions = 0)
    137   120     1846.4843  2603                   1849.3350   240149         
    140   123     1846.3312  2581                   1849.3350   241365         
    142   125     1846.2767  2752                   1849.3350   242125         
    145   128     1846.1954  2848                   1849.3350   243084         
    148   131     1846.0936  2734                   1849.3350   244059         
    151   134     1846.0348  2842                   1849.3350   244767         
    153   136     1845.7878  2865                   1849.3350   246017         
    155   138     1845.6281  2860                   1849.3350   247052         
    157   140     1845.5268  2881                   1849.3350   247843         
    158   141     1845.3998  2814                   1849.3350   248551         
Elapsed time = 1239.90 sec. (1761299.52 ticks, tree = 32.69 MB, solutions = 0)
    161   144     1845.2905  2826                   1849.3350   249572         
    163   146     1845.2154  2754                   1849.3350   250285         
    166   149     1845.1474  2805                   1849.3350   251193         
    169   152     1844.9988  2823                   1849.3350   252192         
    171   154     1844.8718  2853                   1849.3350   253220         
    173   156     1844.7859  2779                   1849.3350   253953         
    175   158     1844.6137  2802                   1849.3350   255171         
    177   160     1844.4225  2818                   1849.3350   256159         
    179   162     1844.3271  2726                   1849.3350   256906         
    181   164     1844.2094  2863                   1849.3350   257826         
Elapsed time = 1275.37 sec. (1811622.84 ticks, tree = 37.71 MB, solutions = 0)
    183   166     1844.0713  2842                   1849.3350   258834         
    185   168     1843.9410  2829                   1849.3350   259704         
    187   170     1843.8258  2827                   1849.3350   260696         
    189   172     1843.6427  2897                   1849.3350   262001         
    191   174     1843.4784  2817                   1849.3350   262975         
    194   177     1843.3556  2776                   1849.3350   263961         
    196   179     1843.2508  2852                   1849.3350   264726         
    199   182     1843.1041  2759                   1849.3350   265797         
    201   184     1842.9785  2710                   1849.3350   266657         
    203   186     1842.8612  2810                   1849.3350   267377         
Elapsed time = 1311.40 sec. (1863006.82 ticks, tree = 42.51 MB, solutions = 0)
    205   188     1842.7489  2766                   1849.3350   268231         
    207   190     1842.5953  2751                   1849.3350   269017         
    210   193     1842.5278  2755                   1849.3350   269928         
    212   195     1842.2403  2816                   1849.3350   271158         
    214   197     1842.0223  2827                   1849.3350   272235         
    215   198     1841.9078  2809                   1849.3350   272989         
    216   199     1841.6489  2766                   1849.3350   274098         
    217   200     1841.2891  2748                   1849.3350   275240         
    218   201     1840.7674  2724                   1849.3350   276666         
    220   203     1840.6578  2768                   1849.3350   277488         
Elapsed time = 1363.55 sec. (1931421.05 ticks, tree = 46.22 MB, solutions = 0)
    221   204     1840.5625  2764                   1849.3350   278267         
    224   207     1840.4861  2774                   1849.3350   279177         
    227   210     1840.4113  2843                   1849.3350   279930         
    230   213     1840.3535  2818                   1849.3350   280693         
    233   216     1840.2444  2851                   1849.3350   281713         
    236   219     1840.1035  2767                   1849.3350   282706         
    239   222     1839.9544  2784                   1849.3350   283710         
    240   223     1839.9270  2804                   1849.3350   283995         
    242   225     1839.8003  2753                   1849.3350   284733         
    244   227     1839.6897  2808                   1849.3350   285628         
Elapsed time = 1636.06 sec. (2296841.91 ticks, tree = 51.47 MB, solutions = 0)
    247   230     1839.5281  2801                   1849.3350   286735         
    249   232     1839.4213  2784                   1849.3350   287502         
    251   234     1839.2141  2753                   1849.3350   288810         
    255   238     1839.1484  2745                   1849.3350   289696         
    257   240     1839.0778  2701                   1849.3350   290448         
    259   242     1838.9750  2741                   1849.3350   291299         
    261   244     1838.8267  2810                   1849.3350   292171         
    263   246     1838.6915  2843                   1849.3350   292996         
    265   248     1838.4991  2811                   1849.3350   294058         
    269   252     1838.4394  2838                   1849.3350   294999         
Elapsed time = 1671.45 sec. (2347345.39 ticks, tree = 56.94 MB, solutions = 0)
    271   254     1838.2716  2844                   1849.3350   295836         
    273   256     1838.0466  2748                   1849.3350   297127         
    276   259     1837.9890  2680                   1849.3350   297991         
    278   261     1837.8283  2760                   1849.3350   298933         
    280   263     1837.7423  2841                   1849.3350   299700         
    281   264     1837.6265  2744                   1849.3350   300455         
    286   269     1837.5600  2870                   1849.3350   301229         
    289   272     1837.3722  2687                   1849.3350   302336         
    291   274     1837.2844  2708                   1849.3350   303186         
    293   276     1837.1744  2895                   1849.3350   303992         
Elapsed time = 1705.75 sec. (2395949.16 ticks, tree = 62.20 MB, solutions = 0)
    297   280     1837.0834  2823                   1849.3350   304962         
    302   285     1836.9981  2896                   1849.3350   305812         
    307   290     1836.8899  2712                   1849.3350   306924         
    312   295     1836.7438  2744                   1849.3350   307960         
    317   300     1836.6388  2788                   1849.3350   308825         
    319   302     1836.5298  2704                   1849.3350   309691         
    321   304     1836.3744  2765                   1849.3350   310593         
    324   307     1836.2683  2814                   1849.3350   311625         
    326   309     1836.1844  2827                   1849.3350   312521         
    329   312     1836.0820  2729                   1849.3350   313540         
Elapsed time = 1742.19 sec. (2447648.50 ticks, tree = 70.08 MB, solutions = 0)
    332   315     1835.9126  2761                   1849.3350   314708         
    335   318     1835.8146  2752                   1849.3350   315648         
    337   320     1835.6969  2818                   1849.3350   316412         
    339   322     1835.6093  2748                   1849.3350   317240         
    340   323     1835.5852  2749                   1849.3350   317582         
    342   325     1835.3965  2863                   1849.3350   318622         
    344   327     1835.2594  2862                   1849.3350   319483         
    347   330     1835.1170  2861                   1849.3350   320384         
    349   332     1834.9713  2917                   1849.3350   321414         
    351   334     1834.7910  2874                   1849.3350   322461         
Elapsed time = 1778.82 sec. (2499524.06 ticks, tree = 74.89 MB, solutions = 0)
    354   337     1834.7200  2884                   1849.3350   323225         
    358   341     1834.6275  2857                   1849.3350   324242         
    361   344     1834.5317  2870                   1849.3350   325161         
    364   347     1834.4095  2847                   1849.3350   326159         
    366   349     1834.3310  2883                   1849.3350   326953         
    368   351     1834.2653  2899                   1849.3350   327876         
    370   353     1834.1811  2853                   1849.3350   328660         
    373   356     1834.0540  2833                   1849.3350   329684         
    375   358     1833.8802  2860                   1849.3350   330814         
    377   360     1833.6682  2733                   1849.3350   332047         
Elapsed time = 1815.07 sec. (2550954.73 ticks, tree = 80.59 MB, solutions = 0)
    379   362     1833.3992  2757                   1849.3350   333506         
    380   363     1833.2153  2889                   1849.3350   334428         
    381   364     1832.9542  2925                   1849.3350   335558         
    383   366     1832.7902  2882                   1849.3350   336695         
    387   370     1832.7377  2953                   1849.3350   337703         
    390   373     1832.6222  2888                   1849.3350   338649         
    393   376     1832.5361  2851                   1849.3350   339561         
    395   378     1832.4035  2884                   1849.3350   340600         
    397   380     1832.2698  2937                   1849.3350   341517         
    399   382     1832.1700  2943                   1849.3350   342246         
Elapsed time = 1853.29 sec. (2605193.25 ticks, tree = 85.41 MB, solutions = 0)
    401   384     1831.9774  2925                   1849.3350   343190         
    403   386     1831.6815  2893                   1849.3350   344410         
    405   388     1831.1978  2718                   1849.3350   346084         
    406   389     1830.6365  2720                   1849.3350   347349         
    407   390     1829.9444  2746                   1849.3350   348965         
    408   391     1828.8967  2795                   1849.3350   350215         
    410   393     1828.7983  2861                   1849.3350   351009         
    412   395     1828.6702  2905                   1849.3350   351844         
    415   398     1828.5691  2890                   1849.3350   352693         
    417   400     1828.4104  2888                   1849.3350   353658         
Elapsed time = 1896.05 sec. (2665641.47 ticks, tree = 89.36 MB, solutions = 0)
    419   402     1828.2684  2895                   1849.3350   354401         
    420   403     1828.0742  2833                   1849.3350   355200         
    423   406     1827.8605  2852                   1849.3350   356622         
    426   409     1827.7476  2790                   1849.3350   357661         
    428   411     1827.5977  2700                   1849.3350   358621         
    430   413     1827.2204  2782                   1849.3350   360051         
    431   414     1827.0348  2790                   1849.3350   360919         
    434   417     1826.8369  2832                   1849.3350   362301         
    437   420     1826.6699  2733                   1849.3350   363401         
    438   421     1826.5425  2738                   1849.3350   364365         
Elapsed time = 1935.97 sec. (2722477.43 ticks, tree = 93.97 MB, solutions = 0)
    439   422     1826.3086  2755                   1849.3350   365374         
    441   424     1826.1810  2836                   1849.3350   366471         
    443   426     1826.0459  2765                   1849.3350   367238         
    445   428     1825.9198  2785                   1849.3350   368304         
    447   430     1825.8031  2760                   1849.3350   369191         
    450   433     1825.7295  2873                   1849.3350   370099         
    452   435     1825.6143  2917                   1849.3350   371173         
    453   436     1825.3713  2850                   1849.3350   372175         
    455   438     1825.2102  2966                   1849.3350   373498         
    457   440     1825.0525  2841                   1849.3350   374604         
Elapsed time = 1974.30 sec. (2777052.08 ticks, tree = 98.14 MB, solutions = 0)
    458   441     1824.9176  2887                   1849.3350   375428         
    460   443     1824.7952  2904                   1849.3350   376548         
    463   446     1824.6601  2932                   1849.3350   377689         
    465   448     1824.5582  2948                   1849.3350   378423         
    467   450     1824.3738  2933                   1849.3350   379446         
    469   452     1824.1927  2993                   1849.3350   380507         
    471   454     1824.0264  2953                   1849.3350   381596         
    473   456     1823.9482  2981                   1849.3350   382535         
    475   458     1823.8320  2998                   1849.3350   383583         
    477   460     1823.6306  2956                   1849.3350   384573         
Elapsed time = 2011.40 sec. (2830228.90 ticks, tree = 102.53 MB, solutions = 0)
    480   463     1823.3686  2941                   1849.3350   385637         
    482   465     1823.3087  2945                   1849.3350   386359         
    484   467     1823.1775  2902                   1849.3350   387223         
    486   469     1823.0098  2911                   1849.3350   388362         
    488   471     1822.8524  2819                   1849.3350   389592         
    490   473     1822.6956  2798                   1849.3350   390817         
    492   475     1822.4914  2782                   1849.3350   392298         
    493   476     1822.3681  2786                   1849.3350   393203         
    495   478     1822.2386  2924                   1849.3350   394316         
    497   480     1822.1323  2903                   1849.3350   395355         
Elapsed time = 2051.59 sec. (2887462.68 ticks, tree = 106.92 MB, solutions = 0)
    499   482     1821.8516  2818                   1849.3350   396799         
    501   484     1821.6854  2914                   1849.3350   397798         
    503   486     1821.5428  2992                   1849.3350   398608         
    505   488     1821.4262  2844                   1849.3350   399871         
    507   490     1821.3767  2812                   1849.3350   400615         
    509   492     1821.2805  2935                   1849.3350   401504         
    511   494     1821.1603  2888                   1849.3350   402462         
    513   496     1821.0485  2732                   1849.3350   403371         
    515   498     1820.9864  2829                   1849.3350   404167         
    517   500     1820.8470  2853                   1849.3350   405265         
Elapsed time = 2088.26 sec. (2940031.08 ticks, tree = 111.31 MB, solutions = 0)
    519   502     1820.7443  2969                   1849.3350   406019         
    521   504     1820.6637  2913                   1849.3350   406737         
    523   506     1820.5600  2961                   1849.3350   407711         

Performing restart 1

Repeating presolve.
Tried aggregator 2 times.
MIP Presolve eliminated 14 rows and 1602 columns.
MIP Presolve modified 229550 coefficients.
Aggregator did 27 substitutions.
Reduced MIP has 20029 rows, 241461 columns, and 1061763 nonzeros.
Reduced MIP has 241230 binaries, 0 generals, 0 SOSs, and 0 indicators.
Presolve time = 1.18 sec. (1425.80 ticks)
Tried aggregator 2 times.
MIP Presolve eliminated 7 rows and 608 columns.
MIP Presolve modified 251 coefficients.
Aggregator did 3 substitutions.
Reduced MIP has 20019 rows, 240850 columns, and 1059136 nonzeros.
Reduced MIP has 240619 binaries, 0 generals, 0 SOSs, and 0 indicators.
Presolve time = 0.85 sec. (829.03 ticks)
Represolve time = 18.93 sec. (20133.44 ticks)
    524     0     1848.6681  2752                   Cuts: 419   453740         
    524     0     1848.0374  2689                    Cuts: 74   455705         
    524     0     1847.6176  2846                   Cuts: 153   457259         
    524     0     1847.5768  2780                   Cuts: 237   457691         
    524     0     1847.3234  2660                    Cuts: 69   458581         
    524     0     1846.7081  2805                   Cuts: 113   460394         
    524     0     1845.9849  2678                   Cuts: 438   462637         
    524     0     1845.6753  2895                   Cuts: 277   464074         
    524     0     1845.6233  2942                   Cuts: 258   464529         
    524     0     1845.1160  2967                    Cuts: 23   466383         
    524     0     1844.9198  2951                   Cuts: 304   467369         
    524     0     1844.7963  3111                     Cuts: 8   468168         
    524     0     1844.7838  3100                    Cuts: 14   468473         
    524     0     1844.3989  3134                    Cuts: 24   469865         
    524     0     1844.3829  3181                    Cuts: 52   470370         
    524     0     1844.3253  3125                   Cuts: 113   471173         
    524     0     1844.3018  3152                    Cuts: 83   471557         
    524     0     1844.1357  3131                     Cuts: 8   472725         
    524     0     1844.1135  3154                   Cuts: 204   473100         
    524     2     1844.1135  3154                   1844.1135   473100         
    525     2     1839.2546  2839                   1844.1135   477581         
    526     3     1844.1052  3067                   1844.1052   477868         
    528     5     1844.1036  3034                   1844.1036   478097         
    530     7     1835.7801  2590                   1844.1031   484322         
    531     8     1844.0442  3082                   1844.1031   484902         
    533    10     1844.0417  2989                   1844.1031   485017         
Elapsed time = 3022.47 sec. (4219316.37 ticks, tree = 1.81 MB, solutions = 0)
    534    11     1844.0399  3102                   1844.1031   485087         
    535    12     1830.5612  2489                   1844.1031   492714         
    536    13     1844.0378  3088                   1844.1031   492819         
    537    14     1839.0182  2808                   1844.1031   497893         
    538    15     1838.8798  2745                   1844.1031   498757         
    539    16     1835.3156  2651                   1844.1031   502454         
    540    17     1838.6708  2702                   1844.1031   503726         
    541    18     1837.2789  2700                   1844.1031   507174         
    542    19     1838.6570  2731                   1844.1031   507637         
    543    20     1834.3950  2505                   1844.1031   513102         
Elapsed time = 3180.02 sec. (4439968.33 ticks, tree = 4.09 MB, solutions = 0)
    545    22     1829.7820  2372                   1844.1031   518309         
    546    23     1838.5739  2750                   1844.1031   518996         
    547    24     1835.3267  2604                   1844.1031   523797         
    549    26     1835.2419  2603                   1844.1031   524589         
    550    27     1824.1398  2408                   1844.1031   528399         
    552    29     1830.5689  2514                   1844.1031   532498         
    555    32     1829.0477  2414                   1844.1031   536246         
    557    34     1821.5616  2246                   1844.1031   541690         
    558    35     1830.1747  2441                   1844.1031   544132         
    559    36     1832.4344  2752                   1844.1031   546881         
Elapsed time = 3324.27 sec. (4632351.84 ticks, tree = 7.79 MB, solutions = 0)
    560    37     1830.0588  2416                   1844.1031   547804         
    561    38     1818.9732  2394                   1844.1031   551900         
    563    40     1819.1684  2230                   1844.1031   556644         
    565    42     1819.8174  2174                   1844.1031   562454         
    567    44     1820.7631  2029                   1844.1031   568395         
    569    46     1819.6127  2199                   1844.1031   572672         
    570    47     1829.9182  2364                   1844.1031   573389         
    572    49     1813.9473  2326                   1844.1031   576906         
    575    52     1818.0608  2132                   1844.1031   582307         
    576    53     1828.9359  2458                   1844.1031   584786         
Elapsed time = 3470.85 sec. (4829260.33 ticks, tree = 11.74 MB, solutions = 0)
    577    54     1827.6963  2583                   1844.1031   588520         
    579    56     1823.0658  2176                   1844.1031   593248         
    582    59     1820.1727  2255                   1844.1031   597645         
    585    62     1817.9375  2195                   1844.1031   603586         
    587    64     1819.8436  2151                   1844.1031   606940         
    589    65     1817.4019  2203                   1844.1031   611504         
    591    67     1819.1509  2061                   1844.1031   617897         
    593    69     1823.3803  2294                   1844.1031   621799         
    595    71     1821.2875  2312                   1844.1031   627147         
    598    74     1816.5386  2028                   1844.1031   633183         
Elapsed time = 3665.79 sec. (5089390.16 ticks, tree = 17.16 MB, solutions = 0)
    600    76     1825.6994  2252                   1844.1031   636160         
    602    78     1823.4137  2199                   1844.1031   640374         
    604    80     1822.2946  2209                   1844.1031   644869         
    607    83     1822.7839  2237                   1844.1031   649493         
    610    86     1822.8731  2207                   1844.1031   654625         
    612    88     1827.1547  2341                   1844.1031   657654         
    613    89     1828.6209  2422                   1844.1031   658550         
    614    90     1828.6187  2367                   1844.1031   658665         
    616    92     1820.7791  2128                   1844.1031   662636         
    618    94     1828.4338  2406                   1844.1031   663833         
Elapsed time = 3972.16 sec. (5504454.06 ticks, tree = 21.85 MB, solutions = 0)
    619    95     1826.6404  2177                   1844.1031   666345         
    621    97     1817.2507  2112                   1844.1031   671899         
    623    99     1817.8878  2079                   1844.1031   676437         
    624   100     1828.2563  2434                   1844.1031   677299         
    625   101     1825.1159  2440                   1844.1031   680574         
    626   102     1814.7468  2063                   1844.1031   684942         
    628   104     1828.1366  2428                   1844.1031   685986         
    629   105     1825.0582  2143                   1844.1031   689268         
    631   107     1825.4969  2211                   1844.1031   692178         
    632   108     1821.8513  2334                   1844.1031   698350         
Elapsed time = 4101.74 sec. (5679407.99 ticks, tree = 25.30 MB, solutions = 0)
    635   111     1818.2151  2082                   1844.1031   702357         
    639   115     1815.2415  2108                   1844.1031   707690         
    641   117     1817.4612  2143                   1844.1031   710610         
    644   120     1816.9885  2072                   1844.1031   715794         
    645   121     1816.9541  2190                   1844.1031   720823         
    646   122     1827.9446  2398                   1844.1031   721312         
    647   123     1827.9326  2389                   1844.1031   721448         
    648   124     1821.5351  1963                   1844.1031   725115         
    649   125     1827.9046  2344                   1844.1031   725480         
    650   126     1827.8353  2342                   1844.1031   726018         
Elapsed time = 4317.11 sec. (5981049.34 ticks, tree = 29.74 MB, solutions = 0)
    651   127     1822.7143  2116                   1844.1031   729359         
    653   129     1824.6716  2163                   1844.1031   732927         
    655   131     1814.7764  2208                   1844.1031   738436         
    657   133     1815.2487  2169                   1844.1031   742144         
    660   136     1811.9029  2310                   1844.1031   745992         
    662   138     1806.2163  2181                   1844.1031   750304         
    664   140     1821.4602  2117                   1844.1031   754397         
    666   142     1827.4369  2335                   1844.1031   755799         
    667   143     1824.3910  2243                   1844.1031   759727         
    669   145     1810.2756  2130                   1844.1031   764770         
Elapsed time = 4464.26 sec. (6179410.76 ticks, tree = 34.68 MB, solutions = 0)
    672   148     1811.4137  2001                   1844.1031   769373         
    675   151     1813.9886  2058                   1844.1031   774256         
    677   153     1821.4193  2112                   1844.1031   777291         
    678   154     1813.9091  1841                   1844.1031   781419         
    679   155     1820.7064  2191                   1844.1031   783055         
    680   156     1820.3840  2052                   1844.1031   784060         
    681   157     1798.1205  2016                   1844.1031   790733         
    682   158     1819.1962  2013                   1844.1031   792923         
    684   160     1811.8818  1967                   1844.1031   798664         
    686   162     1819.0720  2072                   1844.1031   799311         
Elapsed time = 4641.15 sec. (6418992.08 ticks, tree = 38.63 MB, solutions = 0)
    687   163     1811.6821  1945                   1844.1031   804492         
    689   165     1816.3972  2222                   1844.1031   808362         
    691   167     1810.4141  1935                   1844.1031   814075         
    694   170     1808.3905  2043                   1844.1031   819406         
    695   171     1818.8823  2062                   1844.1031   819727         
    696   172     1810.7924  1828                   1844.1031   824778         
    697   173     1818.6694  2168                   1844.1031   825269         
    698   174     1818.5589  2231                   1844.1031   826396         
    699   175     1818.5560  2233                   1844.1031   826399         
    701   177     1774.9359  1761                   1844.1031   833712         
Elapsed time = 5060.48 sec. (6975346.23 ticks, tree = 42.60 MB, solutions = 0)
    704   180     1800.7660  2058                   1844.1031   837469         
    707   183     1816.0548  2079                   1844.1031   839805         
    708   184     1818.2827  2226                   1844.1031   840696         
    710   186     1812.8643  1976                   1844.1031   844292         
    711   187     1815.8236  2031                   1844.1031   847135         
    714   190     1811.7862  1943                   1844.1031   851174         
    716   192     1817.9266  2251                   1844.1031   852007         
    717   193     1803.8494  1935                   1844.1031   854791         
    722   198     1800.9757  2003                   1844.1031   858479         
    727   203     1808.9298  1805                   1844.1031   862161         
Elapsed time = 5155.01 sec. (7104588.36 ticks, tree = 49.05 MB, solutions = 0)
    731   207     1816.5935  2092                   1844.1031   863395         
    732   208     1802.4314  1824                   1844.1031   868012         
    735   211     1808.6806  1814                   1844.1031   872794         
    736   212     1776.1359  1677                   1844.1031   879095         
    737   213     1817.4391  2086                   1844.1031   880112         
    740   216     1814.6282  2071                   1844.1031   883084         
    743   219     1805.2738  1989                   1844.1031   888540         
    744   220     1817.3745  2073                   1844.1031   888581         
    745   221     1809.2279  1924                   1844.1031   892849         
    747   223     1804.0779  1879                   1844.1031   897414         
Elapsed time = 5366.31 sec. (7394688.68 ticks, tree = 54.02 MB, solutions = 0)
    752   228     1810.7579  1946                   1844.1031   902063         
    756   232     1800.1479  2057                   1844.1031   905187         
    757   233     1800.4897  1755                   1844.1031   909570         
    761   237     1803.0272  1830                   1844.1031   914817         
    764   240     1807.3637  1823                   1844.1031   917841         
    765   241     1816.9339  2075                   1844.1031   918697         
    766   242     1808.0906  1971                   1844.1031   921254         
    769   245     1802.3003  1803                   1844.1031   926868         
    772   248     1808.5955  1723                   1844.1031   930858         
    773   249     1812.5458  2006                   1844.1031   933232         
Elapsed time = 5526.86 sec. (7612870.16 ticks, tree = 60.23 MB, solutions = 0)
    774   250     1816.2673  2097                   1844.1031   934131         
    776   252     1815.5951  1998                   1844.1031   935616         
    779   254     1794.9167  1803                   1844.1031   939558         
    781   256     1814.1633  2163                   1844.1031   943163         
    783   258     1813.8494  2104                   1844.1031   944938         
    784   259     1804.8081  1739                   1844.1031   947980         
    787   262     1809.2160  1884                   1844.1031   951036         
    788   263     1813.0599  2073                   1844.1031   952497         
    790   265     1800.6871  1907                   1844.1031   956720         
    794   269     1810.1400  1920                   1844.1031   960044         
Elapsed time = 5638.18 sec. (7765881.78 ticks, tree = 65.45 MB, solutions = 0)
    796   271     1804.6060  1831                   1844.1031   963294         
    798   273     1799.6832  1835                   1844.1031   968241         
    800   275     1803.3792  1926                   1844.1031   972562         
    804   279     1796.3253  1847                   1844.1031   975709         
    806   281     1809.8260  1908                   1844.1031   978933         
    808   283     1782.6041  1763                   1844.1031   983919         
    811   286     1803.6643  1809                   1844.1031   988702         
    813   288     1798.7959  1879                   1844.1031   993465         
    814   289     1799.3082  1764                   1844.1031   997871         
    818   293     1812.6202  2048                   1844.1031   998906         
Elapsed time = 5852.48 sec. (8054053.86 ticks, tree = 71.16 MB, solutions = 0)
    819   294     1801.3338  1690                   1844.1031  1003106         
    822   297     1790.4822  1735                   1844.1031  1007932         
    825   300     1801.8517  1764                   1844.1031  1012381         
    827   302     1799.6873  1772                   1844.1031  1016272         
    830   305     1801.1712  1726                   1844.1031  1020768         
    833   308     1805.9350  1903                   1844.1031  1024400         
    835   310     1797.5278  2062                   1844.1031  1029088         
    838   313     1797.4104  1928                   1844.1031  1033615         
    840   315     1806.7206  1811                   1844.1031  1036421         
    842   317     1803.2319  1945                   1844.1031  1039298         
Elapsed time = 5979.08 sec. (8222423.56 ticks, tree = 77.37 MB, solutions = 0)
    846   321     1808.6289  1856                   1844.1031  1041650         
    849   324     1799.9510  1851                   1844.1031  1046292         
    851   326     1811.8530  1991                   1844.1031  1047137         
    852   327     1807.1174  1927                   1844.1031  1048970         
    854   329     1779.0552  1777                   1844.1031  1052998         
    856   331     1800.5136  1774                   1844.1031  1057261         
    859   334     1796.8554  1931                   1844.1031  1060928         
    861   336     1806.4659  1905                   1844.1031  1063581         
    862   337     1811.5187  2038                   1844.1031  1064281         
    865   338     1800.8507  1862                   1844.1031  1069700         
Elapsed time = 6132.22 sec. (8423161.25 ticks, tree = 82.59 MB, solutions = 0)
    869   342     1803.7049  1871                   1844.1031  1074428         
    871   344     1808.4317  1839                   1844.1031  1077026         
    873   346     1795.7512  1766                   1844.1031  1078815         
    875   348     1804.9652  1787                   1844.1031  1080914         
    877   350     1758.0968  1575                   1844.1031  1087082         
    879   352     1792.1916  1602                   1844.1031  1092622         
    880   353     1807.8705  1932                   1844.1031  1093632         
    882   355     1790.8794  1702                   1844.1031  1098483         
    884   357     1806.9808  1910                   1844.1031  1100226         
    885   358     1797.4737  1807                   1844.1031  1102605         
Elapsed time = 6254.72 sec. (8585744.70 ticks, tree = 87.56 MB, solutions = 0)
    888   361     1797.8299  1937                   1844.1031  1106695         
    891   364     1801.2661  1855                   1844.1031  1109590         
    893   366     1799.6760  1666                   1844.1031  1113670         
    896   369     1790.9431  1781                   1844.1031  1118073         
    899   372     1803.1666  1917                   1844.1031  1119870         
    902   375     1793.3306  1773                   1844.1031  1123499         
    904   377     1799.0632  1755                   1844.1031  1126536         
    906   379     1799.9637  1690                   1844.1031  1130617         
    907   380     1806.3104  1926                   1844.1031  1131596         
    909   382     1781.0784  1747                   1844.1031  1137257         
Elapsed time = 6365.31 sec. (8733177.54 ticks, tree = 93.53 MB, solutions = 0)
    910   383     1789.1234  1834                   1844.1031  1140314         
    914   387     1801.1064  1878                   1844.1031  1143954         
    917   390     1797.0838  1762                   1844.1031  1148050         
    918   391     1798.0349  1799                   1844.1031  1150731         
    922   395     1797.8353  1820                   1844.1031  1154569         
    925   398     1804.0439  1941                   1844.1031  1156144         
    927   400     1791.2916  1653                   1844.1031  1160654         
    929   402     1801.3144  1625                   1844.1031  1164165         
    930   403     1796.7418  1763                   1844.1031  1167008         
    932   405     1785.9209  1712                   1844.1031  1172623         
Elapsed time = 6474.94 sec. (8880276.25 ticks, tree = 99.00 MB, solutions = 0)
    936   409     1796.4672  1758                   1844.1031  1176431         
    939   412     1799.7907  1828                   1844.1031  1180208         
    942   415     1788.6127  1765                   1844.1031  1182903         
    944   417     1797.0216  1758                   1844.1031  1186112         
    945   418     1805.5161  1823                   1844.1031  1186138         
    948   421     1793.9934  1724                   1844.1031  1188725         
    951   424     1782.9283  1622                   1844.1031  1191568         
    954   427     1796.2262  1782                   1844.1031  1194170         
    956   429     1796.8317  1751                   1844.1031  1196936         
    958   430     1780.9404  1592                   1844.1031  1200681         
Elapsed time = 6612.37 sec. (9064523.86 ticks, tree = 105.48 MB, solutions = 0)
    960   432     1795.8274  1621                   1844.1031  1203631         
    964   436     1798.2899  1646                   1844.1031  1206154         
    967   439     1797.3045  1624                   1844.1031  1209956         
    971   443     1791.1671  1701                   1844.1031  1213991         
    974   446     1790.0321  1658                   1844.1031  1217684         
    977   449     1795.8758  1544                   1844.1031  1220986         
    979   451     1794.7657  1680                   1844.1031  1224448         
    982   454     1796.7109  1615                   1844.1031  1228283         
    985   457     1790.2863  1650                   1844.1031  1232382         
    987   459     1800.3460  1732                   1844.1031  1235231         
Elapsed time = 6795.91 sec. (9315778.93 ticks, tree = 112.70 MB, solutions = 0)
    990   462     1796.0862  1608                   1844.1031  1239386         
    993   465     1803.5267  1695                   1844.1031  1241632         
    995   467     1799.3569  1668                   1844.1031  1244649         
    996   468     1801.5177  1642                   1844.1031  1246709         
    999   471     1787.6896  1688                   1844.1031  1252098         
   1002   474     1801.0218  1677                   1844.1031  1254283         
   1006   478     1793.4839  1601                   1844.1031  1258131         
   1008   480     1798.4083  1687                   1844.1031  1261339         
   1010   482     1803.1016  1733                   1844.1031  1263207         
   1012   484     1777.0728  1652                   1844.1031  1268086         
Elapsed time = 6893.03 sec. (9449259.09 ticks, tree = 118.93 MB, solutions = 0)
   1015   487     1792.0895  1548                   1844.1031  1271422         
   1017   489     1796.6910  1486                   1844.1031  1274291         
   1021   493     1793.5664  1520                   1844.1031  1277820         
   1022   494     1786.0521  1400                   1844.1031  1282015         
   1025   497     1795.2634  1572                   1844.1031  1285662         
   1026   498     1802.9685  1806                   1844.1031  1285769         
   1028   500     1800.0142  1645                   1844.1031  1288567         
   1030   502     1785.9625  1445                   1844.1031  1292886         
   1033   505     1777.2919  1595                   1844.1031  1295543         
   1035   507     1789.0487  1493                   1844.1031  1298568         
Elapsed time = 7031.43 sec. (9633383.69 ticks, tree = 124.42 MB, solutions = 0)
   1039   511     1796.8966  1633                   1844.1031  1301262         
   1041   513     1793.2110  1525                   1844.1031  1303827         
   1044   516     1783.4515  1551                   1844.1031  1307793         
   1046   518     1785.2737  1517                   1844.1031  1311778         
   1047   519     1790.6501  1655                   1844.1031  1314587         
   1051   523     1785.7508  1655                   1844.1031  1317833         
   1054   526     1797.8260  1703                   1844.1031  1319803         
   1056   528     1794.6951  1856                   1844.1031  1322689         
   1059   531     1790.4251  1631                   1844.1031  1326035         
   1063   535     1790.2557  1639                   1844.1031  1328334         
Elapsed time = 7134.42 sec. (9773929.97 ticks, tree = 131.67 MB, solutions = 0)
   1068   540     1795.2239  1581                   1844.1031  1331126         
   1070   542     1795.5931  1737                   1844.1031  1334335         
   1074   546     1795.5716  1802                   1844.1031  1336608         
   1077   549     1792.9112  1530                   1844.1031  1340758         
   1081   553     1790.2322  1609                   1844.1031  1343478         
   1085   556     1794.1882  1477                   1844.1031  1346370         
   1087   558     1790.8656  1754                   1844.1031  1349036         

GUB cover cuts applied:  13
Clique cuts applied:  6
Cover cuts applied:  12
Implied bound cuts applied:  5
Flow cuts applied:  21
Mixed integer rounding cuts applied:  460
Zero-half cuts applied:  97
Lift and project cuts applied:  2

Root node processing (before b&c):
  Real time             =  389.73 sec. (545125.65 ticks)
Sequential b&c:
  Real time             = 6810.29 sec. (9318674.72 ticks)
                          ------------
Total (root+branch&cut) = 7200.02 sec. (9863800.37 ticks)

CPLEX Sol status: Unknown
Instance Name: sarp-80-40-C-2

K: 22
Multi parcel
Value of Q: 40
Version identifier: 22.1.1.0 | 2022-11-28 | 9160aff4d
CPXPARAM_Threads                                 1
CPXPARAM_TimeLimit                               7200
Tried aggregator 2 times.
MIP Presolve eliminated 20665 rows and 38506 columns.
MIP Presolve modified 79217 coefficients.
Aggregator did 121 substitutions.
Reduced MIP has 19656 rows, 240528 columns, and 1130293 nonzeros.
Reduced MIP has 240299 binaries, 0 generals, 0 SOSs, and 0 indicators.
Presolve time = 1.21 sec. (1390.63 ticks)
Tried aggregator 1 time.
Detecting symmetries...
Reduced MIP has 19656 rows, 240528 columns, and 1130293 nonzeros.
Reduced MIP has 240299 binaries, 0 generals, 0 SOSs, and 0 indicators.
Presolve time = 0.65 sec. (584.48 ticks)
Probing time = 0.08 sec. (54.15 ticks)
Clique table members: 126782.
MIP emphasis: balance optimality and feasibility.
MIP search method: dynamic search.
Parallel mode: none, using 1 thread.
Root relaxation solution time = 62.42 sec. (84339.71 ticks)

        Nodes                                         Cuts/
   Node  Left     Objective  IInf  Best Integer    Best Bound    ItCnt     Gap

      0     0     1872.6209  2635                   1872.6209    31090         
      0     0     1865.8851  2702                   Cuts: 958    36774         
      0     0     1865.4496  2699                   Cuts: 400    38277         
      0     0     1865.3774  2763                    Cuts: 44    39352         
      0     0     1865.3059  2685                    Cuts: 83    39989         
      0     0     1865.1679  2807                    Cuts: 22    40817         
Detecting symmetries...
      0     0     1865.1678  2814                    Cuts: 18    40840         
      0     0     1865.1587  2726                     Cuts: 4    41068         
      0     0     1865.1560  2770                     Cuts: 8    41266         
Heuristic still looking.
Heuristic still looking.
Heuristic still looking.
Detecting symmetries...
      0     2     1865.1560  2770                   1865.1544    41266         
Elapsed time = 371.05 sec. (518659.71 ticks, tree = 0.01 MB, solutions = 0)
      1     3     1857.8660  2484                   1865.1544    45196         
      2     4     1865.0274  2788                   1865.0270    45796         
      3     5     1853.2957  2367                   1865.0270    49580         
      4     6     1853.2784  2349                   1865.0270    49867         
      5     7     1851.4220  2429                   1865.0270    52304         
      6     6    infeasible                         1865.0270    52327         
      7     7     1851.3638  2414                   1865.0270    52807         
      8     8     1850.6306  2431                   1865.0270    54497         
      9     9     1835.2811  1832                   1865.0270    58403         
     10    10     1834.8425  1821                   1865.0270    59545         
Elapsed time = 452.54 sec. (634856.44 ticks, tree = 1.89 MB, solutions = 0)
     11    11     1834.1317  1884                   1865.0270    60703         
     12    12     1828.2009  1815                   1865.0270    63989         
     13    13     1827.9031  1763                   1865.0270    64650         
     14    14     1827.7928  1810                   1865.0270    65104         
     15    15     1821.6280  1678                   1865.0270    67435         
     16    16     1819.7889  1742                   1865.0270    69112         
     17    17     1801.0176  1661                   1865.0270    71603         
     18    18     1819.7261  1683                   1865.0270    71978         
     19    19     1819.4537  1658                   1865.0270    72723         
     20    20     1818.9704  1669                   1865.0270    73720         
Elapsed time = 497.28 sec. (697110.32 ticks, tree = 4.08 MB, solutions = 0)
     21    21     1818.8129  1650                   1865.0270    74997         
     22    22     1817.1085  1633                   1865.0270    76346         
     23    23     1816.6983  1670                   1865.0270    77235         
     24    24     1814.8941  1571                   1865.0270    79349         
     25    25     1814.4561  1609                   1865.0270    80075         
     26    26     1808.7128  1513                   1865.0270    82825         
     27    27     1807.9802  1450                   1865.0270    83517         
     29    29     1796.6147  1300                   1865.0270    86211         
     30    30     1796.3596  1358                   1865.0270    86845         
     31    31     1786.8038  1229                   1865.0270    89530         
Elapsed time = 573.10 sec. (802467.23 ticks, tree = 7.00 MB, solutions = 0)
     32    32     1781.7347  1244                   1865.0270    90708         
     34    32     1780.9716  1171                   1865.0270    92000         
     35    33     1780.1919  1226                   1865.0270    92997         
     36    32    infeasible                         1865.0270    93762         
     39    31     1863.5614  2741                   1865.0269    96628         
     40    32     1863.3700  2750                   1865.0269    97509         
     41    33     1847.0113  2450                   1865.0269   101992         
     42    34     1846.6952  2498                   1865.0269   102881         
     43    35     1833.4685  2260                   1865.0269   105293         
     44    36     1833.4373  2267                   1865.0269   105668         
Elapsed time = 627.68 sec. (879022.95 ticks, tree = 7.95 MB, solutions = 0)
     45    37     1826.0515  2227                   1865.0269   108936         
     46    38     1833.3038  2235                   1865.0269   109441         
     47    39     1832.9920  2320                   1865.0269   110430         
     48    40     1830.2444  2253                   1865.0269   112964         
     49    41     1830.1483  2127                   1865.0269   113479         
     50    42     1830.0495  2174                   1865.0269   114081         
     51    43     1822.1918  2173                   1865.0269   117977         
     52    44     1829.8788  2208                   1865.0269   118660         
     53    45     1809.9950  2188                   1865.0269   122938         
     54    46     1829.7966  2227                   1865.0269   123241         
Elapsed time = 696.86 sec. (978331.91 ticks, tree = 10.38 MB, solutions = 0)
     55    47     1819.0888  2030                   1865.0269   127265         
     56    48     1818.2596  2074                   1865.0269   127972         
     57    47    infeasible                         1865.0269   127975         
     58    48     1817.5470  2042                   1865.0269   128772         
     59    49     1816.7209  2102                   1865.0269   130597         
     61    49     1815.0606  2043                   1865.0269   131934         
     62    50     1811.8596  2039                   1865.0269   133732         
     66    48     1864.1894  2741                   1864.1894   135784         
     67    49     1864.0739  2731                   1864.1881   136482         
     68    50     1863.0341  2702                   1864.1881   139027         
Elapsed time = 768.03 sec. (1084122.82 ticks, tree = 11.38 MB, solutions = 0)
     69    51     1862.4465  2588                   1864.1881   142057         
     70    52     1862.3567  2644                   1864.1881   142504         
     71    53     1854.5994  2387                   1864.1881   145793         
     72    54     1854.5711  2348                   1864.1881   146247         
     73    55     1854.1598  2354                   1864.1881   147574         
     74    56     1852.2821  2423                   1864.1881   150764         
     75    57     1853.9941  2374                   1864.1881   151190         
     76    58     1832.4952  2229                   1864.1881   156406         
     77    59     1853.9201  2447                   1864.1881   156847         
     78    60     1845.2410  2333                   1864.1881   161266         
Elapsed time = 892.71 sec. (1255928.59 ticks, tree = 14.05 MB, solutions = 0)
     79    61     1853.8249  2441                   1864.1881   161660         
     80    62     1851.8520  2547                   1864.1881   164085         
     81    63     1852.9394  2401                   1864.1881   165838         
     82    64     1852.8331  2345                   1864.1881   166308         
     83    65     1852.2100  2393                   1864.1881   167471         
     84    66     1850.4930  2324                   1864.1881   169931         
     85    67     1850.4177  2311                   1864.1881   170217         
     86    68     1850.2933  2277                   1864.1881   170762         
     87    69     1850.2372  2254                   1864.1881   171107         
     88    70     1850.1532  2274                   1864.1881   171583         
Elapsed time = 942.72 sec. (1326516.13 ticks, tree = 16.24 MB, solutions = 0)
     89    71     1843.4663  2069                   1864.1881   174421         
     90    72     1843.3804  2099                   1864.1881   174889         
     91    73     1833.5943  1897                   1864.1881   177800         
     92    74     1832.7565  1889                   1864.1881   179169         
     93    75     1829.7202  1876                   1864.1881   181209         
     94    76     1832.0193  1846                   1864.1881   182658         
     95    77     1831.7967  1827                   1864.1881   183114         
     96    78     1831.0504  1795                   1864.1881   184342         
     97    79     1830.8508  1851                   1864.1881   184815         
     98    80     1809.7881  1724                   1864.1881   187805         
Elapsed time = 990.94 sec. (1394050.88 ticks, tree = 18.93 MB, solutions = 0)
     99    81     1830.6728  1801                   1864.1881   188358         
    100    82     1830.5437  1875                   1864.1881   188893         
    101    83     1816.7256  1807                   1864.1881   192258         
    102    84     1830.5146  1903                   1864.1881   192475         
    103    85     1826.0925  1737                   1864.1881   194549         
    104    86     1824.9980  1691                   1864.1881   196051         
    105    87     1824.4885  1669                   1864.1881   196326         
    106    88     1823.5167  1685                   1864.1881   197200         
    107    89     1813.2340  1416                   1864.1881   200299         
    109    91     1800.9882  1338                   1864.1881   203553         
Elapsed time = 1034.72 sec. (1455871.08 ticks, tree = 21.62 MB, solutions = 0)
    110    92     1790.6951  1215                   1864.1881   207257         
    111    93     1782.5364  1185                   1864.1881   209349         
    112    94     1770.8203  1105                   1864.1881   211914         
    113    95     1768.6890  1227                   1864.1881   213456         
    114    96     1757.0151  1064                   1864.1881   216498         
    115    97     1754.9046  1092                   1864.1881   217802         
    119    97     1751.3022  1092                   1864.1881   219607         
    121    99     1748.9753  1010                   1864.1881   221034         
    124   100     1744.9394  1044                   1864.1881   222879         
    127   101     1733.4934  1115                   1864.1881   225272         
Elapsed time = 1167.14 sec. (1609902.11 ticks, tree = 24.08 MB, solutions = 0)
    129   103     1741.2847  1074                   1864.1881   227313         
    130   104     1734.0019  1035                   1864.1881   228451         
    131   105     1730.6859   940                   1864.1881   229597         
    132   106     1724.4061   867                   1864.1881   230845         
    133   105    infeasible                         1864.1881   232976         
    136   104     1863.3310  2818                   1863.3697   233736         
    138   106     1863.1381  2757                   1863.3697   234485         
    139   107     1845.8316  2695                   1863.3697   239220         
    141   109     1863.0113  2733                   1863.3697   240185         
    142   110     1854.9321  2598                   1863.3697   244092         
Elapsed time = 1223.54 sec. (1689492.91 ticks, tree = 26.19 MB, solutions = 0)
    144   112     1846.6792  2464                   1863.3697   248554         
    145   113     1846.5190  2411                   1863.3697   249328         
    146   114     1846.2315  2415                   1863.3697   250452         
    147   115     1825.9533  2332                   1863.3697   256163         
    148   116     1845.9067  2383                   1863.3697   256971         
    150   118     1835.2131  2346                   1863.3697   261787         
    152   120     1841.3004  2278                   1863.3697   265445         
    153   121     1841.0288  2389                   1863.3697   266432         
    154   122     1834.1146  2068                   1863.3697   271716         
    156   124     1833.7843  2155                   1863.3697   272942         
Elapsed time = 1359.86 sec. (1863478.95 ticks, tree = 29.35 MB, solutions = 0)
    157   125     1827.7030  1788                   1863.3697   275074         
    159   127     1811.8899  1641                   1863.3697   279893         
    160   128     1810.4337  1607                   1863.3697   281121         
    161   129     1809.7095  1622                   1863.3697   282092         
    162   130     1807.1140  1482                   1863.3697   284409         
    164   132     1799.6833  1289                   1863.3697   287776         
    165   133     1798.6181  1305                   1863.3697   288795         
    166   134     1786.1956  1293                   1863.3697   292007         
    168   136     1797.2923  1237                   1863.3697   294389         
    169   137     1796.1169  1223                   1863.3697   296473         
Elapsed time = 1447.35 sec. (1986844.17 ticks, tree = 32.77 MB, solutions = 0)
    171   138     1793.0615  1061                   1863.3697   298549         
    173   140     1784.7195  1101                   1863.3697   300480         
    174   141     1775.7925  1019                   1863.3697   301726         
    176   143     1770.1274   958                   1863.3697   304678         
    178   145     1760.4549   893                   1863.3697   305834         
    180   147     1757.0609   857                   1863.3697   307696         
    182   149     1755.8262   872                   1863.3697   308943         
    183   150     1745.5101   848                   1863.3697   310677         
    186   153     1752.9365   915                   1863.3697   312658         
    188   155     1733.4591   802                   1863.3697   315247         
Elapsed time = 1496.11 sec. (2057406.66 ticks, tree = 37.19 MB, solutions = 0)
    190   157     1742.4085   771                   1863.3697   317648         
    192   157    infeasible                         1863.3697   337347         
    195   158    infeasible                         1863.3697   341110         
    197   160     1718.0705   789                   1863.3697   342698         
    200   161    infeasible                         1863.3697   352731         
    203   164     1698.6243   835                   1863.3697   356056         
    205   166     1665.1287   816                   1863.3697   357998         
    208   167     1718.6397   779                   1863.3697   359393         
    211   170     1716.3964   802                   1863.3697   360826         
    213   172     1715.8650   863                   1863.3697   362465         
Elapsed time = 1595.73 sec. (2198785.05 ticks, tree = 41.13 MB, solutions = 0)
    214   173     1705.4310   757                   1863.3697   364233         
    217   174    infeasible                         1863.3697   367562         
    219   174    infeasible                         1863.3697   369083         
    223   176     1690.5487   747                   1863.3697   370210         
    227   178     1680.7962   716                   1863.3697   372531         
    229   180     1662.8867   775                   1863.3697   375447         
    231   182     1674.8025   787                   1863.3697   377243         
    234   185     1674.3624   718                   1863.3697   379709         
    235   186     1674.5110   702                   1863.3697   381102         
    236   187     1672.2728   649                   1863.3697   383127         
Elapsed time = 1641.58 sec. (2266883.57 ticks, tree = 45.07 MB, solutions = 0)
    237   188     1670.7716   602                   1863.3697   384419         
    240   187     1855.9022  2634                   1863.3242   388789         
    241   188     1854.8372  2649                   1863.3242   390774         
    242   189     1851.9046  2525                   1863.3242   394524         
    244   191     1851.5362  2506                   1863.3242   395818         
    245   192     1849.8570  2273                   1863.3242   398860         
    247   194     1841.1232  2077                   1863.3242   403351         
    248   195     1839.6549  2079                   1863.3242   405103         
    249   196     1840.6513  1941                   1863.3242   406081         
    251   198     1830.6894  1750                   1863.3242   409421         
Elapsed time = 1860.82 sec. (2569845.31 ticks, tree = 47.77 MB, solutions = 0)
    252   199     1829.1323  1781                   1863.3242   410872         
    253   200     1816.1760  1508                   1863.3242   413956         
    255   202     1815.1640  1455                   1863.3242   415109         
    256   203     1808.5660  1471                   1863.3242   417511         
    258   205     1801.5546  1473                   1863.3242   421707         
    259   206     1812.7828  1590                   1863.3242   423570         
    260   206     1792.9855  1562                   1863.3242   426376         
    263   209     1795.3858  1490                   1863.3242   431042         
    265   211     1802.5526  1688                   1863.3242   434137         
    266   212     1812.1211  1539                   1863.3242   435272         
Elapsed time = 1936.58 sec. (2673739.51 ticks, tree = 51.19 MB, solutions = 0)
    268   214     1799.3212  1480                   1863.3242   437539         
    270   216     1796.4196  1378                   1863.3242   439824         
    271   217     1795.2618  1505                   1863.3242   441275         
    272   218     1793.9759  1363                   1863.3242   442467         
    274   220     1779.4926  1288                   1863.3242   445865         
    276   222     1761.4668  1263                   1863.3242   450090         
    277   223     1783.6680  1377                   1863.3242   451549         
    278   224     1763.3513  1300                   1863.3242   456614         
    279   225     1783.3180  1425                   1863.3242   457259         
    280   226     1775.2795  1311                   1863.3242   458805         
Elapsed time = 2144.29 sec. (2908503.50 ticks, tree = 54.63 MB, solutions = 0)
    283   229     1771.1883  1280                   1863.3242   460764         
    285   231     1767.7881  1082                   1863.3242   462650         
    288   232     1730.1705  1001                   1863.3242   464841         
    291   235     1753.6856  1094                   1863.3242   467114         
    294   238     1765.0368  1061                   1863.3242   468310         
    295   239     1727.0331   908                   1863.3242   470970         
    297   241     1762.8565  1075                   1863.3242   472307         
    299   242     1760.8869  1078                   1863.3242   473616         
    302   244     1753.4466  1102                   1863.3242   475886         
    304   246     1751.2493   994                   1863.3242   477801         
Elapsed time = 2184.45 sec. (2966274.12 ticks, tree = 59.33 MB, solutions = 0)
    305   247     1734.6354   936                   1863.3242   479574         
    307   249     1716.0987   899                   1863.3242   482350         
    310   252     1734.0039   919                   1863.3242   484151         
    312   254     1720.7553   862                   1863.3242   486337         
    315   257     1747.9899   929                   1863.3242   487857         
    318   260     1683.3566   791                   1863.3242   493461         
    322   264     1726.9419   887                   1863.3242   495488         
    324   266     1731.4999   907                   1863.3242   497110         
    326   268     1694.9925   807                   1863.3242   499609         
    331   267     1852.4665  2438                   1863.1376   504632         
Elapsed time = 2244.64 sec. (3050818.00 ticks, tree = 64.83 MB, solutions = 0)
    332   268     1852.2443  2556                   1863.1376   505590         
    333   269     1834.1997  2474                   1863.1376   510228         
    334   270     1851.7808  2586                   1863.1376   511683         
    335   270     1839.3191  2385                   1863.1376   515315         
    337   270     1856.7537  2608                   1863.0341   520236         
    339   272     1856.4902  2634                   1863.0341   521755         
    340   273     1856.1348  2657                   1863.0341   522930         
    341   274     1855.6516  2718                   1863.0341   524084         
    342   275     1855.4756  2617                   1863.0341   524835         
    344   277     1855.2847  2638                   1863.0341   526060         
Elapsed time = 2384.97 sec. (3241266.92 ticks, tree = 67.29 MB, solutions = 0)
    345   278     1855.1696  2581                   1863.0341   526799         
    347   280     1855.0081  2558                   1863.0341   527899         
    348   281     1854.6929  2512                   1863.0341   529038         
    349   282     1854.3512  2680                   1863.0341   530147         
    351   284     1854.2074  2650                   1863.0341   531223         
    353   286     1854.0402  2602                   1863.0341   532391         
    355   288     1853.7997  2538                   1863.0341   533707         
    357   290     1853.3778  2570                   1863.0341   535144         
    359   292     1852.9910  2635                   1863.0341   536712         
    360   293     1852.7947  2668                   1863.0341   537646         
Elapsed time = 2429.03 sec. (3301031.91 ticks, tree = 71.18 MB, solutions = 0)
    362   295     1852.4481  2521                   1863.0341   539100         
    363   296     1852.0273  2644                   1863.0341   540225         
    364   297     1851.7261  2631                   1863.0341   541276         
    365   298     1851.3902  2526                   1863.0341   542596         
    366   299     1850.2758  2754                   1863.0341   544897         
    368   301     1850.0113  2757                   1863.0341   546072         
    370   303     1849.6536  2614                   1863.0341   547568         
    372   305     1849.2748  2735                   1863.0341   549066         
    374   307     1849.1699  2638                   1863.0341   549821         
    376   309     1848.9719  2667                   1863.0341   550835         
Elapsed time = 2477.41 sec. (3368563.68 ticks, tree = 75.07 MB, solutions = 0)
    378   311     1848.8570  2641                   1863.0341   551877         
    380   313     1848.7165  2656                   1863.0341   552941         
    382   315     1848.4016  2593                   1863.0341   554157         
    384   317     1848.1111  2507                   1863.0341   555075         
    385   318     1847.9954  2584                   1863.0341   555876         
    387   320     1847.7986  2662                   1863.0341   556953         
    389   322     1847.4634  2525                   1863.0341   558315         
    392   325     1847.2140  2610                   1863.0341   559193         
    394   327     1847.0571  2638                   1863.0341   559998         
    396   329     1846.8791  2605                   1863.0341   561094         
Elapsed time = 2573.44 sec. (3480170.99 ticks, tree = 79.93 MB, solutions = 0)
    398   331     1846.5756  2703                   1863.0341   562047         
    401   334     1846.1957  2633                   1863.0341   563241         
    403   336     1845.9829  2680                   1863.0341   564343         
    405   338     1845.7987  2640                   1863.0341   565231         
    407   340     1845.6693  2703                   1863.0341   566070         
    409   342     1845.4180  2698                   1863.0341   567185         
    412   345     1845.2732  2682                   1863.0341   568134         
    414   347     1845.0161  2678                   1863.0341   568958         
    416   349     1844.8252  2809                   1863.0341   569807         
    419   352     1844.7169  2753                   1863.0341   570932         
Elapsed time = 2608.92 sec. (3530094.47 ticks, tree = 85.52 MB, solutions = 0)
    421   354     1844.4413  2723                   1863.0341   572237         
    423   356     1844.2772  2690                   1863.0341   573156         
    425   358     1844.0394  2730                   1863.0341   574317         
    427   360     1843.9051  2719                   1863.0341   575071         
    429   362     1843.7708  2782                   1863.0341   575993         
    431   364     1843.6184  2764                   1863.0341   576961         
    433   366     1843.5524  2701                   1863.0341   577820         
    435   368     1843.4186  2696                   1863.0341   578766         
    437   370     1843.2810  2776                   1863.0341   579633         
    439   372     1843.1209  2799                   1863.0341   580667         
Elapsed time = 2643.70 sec. (3579310.08 ticks, tree = 90.39 MB, solutions = 0)
    441   374     1842.9697  2841                   1863.0341   581869         
    443   376     1842.8140  2830                   1863.0341   583042         
    445   378     1842.5509  2841                   1863.0341   584594         
    447   380     1842.4607  2862                   1863.0341   585386         
    449   382     1842.3237  2865                   1863.0341   586500         
    451   384     1842.1533  2880                   1863.0341   587461         
    453   386     1841.8501  2891                   1863.0341   588830         
    455   388     1841.6002  2789                   1863.0341   590087         
    457   390     1841.3223  2760                   1863.0341   591217         
    460   393     1841.2135  2866                   1863.0341   592243         
Elapsed time = 2685.46 sec. (3638097.41 ticks, tree = 95.50 MB, solutions = 0)
    463   396     1841.1149  2816                   1863.0341   593264         
    465   398     1840.7551  2810                   1863.0341   594847         
    467   400     1840.6348  2795                   1863.0341   595683         
    469   402     1840.5267  2869                   1863.0341   596442         
    471   404     1840.2793  2892                   1863.0341   597515         
    473   406     1840.1681  2884                   1863.0341   598305         
    475   408     1839.9707  2843                   1863.0341   599377         
    477   410     1839.8837  2838                   1863.0341   600248         

Performing restart 1

Repeating presolve.
Tried aggregator 1 time.
MIP Presolve eliminated 2 rows and 262 columns.
MIP Presolve modified 225734 coefficients.
Reduced MIP has 19654 rows, 240266 columns, and 1059456 nonzeros.
Reduced MIP has 240037 binaries, 0 generals, 0 SOSs, and 0 indicators.
Presolve time = 0.78 sec. (991.35 ticks)
Tried aggregator 2 times.
MIP Presolve eliminated 38 rows and 3479 columns.
MIP Presolve modified 2546 coefficients.
Aggregator did 26 substitutions.
Reduced MIP has 19590 rows, 236761 columns, and 1044244 nonzeros.
Reduced MIP has 236532 binaries, 0 generals, 0 SOSs, and 0 indicators.
Presolve time = 0.66 sec. (715.07 ticks)
Tried aggregator 1 time.
MIP Presolve eliminated 0 rows and 27 columns.
Reduced MIP has 19590 rows, 236734 columns, and 1044096 nonzeros.
Reduced MIP has 236505 binaries, 0 generals, 0 SOSs, and 0 indicators.
Presolve time = 0.62 sec. (574.42 ticks)
Represolve time = 36.62 sec. (41289.69 ticks)
    478     0     1863.2662  2638                   Cuts: 186   638339         
    478     0     1862.5652  2815                   Cuts: 516   640516         
    478     0     1862.1962  2803                   Cuts: 102   643151         
    478     0     1862.0900  2811                   Cuts: 505   643989         
    478     0     1861.6004  2864                    Cuts: 25   645981         
    478     0     1861.4827  2852                   Cuts: 204   646811         
    478     0     1861.2195  2863                   Cuts: 153   648219         
    478     0     1861.2056  2871                   Cuts: 867   648537         
    478     0     1861.0526  2852                    Cuts: 28   649433         
    478     0     1861.0033  2831                   Cuts: 121   650144         
    478     0     1860.5123  2934                   Cuts: 155   652174         
    478     0     1860.3653  2908                   Cuts: 239   653894         
    478     0     1859.8575  2990                   Cuts: 297   656325         
    478     0     1859.3514  2964                   Cuts: 314   659170         
    478     0     1859.3449  2982                   Cuts: 411   659427         
    478     0     1859.2054  2956                    Cuts: 12   660614         
    478     0     1859.0607  3018                   Cuts: 139   661971         
    478     0     1858.9602  3051                    Cuts: 95   663008         
    478     0     1858.8853  3046                    Cuts: 29   663959         
    478     0     1858.8325  3055                     Cuts: 5   664629         
    478     2     1858.8325  3055                   1858.8325   664629         
    479     3     1849.5505  2686                   1858.8325   670124         
Elapsed time = 3614.90 sec. (4921681.11 ticks, tree = 0.01 MB, solutions = 0)
    480     4     1858.8265  3022                   1858.8264   670329         
    481     5     1833.2797  2741                   1858.8264   678371         
    482     6     1858.6520  2931                   1858.6520   679851         
    484     8     1855.1881  2689                   1858.6518   686541         
    485     9     1858.5581  2963                   1858.6064   687447         
    486    10     1834.6829  2765                   1858.6064   694895         
    487    11     1858.5144  2968                   1858.6064   695480         
    489    13     1834.6369  2754                   1858.6064   702452         
    490    14     1850.3895  2699                   1858.6064   708649         
    491    15     1858.5069  2933                   1858.6064   708947         
Elapsed time = 3845.54 sec. (5230249.08 ticks, tree = 2.92 MB, solutions = 0)
    492    16     1858.4255  2953                   1858.6064   709693         
    493    17     1849.0243  2630                   1858.6064   716373         
    494    18     1858.4253  2945                   1858.6064   716426         
    495    19     1847.8472  2816                   1858.6064   724399         
    499    23     1858.4122  2882                   1858.6064   725179         
    501    25     1841.0206  2504                   1858.6064   735213         
    503    27     1857.5508  2901                   1858.6064   738078         
    504    28     1857.4731  3044                   1858.6064   741020         
    505    29     1847.6856  2640                   1858.6064   748126         
    507    31     1852.4167  2671                   1858.6064   752345         
Elapsed time = 4054.34 sec. (5521093.17 ticks, tree = 6.51 MB, solutions = 0)
    509    33     1851.1642  2451                   1858.6064   754504         
    511    35     1852.0923  2671                   1858.6064   756196         
    512    36     1834.9773  2110                   1858.6064   761881         
    514    38     1840.8731  2270                   1858.6064   767243         
    516    40     1835.8434  2457                   1858.6064   774467         
    519    43     1844.5517  2398                   1858.6064   779093         
    521    45     1837.4316  2434                   1858.6064   783228         
    523    47     1844.4281  2376                   1858.6064   788018         
    524    48     1846.2208  2336                   1858.6064   793481         
    526    50     1844.5941  2517                   1858.6064   799828         
Elapsed time = 4244.93 sec. (5776058.06 ticks, tree = 10.86 MB, solutions = 0)
    529    53     1828.6566  2376                   1858.6064   810269         
    533    57     1839.2223  2290                   1858.6064   816176         
    534    58     1847.4213  2302                   1858.6064   821098         
    536    60     1846.2335  2560                   1858.6064   827076         
    538    62     1851.8755  2662                   1858.6064   827933         
    539    63     1828.8201  2235                   1858.6064   832814         
    541    65     1851.8157  2676                   1858.6064   833701         
    542    66     1828.7741  2285                   1858.6064   838581         
    543    67     1849.1321  2465                   1858.6064   842021         
    545    69     1841.6981  2282                   1858.6064   848542         
Elapsed time = 4511.05 sec. (6132000.65 ticks, tree = 15.47 MB, solutions = 0)
    547    71     1850.8948  2574                   1858.6064   850595         
    548    72     1851.6642  2684                   1858.6064   851253         
    551    75     1844.8478  2489                   1858.6064   855753         
    555    79     1844.1835  2291                   1858.6064   861539         
    557    81     1832.9232  2284                   1858.6064   868276         
    558    82     1851.4331  2678                   1858.6064   869059         
    559    83     1846.7248  2508                   1858.6064   874573         
    561    85     1825.8387  2304                   1858.6064   881596         
    563    87     1839.8995  2207                   1858.6064   887817         
    566    90     1832.8066  2395                   1858.6064   893395         
Elapsed time = 4765.91 sec. (6472066.70 ticks, tree = 20.79 MB, solutions = 0)
    568    92     1846.6743  2416                   1858.6064   898091         
    570    94     1839.7536  2332                   1858.6064   904682         
    573    97     1843.9325  2436                   1858.6064   909270         
    575    99     1839.3194  2253                   1858.6064   914933         
    577   101     1833.8621  2501                   1858.6064   919324         
    580   104     1851.2671  2639                   1858.6064   920069         
    581   105     1847.8470  2375                   1858.6064   923601         
    582   106     1851.0373  2663                   1858.6064   924713         
    583   107     1845.4764  2568                   1858.6064   929446         
    585   109     1850.8180  2677                   1858.6064   930685         
Elapsed time = 5028.71 sec. (6827414.01 ticks, tree = 25.15 MB, solutions = 0)
    586   110     1837.1076  2126                   1858.6064   937236         
    587   111     1837.5350  2162                   1858.6064   944491         
    588   112     1850.6763  2660                   1858.6064   945257         
    589   113     1847.6679  2518                   1858.6064   949273         
    591   115     1850.4860  2657                   1858.6064   950148         
    592   116     1832.7959  2166                   1858.6064   956857         
    594   118     1838.9846  2288                   1858.6064   963588         
    597   121     1831.5627  2298                   1858.6064   968822         
    598   122     1850.3475  2601                   1858.6064   969635         
    599   123     1837.1035  2488                   1858.6064   977614         
Elapsed time = 5205.85 sec. (7065077.19 ticks, tree = 28.78 MB, solutions = 0)
    601   125     1843.6290  2506                   1858.6064   982857         
    603   127     1843.2322  2404                   1858.6064   987218         
    605   129     1846.2793  2521                   1858.6064   993371         
    607   131     1835.6087  2505                   1858.6064   999514         
    609   133     1836.9505  2485                   1858.6064  1005310         
    612   136     1833.2481  2152                   1858.6064  1011744         
    614   138     1837.7469  2319                   1858.6064  1017074         
    616   139     1836.3768  2143                   1858.6064  1022783         
    618   141     1840.6925  2414                   1858.6064  1028666         
    620   143     1849.9647  2656                   1858.6064  1029758         
Elapsed time = 5507.92 sec. (7477091.71 ticks, tree = 33.63 MB, solutions = 0)
    624   147     1841.3585  2396                   1858.6064  1035500         
    626   149     1842.3740  2312                   1858.6064  1040335         
    627   150     1849.7341  2624                   1858.6064  1041220         
    628   151     1845.5963  2492                   1858.6064  1046101         
    629   152     1829.1562  2390                   1858.6064  1052264         
    632   155     1848.6348  2592                   1858.6064  1055573         
    636   159     1833.7125  2293                   1858.6064  1062553         
    637   160     1849.6804  2616                   1858.6064  1062718         
    638   161     1837.2239  2260                   1858.6064  1068923         
    639   162     1849.4211  2581                   1858.6064  1070419         
Elapsed time = 5846.59 sec. (7890021.02 ticks, tree = 37.99 MB, solutions = 0)
    640   163     1840.9012  2269                   1858.6064  1074619         
    642   165     1844.0299  2327                   1858.6064  1078595         
    645   168     1849.3521  2586                   1858.6064  1079514         
    646   169     1837.1551  2348                   1858.6064  1084704         
    649   172     1834.3910  2426                   1858.6064  1090163         
    651   174     1835.7503  2201                   1858.6064  1095937         
    653   176     1837.1894  2355                   1858.6064  1101788         
    656   179     1833.8976  2307                   1858.6064  1108301         
    657   180     1849.3166  2556                   1858.6064  1108453         
    658   180     1834.8325  2092                   1858.6064  1114197         
Elapsed time = 6137.99 sec. (8265933.51 ticks, tree = 42.59 MB, solutions = 0)
    662   184     1837.8670  2227                   1858.6064  1119774         
    664   186     1838.4307  2118                   1858.6064  1125711         
    666   188     1843.9113  2101                   1858.6064  1130819         
    668   190     1842.4436  2205                   1858.6064  1135521         
    670   192     1842.4104  2231                   1858.6064  1140786         
    672   194     1833.7221  2257                   1858.6064  1146465         
    675   197     1841.2048  2305                   1858.6064  1151342         
    677   199     1845.5985  2377                   1858.6064  1156023         
    678   200     1849.1407  2591                   1858.6064  1156360         
    679   201     1844.9961  2350                   1858.6064  1161005         
Elapsed time = 6434.03 sec. (8666374.62 ticks, tree = 47.68 MB, solutions = 0)
    680   202     1843.4143  2221                   1858.6064  1163994         
    681   203     1844.4521  2319                   1858.6064  1165760         
    683   205     1837.8987  2048                   1858.6064  1171024         
    685   207     1842.6989  2267                   1858.6064  1173674         
    686   208     1831.8788  2184                   1858.6064  1177883         
    687   209     1829.9728  2121                   1858.6064  1184769         
    688   210     1842.2358  2307                   1858.6064  1186166         
    690   212     1842.0970  2215                   1858.6064  1186911         
    691   213     1834.4814  2045                   1858.6064  1193517         
    693   215     1836.6683  1935                   1858.6064  1198366         
Elapsed time = 6565.05 sec. (8844671.65 ticks, tree = 51.08 MB, solutions = 0)
    696   218     1828.3995  2066                   1858.6064  1203556         
    698   218     1840.0434  2154                   1858.6064  1206979         
    700   220     1831.2691  1935                   1858.6064  1211508         
    702   222     1830.7033  1911                   1858.6064  1215188         
    705   225     1821.9778  1733                   1858.6064  1221489         
    708   228     1832.7972  1915                   1858.6064  1226536         
    710   230     1829.6244  1820                   1858.6064  1231034         
    711   231     1839.8390  2243                   1858.6064  1231817         
    712   232     1833.3954  2103                   1858.6064  1237252         
    714   234     1831.1447  2051                   1858.6064  1242719         
Elapsed time = 6718.16 sec. (9049074.97 ticks, tree = 55.68 MB, solutions = 0)
    718   238     1830.2530  2015                   1858.6064  1248009         
    722   242     1835.7937  2066                   1858.6064  1252169         
    724   244     1827.5164  2124                   1858.6064  1258140         
    725   245     1823.8296  1924                   1858.6064  1261457         
    728   248     1833.3548  2268                   1858.6064  1265827         
    731   251     1831.2310  2025                   1858.6064  1269931         
    734   254     1831.8637  1958                   1858.6064  1275097         
    736   256     1835.0392  1908                   1858.6064  1279832         
    738   258     1833.4592  1962                   1858.6064  1284062         
    740   259     1837.3524  2210                   1858.6064  1287222         
Elapsed time = 6875.48 sec. (9264176.40 ticks, tree = 62.00 MB, solutions = 0)
    741   260     1830.7258  2144                   1858.6064  1291290         
    743   262     1824.0228  2065                   1858.6064  1296366         
    745   264     1827.7565  2145                   1858.6064  1299747         
    747   266     1820.2043  1991                   1858.6064  1305226         
    748   267     1830.0905  2139                   1858.6064  1306638         
    749   268     1825.4050  1883                   1858.6064  1310289         
    751   270     1828.1822  2000                   1858.6064  1313323         
    752   271     1828.7942  2108                   1858.6064  1315106         
    755   274     1817.8479  1921                   1858.6064  1320215         
    757   276     1811.4905  1745                   1858.6064  1324907         
Elapsed time = 7001.98 sec. (9439393.26 ticks, tree = 65.88 MB, solutions = 0)
    759   278     1828.6757  2090                   1858.6064  1325769         
    760   279     1820.4277  2029                   1858.6064  1330128         
    762   281     1793.0122  1836                   1858.6064  1336360         
    765   284     1828.6399  2069                   1858.6064  1336855         
    766   285     1814.7376  1956                   1858.6064  1340852         

GUB cover cuts applied:  22
Clique cuts applied:  8
Cover cuts applied:  14
Implied bound cuts applied:  12
Flow cuts applied:  74
Mixed integer rounding cuts applied:  375
Zero-half cuts applied:  97

Root node processing (before b&c):
  Real time             =  364.40 sec. (511855.92 ticks)
Sequential b&c:
  Real time             = 6835.60 sec. (9166180.71 ticks)
                          ------------
Total (root+branch&cut) = 7200.01 sec. (9678036.63 ticks)

CPLEX Sol status: Unknown
