Instance Name: ghsarp-10-5-0

K: 3
Dist Matrix: 
         0      1.746       11.3      7.308      5.062      2.966      5.634      8.868      13.54     11.984      11.06      2.026       8.26      6.458      5.116      0.776      8.202      7.522     12.364     11.604      4.844      7.918      3.234      6.344       5.66      4.482      8.674      4.216      2.982      7.286      2.944      2.944      2.944          0          0          0 
     1.746          0      9.868      5.918      4.246       2.24       3.92      8.748     12.126     10.584     12.746      3.684      6.772        5.2      5.094      1.284      6.532      5.896     11.274      9.984      3.138      6.222      4.548      5.046      5.204      3.734      6.952      4.928      2.198      8.168       1.87       1.87       1.87          0          0          0 
      11.3      9.868          0      3.992      6.804      11.23      6.508      8.514      2.258       0.78      22.14     12.512      3.118      4.924      8.672     10.536      4.228      4.352      3.432       2.45      8.356      4.734     12.136     10.762     13.362     11.886      4.832     10.718      8.448     17.854     10.618     10.618     10.618          0          0          0 
     7.308      5.918      3.992          0      3.086      7.482       3.13      6.664      6.234       4.68      18.18      8.558      1.152      1.064        5.3      6.542      2.562      1.834      5.648      4.764       4.98      2.816      8.322      7.806      9.928      8.368      3.616      7.122      4.472     14.014      6.874      6.874      6.874          0          0          0 
     5.062      4.246      6.804      3.086          0       6.37      4.028      4.956      8.924      7.376     15.416      5.832       4.24      2.022      2.326        4.3      5.232       4.38      7.332       7.85       5.16      5.264      5.332      8.074      9.252      7.682      6.168      4.036       2.12      12.28      5.852      5.852      5.852          0          0          0 
     2.966       2.24      11.23      7.482       6.37          0      4.774     10.986     13.474     11.986     12.602      4.888      8.122      6.968      7.332      3.084      7.392      6.956      13.06     10.894      3.156      6.976        6.2      3.506      2.964      1.552      7.506       6.98       4.41      6.646       0.61       0.61       0.61          0          0          0 
     5.634       3.92      6.508       3.13      4.028      4.774          0      8.848       8.73      7.278     16.666      7.398       3.46      3.144      6.202      5.002      2.662      2.184      8.738      6.166      1.886       2.31      7.786      4.682        6.9      5.388       3.04      7.292       3.75     11.422       4.17       4.17       4.17          0          0          0 
     8.868      8.748      8.514      6.664      4.956     10.986      8.848          0      9.874      8.678     16.924      8.558      7.562      5.948      3.754      8.268      9.228      8.468      6.784      10.55     10.116      9.454       7.18     13.024     13.946     12.426      10.28       5.26       6.59     16.018      10.55      10.55      10.55          0          0          0 
     13.54     12.126      2.258      6.234      8.924     13.474       8.73      9.874          0       1.56      24.32     14.698      5.374      7.124     10.626     12.772      6.326      6.556       3.48      3.528     10.554      6.822      14.24      12.84      15.54     14.088      6.756     12.726      10.66     20.106     12.864     12.864     12.864          0          0          0 
    11.984     10.584       0.78       4.68      7.376     11.986      7.278      8.678       1.56          0     22.764      13.14      3.866      5.562      9.138     11.216      5.006      5.128      2.996      2.906       9.13      5.512       12.7      11.54      14.14      12.66      5.584      11.22        9.1     18.602     11.376     11.376     11.376          0          0          0 
     11.06     12.746      22.14      18.18     15.416     12.602     16.666     16.924      24.32     22.764          0      9.628     19.218     17.216     14.124     11.762      19.26     18.576     22.522     22.652     15.562     18.966     10.224     15.742     13.072     13.264      19.69     12.016      13.71      8.366      13.04      13.04      13.04          0          0          0 
     2.026      3.684     12.512      8.558      5.832      4.888      7.398      8.558     14.698      13.14      9.628          0      9.614      7.588      5.012      2.432       9.84      9.092     13.096     13.114       6.82      9.612      1.656       8.34      7.306      6.332      10.42      3.352      4.094      7.574      4.944      4.944      4.944          0          0          0 
      8.26      6.772      3.118      1.152       4.24      8.122       3.46      7.562      5.374      3.866     19.218      9.614          0      2.218      6.444       7.51      1.872      1.478        5.4      3.614       5.34      2.282      9.444      7.964      10.36      8.846      2.894      8.276       5.52     14.738       7.51       7.51       7.51          0          0          0 
     6.458        5.2      4.924      1.064      2.022      6.968      3.144      5.948      7.124      5.562     17.216      7.588      2.218          0      4.254      5.682      3.406      2.584      6.102      5.828       4.83      3.552      7.282      7.766      9.592      8.008      4.422      6.058      3.536     13.364      6.378      6.378      6.378          0          0          0 
     5.116      5.094      8.672        5.3      2.326      7.332      6.202      3.754     10.626      9.138     14.124      5.012      6.444      4.254          0      4.518      7.556      6.704       8.42     10.012      6.994       7.59      3.922      9.732     10.296      8.822      8.494       2.14      3.054     12.312      6.944      6.944      6.944          0          0          0 
     0.776      1.284     10.536      6.542        4.3      3.084      5.002      8.268     12.772     11.216     11.762      2.432       7.51      5.682      4.518          0       7.52      6.816      11.59      10.89      4.412      7.258      3.286      6.242      5.954      4.636      8.038        3.9      2.208      8.008      2.904      2.904      2.904          0          0          0 
     8.202      6.532      4.228      2.562      5.232      7.392      2.662      9.228      6.326      5.006      19.26       9.84      1.872      3.406      7.556       7.52          0       0.85      7.082      3.508      4.314      0.506      9.982      6.536       9.23       7.82      1.058      9.122      5.882     14.026      6.798      6.798      6.798          0          0          0 
     7.522      5.896      4.352      1.834       4.38      6.956      2.184      8.468      6.556      5.128     18.576      9.092      1.478      2.584      6.704      6.816       0.85          0      6.876      4.088      4.004      0.986      9.176       6.51       9.01      7.536      1.838      8.278      5.088     13.604       6.35       6.35       6.35          0          0          0 
    12.364     11.274      3.432      5.648      7.332      13.06      8.738      6.784       3.48      2.996     22.522     13.096        5.4      6.102       8.42      11.59      7.082      6.876          0      5.856     10.614      7.566     12.298      13.35     15.576     14.014      7.912     10.556      9.382     19.444     12.462     12.462     12.462          0          0          0 
    11.604      9.984       2.45      4.764       7.85     10.894      6.166      10.55      3.528      2.906     22.652     13.114      3.614      5.828     10.012      10.89      3.508      4.088      5.856          0      7.784       3.92      13.04      9.676     12.578     11.238      3.548     11.888      9.044     17.516     10.302     10.302     10.302          0          0          0 
     4.844      3.138      8.356       4.98       5.16      3.156      1.886     10.116     10.554       9.13     15.562       6.82       5.34       4.83      6.994      4.412      4.314      4.004     10.614      7.784          0      3.866      7.594      2.964       5.02      3.532      4.352      7.578       4.06      9.732        2.6        2.6        2.6          0          0          0 
     7.918      6.222      4.734      2.816      5.264      6.976       2.31      9.454      6.822      5.512     18.966      9.612      2.282      3.552       7.59      7.258      0.506      0.986      7.566       3.92      3.866          0      9.834       6.03      8.748      7.352      0.904      9.066      5.728     13.594      6.388      6.388      6.388          0          0          0 
     3.234      4.548     12.136      8.322      5.332        6.2      7.786       7.18      14.24       12.7     10.224      1.656      9.444      7.282      3.922      3.286      9.982      9.176     12.298      13.04      7.594      9.834          0      9.514      8.818      7.714     10.698      1.924      4.106      9.172      6.136      6.136      6.136          0          0          0 
     6.344      5.046     10.762      7.806      8.074      3.506      4.682     13.024      12.84      11.54     15.742       8.34      7.964      7.766      9.732      6.242      6.536       6.51      13.35      9.676      2.964       6.03      9.514          0      3.156      2.476      6.142       9.95      6.688      8.632        3.4        3.4        3.4          0          0          0 
      5.66      5.204     13.362      9.928      9.252      2.964        6.9     13.946      15.54      14.14     13.072      7.306      10.36      9.592     10.296      5.954       9.23       9.01     15.576     12.578       5.02      8.748      8.818      3.156          0      1.588      9.032      9.838       7.36      5.514      3.408      3.408      3.408          0          0          0 
     4.482      3.734     11.886      8.368      7.682      1.552      5.388     12.426     14.088      12.66     13.264      6.332      8.846      8.008      8.822      4.636       7.82      7.536     14.014     11.238      3.532      7.352      7.714      2.476      1.588          0      7.722      8.534      5.836      6.412       1.88       1.88       1.88          0          0          0 
     8.674      6.952      4.832      3.616      6.168      7.506       3.04      10.28      6.756      5.584      19.69      10.42      2.894      4.422      8.494      8.038      1.058      1.838      7.912      3.548      4.352      0.904     10.698      6.142      9.032      7.722          0      9.964      6.594      14.06      6.938      6.938      6.938          0          0          0 
     4.216      4.928     10.718      7.122      4.036       6.98      7.292       5.26     12.726      11.22     12.016      3.352      8.276      6.058       2.14        3.9      9.122      8.278     10.556     11.888      7.578      9.066      1.924       9.95      9.838      8.534      9.964          0      3.584     10.916      6.752      6.752      6.752          0          0          0 
     2.982      2.198      8.448      4.472       2.12       4.41       3.75       6.59      10.66        9.1      13.71      4.094       5.52      3.536      3.054      2.208      5.882      5.088      9.382      9.044       4.06      5.728      4.106      6.688       7.36      5.836      6.594      3.584          0      10.16       3.96       3.96       3.96          0          0          0 
     7.286      8.168     17.854     14.014      12.28      6.646     11.422     16.018     20.106     18.602      8.366      7.574     14.738     13.364     12.312      8.008     14.026     13.604     19.444     17.516      9.732     13.594      9.172      8.632      5.514      6.412      14.06     10.916      10.16          0      7.254      7.254      7.254          0          0          0 
     2.944       1.87     10.618      6.874      5.852       0.61       4.17      10.55     12.864     11.376      13.04      4.944       7.51      6.378      6.944      2.904      6.798       6.35     12.462     10.302        2.6      6.388      6.136        3.4      3.408       1.88      6.938      6.752       3.96      7.254          0          0          0          0          0          0 
     2.944       1.87     10.618      6.874      5.852       0.61       4.17      10.55     12.864     11.376      13.04      4.944       7.51      6.378      6.944      2.904      6.798       6.35     12.462     10.302        2.6      6.388      6.136        3.4      3.408       1.88      6.938      6.752       3.96      7.254          0          0          0          0          0          0 
     2.944       1.87     10.618      6.874      5.852       0.61       4.17      10.55     12.864     11.376      13.04      4.944       7.51      6.378      6.944      2.904      6.798       6.35     12.462     10.302        2.6      6.388      6.136        3.4      3.408       1.88      6.938      6.752       3.96      7.254          0          0          0          0          0          0 
         0          0          0          0          0          0          0          0          0          0          0          0          0          0          0          0          0          0          0          0          0          0          0          0          0          0          0          0          0          0          0          0          0          0          0          0 
         0          0          0          0          0          0          0          0          0          0          0          0          0          0          0          0          0          0          0          0          0          0          0          0          0          0          0          0          0          0          0          0          0          0          0          0 
         0          0          0          0          0          0          0          0          0          0          0          0          0          0          0          0          0          0          0          0          0          0          0          0          0          0          0          0          0          0          0          0          0          0          0          0 
Version identifier: 22.1.1.0 | 2022-11-28 | 9160aff4d
CPXPARAM_Threads                                 1
CPXPARAM_TimeLimit                               7200
Tried aggregator 2 times.
MIP Presolve eliminated 694 rows and 1523 columns.
MIP Presolve modified 566 coefficients.
Aggregator did 16 substitutions.
Reduced MIP has 137 rows, 321 columns, and 990 nonzeros.
Reduced MIP has 313 binaries, 0 generals, 0 SOSs, and 0 indicators.
Presolve time = 0.01 sec. (3.63 ticks)
Found incumbent of value 14.475680 after 0.01 sec. (5.78 ticks)
Probing time = 0.00 sec. (1.30 ticks)
Cover probing fixed 0 vars, tightened 1 bounds.
Tried aggregator 2 times.
Detecting symmetries...
MIP Presolve eliminated 8 rows and 16 columns.
MIP Presolve modified 29 coefficients.
Aggregator did 3 substitutions.
Reduced MIP has 126 rows, 302 columns, and 913 nonzeros.
Reduced MIP has 295 binaries, 0 generals, 0 SOSs, and 0 indicators.
Presolve time = 0.00 sec. (1.30 ticks)
Probing time = 0.00 sec. (1.12 ticks)
Clique table members: 687.
MIP emphasis: balance optimality and feasibility.
MIP search method: dynamic search.
Parallel mode: none, using 1 thread.
Root relaxation solution time = 0.00 sec. (0.83 ticks)

        Nodes                                         Cuts/
   Node  Left     Objective  IInf  Best Integer    Best Bound    ItCnt     Gap

*     0+    0                           14.4757       51.4026           255.10%
*     0     0      integral     0       34.9770       34.9770      115    0.00%
Elapsed time = 0.02 sec. (11.27 ticks, tree = 0.00 MB, solutions = 2)

Root node processing (before b&c):
  Real time             =    0.02 sec. (11.34 ticks)
Sequential b&c:
  Real time             =    0.00 sec. (0.00 ticks)
                          ------------
Total (root+branch&cut) =    0.02 sec. (11.34 ticks)

Sol status: Optimal
 Total Time: 0.01
 LB: 34.977
 UB: 34.977
Initializing solStats

Obj Val: 34.97696

Solve Time: 0.01
b(0): 13.6166666666667
b(1): 12.2333333333333
b(2): 14.4
b(3): 10.1
b(4): 16.4
b(5): 11.2166666666667
b(6): 16.9666666666667
b(7): 9.63333333333333
b(8): 14.1666666666667
b(9): 16.9166666666667
b(10): 14.0213010103907
b(11): 12.4065203690343
b(12): 14.5593821509181
b(13): 10.2092845655047
b(14): 16.5400650683244
b(15): 11.3752195488876
b(16): 17.2815935276066
b(17): 9.94313836250652
b(18): 14.3348780901844
b(19): 17.2375447500218
b(20): 13
b(21): 14.6166666666667
b(22): 14.6166666666667
b(23): 14.8666666666667
b(24): 14.0166666666667
b(25): 14.1833333333333
b(26): 15.7333333333333
b(27): 15.75
b(28): 16.1166666666667
b(29): 15.25
b(30): 9
b(31): 9
b(32): 9
b(33): 19
b(34): 19
b(35): 19


Customer profit: 75.50756
Parcel profit: 0
Costs: 40.5306
Without fixed: 40.5306

Solution: 
Vehicle 0: 30 - 7 - 17 - 2 - 12 - 4 - 14 - 6 - 16 - 33 - Total time: 8.2815935276066
Vehicle 1: 31 - 5 - 15 - 1 - 11 - 0 - 10 - 34 - Total time: 5.02130101039074
Vehicle 2: 32 - 3 - 13 - 8 - 18 - 9 - 19 - 35 - Total time: 8.23754475002183

Vehicle 0: d - D - d - P - d - P - d - D - f
Vehicle 1: d - D - d - P - d - P - f
Vehicle 2: d - P - d - D - d - D - f

************************************
Final solution value: 34.97696
************************************

Total distance: 88.11

Total passenger distance: 41.852

Total parcel distance: 0

Total combined transportation distance: 0

Total idle distance: 46.258
File exists: 0
CSV file 'TreatResults/FullResults/fip1ADghsarpS.csv' generated successfully!
Instance Name: ghsarp-10-5-1

K: 3
Dist Matrix: 
         0      12.94     12.572      8.408      4.732      9.644      8.788      1.006        0.9      9.362     10.874      10.01      6.602       11.2      4.204      5.952       8.95      5.154       4.55       7.54      2.012      7.732      8.576     12.832      7.964      7.908     11.708     10.896       8.18      3.288      8.252      8.252      8.252          0          0          0 
     12.94          0      0.384      5.546     17.472       6.16       21.4      12.16     12.336       7.24     21.514      3.234      6.924      9.516     17.004      7.068      21.71     15.984     11.366      6.804     12.412      8.202      8.166     25.694     13.102     19.544      4.288     11.186     21.116      11.83       4.83       4.83       4.83          0          0          0 
    12.572      0.384          0      5.168     17.116      5.992     21.052     11.788     11.976       7.07     21.132      2.946      6.608      9.226     16.646      6.716     21.358     15.598     11.062      6.534     12.068      7.834      7.814      25.32     12.736     19.222      4.032     10.876      20.75     11.444      4.496      4.496      4.496          0          0          0 
     8.408      5.546      5.168          0     13.138      6.942     17.192       7.47      8.054       7.68     15.988      4.218      4.832      5.476     12.612       3.89     17.352     10.584      8.658      5.752       8.58      2.784      3.042     20.698      7.654     15.948      3.312      6.642     16.432      6.544      3.484      3.484      3.484          0          0          0 
     4.732     17.472     17.116     13.138          0     13.352      4.056      5.696      5.164     12.792     10.314     14.402     10.766     15.588      0.562     10.404       4.25      6.502      7.136     11.436      5.142      12.33     13.146      8.956     11.418      3.974     16.442         15      3.934      7.464     12.676     12.676     12.676          0          0          0 
     9.644       6.16      5.992      6.942     13.352          0      16.89      9.262        8.8       1.08     20.072      3.434       3.32     12.414     13.002      4.528     17.368     14.156      6.334      2.144      8.302      9.334      9.856     22.204     13.556       14.5      8.582     13.524     17.262       10.2       3.46       3.46       3.46          0          0          0 
     8.788       21.4     21.052     17.192      4.056      16.89          0      9.752       9.18     16.206      11.59     18.272     14.582     19.508      4.596      14.34      0.854      9.624     10.554     15.116      8.988      16.35     17.152       6.71         15       3.26     20.496     18.794      2.772     11.418     16.576     16.576     16.576          0          0          0 
     1.006      12.16     11.788       7.47      5.696      9.262      9.752          0      1.284      9.088      10.94      9.324      6.086     10.204      5.156      5.288      9.884      5.068      4.794      7.124      2.518      6.726      7.568      13.54      7.166      8.914      10.76       9.94      9.014      2.416      7.566      7.566      7.566          0          0          0 
       0.9     12.336     11.976      8.054      5.164        8.8       9.18      1.284          0      8.488     11.772      9.334      5.832      11.27      4.676      5.288      9.414      6.024       3.68      6.714      1.244       7.68       8.54     13.556      8.448      7.982     11.368     11.114      8.802       3.69      7.584      7.584      7.584          0          0          0 
     9.362       7.24       7.07       7.68     12.792       1.08     16.206      9.088      8.488          0     19.996      4.452       3.51     13.152     12.476      4.806      16.72     14.084       5.68      2.252      7.854      9.916     10.498     21.708     13.912     13.704      9.544     14.168     16.724     10.268      4.214      4.214      4.214          0          0          0 
    10.874     21.514     21.132     15.988     10.314     20.072      11.59      10.94     11.772     19.996          0     19.362     16.776      14.67     10.086     15.712     10.906      5.916     15.386      17.93      12.79      13.57     13.938      8.712       9.17     13.782     18.484     13.078      8.836      9.986      17.73      17.73      17.73          0          0          0 
     10.01      3.234      2.946      4.218     14.402      3.434     18.272      9.324      9.334      4.452     19.362          0      3.716      9.466     13.958      4.056     18.618     13.602      8.132      3.594       9.29      6.954       7.26      22.84     11.686      16.33       5.18      10.81     18.136      9.416       1.76       1.76       1.76          0          0          0 
     6.602      6.924      6.608      4.832     10.766       3.32     14.582      6.086      5.832       3.51     16.776      3.716          0     10.108     10.346      1.304     14.952     10.868      4.476      1.258      5.628       6.62      7.294     19.386     10.406     12.618       7.52     10.918     14.574       6.88      2.164      2.164      2.164          0          0          0 
      11.2      9.516      9.226      5.476     15.588     12.414     19.508     10.204      11.27     13.152      14.67      9.466     10.108          0     15.024      8.952     19.436      10.76      13.18     11.152     12.224       3.75       2.92     21.368      5.544       19.1      5.278      1.842      18.02      8.124       8.96       8.96       8.96          0          0          0 
     4.204     17.004     16.646     12.612      0.562     13.002      4.596      5.156      4.676     12.476     10.086     13.958     10.346     15.024          0      9.942       4.75      6.034      6.854     11.054       4.74     11.772     12.588      9.234     10.876      4.468     15.912      14.44       4.26        6.9     12.222     12.222     12.222          0          0          0 
     5.952      7.068      6.716       3.89     10.404      4.528      14.34      5.288      5.288      4.806     15.712      4.056      1.304      8.952      9.942          0     14.642      9.834      4.848      2.554      5.364       5.38      6.092     18.784      9.106     12.636       6.89      9.676      14.09      5.746      2.298      2.298      2.298          0          0          0 
      8.95      21.71     21.358     17.352       4.25     17.368      0.854      9.884      9.414      16.72     10.906     18.618     14.952     19.436       4.75     14.642          0       9.31     11.048     15.544      9.328     16.378     17.164      5.882     14.774      4.082     20.644     18.648      2.074     11.404     16.902     16.902     16.902          0          0          0 
     5.154     15.984     15.598     10.584      6.502     14.156      9.624      5.068      6.024     14.084      5.916     13.602     10.868      10.76      6.034      9.834       9.31          0      9.702     12.016      7.154      8.556      9.138     10.626      5.572     10.474     13.452      9.644      7.566      4.188     11.922     11.922     11.922          0          0          0 
      4.55     11.366     11.062      8.658      7.136      6.334     10.554      4.794       3.68       5.68     15.386      8.132      4.476      13.18      6.854      4.848     11.048      9.702          0      4.676      2.596       9.43     10.266     16.084     11.568      8.262     11.738     13.474     11.072       6.92       6.64       6.64       6.64          0          0          0 
      7.54      6.804      6.534      5.752     11.436      2.144     15.116      7.124      6.714      2.252      17.93      3.594      1.258     11.152     11.054      2.554     15.544     12.016      4.676          0      6.318      7.768      8.402     20.202      11.66     12.938      8.104     12.054      15.31       8.09      2.532      2.532      2.532          0          0          0 
     2.012     12.412     12.068       8.58      5.142      8.302      8.988      2.518      1.244      7.854      12.79       9.29      5.628     12.224       4.74      5.364      9.328      7.154      2.596      6.318          0      8.552      9.416     13.902      9.662      7.374      11.87      12.18      8.992        4.9      7.588      7.588      7.588          0          0          0 
     7.732      8.202      7.834      2.784      12.33      9.334      16.35      6.726       7.68      9.916      13.57      6.954       6.62       3.75     11.772       5.38     16.378      8.556       9.43      7.768      8.552          0      0.862     19.048      4.904     15.626       4.94      4.298     15.178      5.002      5.932      5.932      5.932          0          0          0 
     8.576      8.166      7.814      3.042     13.146      9.856     17.152      7.568       8.54     10.498     13.938       7.26      7.294       2.92     12.588      6.092     17.164      9.138     10.266      8.402      9.416      0.862          0     19.696      5.014     16.476       4.56      3.672     15.924      5.764       6.41       6.41       6.41          0          0          0 
    12.832     25.694      25.32     20.698      8.956     22.204       6.71      13.54     13.556     21.708      8.712      22.84     19.386     21.368      9.234     18.784      5.882     10.626     16.084     20.202     13.902     19.048     19.696          0     15.996      9.964      23.81     20.144       5.04      14.19      21.08      21.08      21.08          0          0          0 
     7.964     13.102     12.736      7.654     11.418     13.556         15      7.166      8.448     13.912       9.17     11.686     10.406      5.544     10.876      9.106     14.774      5.572     11.568      11.66      9.662      4.904      5.014     15.996          0     15.286      9.548       4.15     13.118       4.76     10.402     10.402     10.402          0          0          0 
     7.908     19.544     19.222     15.948      3.974       14.5       3.26      8.914      7.982     13.704     13.782      16.33     12.618       19.1      4.468     12.636      4.082     10.474      8.262     12.938      7.374     15.626     16.476      9.964     15.286          0     19.244     18.686      5.516     11.038     14.732     14.732     14.732          0          0          0 
    11.708      4.288      4.032      3.312     16.442      8.582     20.496      10.76     11.368      9.544     18.484       5.18       7.52      5.278     15.912       6.89     20.644     13.452     11.738      8.104      11.87       4.94       4.56      23.81      9.548     19.244          0       7.02     19.672       9.62      5.572      5.572      5.572          0          0          0 
    10.896     11.186     10.876      6.642         15     13.524     18.794       9.94     11.114     14.168     13.078      10.81     10.918      1.842      14.44      9.676     18.648      9.644     13.474     12.054      12.18      4.298      3.672     20.144       4.15     18.686       7.02          0     17.102      7.654     10.072     10.072     10.072          0          0          0 
      8.18     21.116      20.75     16.432      3.934     17.262      2.772      9.014      8.802     16.724      8.836     18.136     14.574      18.02       4.26      14.09      2.074      7.566     11.072      15.31      8.992     15.178     15.924       5.04     13.118      5.516     19.672     17.102          0     10.178     16.386     16.386     16.386          0          0          0 
     3.288      11.83     11.444      6.544      7.464       10.2     11.418      2.416       3.69     10.268      9.986      9.416       6.88      8.124        6.9      5.746     11.404      4.188       6.92       8.09        4.9      5.002      5.764      14.19       4.76     11.038       9.62      7.654     10.178          0      7.752      7.752      7.752          0          0          0 
     8.252       4.83      4.496      3.484     12.676       3.46     16.576      7.566      7.584      4.214      17.73       1.76      2.164       8.96     12.222      2.298     16.902     11.922       6.64      2.532      7.588      5.932       6.41      21.08     10.402     14.732      5.572     10.072     16.386      7.752          0          0          0          0          0          0 
     8.252       4.83      4.496      3.484     12.676       3.46     16.576      7.566      7.584      4.214      17.73       1.76      2.164       8.96     12.222      2.298     16.902     11.922       6.64      2.532      7.588      5.932       6.41      21.08     10.402     14.732      5.572     10.072     16.386      7.752          0          0          0          0          0          0 
     8.252       4.83      4.496      3.484     12.676       3.46     16.576      7.566      7.584      4.214      17.73       1.76      2.164       8.96     12.222      2.298     16.902     11.922       6.64      2.532      7.588      5.932       6.41      21.08     10.402     14.732      5.572     10.072     16.386      7.752          0          0          0          0          0          0 
         0          0          0          0          0          0          0          0          0          0          0          0          0          0          0          0          0          0          0          0          0          0          0          0          0          0          0          0          0          0          0          0          0          0          0          0 
         0          0          0          0          0          0          0          0          0          0          0          0          0          0          0          0          0          0          0          0          0          0          0          0          0          0          0          0          0          0          0          0          0          0          0          0 
         0          0          0          0          0          0          0          0          0          0          0          0          0          0          0          0          0          0          0          0          0          0          0          0          0          0          0          0          0          0          0          0          0          0          0          0 
Version identifier: 22.1.1.0 | 2022-11-28 | 9160aff4d
CPXPARAM_Threads                                 1
CPXPARAM_TimeLimit                               7200
Tried aggregator 2 times.
MIP Presolve eliminated 693 rows and 1520 columns.
MIP Presolve modified 563 coefficients.
Aggregator did 16 substitutions.
Reduced MIP has 138 rows, 324 columns, and 1001 nonzeros.
Reduced MIP has 316 binaries, 0 generals, 0 SOSs, and 0 indicators.
Presolve time = 0.00 sec. (3.71 ticks)
Found incumbent of value 8.917520 after 0.01 sec. (5.78 ticks)
Probing time = 0.00 sec. (1.32 ticks)
Cover probing fixed 0 vars, tightened 1 bounds.
Tried aggregator 2 times.
Detecting symmetries...
MIP Presolve eliminated 8 rows and 16 columns.
MIP Presolve modified 29 coefficients.
Aggregator did 3 substitutions.
Reduced MIP has 127 rows, 305 columns, and 924 nonzeros.
Reduced MIP has 298 binaries, 0 generals, 0 SOSs, and 0 indicators.
Presolve time = 0.00 sec. (1.31 ticks)
Probing time = 0.00 sec. (1.13 ticks)
Clique table members: 730.
MIP emphasis: balance optimality and feasibility.
MIP search method: dynamic search.
Parallel mode: none, using 1 thread.
Root relaxation solution time = 0.00 sec. (0.52 ticks)

        Nodes                                         Cuts/
   Node  Left     Objective  IInf  Best Integer    Best Bound    ItCnt     Gap

*     0+    0                            8.9175       53.5072           500.02%
*     0     0      integral     0       34.7658       34.7658       77    0.00%
Elapsed time = 0.02 sec. (11.02 ticks, tree = 0.00 MB, solutions = 2)

Root node processing (before b&c):
  Real time             =    0.02 sec. (11.09 ticks)
Sequential b&c:
  Real time             =    0.00 sec. (0.00 ticks)
                          ------------
Total (root+branch&cut) =    0.02 sec. (11.09 ticks)

Sol status: Optimal
 Total Time: 0.02
 LB: 34.7658
 UB: 34.7658
Initializing solStats

Obj Val: 34.76584

Solve Time: 0.02
b(0): 10.6833333333333
b(1): 11.5
b(2): 13.8333333333333
b(3): 17.2833333333333
b(4): 15.8833333333333
b(5): 14.2
b(6): 16.9166666666667
b(7): 9.7
b(8): 14.75
b(9): 11.8
b(10): 11.0811627956892
b(11): 11.6622114205909
b(12): 14.0778374769939
b(13): 17.6668943740948
b(14): 15.9803739904263
b(15): 14.3937724115963
b(16): 17.18749594512
b(17): 9.90694314972836
b(18): 14.9230894746778
b(19): 11.9382601893952
b(20): 12.85
b(21): 16.1
b(22): 14.9166666666667
b(23): 14.0333333333333
b(24): 16.5833333333333
b(25): 14.1166666666667
b(26): 17.3166666666667
b(27): 16.1
b(28): 15.25
b(29): 17.7833333333333
b(30): 9
b(31): 9
b(32): 9
b(33): 19
b(34): 19
b(35): 19


Customer profit: 76.83008
Parcel profit: 0
Costs: 42.06424
Without fixed: 42.06424

Solution: 
Vehicle 0: 30 - 1 - 11 - 2 - 12 - 8 - 18 - 4 - 14 - 6 - 16 - 33 - Total time: 8.18749594511998
Vehicle 1: 31 - 9 - 19 - 5 - 15 - 3 - 13 - 34 - Total time: 8.66689437409482
Vehicle 2: 32 - 7 - 17 - 0 - 10 - 35 - Total time: 2.08116279568917

Vehicle 0: d - P - d - P - d - D - d - P - d - D - f
Vehicle 1: d - D - d - D - d - P - f
Vehicle 2: d - D - d - P - f

************************************
Final solution value: 34.76584
************************************

Total distance: 91.444

Total passenger distance: 43.136

Total parcel distance: 0

Total combined transportation distance: 0

Total idle distance: 48.308
File exists: 1
partial: 
CSV file 'TreatResults/FullResults/fip1ADghsarpS.csv' generated successfully!
Instance Name: ghsarp-10-5-2

K: 3
Dist Matrix: 
         0     14.816     13.492     15.494     16.284     19.106      12.36     15.906      8.924     13.424      9.924      8.944      14.78     15.072     20.826     13.974     12.024     13.564      3.574      12.11     15.926      9.782      9.932      10.14     12.442     13.632     12.992     14.234      7.424      9.024       4.82       4.82       4.82          0          0          0 
    14.816          0     14.266      6.072      6.194      15.41      4.762      1.752      6.718      3.472      5.426      6.042     10.934       7.01      8.252     14.104     10.654      1.264     17.996      5.758      3.266      8.312      9.104      7.494      3.864      1.284      2.704      1.834      14.78      5.946     13.956     13.956     13.956          0          0          0 
    13.492     14.266          0       9.47      10.04      6.056     16.234     13.782     14.328      16.06     13.974     13.012      4.356      8.298     14.026      0.634     20.346     13.748     13.932      8.526     12.358       6.75     17.734      7.382     15.486     14.038     11.628     15.352        6.6     12.974      8.786      8.786      8.786          0          0          0 
    15.494      6.072       9.47          0      0.808        9.4      10.04      4.886     10.254      9.134      9.158      8.956      5.404       1.18      5.512      9.126     15.708      6.268      17.87      3.392      3.174      6.024      13.58       5.45       9.08       6.56       4.41       7.75      12.42       8.86     12.736     12.736     12.736          0          0          0 
    16.284      6.194      10.04      0.808          0      9.514       10.4       4.83      10.83      9.408      9.696      9.564      5.858       1.78      4.704      9.664      16.15      6.544      18.68      4.174      3.066      6.834      14.09      6.258      9.434      6.824      4.852      7.946     13.204      9.468     13.544     13.544     13.544          0          0          0 
    19.106      15.41      6.056        9.4      9.514          0      18.78     14.284     17.856     18.156     17.124     16.448       5.04        8.4      11.68      5.444     23.866     15.388     19.902     10.592     12.544     10.494       21.4     10.742     17.878     15.692     13.278      16.97     12.612      16.38     14.604     14.604     14.604          0          0          0 
     12.36      4.762     16.234      10.04       10.4      18.78          0      6.514      3.442       1.45      2.716      3.898     13.874     10.678     13.012      16.25        5.9      3.922     15.866      8.218      7.842      9.518      4.482      8.852      0.966      3.686      5.652      3.062       14.7       3.87     13.088     13.088     13.088          0          0          0 
    15.906      1.752     13.782      4.886       4.83     14.284      6.514          0       8.25       5.22      6.956       7.41     10.106      5.964        6.5     13.548     12.406      2.786     18.938      5.544      1.764      8.416      10.82      7.606      5.606      2.922      3.016       3.56     15.088       7.31     14.562     14.562     14.562          0          0          0 
     8.924      6.718     14.328     10.254      10.83     17.856      3.442       8.25          0       4.54      1.296      1.408     12.816     10.532     14.412     14.466      6.066      5.496     12.422      7.486      9.024      7.654      3.544        7.2      3.566      5.432      6.104      5.614     11.742       1.48      9.884      9.884      9.884          0          0          0 
    13.424      3.472      16.06      9.134      9.408     18.156       1.45       5.22       4.54          0      3.518      4.616     13.362      9.884     11.708      16.02      7.216      2.868     16.872      7.744      6.674       9.47      5.932      8.736       0.98      2.584       4.88      1.676      15.13       4.56     13.726     13.726     13.726          0          0          0 
     9.924      5.426     13.974      9.158      9.696     17.124      2.716      6.956      1.296      3.518          0      1.182     12.104      9.524     13.152     14.056      6.756      4.198     13.356        6.6      7.764      7.226      4.434      6.664       2.54       4.14        4.9      4.398     12.008       1.16     10.374     10.374     10.374          0          0          0 
     8.944      6.042     13.012      8.956      9.564     16.448      3.898       7.41      1.408      4.616      1.182          0     11.408      9.178     13.336     13.128      7.454      4.778     12.314      6.096      7.974        6.3      4.952      5.812      3.656      4.788      4.968       5.29     10.832        0.1      9.196      9.196      9.196          0          0          0 
     14.78     10.934      4.356      5.404      5.858       5.04     13.874     10.106     12.816     13.362     12.104     11.408          0      4.228       9.67       3.89     18.836     10.708     16.164      5.656      8.504      5.544      16.36       5.72         13     11.012      8.546     12.324      9.334     11.342      10.71      10.71      10.71          0          0          0 
    15.072       7.01      8.298       1.18       1.78        8.4     10.678      5.964     10.532      9.884      9.524      9.178      4.228          0      6.334      7.948     16.196      7.052     17.272      3.208      4.298      5.386     13.958      4.934      9.732      7.354      5.034      8.602     11.526      9.088     12.026     12.026     12.026          0          0          0 
    20.826      8.252     14.026      5.512      4.704      11.68     13.012        6.5     14.412     11.708     13.152     13.336       9.67      6.334          0     13.546     18.908       9.19     23.344      8.764      5.388     11.534     17.258     10.934     12.096      9.374      8.368     10.036      17.86     13.234     18.248     18.248     18.248          0          0          0 
    13.974     14.104      0.634      9.126      9.664      5.444      16.25     13.548     14.466      16.02     14.056     13.128       3.89      7.948     13.546          0     20.508      13.64     14.502      8.402      12.08      6.834     17.906      7.416      15.48     13.932       11.5     15.252      7.182     13.086      9.308      9.308      9.308          0          0          0 
    12.024     10.654     20.346     15.708      16.15     23.866        5.9     12.406      6.066      7.216      6.756      7.454     18.836     16.196     18.908     20.508          0      9.802     15.502     13.354     13.728     13.718       2.63     13.264      6.838       9.58     11.306      8.892      17.04      7.512     14.768     14.768     14.768          0          0          0 
    13.564      1.264     13.748      6.268      6.544     15.388      3.922      2.786      5.496      2.868      4.198      4.778     10.708      7.052       9.19      13.64      9.802          0     16.772      5.238      3.924      7.502      8.068        6.7      2.966      0.304      2.166      1.622     13.796      4.682     12.846     12.846     12.846          0          0          0 
     3.574     17.996     13.932      17.87      18.68     19.902     15.866     18.938     12.422     16.872     13.356     12.314     16.164     17.272     23.344     14.502     15.502     16.772          0     14.586      18.75     11.886     13.488      12.42     15.892      16.87      15.95     17.576      7.338     12.386      5.452      5.452      5.452          0          0          0 
     12.11      5.758      8.526      3.392      4.174     10.592      8.218      5.544      7.486      7.744        6.6      6.096      5.656      3.208      8.764      8.402     13.354      5.238     14.586          0      4.568      3.006     10.988      2.264      7.344      5.534      3.102      6.856      9.716      6.012       9.62       9.62       9.62          0          0          0 
    15.926      3.266     12.358      3.174      3.066     12.544      7.842      1.764      9.024      6.674      7.764      7.974      8.504      4.298      5.388      12.08     13.728      3.924      18.75      4.568          0       7.57     11.928        6.8       6.89      4.154      3.042       5.09     14.284      7.872     14.056     14.056     14.056          0          0          0 
     9.782      8.312       6.75      6.024      6.834     10.494      9.518      8.416      7.654       9.47      7.226        6.3      5.544      5.386     11.534      6.834     13.718      7.502     11.886      3.006       7.57          0     11.144       0.82      8.818       7.76      5.624      9.008      6.716      6.256      6.716      6.716      6.716          0          0          0 
     9.932      9.104     17.734      13.58      14.09       21.4      4.482      10.82      3.544      5.932      4.434      4.952      16.36     13.958     17.258     17.906       2.63      8.068     13.488     10.988     11.928     11.144          0     10.726      5.264        7.9       9.25       7.52      14.47       5.02     12.264     12.264     12.264          0          0          0 
     10.14      7.494      7.382       5.45      6.258     10.742      8.852      7.606        7.2      8.736      6.664      5.812       5.72      4.934     10.934      7.416     13.264        6.7      12.42      2.264        6.8       0.82     10.726          0      8.118       6.96      4.804       8.22      7.504      5.758      7.366      7.366      7.366          0          0          0 
    12.442      3.864     15.486       9.08      9.434     17.878      0.966      5.606      3.566       0.98       2.54      3.656         13      9.732     12.096      15.48      6.838      2.966     15.892      7.344       6.89      8.818      5.264      8.118          0       2.74        4.7      2.274     14.276      3.604     12.806     12.806     12.806          0          0          0 
    13.632      1.284     14.038       6.56      6.824     15.692      3.686      2.922      5.432      2.584       4.14      4.788     11.012      7.354      9.374     13.932       9.58      0.304      16.87      5.534      4.154       7.76        7.9       6.96       2.74          0      2.468      1.322     14.008      4.696     13.014     13.014     13.014          0          0          0 
    12.992      2.704     11.628       4.41      4.852     13.278      5.652      3.016      6.104       4.88        4.9      4.968      8.546      5.034      8.368       11.5     11.306      2.166      15.95      3.102      3.042      5.624       9.25      4.804        4.7      2.468          0      3.788     12.182      4.866     11.554     11.554     11.554          0          0          0 
    14.234      1.834     15.352       7.75      7.946      16.97      3.062       3.56      5.614      1.676      4.398       5.29     12.324      8.602     10.036     15.252      8.892      1.622     17.576      6.856       5.09      9.008       7.52       8.22      2.274      1.322      3.788          0      15.12       5.21     13.986     13.986     13.986          0          0          0 
     7.424      14.78        6.6      12.42     13.204     12.612       14.7     15.088     11.742      15.13     12.008     10.832      9.334     11.526      17.86      7.182      17.04     13.796      7.338      9.716     14.284      6.716      14.47      7.504     14.276     14.008     12.182      15.12          0     10.848       2.65       2.65       2.65          0          0          0 
     9.024      5.946     12.974       8.86      9.468      16.38       3.87       7.31       1.48       4.56       1.16        0.1     11.342      9.088     13.234     13.086      7.512      4.682     12.386      6.012      7.872      6.256       5.02      5.758      3.604      4.696      4.866       5.21     10.848          0      9.232      9.232      9.232          0          0          0 
      4.82     13.956      8.786     12.736     13.544     14.604     13.088     14.562      9.884     13.726     10.374      9.196      10.71     12.026     18.248      9.308     14.768     12.846      5.452       9.62     14.056      6.716     12.264      7.366     12.806     13.014     11.554     13.986       2.65      9.232          0          0          0          0          0          0 
      4.82     13.956      8.786     12.736     13.544     14.604     13.088     14.562      9.884     13.726     10.374      9.196      10.71     12.026     18.248      9.308     14.768     12.846      5.452       9.62     14.056      6.716     12.264      7.366     12.806     13.014     11.554     13.986       2.65      9.232          0          0          0          0          0          0 
      4.82     13.956      8.786     12.736     13.544     14.604     13.088     14.562      9.884     13.726     10.374      9.196      10.71     12.026     18.248      9.308     14.768     12.846      5.452       9.62     14.056      6.716     12.264      7.366     12.806     13.014     11.554     13.986       2.65      9.232          0          0          0          0          0          0 
         0          0          0          0          0          0          0          0          0          0          0          0          0          0          0          0          0          0          0          0          0          0          0          0          0          0          0          0          0          0          0          0          0          0          0          0 
         0          0          0          0          0          0          0          0          0          0          0          0          0          0          0          0          0          0          0          0          0          0          0          0          0          0          0          0          0          0          0          0          0          0          0          0 
         0          0          0          0          0          0          0          0          0          0          0          0          0          0          0          0          0          0          0          0          0          0          0          0          0          0          0          0          0          0          0          0          0          0          0          0 
Version identifier: 22.1.1.0 | 2022-11-28 | 9160aff4d
CPXPARAM_Threads                                 1
CPXPARAM_TimeLimit                               7200
Tried aggregator 2 times.
MIP Presolve eliminated 693 rows and 1520 columns.
MIP Presolve modified 541 coefficients.
Aggregator did 20 substitutions.
Reduced MIP has 130 rows, 308 columns, and 951 nonzeros.
Reduced MIP has 300 binaries, 0 generals, 0 SOSs, and 0 indicators.
Presolve time = 0.00 sec. (3.54 ticks)
Found incumbent of value 6.844180 after 0.01 sec. (5.59 ticks)
Probing time = 0.00 sec. (1.30 ticks)
Cover probing fixed 0 vars, tightened 1 bounds.
Tried aggregator 2 times.
Detecting symmetries...
MIP Presolve eliminated 8 rows and 16 columns.
MIP Presolve modified 26 coefficients.
Aggregator did 3 substitutions.
Reduced MIP has 119 rows, 289 columns, and 874 nonzeros.
Reduced MIP has 282 binaries, 0 generals, 0 SOSs, and 0 indicators.
Presolve time = 0.00 sec. (1.09 ticks)
Probing time = 0.00 sec. (1.11 ticks)
Clique table members: 652.
MIP emphasis: balance optimality and feasibility.
MIP search method: dynamic search.
Parallel mode: none, using 1 thread.
Root relaxation solution time = 0.00 sec. (0.59 ticks)

        Nodes                                         Cuts/
   Node  Left     Objective  IInf  Best Integer    Best Bound    ItCnt     Gap

*     0+    0                            6.8442       49.2953           620.25%
*     0     0      integral     0       27.6178       27.6178       81    0.00%
Elapsed time = 0.01 sec. (10.63 ticks, tree = 0.00 MB, solutions = 2)

Root node processing (before b&c):
  Real time             =    0.01 sec. (10.70 ticks)
Sequential b&c:
  Real time             =    0.00 sec. (0.00 ticks)
                          ------------
Total (root+branch&cut) =    0.01 sec. (10.70 ticks)

Sol status: Optimal
 Total Time: 0.02
 LB: 27.6178
 UB: 27.6178
Initializing solStats

Obj Val: 27.61778

Solve Time: 0.02
b(0): 16.0333333333333
b(1): 9.71666666666667
b(2): 11.4833333333333
b(3): 14.1666666666667
b(4): 14.15
b(5): 10.05
b(6): 16.4166666666667
b(7): 10.05
b(8): 15.45
b(9): 12.7333333333333
b(10): 16.5630733478407
b(11): 9.94736592554435
b(12): 11.672910620932
b(13): 14.4454471685108
b(14): 14.3480650966171
b(15): 10.2661138859092
b(16): 16.8105691758874
b(17): 10.2012845859925
b(18): 15.9044636363237
b(19): 13.0166505447076
b(20): 16.5833333333333
b(21): 11.0666666666667
b(22): 14.65
b(23): 14.9
b(24): 9.4
b(25): 17.7833333333333
b(26): 12.3
b(27): 15.9333333333333
b(28): 16.1666666666667
b(29): 10.5833333333333
b(30): 9
b(31): 9
b(32): 9
b(33): 19
b(34): 19
b(35): 19


Customer profit: 94.71706
Parcel profit: 0
Costs: 67.09928
Without fixed: 67.09928

Solution: 
Vehicle 0: 30 - 1 - 11 - 8 - 18 - 33 - Total time: 6.90446363632373
Vehicle 1: 31 - 7 - 17 - 9 - 19 - 3 - 13 - 0 - 10 - 34 - Total time: 7.56307334784066
Vehicle 2: 32 - 5 - 15 - 2 - 12 - 4 - 14 - 6 - 16 - 35 - Total time: 7.8105691758874

Vehicle 0: d - P - d - D - f
Vehicle 1: d - D - d - D - d - P - d - P - f
Vehicle 2: d - D - d - P - d - P - d - D - f

************************************
Final solution value: 27.61778
************************************

Total distance: 145.868

Total passenger distance: 60.502

Total parcel distance: 0

Total combined transportation distance: 0

Total idle distance: 85.366
File exists: 1
partial: 
CSV file 'TreatResults/FullResults/fip1ADghsarpS.csv' generated successfully!
Instance Name: ghsarp-10-5-3

K: 3
Dist Matrix: 
         0     11.174      18.16      1.056      8.492      9.328     18.924       8.47       0.72      5.704       2.59      12.74     10.658      5.708      6.798      9.744      5.922     14.876      5.182       5.79      4.932      10.78     11.162     14.136      9.812      2.782     20.754     17.432     12.334       6.73      18.97      18.97      18.97          0          0          0 
    11.174          0       7.64     11.456      7.988     10.432      8.708      7.824     10.818      8.428       8.59      3.176      2.276      9.214      4.998     14.148      5.448      5.738     12.376      7.196      8.534       8.74      1.202      6.804      1.552      10.81     13.484      8.754      5.678      6.618     12.808     12.808     12.808          0          0          0 
     18.16       7.64          0     18.636     15.428       17.8      1.296     11.842     17.942      13.87     15.684      8.682      9.492     16.854       12.6     21.672     12.244      3.864     19.988     12.978      16.15      11.09       8.38      5.952      9.188     18.268       8.43     11.554      7.002      12.08      9.136      9.136      9.136          0          0          0 
     1.056     11.456     18.636          0      7.974       8.58      19.45      9.376      0.734      6.642      2.952     12.776     10.732      5.056      6.824      8.746       6.41     15.468      4.156      6.606      4.442     11.704     11.334     14.852     10.028       1.91     21.564     17.234     13.042      7.522     19.832     19.832     19.832          0          0          0 
     8.492      7.988     15.428      7.974          0       2.46     16.586     11.972      7.792      10.46      6.792      7.154      5.936      3.032      4.224      6.258      7.102     13.664      6.086      9.408       3.56      13.99      7.066     14.296       6.58      6.236     21.266      9.894     12.744      9.706     20.276     20.276     20.276          0          0          0 
     9.328     10.432       17.8       8.58       2.46          0      18.98     14.104      8.608     12.328      8.206       9.35       8.33      3.676      6.534      4.058       9.24     16.122      5.516     11.392      4.706     16.214      9.476     16.744       9.04      6.678     23.724      11.16     15.172     11.806     22.712     22.712     22.712          0          0          0 
    18.924      8.708      1.296      19.45     16.586      18.98          0     12.184     18.744     14.382     16.498      9.938     10.652     17.904      13.61     22.814      13.04      4.202     20.986     13.572     17.158     11.188      9.522      5.964     10.244     19.178       7.32     12.826      7.284     12.648      8.246      8.246      8.246          0          0          0 
      8.47      7.824     11.842      9.376     11.972     14.104     12.184          0      8.664       2.79      6.998     10.888      9.186     10.982        7.8     16.462      4.874      8.012     12.678      2.936      9.838      2.346      8.724      6.444      7.596     10.142     12.422     16.524      4.898      2.306     10.526     10.526     10.526          0          0          0 
      0.72     10.818     17.942      0.734      7.792      8.608     18.744      8.664          0      5.946       2.26     12.246     10.182      4.988      6.288      9.102      5.702     14.748      4.586      5.876      4.232     10.996      10.74     14.118      9.414      2.102      20.83     16.834     12.308      6.788     19.104     19.104     19.104          0          0          0 
     5.704      8.428      13.87      6.642      10.46     12.328     14.382       2.79      5.946          0      4.536     11.118       9.14      8.914      6.624     14.218      3.706     10.182     10.168      1.286      7.766      5.076      9.024      8.944      7.682       7.58     15.194     16.652       7.24       1.87     13.318     13.318     13.318          0          0          0 
      2.59       8.59     15.684      2.952      6.792      8.206     16.498      6.998       2.26      4.536          0     10.198      8.102      4.588      4.304        9.7      3.458     12.534      5.682      4.072      3.502      9.342      8.576     12.008      7.222      3.158     18.834     15.058     10.196      4.888     17.212     17.212     17.212          0          0          0 
     12.74      3.176      8.682     12.776      7.154       9.35      9.938     10.888     12.246     11.118     10.198          0      2.106       9.32      5.956     13.362      7.682       8.08     12.664      9.838      9.002     11.914      2.164      9.614      3.436     11.696     15.824      5.636      8.726      9.424     15.464     15.464     15.464          0          0          0 
    10.658      2.276      9.492     10.732      5.936       8.33     10.652      9.186     10.182       9.14      8.102      2.106          0      7.628      3.912     12.182      5.616      7.986      10.93      7.854       7.16     10.484       1.16      9.064      1.596      9.748     15.754       7.51      7.846      7.522      15.08      15.08      15.08          0          0          0 
     5.708      9.214     16.854      5.056      3.032      3.676     17.904     10.982      4.988      8.914      4.588       9.32      7.628          0       4.34       5.54        6.3     14.482      3.344      8.122       1.15     13.224      8.594      14.64      7.666      3.236     21.684     12.808      12.92      8.686     20.392     20.392     20.392          0          0          0 
     6.798      4.998       12.6      6.824      4.224      6.534      13.61        7.8      6.288      6.624      4.304      5.956      3.912       4.34          0      9.668          3     10.142      7.388      5.442      3.548      9.768      4.608     10.396      3.452      5.892     17.438     10.782      8.736      5.586     16.272     16.272     16.272          0          0          0 
     9.744     14.148     21.672      8.746      6.258      4.058     22.814     16.462      9.102     14.218        9.7     13.362     12.182       5.54      9.668          0      11.84     19.708       4.62     13.556       6.65     18.734     13.294     20.066     12.668      7.014     27.108     15.042     18.384     14.182     25.894     25.894     25.894          0          0          0 
     5.922      5.448     12.244       6.41      7.102       9.24      13.04      4.874      5.702      3.706      3.458      7.682      5.616        6.3          3      11.84          0      9.084      8.576      2.468        5.2      6.988       5.73      8.698      4.328      6.346     15.654     13.076        6.9      2.604     14.198     14.198     14.198          0          0          0 
    14.876      5.738      3.864     15.468     13.664     16.122      4.202      8.012     14.748     10.182     12.534       8.08      7.986     14.482     10.142     19.708      9.084          0     17.368      9.402     13.612      7.246       6.84      2.304      7.082     15.368       7.79     12.568       3.14      8.468       7.43       7.43       7.43          0          0          0 
     5.182     12.376     19.988      4.156      6.086      5.516     20.986     12.678      4.586     10.168      5.682     12.664      10.93      3.344      7.388       4.62      8.576     17.368          0      9.746      3.842     15.018      11.85      17.25     10.824      2.604      24.23      15.98     15.466      10.52     22.742     22.742     22.742          0          0          0 
      5.79      7.196     12.978      6.606      9.408     11.392     13.572      2.936      5.876      1.286      4.072      9.838      7.854      8.122      5.442     13.556      2.468      9.402      9.746          0      6.972       5.27      7.754      8.406      6.404      7.226     14.966     15.364      6.628      0.956      13.23      13.23      13.23          0          0          0 
     4.932      8.534      16.15      4.442       3.56      4.706     17.158      9.838      4.232      7.766      3.502      9.002       7.16       1.15      3.548       6.65        5.2     13.612      3.842      6.972          0      12.09      8.034      13.66      6.982      2.846     20.692     12.938     11.916      7.546      19.35      19.35      19.35          0          0          0 
     10.78       8.74      11.09     11.704      13.99     16.214     11.188      2.346     10.996      5.076      9.342     11.914     10.484     13.224      9.768     18.734      6.988      7.246     15.018       5.27      12.09          0      9.806      5.224        8.9     12.488     10.346     17.474      4.202      4.554      8.326      8.326      8.326          0          0          0 
    11.162      1.202       8.38     11.334      7.066      9.476      9.522      8.724      10.74      9.024      8.576      2.164       1.16      8.594      4.608     13.294       5.73       6.84      11.85      7.754      8.034      9.806          0      7.998      1.402       10.5     14.616      7.802      6.876      7.292     13.992     13.992     13.992          0          0          0 
    14.136      6.804      5.952     14.852     14.296     16.744      5.964      6.444     14.118      8.944     12.008      9.614      9.064      14.64     10.396     20.066      8.698      2.304      17.25      8.406      13.66      5.224      7.998          0      7.848     15.034      7.046     14.522      1.812      7.448       6.03       6.03       6.03          0          0          0 
     9.812      1.552      9.188     10.028       6.58       9.04     10.244      7.596      9.414      7.682      7.222      3.436      1.596      7.666      3.452     12.668      4.328      7.082     10.824      6.404      6.982        8.9      1.402      7.848          0        9.3     14.724      9.018      6.476      5.998     13.876     13.876     13.876          0          0          0 
     2.782      10.81     18.268       1.91      6.236      6.678     19.178     10.142      2.102       7.58      3.158     11.696      9.748      3.236      5.892      7.014      6.346     15.368      2.604      7.226      2.846     12.488       10.5     15.034        9.3          0     21.934     15.786      13.23      8.046     20.352     20.352     20.352          0          0          0 
    20.754     13.484       8.43     21.564     21.266     23.724       7.32     12.422      20.83     15.194     18.834     15.824     15.754     21.684     17.438     27.108     15.654       7.79      24.23     14.966     20.692     10.346     14.616      7.046     14.724     21.934          0     19.776       8.78     14.042      2.376      2.376      2.376          0          0          0 
    17.432      8.754     11.554     17.234      9.894      11.16     12.826     16.524     16.834     16.652     15.058      5.636       7.51     12.808     10.782     15.042     13.076     12.568      15.98     15.364     12.938     17.474      7.802     14.522      9.018     15.786     19.776          0     13.986     15.016      19.92      19.92      19.92          0          0          0 
    12.334      5.678      7.002     13.042     12.744     15.172      7.284      4.898     12.308       7.24     10.196      8.726      7.846      12.92      8.736     18.384        6.9       3.14     15.466      6.628     11.916      4.202      6.876      1.812      6.476      13.23       8.78     13.986          0       5.67      7.542      7.542      7.542          0          0          0 
      6.73      6.618      12.08      7.522      9.706     11.806     12.648      2.306      6.788       1.87      4.888      9.424      7.522      8.686      5.586     14.182      2.604      8.468      10.52      0.956      7.546      4.554      7.292      7.448      5.998      8.046     14.042     15.016       5.67          0     12.342     12.342     12.342          0          0          0 
     18.97     12.808      9.136     19.832     20.276     22.712      8.246     10.526     19.104     13.318     17.212     15.464      15.08     20.392     16.272     25.894     14.198       7.43     22.742      13.23      19.35      8.326     13.992       6.03     13.876     20.352      2.376      19.92      7.542     12.342          0          0          0          0          0          0 
     18.97     12.808      9.136     19.832     20.276     22.712      8.246     10.526     19.104     13.318     17.212     15.464      15.08     20.392     16.272     25.894     14.198       7.43     22.742      13.23      19.35      8.326     13.992       6.03     13.876     20.352      2.376      19.92      7.542     12.342          0          0          0          0          0          0 
     18.97     12.808      9.136     19.832     20.276     22.712      8.246     10.526     19.104     13.318     17.212     15.464      15.08     20.392     16.272     25.894     14.198       7.43     22.742      13.23      19.35      8.326     13.992       6.03     13.876     20.352      2.376      19.92      7.542     12.342          0          0          0          0          0          0 
         0          0          0          0          0          0          0          0          0          0          0          0          0          0          0          0          0          0          0          0          0          0          0          0          0          0          0          0          0          0          0          0          0          0          0          0 
         0          0          0          0          0          0          0          0          0          0          0          0          0          0          0          0          0          0          0          0          0          0          0          0          0          0          0          0          0          0          0          0          0          0          0          0 
         0          0          0          0          0          0          0          0          0          0          0          0          0          0          0          0          0          0          0          0          0          0          0          0          0          0          0          0          0          0          0          0          0          0          0          0 
Version identifier: 22.1.1.0 | 2022-11-28 | 9160aff4d
CPXPARAM_Threads                                 1
CPXPARAM_TimeLimit                               7200
Tried aggregator 2 times.
MIP Presolve eliminated 698 rows and 1529 columns.
MIP Presolve modified 554 coefficients.
Aggregator did 16 substitutions.
Reduced MIP has 134 rows, 315 columns, and 968 nonzeros.
Reduced MIP has 307 binaries, 0 generals, 0 SOSs, and 0 indicators.
Presolve time = 0.01 sec. (3.70 ticks)
Found incumbent of value 10.731480 after 0.01 sec. (5.17 ticks)
Probing time = 0.00 sec. (1.14 ticks)
Tried aggregator 1 time.
Detecting symmetries...
Reduced MIP has 134 rows, 315 columns, and 968 nonzeros.
Reduced MIP has 307 binaries, 0 generals, 0 SOSs, and 0 indicators.
Presolve time = 0.00 sec. (0.70 ticks)
Probing time = 0.00 sec. (1.14 ticks)
Clique table members: 719.
MIP emphasis: balance optimality and feasibility.
MIP search method: dynamic search.
Parallel mode: none, using 1 thread.
Root relaxation solution time = 0.00 sec. (0.62 ticks)

        Nodes                                         Cuts/
   Node  Left     Objective  IInf  Best Integer    Best Bound    ItCnt     Gap

*     0+    0                           10.7315       53.5989           399.45%
*     0     0      integral     0       24.3042       24.3042       87    0.00%
Elapsed time = 0.01 sec. (9.72 ticks, tree = 0.00 MB, solutions = 2)

Root node processing (before b&c):
  Real time             =    0.01 sec. (9.79 ticks)
Sequential b&c:
  Real time             =    0.00 sec. (0.00 ticks)
                          ------------
Total (root+branch&cut) =    0.01 sec. (9.79 ticks)

Sol status: Optimal
 Total Time: 0.01
 LB: 24.3042
 UB: 24.3042
Initializing solStats

Obj Val: 24.30424

Solve Time: 0.01
b(0): 13.9666666666667
b(1): 12.3333333333333
b(2): 11.8333333333333
b(3): 15.2666666666667
b(4): 16.9333333333333
b(5): 10.2166666666667
b(6): 11.95
b(7): 11.5666666666667
b(8): 15.0833333333333
b(9): 12.6833333333333
b(10): 14.1131707625223
b(11): 12.4941301190879
b(12): 12.1806017954155
b(13): 15.4733171333254
b(14): 17.2863577738331
b(15): 10.3989756580369
b(16): 12.4270734034504
b(17): 11.8597887608726
b(18): 15.278520379766
b(19): 12.7980325356256
b(20): 9.5
b(21): 11.9333333333333
b(22): 13.95
b(23): 13.0833333333333
b(24): 14.7666666666667
b(25): 10.6666666666667
b(26): 13.2833333333333
b(27): 15.2333333333333
b(28): 14.2166666666667
b(29): 16
b(30): 9
b(31): 9
b(32): 9
b(33): 19
b(34): 19
b(35): 19


Customer profit: 89.5856
Parcel profit: 0
Costs: 65.28136
Without fixed: 65.28136

Solution: 
Vehicle 0: 30 - 2 - 12 - 1 - 11 - 3 - 13 - 4 - 14 - 33 - Total time: 8.28635777383306
Vehicle 1: 31 - 6 - 16 - 9 - 19 - 0 - 10 - 8 - 18 - 34 - Total time: 6.27852037976604
Vehicle 2: 32 - 5 - 15 - 7 - 17 - 35 - Total time: 2.85978876087256

Vehicle 0: d - P - d - P - d - P - d - P - f
Vehicle 1: d - D - d - D - d - P - d - D - f
Vehicle 2: d - D - d - D - f

************************************
Final solution value: 24.30424
************************************

Total distance: 141.916

Total passenger distance: 55.52

Total parcel distance: 0

Total combined transportation distance: 0

Total idle distance: 86.396
File exists: 1
partial: 
CSV file 'TreatResults/FullResults/fip1ADghsarpS.csv' generated successfully!
Instance Name: ghsarp-10-5-4

K: 3
Dist Matrix: 
         0      7.112      9.106      7.558      7.948       6.94      7.968      9.194      6.406       9.48      6.242       8.74      6.372      3.348      9.428     15.454       10.6     11.348       2.63     10.174     14.934      4.822      1.594      4.794      9.852      11.85      2.602      2.066       8.25       6.68      2.648      2.648      2.648          0          0          0 
     7.112          0     11.596      1.864      7.268      10.46     13.538      11.27       0.72     12.396      1.738     14.678      7.696      5.978      6.108     16.774     16.412     12.422      4.506     13.682     16.506      4.248      7.682      4.466      9.544       11.8      5.456      5.204      9.948       5.79      5.366      5.366      5.366          0          0          0 
     9.106     11.596          0      10.36      4.974     16.022     16.148       0.64     11.286       0.92      9.858     16.442      3.902     12.062      7.844      24.56     18.194      2.786      9.756      2.396     24.042      7.458     10.652     12.666      4.044      20.72       7.64       8.67     17.302      5.966       7.69       7.69       7.69          0          0          0 
     7.558      1.864      10.36          0       5.72      11.91     14.672      9.966      2.194      11.21      1.324      15.73      6.536      7.202      4.258     18.572      17.52     10.888       5.17     12.572     18.282      3.536      8.452      5.988      7.906     13.638      5.388      5.502     11.622      4.402      5.304      5.304      5.304          0          0          0 
     7.948      7.268      4.974       5.72          0     14.496       15.9      4.466      7.156      5.888       5.59     16.584      2.164      9.808      2.956     22.448     18.444      5.172      7.164      7.348     22.032      3.904       9.48       9.67       2.34     17.984      5.484      6.454      15.11      1.612      5.474      5.474      5.474          0          0          0 
      6.94      10.46     16.022      11.91     14.496          0      4.156      16.13      9.842     16.334     10.752      5.524     13.206       4.84     15.236      8.644       6.76     18.284       7.43     16.878      8.076     10.772      5.368      5.992       16.6        6.2      9.044      8.042      2.464     13.016      9.042      9.042      9.042          0          0          0 
     7.968     13.538     16.148     14.672       15.9      4.156          0     16.414     12.848      16.23     13.392      1.368     14.184      7.558     17.302     10.622      2.878     18.732      9.612     16.412       9.94     12.662      6.524       9.26     17.692      9.846     10.538       9.76      6.506     14.644      10.57      10.57      10.57          0          0          0 
     9.194      11.27       0.64      9.966      4.466      16.13     16.414          0     10.994       1.52       9.53     16.754      3.624     12.046      7.288      24.62     18.526      2.356      9.668      2.986     24.116      7.198     10.762     12.554       3.41     20.684      7.566      8.612      17.33      5.564       7.61       7.61       7.61          0          0          0 
     6.406       0.72     11.286      2.194      7.156      9.842     12.848     10.994          0      12.06      1.574     13.978      7.386      5.292      6.296      16.38      15.72     12.264      3.792      13.31     16.088      3.852       6.96      3.862       9.47     11.476      4.842      4.526       9.44      5.616      4.752      4.752      4.752          0          0          0 
      9.48     12.396       0.92      11.21      5.888     16.334      16.23       1.52      12.06          0     10.662     16.448      4.704     12.546      8.766     24.922     18.166      3.224     10.334      1.474     24.388      8.214     10.986     13.258      4.924      21.21      8.216       9.22      17.72       6.83      8.272      8.272      8.272          0          0          0 
     6.242      1.738      9.858      1.324       5.59     10.752     13.392       9.53      1.574     10.662          0      14.43       5.96       5.98      4.832     17.726      16.23     10.718       3.85      11.96     17.402      2.576      7.132       4.94      7.898     12.912      4.156      4.194      10.63      4.072      4.068      4.068      4.068          0          0          0 
      8.74     14.678     16.442      15.73     16.584      5.524      1.368     16.754     13.978     16.448      14.43          0      14.77      8.716     18.156     11.514       1.86     19.098     10.604     16.508      10.82     13.524      7.406     10.482     18.266     11.118      11.34      10.64       7.86     15.408     11.382     11.382     11.382          0          0          0 
     6.372      7.696      3.902      6.536      2.164     13.206     14.184      3.624      7.386      4.704       5.96      14.77          0      8.776      4.938     21.472     16.616       5.27      6.248      6.036     21.008      3.574       7.96      9.054      3.508     17.298      4.238      5.296     14.124      2.268      4.262      4.262      4.262          0          0          0 
     3.348      5.978     12.062      7.202      9.808       4.84      7.558     12.046      5.292     12.546       5.98      8.716      8.776          0     10.394     12.704     10.434     14.014      2.648      13.37     12.256      5.986      2.576      1.942      12.01      8.664       4.54       3.48      5.348      8.274      4.514      4.514      4.514          0          0          0 
     9.428      6.108      7.844      4.258      2.956     15.236     17.302      7.288      6.296      8.766      4.832     18.156      4.938     10.394          0     22.546     20.012      7.442      7.848     10.238     22.208       4.64      10.78      9.692      4.324     17.744      6.826       7.54     15.378      3.024      6.778      6.778      6.778          0          0          0 
    15.454     16.774      24.56     18.572     22.448      8.644     10.622      24.62      16.38     24.922     17.726     11.514     21.472     12.704     22.546          0       11.3     26.682     15.308     25.512        0.7     18.556     13.936     12.886     24.696      5.178     17.234     16.178      7.354      20.87     17.212     17.212     17.212          0          0          0 
      10.6     16.412     18.194      17.52     18.444       6.76      2.878     18.526      15.72     18.166      16.23       1.86     16.616     10.434     20.012       11.3          0     20.876     12.422     18.158       10.6     15.376       9.25     12.134     20.108     11.742       13.2     12.488      8.886     17.268      13.24      13.24      13.24          0          0          0 
    11.348     12.422      2.786     10.888      5.172     18.284     18.732      2.356     12.264      3.224     10.718     19.098       5.27     14.014      7.442     26.682     20.876          0     11.516      4.292     26.198      8.678     12.936     14.316       3.12     22.568      9.476     10.538     19.348      6.646      9.506      9.506      9.506          0          0          0 
      2.63      4.506      9.756       5.17      7.164       7.43      9.612      9.668      3.792     10.334       3.85     10.604      6.248      2.648      7.848     15.308     12.422     11.516          0     11.314     14.876      3.346      3.282      2.926      9.388     11.052      2.118      1.156      7.956      5.626      2.066      2.066      2.066          0          0          0 
    10.174     13.682      2.396     12.572      7.348     16.878     16.412      2.986      13.31      1.474      11.96     16.508      6.036      13.37     10.238     25.512     18.158      4.292     11.314          0     24.954      9.456     11.602     14.238      6.368     22.006      9.216     10.172     18.416      8.226       9.28       9.28       9.28          0          0          0 
    14.934     16.506     24.042     18.282     22.032      8.076       9.94     24.116     16.088     24.388     17.402      10.82     21.008     12.256     22.208        0.7       10.6     26.198     14.876     24.954          0      18.15     13.402     12.524     24.262        5.1     16.772      15.72      6.922     20.462     16.754     16.754     16.754          0          0          0 
     4.822      4.248      7.458      3.536      3.904     10.772     12.662      7.198      3.852      8.214      2.576     13.524      3.574      5.986       4.64     18.556     15.376      8.678      3.346      9.456      18.15          0       6.14       5.77      6.208     14.086      2.252      2.902      11.23      2.312      2.192      2.192      2.192          0          0          0 
     1.594      7.682     10.652      8.452       9.48      5.368      6.524     10.762       6.96     10.986      7.132      7.406       7.96      2.576      10.78     13.936       9.25     12.936      3.282     11.602     13.402       6.14          0      4.418     11.432     10.546      4.034       3.24      6.834       8.15       4.06       4.06       4.06          0          0          0 
     4.794      4.466     12.666      5.988       9.67      5.992       9.26     12.554      3.862     13.258       4.94     10.482      9.054      1.942      9.692     12.886     12.134     14.316      2.926     14.238     12.524       5.77      4.418          0     11.978      8.316      5.042      4.066      5.694      8.064      4.984      4.984      4.984          0          0          0 
     9.852      9.544      4.044      7.906       2.34       16.6     17.692       3.41       9.47      4.924      7.898     18.266      3.508      12.01      4.324     24.696     20.108       3.12      9.388      6.368     24.262      6.208     11.432     11.978          0     20.296      7.558      8.582     17.344      3.948      7.562      7.562      7.562          0          0          0 
     11.85       11.8      20.72     13.638     17.984        6.2      9.846     20.684     11.476      21.21     12.912     11.118     17.298      8.664     17.744      5.178     11.742     22.568     11.052     22.006        5.1     14.086     10.546      8.316     20.296          0     13.124     12.072      3.868     16.374     13.084     13.084     13.084          0          0          0 
     2.602      5.456       7.64      5.388      5.484      9.044     10.538      7.566      4.842      8.216      4.156      11.34      4.238       4.54      6.826     17.234       13.2      9.476      2.118      9.216     16.772      2.252      4.034      5.042      7.558     13.124          0       1.06      9.884      4.116      0.088      0.088      0.088          0          0          0 
     2.066      5.204       8.67      5.502      6.454      8.042       9.76      8.612      4.526       9.22      4.194      10.64      5.296       3.48       7.54     16.178     12.488     10.538      1.156     10.172      15.72      2.902       3.24      4.066      8.582     12.072       1.06          0      8.826       5.01      1.034      1.034      1.034          0          0          0 
      8.25      9.948     17.302     11.622      15.11      2.464      6.506      17.33       9.44      17.72      10.63       7.86     14.124      5.348     15.378      7.354      8.886     19.348      7.956     18.416      6.922      11.23      6.834      5.694     17.344      3.868      9.884      8.826          0     13.542      9.862      9.862      9.862          0          0          0 
      6.68       5.79      5.966      4.402      1.612     13.016     14.644      5.564      5.616       6.83      4.072     15.408      2.268      8.274      3.024      20.87     17.268      6.646      5.626      8.226     20.462      2.312       8.15      8.064      3.948     16.374      4.116       5.01     13.542          0       4.09       4.09       4.09          0          0          0 
     2.648      5.366       7.69      5.304      5.474      9.042      10.57       7.61      4.752      8.272      4.068     11.382      4.262      4.514      6.778     17.212      13.24      9.506      2.066       9.28     16.754      2.192       4.06      4.984      7.562     13.084      0.088      1.034      9.862       4.09          0          0          0          0          0          0 
     2.648      5.366       7.69      5.304      5.474      9.042      10.57       7.61      4.752      8.272      4.068     11.382      4.262      4.514      6.778     17.212      13.24      9.506      2.066       9.28     16.754      2.192       4.06      4.984      7.562     13.084      0.088      1.034      9.862       4.09          0          0          0          0          0          0 
     2.648      5.366       7.69      5.304      5.474      9.042      10.57       7.61      4.752      8.272      4.068     11.382      4.262      4.514      6.778     17.212      13.24      9.506      2.066       9.28     16.754      2.192       4.06      4.984      7.562     13.084      0.088      1.034      9.862       4.09          0          0          0          0          0          0 
         0          0          0          0          0          0          0          0          0          0          0          0          0          0          0          0          0          0          0          0          0          0          0          0          0          0          0          0          0          0          0          0          0          0          0          0 
         0          0          0          0          0          0          0          0          0          0          0          0          0          0          0          0          0          0          0          0          0          0          0          0          0          0          0          0          0          0          0          0          0          0          0          0 
         0          0          0          0          0          0          0          0          0          0          0          0          0          0          0          0          0          0          0          0          0          0          0          0          0          0          0          0          0          0          0          0          0          0          0          0 
Version identifier: 22.1.1.0 | 2022-11-28 | 9160aff4d
CPXPARAM_Threads                                 1
CPXPARAM_TimeLimit                               7200
Tried aggregator 2 times.
MIP Presolve eliminated 693 rows and 1516 columns.
MIP Presolve modified 576 coefficients.
Aggregator did 19 substitutions.
Reduced MIP has 127 rows, 298 columns, and 903 nonzeros.
Reduced MIP has 291 binaries, 0 generals, 0 SOSs, and 0 indicators.
Presolve time = 0.00 sec. (3.56 ticks)
Found incumbent of value 14.289200 after 0.00 sec. (5.02 ticks)
Probing time = 0.00 sec. (1.33 ticks)
Tried aggregator 1 time.
Detecting symmetries...
Reduced MIP has 127 rows, 298 columns, and 903 nonzeros.
Reduced MIP has 291 binaries, 0 generals, 0 SOSs, and 0 indicators.
Presolve time = 0.00 sec. (0.67 ticks)
Probing time = 0.00 sec. (1.33 ticks)
Clique table members: 652.
MIP emphasis: balance optimality and feasibility.
MIP search method: dynamic search.
Parallel mode: none, using 1 thread.
Root relaxation solution time = 0.00 sec. (0.56 ticks)

        Nodes                                         Cuts/
   Node  Left     Objective  IInf  Best Integer    Best Bound    ItCnt     Gap

*     0+    0                           14.2892       56.9772           298.74%
*     0     0      integral     0       35.7942       35.7942       81    0.00%
Elapsed time = 0.01 sec. (9.80 ticks, tree = 0.00 MB, solutions = 2)

Root node processing (before b&c):
  Real time             =    0.01 sec. (9.87 ticks)
Sequential b&c:
  Real time             =    0.00 sec. (0.00 ticks)
                          ------------
Total (root+branch&cut) =    0.01 sec. (9.87 ticks)

Sol status: Optimal
 Total Time: 0.01
 LB: 35.7942
 UB: 35.7942
Initializing solStats

Obj Val: 35.7942

Solve Time: 0.01
b(0): 16.5333333333333
b(1): 9.43333333333333
b(2): 14.9166666666667
b(3): 11.75
b(4): 14.5666666666667
b(5): 11.9
b(6): 13.4333333333333
b(7): 13.5
b(8): 13.55
b(9): 10.05
b(10): 16.9355773100377
b(11): 9.97033359528468
b(12): 15.0951707781321
b(13): 12.0134879334087
b(14): 14.7220975961452
b(15): 12.2162440567044
b(16): 13.5868618228594
b(17): 13.6407967759984
b(18): 13.7258211833274
b(19): 10.1692845703827
b(20): 16.3333333333333
b(21): 12.1833333333333
b(22): 9.56666666666667
b(23): 15.9333333333333
b(24): 16.7166666666667
b(25): 17.55
b(26): 13.3333333333333
b(27): 10.7333333333333
b(28): 17.1666666666667
b(29): 17.9
b(30): 9
b(31): 9
b(32): 9
b(33): 19
b(34): 19
b(35): 19


Customer profit: 88.14772
Parcel profit: 0
Costs: 52.35352
Without fixed: 52.35352

Solution: 
Vehicle 0: 30 - 3 - 13 - 8 - 18 - 4 - 14 - 33 - Total time: 5.72209759614517
Vehicle 1: 31 - 9 - 19 - 7 - 17 - 2 - 12 - 0 - 10 - 34 - Total time: 7.93557731003771
Vehicle 2: 32 - 1 - 11 - 5 - 15 - 6 - 16 - 35 - Total time: 4.58686182285943

Vehicle 0: d - P - d - D - d - P - f
Vehicle 1: d - D - d - D - d - P - d - P - f
Vehicle 2: d - P - d - D - d - D - f

************************************
Final solution value: 35.7942
************************************

Total distance: 113.812

Total passenger distance: 54.124

Total parcel distance: 0

Total combined transportation distance: 0

Total idle distance: 59.688
File exists: 1
partial: 
CSV file 'TreatResults/FullResults/fip1ADghsarpS.csv' generated successfully!
Instance Name: ghsarp-12-6-0

K: 3
Dist Matrix: 
         0      1.284      7.378      11.78     10.636        3.6     11.876      6.646      10.56      6.624     10.688       7.51      3.028      0.846     10.392         18     10.548      5.344     11.296       8.54      7.624      0.678     12.302      5.778      3.014      4.542        4.5       9.64     10.778      4.356     11.158        2.3     15.436     10.346      9.046      2.024      6.794      6.794      6.794          0          0          0 
     1.284          0       6.11     10.612      10.24      2.988      10.75       5.91      9.394      6.612      9.538      6.232       2.53      0.444      9.204     17.104      10.81      5.208     10.156      7.708      6.798      0.606     11.094       4.59       2.82      4.552       3.68      9.384     10.686       5.19      9.884      2.908     14.288      9.992      8.334      3.294      6.556      6.556      6.556          0          0          0 
     7.378       6.11          0      6.748      9.492      6.424      7.278      6.906      5.764        8.6      6.062       0.44       5.76      6.534      3.604     14.728     12.878      7.374      6.666       7.38      6.882       6.71      6.656      3.562       6.46      8.704      5.818      9.516     11.276      10.08      4.546      8.548       10.2      9.508      6.414       9.31      9.332      9.332      9.332          0          0          0 
     11.78     10.612      6.748          0      16.18      8.792       0.78      6.576       1.22     15.144      1.124       6.31     11.586     11.034       8.55      8.128     19.528     13.798        0.7       5.12      5.588     11.152      1.108      6.024     12.286      10.19      7.712     16.264     18.024      15.64      3.216     11.656      3.692     16.224     13.056     13.766      9.104      9.104      9.104          0          0          0 
    10.636      10.24      9.492      16.18          0     12.862     16.754     15.038      15.25       4.58     15.552      9.932       7.72     10.304       8.46      24.22      5.418      5.402     16.148      16.22     15.486     10.428     15.924     11.982      7.622     14.774     13.036      1.462       2.56       8.93      13.49     12.924     19.422      0.444       3.14     11.164      16.56      16.56      16.56          0          0          0 
       3.6      2.988      6.424      8.792     12.862          0      8.744       3.05      7.612       9.55      7.668      6.336       5.36      3.206      9.984     14.444     13.798      8.114       8.22      4.972       4.06       3.21      9.502      3.344      5.768        2.3       1.08      12.15     13.552      7.952      8.952      2.862     12.316     12.662      10.57        5.3      3.698      3.698      3.698          0          0          0 
    11.876      10.75      7.278       0.78     16.754      8.744          0      6.326       1.53     15.548      1.276      6.838     11.876      11.16       9.26      7.488      19.96     14.178      0.632      4.716      5.284     11.268      1.822       6.19     12.566      9.988      7.666     16.788      18.54     15.844      3.978       11.6      3.576     16.784     13.644     13.834      8.742      8.742      8.742          0          0          0 
     6.646       5.91      6.906      6.576     15.038       3.05      6.326          0      5.546      12.23      5.492      6.634       8.02       6.19      10.43     11.414     16.594     10.766      5.914      1.966      1.104       6.22      7.492      3.374       8.54      3.676      2.238     14.524     16.058     10.992      7.724      5.628      9.792       14.9     12.394      8.318      2.744      2.744      2.744          0          0          0 
     10.56      9.394      5.764       1.22      15.25      7.612       1.53      5.546          0     14.024      0.328      5.322     10.398      9.814      7.946      8.972     18.432      12.66      0.904        4.3      4.626      9.932      1.948      4.804     11.094      9.096      6.534     15.264     17.012     14.428          3     10.472      4.906     15.272      12.15     12.548      8.168      8.168      8.168          0          0          0 
     6.624      6.612        8.6     15.144       4.58       9.55     15.548      12.23     14.024          0     14.274      8.998      4.216       6.53      9.406     22.696      4.454      1.464     14.916      13.78     12.928      6.606     15.206      9.772      3.792     11.088     10.026      3.268      4.158      4.352     13.132      8.904     18.734      4.186      4.794      6.748     13.168     13.168     13.168          0          0          0 
    10.688      9.538      6.062      1.124     15.552      7.668      1.276      5.492      0.328     14.274          0      5.622     10.608      9.954      8.276      8.668      18.69     12.902      0.644       4.15      4.536     10.068      2.016      4.958       11.3      9.082      6.588     15.554     17.298     14.602        3.3     10.532       4.75      15.57     12.456     12.666      8.072      8.072      8.072          0          0          0 
      7.51      6.232       0.44       6.31      9.932      6.336      6.838      6.634      5.322      8.998      5.622          0      6.044      6.664      3.808     14.288     13.296      7.752      6.224      7.024      6.558      6.836      6.234      3.334       6.75      8.596      5.668      9.956     11.712      10.36      4.178      8.572      9.778      9.948      6.852       9.47      9.118      9.118      9.118          0          0          0 
     3.028       2.53       5.76     11.586       7.72       5.36     11.876       8.02     10.398      4.216     10.608      6.044          0      2.586      8.064     18.748      8.584      2.762     11.252      9.624      8.754       2.72     11.846      5.802      0.712      7.082       5.81      6.856      8.196       4.32     10.154      5.252     15.266      7.464       6.02      4.256      9.024      9.024      9.024          0          0          0 
     0.846      0.444      6.534     11.034     10.304      3.206      11.16       6.19      9.814       6.53      9.954      6.664      2.586          0      9.586     17.448     10.648       5.16      10.57      8.024      7.112      0.184     11.526      5.014      2.764      4.566       3.98      9.394     10.642       4.84     10.328      2.694     14.706      10.04      8.512       2.85      6.668      6.668      6.668          0          0          0 
    10.392      9.204      3.604       8.55       8.46      9.984       9.26      10.43      7.946      9.406      8.276      3.808      8.064      9.586          0     16.644     13.046      8.602      8.746     10.648     10.278       9.77      7.996      7.142      8.652     12.278       9.42       9.04     10.774      12.14      5.446     11.894     11.304      8.644      5.444     12.144     12.924     12.924     12.924          0          0          0 
        18     17.104     14.728      8.128      24.22     14.444      7.488     11.414      8.972     22.696      8.668     14.288     18.748     17.448     16.644          0     27.148      21.27      8.078      9.472     10.384     17.506      8.668     12.956     19.388     14.692       13.5     24.194     25.924     22.288     11.212      16.99      5.928     24.234     21.122     19.732     12.558     12.558     12.558          0          0          0 
    10.548      10.81     12.878     19.528      5.418     13.798      19.96     16.594     18.432      4.454      18.69     13.296      8.584     10.648     13.046     27.148          0        5.9     19.328     18.202     17.338     10.688      19.53     14.226       8.06     15.092     14.368       4.22       2.96        6.9     17.348     12.696     23.072      5.022      7.702     10.048     17.306     17.306     17.306          0          0          0 
     5.344      5.208      7.374     13.798      5.402      8.114     14.178     10.766      12.66      1.464     12.902      7.752      2.762       5.16      8.602      21.27        5.9          0     13.546     12.316     11.464      5.254     13.908       8.33      2.396      9.726      8.568      4.304      5.482      3.994     11.922      7.642     17.418       5.07      4.708      5.768     11.756     11.756     11.756          0          0          0 
    11.296     10.156      6.666        0.7     16.148       8.22      0.632      5.914      0.904     14.916      0.644      6.224     11.252      10.57      8.746      8.078     19.328     13.546          0      4.424      4.908      10.68      1.784      5.586     11.942      9.548       7.14      16.17     17.918     15.236       3.58      11.08      4.138     16.172     13.044     13.264      8.416      8.416      8.416          0          0          0 
      8.54      7.708       7.38       5.12      16.22      4.972      4.716      1.966        4.3      13.78       4.15      7.024      9.624      8.024     10.648      9.472     18.202     12.316      4.424          0      0.914       8.07      6.152      4.236       10.2      5.544      4.048     15.842     17.448     12.858      6.968      7.596       8.02     16.122     13.398     10.264       4.03       4.03       4.03          0          0          0 
     7.624      6.798      6.882      5.588     15.486       4.06      5.284      1.104      4.626     12.928      4.536      6.558      8.754      7.112     10.278     10.384     17.338     11.464      4.908      0.914          0      7.156      6.552      3.546      9.316      4.766      3.134     15.062     16.648     11.942      7.042      6.718      8.712     15.374     12.722      9.356       3.54       3.54       3.54          0          0          0 
     0.678      0.606       6.71     11.152     10.428       3.21     11.268       6.22      9.932      6.606     10.068      6.836       2.72      0.184       9.77     17.506     10.688      5.254      10.68       8.07      7.156          0     11.656      5.136      2.862      4.482      4.022      9.504      10.73      4.786     10.482       2.54     14.818      10.16       8.67      2.696      6.618      6.618      6.618          0          0          0 
    12.302     11.094      6.656      1.108     15.924      9.502      1.822      7.492      1.948     15.206      2.016      6.234     11.846     11.526      7.996      8.668      19.53     13.908      1.784      6.152      6.552     11.656          0      6.526     12.556     11.042      8.432     16.106     17.878     16.004       2.55     12.356      3.544     15.998     12.784     14.312     10.088     10.088     10.088          0          0          0 
     5.778       4.59      3.562      6.024     11.982      3.344       6.19      3.374      4.804      9.772      4.958      3.334      5.802      5.014      7.142     12.956     14.226       8.33      5.586      4.236      3.546      5.136      6.526          0      6.462      5.446      2.462     11.636     13.274      9.654      5.642      6.026      9.706      11.89      9.178      7.786      5.782      5.782      5.782          0          0          0 
     3.014       2.82       6.46     12.286      7.622      5.768     12.566       8.54     11.094      3.792       11.3       6.75      0.712      2.764      8.652     19.388       8.06      2.396     11.942       10.2      9.316      2.862     12.556      6.462          0       7.33      6.308      6.646      7.878      3.624     10.866      5.306      15.97      7.332      6.206      3.904      9.376      9.376      9.376          0          0          0 
     4.542      4.552      8.704      10.19     14.774        2.3      9.988      3.676      9.096     11.088      9.082      8.596      7.082      4.566     12.278     14.692     15.092      9.726      9.548      5.544      4.766      4.482     11.042      5.446       7.33          0      2.984     13.936     15.208       8.66     10.868      2.574      13.47     14.536     12.678      5.546      2.392      2.392      2.392          0          0          0 
       4.5       3.68      5.818      7.712     13.036       1.08      7.666      2.238      6.534     10.026      6.588      5.668       5.81       3.98       9.42       13.5     14.368      8.568       7.14      4.048      3.134      4.022      8.432      2.462      6.308      2.984          0     12.434     13.918      8.808      7.968      3.942     11.238     12.868     10.556      6.304      3.684      3.684      3.684          0          0          0 
      9.64      9.384      9.516     16.264      1.462      12.15     16.788     14.524     15.264      3.268     15.554      9.956      6.856      9.394       9.04     24.194       4.22      4.304      16.17     15.842     15.062      9.504     16.106     11.636      6.646     13.936     12.434          0      1.776      7.576      13.76      11.94      19.64      1.018        3.6      9.982     15.844     15.844     15.844          0          0          0 
    10.778     10.686     11.276     18.024       2.56     13.552      18.54     16.058     17.012      4.158     17.298     11.712      8.196     10.642     10.774     25.924       2.96      5.482     17.918     17.448     16.648      10.73     17.878     13.274      7.878     15.208     13.918      1.776          0      8.076     15.536     13.064     21.414      2.228      5.332     10.834      17.22      17.22      17.22          0          0          0 
     4.356       5.19      10.08      15.64       8.93      7.952     15.844     10.992     14.428      4.352     14.602      10.36       4.32       4.84      12.14     22.288        6.9      3.994     15.236     12.858     11.942      4.786     16.004      9.654      3.624       8.66      8.808      7.576      8.076          0     14.442      6.112     19.334      8.528      8.702      3.232     11.016     11.016     11.016          0          0          0 
    11.158      9.884      4.546      3.216      13.49      8.952      3.978      7.724          3     13.132        3.3      4.178     10.154     10.328      5.446     11.212     17.348     11.922       3.58      6.968      7.042     10.482       2.55      5.642     10.866     10.868      7.968      13.76     15.536     14.442          0     11.668       5.94     13.588     10.352     13.178     10.466     10.466     10.466          0          0          0 
       2.3      2.908      8.548     11.656     12.924      2.862       11.6      5.628     10.472      8.904     10.532      8.572      5.252      2.694     11.894      16.99     12.696      7.642      11.08      7.596      6.718       2.54     12.356      6.026      5.306      2.574      3.942      11.94     13.064      6.112     11.668          0     15.168      12.64     11.208       2.97      4.962      4.962      4.962          0          0          0 
    15.436     14.288       10.2      3.692     19.422     12.316      3.576      9.792      4.906     18.734       4.75      9.778     15.266     14.706     11.304      5.928     23.072     17.418      4.138       8.02      8.712     14.818      3.544      9.706      15.97      13.47     11.238      19.64     21.414     19.334       5.94     15.168          0      19.51     16.282     17.404      12.02      12.02      12.02          0          0          0 
    10.346      9.992      9.508     16.224      0.444     12.662     16.784       14.9     15.272      4.186      15.57      9.948      7.464      10.04      8.644     24.234      5.022       5.07     16.172     16.122     15.374      10.16     15.998      11.89      7.332     14.536     12.868      1.018      2.228      8.528     13.588      12.64      19.51          0      3.248     10.818      16.36      16.36      16.36          0          0          0 
     9.046      8.334      6.414     13.056       3.14      10.57     13.644     12.394      12.15      4.794     12.456      6.852       6.02      8.512      5.444     21.122      7.702      4.708     13.044     13.398     12.722       8.67     12.784      9.178      6.206     12.678     10.556        3.6      5.332      8.702     10.352     11.208     16.282      3.248          0     10.092       14.2       14.2       14.2          0          0          0 
     2.024      3.294       9.31     13.766     11.164        5.3     13.834      8.318     12.548      6.748     12.666       9.47      4.256       2.85     12.144     19.732     10.048      5.768     13.264     10.264      9.356      2.696     14.312      7.786      3.904      5.546      6.304      9.982     10.834      3.232     13.178       2.97     17.404     10.818     10.092          0      7.934      7.934      7.934          0          0          0 
     6.794      6.556      9.332      9.104      16.56      3.698      8.742      2.744      8.168     13.168      8.072      9.118      9.024      6.668     12.924     12.558     17.306     11.756      8.416       4.03       3.54      6.618     10.088      5.782      9.376      2.392      3.684     15.844      17.22     11.016     10.466      4.962      12.02      16.36       14.2      7.934          0          0          0          0          0          0 
     6.794      6.556      9.332      9.104      16.56      3.698      8.742      2.744      8.168     13.168      8.072      9.118      9.024      6.668     12.924     12.558     17.306     11.756      8.416       4.03       3.54      6.618     10.088      5.782      9.376      2.392      3.684     15.844      17.22     11.016     10.466      4.962      12.02      16.36       14.2      7.934          0          0          0          0          0          0 
     6.794      6.556      9.332      9.104      16.56      3.698      8.742      2.744      8.168     13.168      8.072      9.118      9.024      6.668     12.924     12.558     17.306     11.756      8.416       4.03       3.54      6.618     10.088      5.782      9.376      2.392      3.684     15.844      17.22     11.016     10.466      4.962      12.02      16.36       14.2      7.934          0          0          0          0          0          0 
         0          0          0          0          0          0          0          0          0          0          0          0          0          0          0          0          0          0          0          0          0          0          0          0          0          0          0          0          0          0          0          0          0          0          0          0          0          0          0          0          0          0 
         0          0          0          0          0          0          0          0          0          0          0          0          0          0          0          0          0          0          0          0          0          0          0          0          0          0          0          0          0          0          0          0          0          0          0          0          0          0          0          0          0          0 
         0          0          0          0          0          0          0          0          0          0          0          0          0          0          0          0          0          0          0          0          0          0          0          0          0          0          0          0          0          0          0          0          0          0          0          0          0          0          0          0          0          0 
Version identifier: 22.1.1.0 | 2022-11-28 | 9160aff4d
CPXPARAM_Threads                                 1
CPXPARAM_TimeLimit                               7200
Tried aggregator 2 times.
MIP Presolve eliminated 953 rows and 2189 columns.
MIP Presolve modified 777 coefficients.
Aggregator did 18 substitutions.
Reduced MIP has 185 rows, 451 columns, and 1407 nonzeros.
Reduced MIP has 442 binaries, 0 generals, 0 SOSs, and 0 indicators.
Presolve time = 0.00 sec. (5.32 ticks)
Found incumbent of value 6.776680 after 0.01 sec. (8.38 ticks)
Probing time = 0.00 sec. (1.88 ticks)
Cover probing fixed 0 vars, tightened 1 bounds.
Tried aggregator 2 times.
Detecting symmetries...
MIP Presolve eliminated 10 rows and 20 columns.
MIP Presolve modified 29 coefficients.
Aggregator did 2 substitutions.
Reduced MIP has 173 rows, 429 columns, and 1324 nonzeros.
Reduced MIP has 420 binaries, 0 generals, 0 SOSs, and 0 indicators.
Presolve time = 0.00 sec. (1.59 ticks)
Probing time = 0.00 sec. (1.66 ticks)
Clique table members: 1015.
MIP emphasis: balance optimality and feasibility.
MIP search method: dynamic search.
Parallel mode: none, using 1 thread.
Root relaxation solution time = 0.00 sec. (0.88 ticks)

        Nodes                                         Cuts/
   Node  Left     Objective  IInf  Best Integer    Best Bound    ItCnt     Gap

*     0+    0                            6.7767       64.9299           858.14%
*     0     0      integral     0       36.6445       36.6445      102    0.00%
Elapsed time = 0.02 sec. (15.79 ticks, tree = 0.00 MB, solutions = 2)

Root node processing (before b&c):
  Real time             =    0.02 sec. (15.89 ticks)
Sequential b&c:
  Real time             =    0.00 sec. (0.00 ticks)
                          ------------
Total (root+branch&cut) =    0.02 sec. (15.89 ticks)

Sol status: Optimal
 Total Time: 0.02
 LB: 36.6445
 UB: 36.6445
Initializing solStats

Obj Val: 36.64448

Solve Time: 0.02
b(0): 13.45
b(1): 15.8
b(2): 15.2
b(3): 14.8333333333333
b(4): 12.2666666666667
b(5): 11.3
b(6): 16.3
b(7): 9.53333333333333
b(8): 15.7833333333333
b(9): 15.6
b(10): 10.2666666666667
b(11): 16.6333333333333
b(12): 13.6071870278961
b(13): 15.8941626069086
b(14): 15.371235815237
b(15): 15.1306993320485
b(16): 12.4821464059251
b(17): 11.5968538033433
b(18): 16.5654146416657
b(19): 9.66461790956971
b(20): 15.979495989998
b(21): 15.844455363149
b(22): 10.3991707556931
b(23): 16.9646504461709
b(24): 10.1
b(25): 9.03333333333333
b(26): 9.76666666666667
b(27): 10.2166666666667
b(28): 12.7666666666667
b(29): 12.4
b(30): 11.45
b(31): 10.1833333333333
b(32): 11.1333333333333
b(33): 11.3333333333333
b(34): 13.9833333333333
b(35): 13.5666666666667
b(36): 9
b(37): 9
b(38): 9
b(39): 19
b(40): 19
b(41): 19


Customer profit: 88.23348
Parcel profit: 0
Costs: 51.589
Without fixed: 51.589

Solution: 
Vehicle 0: 36 - 7 - 19 - 10 - 22 - 3 - 15 - 8 - 20 - 6 - 18 - 39 - Total time: 7.56541464166568
Vehicle 1: 37 - 0 - 12 - 2 - 14 - 1 - 13 - 11 - 23 - 40 - Total time: 7.96465044617095
Vehicle 2: 38 - 5 - 17 - 4 - 16 - 9 - 21 - 41 - Total time: 6.84445536314896

Vehicle 0: d - D - d - D - d - P - d - D - d - D - f
Vehicle 1: d - P - d - P - d - P - d - D - f
Vehicle 2: d - P - d - P - d - D - f

************************************
Final solution value: 36.64448
************************************

Total distance: 112.15

Total passenger distance: 47.916

Total parcel distance: 0

Total combined transportation distance: 0

Total idle distance: 64.234
File exists: 1
partial: 
CSV file 'TreatResults/FullResults/fip1ADghsarpS.csv' generated successfully!
Instance Name: ghsarp-12-6-1

K: 3
Dist Matrix: 
         0      5.082      9.832      5.548      8.836      7.762      1.258      3.666      3.494      2.276      8.686      3.152      6.916      5.068     12.714      4.016      5.954     13.504      6.082      6.456       0.92      1.562      6.144       5.26      5.162      0.792      4.064     10.466       4.76      6.472      2.808      7.638      4.156      12.24      1.678       2.11      3.422      3.422      3.422          0          0          0 
     5.082          0     14.906      1.506       3.76      6.798      5.254      6.124      1.592      5.004      7.794      2.114     11.936      3.612      17.73      1.444       2.35     12.398       8.22       9.23       5.09      4.262      7.632      1.118      3.216      4.906       3.55      14.06      2.256      8.134      7.202     10.806      4.026      16.79      5.064      6.958      8.506      8.506      8.506          0          0          0 
     9.832     14.906          0     15.312     18.664     15.612      9.988     10.398     13.314     10.494      16.18     12.962       3.11     14.198      4.174      13.82     15.592     20.064     10.746      9.748     10.018     10.808     12.404      15.06     14.462      10.04      13.22      9.932      14.36     12.296       8.53      10.12     13.062       7.14      10.38       8.03       6.42       6.42       6.42          0          0          0 
     5.548      1.506     15.312          0      3.676      5.404      5.368      7.296      2.434      6.018      6.378      2.404     12.458      2.446     17.846      1.552      0.842      10.91      9.528     10.464        5.3      5.116      6.688       0.42      1.994       5.58      2.762      13.44       1.24      7.198      7.164      10.14        3.2     16.536      5.052      7.592      8.896      8.896      8.896          0          0          0 
     8.836       3.76     18.664      3.676          0      8.056        8.9      9.524      5.352      8.616      8.848      5.762     15.696        5.9     21.412      4.938        3.9     12.572     11.274     12.422      8.776      7.982     10.134      3.776       5.44       8.66      6.414     17.044      4.898      10.64     10.776     13.738      6.826     20.212       8.64      10.71     12.258     12.258     12.258          0          0          0 
     7.762      6.798     15.612      5.404      8.056          0      6.716     11.018      6.808      9.502       1.02      6.078     13.426       3.33     16.932      5.838      4.652      5.876     13.496     14.102      6.942      8.428      3.442      5.714      3.628      8.318      4.004     10.204      4.608      3.772      7.286      7.132      3.718     14.378      6.214      9.686      9.952      9.952      9.952          0          0          0 
     1.258      5.254      9.988      5.368        8.9      6.716          0      4.924      3.764      3.512        7.6      3.152      7.264       4.35     12.512      3.962      5.604     12.368      7.336       7.67      0.352      2.664      4.892      5.162      4.542      2.032      3.334       9.46      4.372      5.214      1.986      6.506        3.3     11.618      0.502      2.968      3.636      3.636      3.636          0          0          0 
     3.666      6.124     10.398      7.296      9.524     11.018      4.924          0       4.87      1.518         12      5.222      7.294      7.904     14.056      5.874      7.996     16.874      2.486      3.192      4.582       2.59       9.79      6.892      7.822      2.904      7.042     13.684      7.072     10.132       6.15     11.122        7.3     14.614      5.316      3.202      5.122      5.122      5.122          0          0          0 
     3.494      1.592     13.314      2.434      5.352      6.808      3.764       4.87          0      3.586      7.828      0.878     10.348      3.478     16.172      1.048      3.128      12.63      7.162      8.052      3.566      2.734       6.89      2.046      3.238      3.324      2.972     12.892      2.334      7.366      5.744       9.71      3.408     15.372      3.644      5.376      6.918      6.918      6.918          0          0          0 
     2.276      5.004     10.494      6.018      8.616      9.502      3.512      1.518      3.586          0     10.484      3.806      7.396      6.422      13.87      4.526      6.662     15.356      4.004      4.642       3.16      1.074      8.322      5.634      6.364      1.484      5.538      12.62      5.664      8.682       4.97       9.89      5.784     13.976      3.864      2.602      4.566      4.566      4.566          0          0          0 
     8.686      7.794      16.18      6.378      8.848       1.02        7.6         12      7.828     10.484          0      7.096     14.116       4.35     17.278      6.856      5.604      4.876     14.484     15.064      7.844       9.41       3.81        6.7      4.642      9.268       5.01     10.144       5.62       4.03      8.008      7.236      4.706     14.504        7.1     10.562     10.712     10.712     10.712          0          0          0 
     3.152      2.114     12.962      2.404      5.762      6.078      3.152      5.222      0.878      3.806      7.096          0      10.07      2.782     15.656      0.862      2.908     11.938      7.618      8.412      3.014       2.81      6.012      2.106      2.624      3.186      2.148      12.07      1.858      6.488      5.088      8.868      2.564      14.68       2.95      5.188       6.54       6.54       6.54          0          0          0 
     6.916     11.936       3.11     12.458     15.696     13.426      7.264      7.294     10.348      7.396     14.116      10.07          0     11.592      6.906     10.932     12.812     18.388      7.824      6.946      7.234      7.764     10.496     12.178     11.806      7.036     10.584       9.93      11.59       10.5      6.142      9.084     10.492       8.62      7.704      4.994      3.628      3.628      3.628          0          0          0 
     5.068      3.612     14.198      2.446        5.9       3.33       4.35      7.904      3.478      6.422       4.35      2.782     11.592          0     16.284      2.512          2      9.162     10.348     11.064      4.446       5.36      4.264      2.628      0.462      5.444      1.018     11.154      1.356      4.774        5.7      7.846      1.148      14.55       3.89       7.16      7.966      7.966      7.966          0          0          0 
    12.714      17.73      4.174     17.846     21.412     16.932     12.512     14.056     16.172      13.87     17.278     15.656      6.906     16.284          0     16.474     17.958     20.412     14.728     13.806     12.644     13.958     13.504     17.666      16.63     13.112     15.404      8.746     16.748     13.246     10.692     10.286     15.138      4.392     12.794     11.278      9.384      9.384      9.384          0          0          0 
     4.016      1.444      13.82      1.552      4.938      5.838      3.962      5.874      1.048      4.526      6.856      0.862     10.932      2.512     16.474          0      2.134     11.624        8.2      9.064      3.848      3.584      6.262      1.244      2.226      4.026      2.198     12.614       1.29      6.758      5.856      9.364      2.668     15.394      3.712      6.044      7.398      7.398      7.398          0          0          0 
     5.954       2.35     15.592      0.842        3.9      4.652      5.604      7.996      3.128      6.662      5.604      2.908     12.812          2     17.958      2.134          0      10.08     10.278      11.18      5.586      5.706       6.25      1.246       1.54      6.082      2.606     13.148      1.232      6.758      7.272      9.842      2.972     16.444       5.23      8.044      9.208      9.208      9.208          0          0          0 
    13.504     12.398     20.064      10.91     12.572      5.876     12.368     16.874      12.63     15.356      4.876     11.938     18.388      9.162     20.412     11.624      10.08          0     19.358      19.92     12.636     14.284       7.92      11.28      9.398     14.116       9.88     12.134     10.348      7.886     12.478      10.16      9.582     16.924     11.878     15.296     15.206     15.206     15.206          0          0          0 
     6.082       8.22     10.746      9.528     11.274     13.496      7.336      2.486      7.162      4.004     14.484      7.618      7.824     10.348     14.728        8.2     10.278     19.358          0       1.28      7.004      5.074     12.226      9.112     10.238      5.352       9.51     15.612      9.444      12.55      8.336     13.282      9.778     15.946      7.754      5.106       6.73       6.73       6.73          0          0          0 
     6.456       9.23      9.748     10.464     12.422     14.102       7.67      3.192      8.052      4.642     15.064      8.412      6.946     11.064     13.806      9.064      11.18      19.92       1.28          0      7.362      5.708     12.544     10.056         11      5.804      10.17     15.342     10.264     12.828      8.384      13.23     10.394     15.306      8.128      5.088      6.424      6.424      6.424          0          0          0 
      0.92       5.09     10.018        5.3      8.776      6.942      0.352      4.582      3.566       3.16      7.844      3.014      7.234      4.446     12.644      3.848      5.586     12.636      7.004      7.362          0      2.312      5.222       5.07      4.606      1.684      3.426      9.784       4.36      5.552       2.24       6.85      3.442     11.854      0.766      2.764      3.622      3.622      3.622          0          0          0 
     1.562      4.262     10.808      5.116      7.982      8.428      2.664       2.59      2.734      1.074       9.41       2.81      7.764       5.36     13.958      3.584      5.706     14.284      5.074      5.708      2.312          0      7.342      4.752      5.316       0.88      4.464     12.024      4.656       7.72       4.37      9.158       4.71     13.724       2.94      2.778      4.574      4.574      4.574          0          0          0 
     6.144      7.632     12.404      6.688     10.134      3.442      4.892       9.79       6.89      8.322       3.81      6.012     10.496      4.264     13.504      6.262       6.25       7.92     12.226     12.544      5.222      7.342          0      6.806      4.728      6.886       4.08       7.06      5.492      0.508       4.58       3.82      3.606     10.982      4.474       7.61        7.3        7.3        7.3          0          0          0 
      5.26      1.118      15.06       0.42      3.776      5.714      5.162      6.892      2.046      5.634        6.7      2.106     12.178      2.628     17.666      1.244      1.246      11.28      9.112     10.056       5.07      4.752      6.806          0      2.198      5.252      2.794     13.462      1.316      7.316      7.006     10.174      3.252     16.454      4.874       7.28       8.64       8.64       8.64          0          0          0 
     5.162      3.216     14.462      1.994       5.44      3.628      4.542      7.822      3.238      6.364      4.642      2.624     11.806      0.462      16.63      2.226       1.54      9.398     10.238         11      4.606      5.316      4.728      2.198          0      5.476      1.244     11.608       0.98      5.238          6        8.3      1.502     14.964      4.104      7.268      8.176      8.176      8.176          0          0          0 
     0.792      4.906      10.04       5.58       8.66      8.318      2.032      2.904      3.324      1.484      9.268      3.186      7.036      5.444     13.112      4.026      6.082     14.116      5.352      5.804      1.684       0.88      6.886      5.252      5.476          0      4.476      11.22      4.946      7.228      3.554      8.426       4.64     12.846       2.41      2.052      3.732      3.732      3.732          0          0          0 
     4.064       3.55      13.22      2.762      6.414      4.004      3.334      7.042      2.972      5.538       5.01      2.148     10.584      1.018     15.404      2.198      2.606       9.88       9.51      10.17      3.426      4.464       4.08      2.794      1.244      4.476          0      10.68      1.522      4.582      4.756      7.384      0.474     13.842      2.878      6.146      6.956      6.956      6.956          0          0          0 
    10.466      14.06      9.932      13.44     17.044     10.204       9.46     13.684     12.892      12.62     10.144      12.07       9.93     11.154      8.746     12.614     13.148     12.134     15.612     15.342      9.784     12.024       7.06     13.462     11.608      11.22      10.68          0       12.2      6.596      7.664      3.306      10.24      4.816      9.376      10.55      8.922      8.922      8.922          0          0          0 
      4.76      2.256      14.36       1.24      4.898      4.608      4.372      7.072      2.334      5.664       5.62      1.858      11.59      1.356     16.748       1.29      1.232     10.348      9.444     10.264       4.36      4.656      5.492      1.316       0.98      4.946      1.522       12.2          0          6      6.056        8.9       1.96     15.328          4      6.864      7.982      7.982      7.982          0          0          0 
     6.472      8.134     12.296      7.198      10.64      3.772      5.214     10.132      7.366      8.682       4.03      6.488       10.5      4.774     13.246      6.758      6.758      7.886      12.55     12.828      5.552       7.72      0.508      7.316      5.238      7.228      4.582      6.596          6          0       4.72      3.392      4.108     10.608       4.82      7.842      7.408      7.408      7.408          0          0          0 
     2.808      7.202       8.53      7.164     10.776      7.286      1.986       6.15      5.744       4.97      8.008      5.088      6.142        5.7     10.692      5.856      7.272     12.478      8.336      8.384       2.24       4.37       4.58      7.006          6      3.554      4.756      7.664      6.056       4.72          0      4.972      4.552      9.632      2.144      3.296       2.73       2.73       2.73          0          0          0 
     7.638     10.806      10.12      10.14     13.738      7.132      6.506     11.122       9.71       9.89      7.236      8.868      9.084      7.846     10.286      9.364      9.842      10.16     13.282      13.23       6.85      9.158       3.82     10.174        8.3      8.426      7.384      3.306        8.9      3.392      4.972          0       6.94      7.268      6.336      8.186      6.952      6.952      6.952          0          0          0 
     4.156      4.026     13.062        3.2      6.826      3.718        3.3        7.3      3.408      5.784      4.706      2.564     10.492      1.148     15.138      2.668      2.972      9.582      9.778     10.394      3.442       4.71      3.606      3.252      1.502       4.64      0.474      10.24       1.96      4.108      4.552       6.94          0     13.476      2.818      6.198      6.874      6.874      6.874          0          0          0 
     12.24      16.79       7.14     16.536     20.212     14.378     11.618     14.614     15.372     13.976     14.504      14.68       8.62      14.55      4.392     15.394     16.444     16.924     15.946     15.306     11.854     13.724     10.982     16.454     14.964     12.846     13.842      4.816     15.328     10.608      9.632      7.268     13.476          0     11.736     11.462      9.496      9.496      9.496          0          0          0 
     1.678      5.064      10.38      5.052       8.64      6.214      0.502      5.316      3.644      3.864        7.1       2.95      7.704       3.89     12.794      3.712       5.23     11.878      7.754      8.128      0.766       2.94      4.474      4.874      4.104       2.41      2.878      9.376          4       4.82      2.144      6.336      2.818     11.736          0      3.472      4.076      4.076      4.076          0          0          0 
      2.11      6.958       8.03      7.592      10.71      9.686      2.968      3.202      5.376      2.602     10.562      5.188      4.994       7.16     11.278      6.044      8.044     15.296      5.106      5.088      2.764      2.778       7.61       7.28      7.268      2.052      6.146      10.55      6.864      7.842      3.296      8.186      6.198     11.462      3.472          0       1.98       1.98       1.98          0          0          0 
     3.422      8.506       6.42      8.896     12.258      9.952      3.636      5.122      6.918      4.566     10.712       6.54      3.628      7.966      9.384      7.398      9.208     15.206       6.73      6.424      3.622      4.574        7.3       8.64      8.176      3.732      6.956      8.922      7.982      7.408       2.73      6.952      6.874      9.496      4.076       1.98          0          0          0          0          0          0 
     3.422      8.506       6.42      8.896     12.258      9.952      3.636      5.122      6.918      4.566     10.712       6.54      3.628      7.966      9.384      7.398      9.208     15.206       6.73      6.424      3.622      4.574        7.3       8.64      8.176      3.732      6.956      8.922      7.982      7.408       2.73      6.952      6.874      9.496      4.076       1.98          0          0          0          0          0          0 
     3.422      8.506       6.42      8.896     12.258      9.952      3.636      5.122      6.918      4.566     10.712       6.54      3.628      7.966      9.384      7.398      9.208     15.206       6.73      6.424      3.622      4.574        7.3       8.64      8.176      3.732      6.956      8.922      7.982      7.408       2.73      6.952      6.874      9.496      4.076       1.98          0          0          0          0          0          0 
         0          0          0          0          0          0          0          0          0          0          0          0          0          0          0          0          0          0          0          0          0          0          0          0          0          0          0          0          0          0          0          0          0          0          0          0          0          0          0          0          0          0 
         0          0          0          0          0          0          0          0          0          0          0          0          0          0          0          0          0          0          0          0          0          0          0          0          0          0          0          0          0          0          0          0          0          0          0          0          0          0          0          0          0          0 
         0          0          0          0          0          0          0          0          0          0          0          0          0          0          0          0          0          0          0          0          0          0          0          0          0          0          0          0          0          0          0          0          0          0          0          0          0          0          0          0          0          0 
Version identifier: 22.1.1.0 | 2022-11-28 | 9160aff4d
CPXPARAM_Threads                                 1
CPXPARAM_TimeLimit                               7200
Tried aggregator 2 times.
MIP Presolve eliminated 949 rows and 2176 columns.
MIP Presolve modified 793 coefficients.
Aggregator did 20 substitutions.
Reduced MIP has 184 rows, 453 columns, and 1422 nonzeros.
Reduced MIP has 443 binaries, 0 generals, 0 SOSs, and 0 indicators.
Presolve time = 0.00 sec. (5.29 ticks)
Found incumbent of value 12.750340 after 0.01 sec. (7.78 ticks)
Probing time = 0.00 sec. (1.88 ticks)
Tried aggregator 1 time.
Detecting symmetries...
Reduced MIP has 184 rows, 453 columns, and 1422 nonzeros.
Reduced MIP has 443 binaries, 0 generals, 0 SOSs, and 0 indicators.
Presolve time = 0.00 sec. (1.02 ticks)
Probing time = 0.00 sec. (1.88 ticks)
Clique table members: 1012.
MIP emphasis: balance optimality and feasibility.
MIP search method: dynamic search.
Parallel mode: none, using 1 thread.
Root relaxation solution time = 0.00 sec. (0.96 ticks)

        Nodes                                         Cuts/
   Node  Left     Objective  IInf  Best Integer    Best Bound    ItCnt     Gap

*     0+    0                           12.7503       67.1129           426.36%
*     0     0      integral     0       34.2875       34.2875      118    0.00%
Elapsed time = 0.02 sec. (14.89 ticks, tree = 0.00 MB, solutions = 2)

Root node processing (before b&c):
  Real time             =    0.02 sec. (14.99 ticks)
Sequential b&c:
  Real time             =    0.00 sec. (0.00 ticks)
                          ------------
Total (root+branch&cut) =    0.02 sec. (14.99 ticks)

Sol status: Optimal
 Total Time: 0.02
 LB: 34.2875
 UB: 34.2875
Initializing solStats

Obj Val: 34.28754

Solve Time: 0.02
b(0): 15.55
b(1): 12.0666666666667
b(2): 15.3666666666667
b(3): 11.0666666666667
b(4): 15.2
b(5): 10.8666666666667
b(6): 9.8
b(7): 10.05
b(8): 11.6
b(9): 16.3333333333333
b(10): 12.4666666666667
b(11): 13.15
b(12): 15.8030245136705
b(13): 12.2380976039501
b(14): 15.5518049277097
b(15): 11.1878536770018
b(16): 15.3784553309538
b(17): 11.0933171430815
b(18): 10.0683903748246
b(19): 10.2111870298473
b(20): 11.7703089855166
b(21): 16.6095284680627
b(22): 12.6429268745985
b(23): 13.2846992120484
b(24): 15.7666666666667
b(25): 16.2333333333333
b(26): 12.0666666666667
b(27): 10.2333333333333
b(28): 10.85
b(29): 11.9833333333333
b(30): 17
b(31): 17.5333333333333
b(32): 13.1666666666667
b(33): 11.45
b(34): 12.0333333333333
b(35): 13.2666666666667
b(36): 9
b(37): 9
b(38): 9
b(39): 19
b(40): 19
b(41): 19


Customer profit: 87.40742
Parcel profit: 0
Costs: 53.11988
Without fixed: 53.11988

Solution: 
Vehicle 0: 36 - 7 - 19 - 2 - 14 - 39 - Total time: 6.55180492770972
Vehicle 1: 37 - 5 - 17 - 10 - 22 - 0 - 12 - 40 - Total time: 6.80302451367049
Vehicle 2: 38 - 6 - 18 - 3 - 15 - 8 - 20 - 1 - 13 - 11 - 23 - 4 - 16 - 9 - 21 - 41 - Total time: 7.60952846806267

Vehicle 0: d - D - d - P - f
Vehicle 1: d - P - d - D - d - P - f
Vehicle 2: d - D - d - P - d - D - d - P - d - D - d - P - d - D - f

************************************
Final solution value: 34.28754
************************************

Total distance: 115.478

Total passenger distance: 47.114

Total parcel distance: 0

Total combined transportation distance: 0

Total idle distance: 68.364
File exists: 1
partial: 
CSV file 'TreatResults/FullResults/fip1ADghsarpS.csv' generated successfully!
Instance Name: ghsarp-12-6-2

K: 3
Dist Matrix: 
         0     11.594      2.468      1.042      7.672     12.346      11.25      12.42     11.052      3.936      9.106      8.016      4.094     11.442       7.34      5.292      9.104     16.018     14.654     16.118     12.156       3.42       7.95       6.51      7.826      10.93      5.952     12.784      13.88      3.384      6.692     10.332      6.102     12.174     12.128      2.718      6.312      6.312      6.312          0          0          0 
    11.594          0     10.192     11.072      5.368      8.626      1.308      0.834      7.798     12.198      2.744      6.118     15.612      4.524      5.222     15.064        6.6     14.682      3.224      4.526      9.846     13.562        3.7      5.088      3.772      3.364     15.212      1.328      2.306     12.374       9.76      5.704      6.004      0.588      0.544        8.9      13.59      13.59      13.59          0          0          0 
     2.468     10.192          0      1.442      7.326     12.688      9.624     10.984     11.342      6.032      8.022       7.97      6.242     10.972       6.86      7.744      9.216       17.1      13.38     14.688     12.784      5.862      6.804      5.354      6.576     10.224      8.376      11.47     12.498      2.396      4.252     10.182      5.612      10.78     10.736       1.93      8.442      8.442      8.442          0          0          0 
     1.042     11.072      1.442          0      7.566     12.566     10.632     11.888     11.246      4.846      8.704       8.04       4.89     11.316      7.172      6.334      9.206      16.56       14.2     15.598     12.496       4.46      7.512      6.048      7.344     10.702      6.992     12.306     13.376      2.634      5.648     10.334      5.908     11.658     11.614      2.214       7.25       7.25       7.25          0          0          0 
     7.672      5.368      7.326      7.566          0      5.734       5.84      6.138      4.418      7.116      2.724       1.07     11.266      3.768      0.568         10       2.28     11.202      7.726      9.424        6.3      8.724       2.53      2.794      2.852      3.376      10.04      6.128       7.26       9.72      9.234      2.872      1.714      5.812      5.772      5.466       8.26       8.26       8.26          0          0          0 
    12.346      8.626     12.688     12.566      5.734          0      9.732       9.01      1.348     10.092      7.248      4.822     15.072      4.114        6.3     12.524      3.524      6.056       8.98     10.654       1.47     12.008      7.834      8.506      8.216       5.27     12.178      8.468      9.234     15.012     14.968        3.2      7.322       8.71      8.696     10.758      9.812      9.812      9.812          0          0          0 
     11.25      1.308      9.624     10.632       5.84      9.732          0      1.666      8.812      12.28      3.116      6.726     15.326      5.682      5.574       15.1        7.4     15.782      4.174      5.142     10.886     13.498      3.706       4.89      3.642       4.47      15.32      2.444      3.122     11.688      8.742      6.688      6.114       1.67      1.644      8.532     13.862     13.862     13.862          0          0          0 
     12.42      0.834     10.984     11.888      6.138       9.01      1.666          0      8.276      13.02      3.562       6.84     16.444      4.898       6.02      15.89      7.234     15.048      2.528       3.71     10.292     14.394      4.536       5.92      4.604      3.832     16.032       0.82      1.528     13.138      10.38      6.228      6.832      0.334      0.368      9.722     14.382     14.382     14.382          0          0          0 
    11.052      7.798     11.342     11.246      4.418      1.348      8.812      8.276          0      8.982      6.136       3.48     13.902      3.452      4.986     11.528       2.18       7.04        8.6     10.338       2.08     10.886      6.614      7.204      6.992      4.448     11.244      7.822      8.702     13.674     13.644      2.128       5.98       7.96       7.94      9.414       8.93       8.93       8.93          0          0          0 
     3.936     12.198      6.032      4.846      7.116     10.092      12.28      13.02      8.982          0      9.458      6.904      5.044      10.52      7.068      2.886      7.544     12.656     14.828     16.494      9.504       1.92      8.584      7.464       8.64      10.44       3.04     13.148     14.288      7.316      10.21       9.02        6.2     12.716     12.674       5.02      2.412      2.412      2.412          0          0          0 
     9.106      2.744      8.022      8.704      2.724      7.248      3.116      3.562      6.136      9.458          0      3.626      13.04        3.7        2.5      12.33      4.426     13.174      5.562      7.114      8.204      10.86      1.218      2.672      1.494      2.564      12.47      3.744      4.876     10.342       8.59       4.05       3.28      3.258      3.216      6.492     10.862     10.862     10.862          0          0          0 
     8.016      6.118       7.97       8.04       1.07      4.822      6.726       6.84       3.48      6.904      3.626          0     11.368      3.628       1.61      9.748        1.3      10.15       8.17      9.912      5.276       8.64      3.586       3.82      3.916        3.6      9.702      6.722      7.826      10.34     10.178      2.316        2.5      6.506       6.47      6.058      7.754      7.754      7.754          0          0          0 
     4.094     15.612      6.242       4.89     11.266     15.072     15.326     16.444     13.902      5.044      13.04     11.368          0     14.964     11.032      3.784     12.246     17.548     18.604      20.12     14.544      3.152      11.93     10.524     11.838     14.628       4.61     16.764     17.878      5.648     10.038      13.64      9.874     16.186      16.14      6.806      6.442      6.442      6.442          0          0          0 
    11.442      4.524     10.972     11.316      3.768      4.114      5.682      4.898      3.452      10.52        3.7      3.628     14.964          0      4.144      13.34       3.16     10.164      5.204      6.966      5.408      12.27      4.674      5.842      5.042       1.24     13.246      4.388       5.25     13.366       12.2        1.7       5.41      4.596      4.582      9.174      11.17      11.17      11.17          0          0          0 
      7.34      5.222       6.86      7.172      0.568        6.3      5.574       6.02      4.986      7.068        2.5       1.61     11.032      4.144          0      9.954      2.846     11.758      7.766      9.426      6.864      8.598      2.088      2.226      2.376      3.604     10.042      6.086      7.226      9.256       8.67      3.392      1.264      5.702      5.662      5.032      8.368      8.368      8.368          0          0          0 
     5.292     15.064      7.744      6.334         10     12.524       15.1      15.89     11.528      2.886      12.33      9.748      3.784      13.34      9.954          0     10.294     14.126     17.714      19.38     11.734      1.886     11.422      10.24     11.456     13.308      0.834      16.03      17.17       8.25     11.984     11.792      9.058     15.588     15.546      7.304      2.942      2.942      2.942          0          0          0 
     9.104        6.6      9.216      9.206       2.28      3.524        7.4      7.234       2.18      7.544      4.426        1.3     12.246       3.16      2.846     10.294          0      8.948      8.182      9.952      4.022      9.376      4.654      5.072      5.012       3.58     10.148      6.972      8.008      11.57     11.474      1.506        3.8        6.9       6.87      7.292       8.02       8.02       8.02          0          0          0 
    16.018     14.682       17.1      16.56     11.202      6.056     15.782     15.048       7.04     12.656     13.174      10.15     17.548     10.164     11.758     14.126      8.948          0     14.768      16.33      4.972     14.426     13.586     13.964     13.952     11.326     13.482      14.47     15.158     19.182      20.14      9.152     12.492     14.754     14.742     15.244       11.2       11.2       11.2          0          0          0 
    14.654      3.224      13.38       14.2      7.726       8.98      4.174      2.528        8.6     14.828      5.562       8.17     18.604      5.204      7.766     17.714      8.182     14.768          0       1.77     10.404     16.348      6.704      8.156      6.856       4.62     17.768      1.912      1.088     15.588     12.908      6.858      8.782      2.648       2.69         12     15.918     15.918     15.918          0          0          0 
    16.118      4.526     14.688     15.598      9.424     10.654      5.142       3.71     10.338     16.494      7.114      9.912      20.12      6.966      9.426      19.38      9.952      16.33       1.77          0     12.096     17.966       8.19      9.608      8.292      6.384     19.458       3.37      2.242     16.812     13.792      8.626     10.382      3.944      3.988     13.426      17.65      17.65      17.65          0          0          0 
    12.156      9.846     12.784     12.496        6.3       1.47     10.886     10.292       2.08      9.504      8.204      5.276     14.544      5.408      6.864     11.734      4.022      4.972     10.404     12.096          0      11.42      8.624       9.09      8.996      6.484     11.312      9.794     10.612     15.032     15.424      4.206       7.72       9.98      9.962     10.862       8.91       8.91       8.91          0          0          0 
      3.42     13.562      5.862       4.46      8.724     12.008     13.498     14.394     10.886       1.92      10.86       8.64      3.152      12.27      8.598      1.886      9.376     14.426     16.348     17.966      11.42          0      9.876       8.61       9.87     12.092      2.538     14.598     15.736      6.512     10.106     10.828      7.584     14.106     14.062      5.464      3.496      3.496      3.496          0          0          0 
      7.95        3.7      6.804      7.512       2.53      7.834      3.706      4.536      6.614      8.584      1.218      3.586      11.93      4.674      2.088     11.422      4.654     13.586      6.704       8.19      8.624      9.876          0      1.464      0.384      3.648      11.62      4.838      5.948      9.124      7.526      4.664      2.408      4.262      4.218      5.302     10.168     10.168     10.168          0          0          0 
      6.51      5.088      5.354      6.048      2.794      8.506       4.89       5.92      7.204      7.464      2.672       3.82     10.524      5.842      2.226      10.24      5.072     13.964      8.156      9.608       9.09       8.61      1.464          0      1.314      4.946     10.504      6.276       7.37      7.696        6.5      5.482      1.684      5.664       5.62      3.844      9.254      9.254      9.254          0          0          0 
     7.826      3.772      6.576      7.344      2.852      8.216      3.642      4.604      6.992       8.64      1.494      3.916     11.838      5.042      2.376     11.456      5.012     13.952      6.856      8.292      8.996       9.87      0.384      1.314          0      3.994      11.68      4.966      6.054      8.872      7.162      5.048      2.526      4.348      4.304      5.148     10.296     10.296     10.296          0          0          0 
     10.93      3.364     10.224     10.702      3.376       5.27       4.47      3.832      4.448      10.44      2.564        3.6     14.628       1.24      3.604     13.308       3.58     11.326       4.62      6.384      6.484     12.092      3.648      4.946      3.994          0     13.292      3.442      4.438     12.602     11.144      2.406      4.826      3.512      3.492      8.512      11.35      11.35      11.35          0          0          0 
     5.952     15.212      8.376      6.992      10.04     12.178      15.32     16.032     11.244       3.04      12.47      9.702       4.61     13.246     10.042      0.834     10.148     13.482     17.768     19.458     11.312      2.538      11.62     10.504      11.68     13.292          0      16.13      17.27      9.008     12.626     11.656      9.228     15.722      15.68      7.788       2.41       2.41       2.41          0          0          0 
    12.784      1.328      11.47     12.306      6.128      8.468      2.444       0.82      7.822     13.148      3.744      6.722     16.764      4.388      6.086      16.03      6.972      14.47      1.912       3.37      9.794     14.598      4.838      6.276      4.966      3.442      16.13          0       1.14     13.676     11.078      5.844      7.012      0.786      0.822     10.114     14.388     14.388     14.388          0          0          0 
     13.88      2.306     12.498     13.376       7.26      9.234      3.122      1.528      8.702     14.288      4.876      7.826     17.878       5.25      7.226      17.17      8.008     15.158      1.088      2.242     10.612     15.736      5.948       7.37      6.054      4.438      17.27       1.14          0     14.664     11.866      6.804       8.15      1.718      1.764     11.196     15.516     15.516     15.516          0          0          0 
     3.384     12.374      2.396      2.634       9.72     15.012     11.688     13.138     13.674      7.316     10.342      10.34      5.648     13.366      9.256       8.25      11.57     19.182     15.588     16.812     15.032      6.512      9.124      7.696      8.872     12.602      9.008     13.676     14.664          0      4.534     12.572      8.008     12.958     12.916      4.282      9.668      9.668      9.668          0          0          0 
     6.692       9.76      4.252      5.648      9.234     14.968      8.742      10.38     13.644      10.21       8.59     10.178     10.038       12.2       8.67     11.984     11.474      20.14     12.908     13.792     15.424     10.106      7.526        6.5      7.162     11.144     12.626     11.078     11.866      4.534          0     11.982      7.704     10.296     10.258      5.382       12.6       12.6       12.6          0          0          0 
    10.332      5.704     10.182     10.334      2.872        3.2      6.688      6.228      2.128       9.02       4.05      2.316      13.64        1.7      3.392     11.792      1.506      9.152      6.858      8.626      4.206     10.828      4.664      5.482      5.048      2.406     11.656      5.844      6.804     12.572     11.982          0      4.584      5.904       5.88      8.298      9.524      9.524      9.524          0          0          0 
     6.102      6.004      5.612      5.908      1.714      7.322      6.114      6.832       5.98        6.2       3.28        2.5      9.874       5.41      1.264      9.058        3.8     12.492      8.782     10.382       7.72      7.584      2.408      1.684      2.526      4.826      9.228      7.012       8.15      8.008      7.704      4.584          0      6.534       6.49      3.768       7.77       7.77       7.77          0          0          0 
    12.174      0.588      10.78     11.658      5.812       8.71       1.67      0.334       7.96     12.716      3.258      6.506     16.186      4.596      5.702     15.588        6.9     14.754      2.648      3.944       9.98     14.106      4.262      5.664      4.348      3.512     15.722      0.786      1.718     12.958     10.296      5.904      6.534          0      0.044      9.482      14.06      14.06      14.06          0          0          0 
    12.128      0.544     10.736     11.614      5.772      8.696      1.644      0.368       7.94     12.674      3.216       6.47      16.14      4.582      5.662     15.546       6.87     14.742       2.69      3.988      9.962     14.062      4.218       5.62      4.304      3.492      15.68      0.822      1.764     12.916     10.258       5.88       6.49      0.044          0      9.438      14.02      14.02      14.02          0          0          0 
     2.718        8.9       1.93      2.214      5.466     10.758      8.532      9.722      9.414       5.02      6.492      6.058      6.806      9.174      5.032      7.304      7.292     15.244         12     13.426     10.862      5.464      5.302      3.844      5.148      8.512      7.788     10.114     11.196      4.282      5.382      8.298      3.768      9.482      9.438          0      7.334      7.334      7.334          0          0          0 
     6.312      13.59      8.442       7.25       8.26      9.812     13.862     14.382       8.93      2.412     10.862      7.754      6.442      11.17      8.368      2.942       8.02       11.2     15.918      17.65       8.91      3.496     10.168      9.254     10.296      11.35       2.41     14.388     15.516      9.668       12.6      9.524       7.77      14.06      14.02      7.334          0          0          0          0          0          0 
     6.312      13.59      8.442       7.25       8.26      9.812     13.862     14.382       8.93      2.412     10.862      7.754      6.442      11.17      8.368      2.942       8.02       11.2     15.918      17.65       8.91      3.496     10.168      9.254     10.296      11.35       2.41     14.388     15.516      9.668       12.6      9.524       7.77      14.06      14.02      7.334          0          0          0          0          0          0 
     6.312      13.59      8.442       7.25       8.26      9.812     13.862     14.382       8.93      2.412     10.862      7.754      6.442      11.17      8.368      2.942       8.02       11.2     15.918      17.65       8.91      3.496     10.168      9.254     10.296      11.35       2.41     14.388     15.516      9.668       12.6      9.524       7.77      14.06      14.02      7.334          0          0          0          0          0          0 
         0          0          0          0          0          0          0          0          0          0          0          0          0          0          0          0          0          0          0          0          0          0          0          0          0          0          0          0          0          0          0          0          0          0          0          0          0          0          0          0          0          0 
         0          0          0          0          0          0          0          0          0          0          0          0          0          0          0          0          0          0          0          0          0          0          0          0          0          0          0          0          0          0          0          0          0          0          0          0          0          0          0          0          0          0 
         0          0          0          0          0          0          0          0          0          0          0          0          0          0          0          0          0          0          0          0          0          0          0          0          0          0          0          0          0          0          0          0          0          0          0          0          0          0          0          0          0          0 
Version identifier: 22.1.1.0 | 2022-11-28 | 9160aff4d
CPXPARAM_Threads                                 1
CPXPARAM_TimeLimit                               7200
Tried aggregator 2 times.
MIP Presolve eliminated 953 rows and 2188 columns.
MIP Presolve modified 767 coefficients.
Aggregator did 20 substitutions.
Reduced MIP has 186 rows, 459 columns, and 1444 nonzeros.
Reduced MIP has 449 binaries, 0 generals, 0 SOSs, and 0 indicators.
Presolve time = 0.00 sec. (5.01 ticks)
Found incumbent of value 12.365540 after 0.01 sec. (7.31 ticks)
Probing time = 0.00 sec. (1.89 ticks)
Cover probing fixed 0 vars, tightened 10 bounds.
Tried aggregator 1 time.
Detecting symmetries...
MIP Presolve modified 30 coefficients.
Reduced MIP has 186 rows, 459 columns, and 1444 nonzeros.
Reduced MIP has 449 binaries, 0 generals, 0 SOSs, and 0 indicators.
Presolve time = 0.00 sec. (1.15 ticks)
Probing time = 0.00 sec. (1.89 ticks)
Clique table members: 1040.
MIP emphasis: balance optimality and feasibility.
MIP search method: dynamic search.
Parallel mode: none, using 1 thread.
Root relaxation solution time = 0.00 sec. (0.79 ticks)

        Nodes                                         Cuts/
   Node  Left     Objective  IInf  Best Integer    Best Bound    ItCnt     Gap

*     0+    0                           12.3655       64.7935           423.98%
*     0     0      integral     0       39.8073       39.8073       93    0.00%
Elapsed time = 0.02 sec. (14.39 ticks, tree = 0.00 MB, solutions = 2)

Root node processing (before b&c):
  Real time             =    0.02 sec. (14.49 ticks)
Sequential b&c:
  Real time             =    0.00 sec. (0.00 ticks)
                          ------------
Total (root+branch&cut) =    0.02 sec. (14.49 ticks)

Sol status: Optimal
 Total Time: 0.01
 LB: 39.8073
 UB: 39.8073
Initializing solStats

Obj Val: 39.8073

Solve Time: 0.01
b(0): 14.4
b(1): 11.4
b(2): 9.46666666666667
b(3): 15.15
b(4): 11.6166666666667
b(5): 15.95
b(6): 11.8666666666667
b(7): 16.7
b(8): 10.1333333333333
b(9): 13.6333333333333
b(10): 9.85
b(11): 9.4
b(12): 14.583187040579
b(13): 11.5936748505731
b(14): 9.71764239884995
b(15): 15.3878212135713
b(16): 11.7556097832243
b(17): 16.1810407224589
b(18): 12.0518049277097
b(19): 17.0404878490185
b(20): 10.2673983987309
b(21): 13.7634959578029
b(22): 9.96304066489789
b(23): 9.57650411048981
b(24): 9.93333333333333
b(25): 13.4666666666667
b(26): 10.8666666666667
b(27): 15.4166666666667
b(28): 11.5166666666667
b(29): 13.8166666666667
b(30): 11.2
b(31): 14.6166666666667
b(32): 12.1833333333333
b(33): 16.5333333333333
b(34): 12.65
b(35): 15.0166666666667
b(36): 9
b(37): 9
b(38): 9
b(39): 19
b(40): 19
b(41): 19


Customer profit: 87.3621
Parcel profit: 0
Costs: 47.5548
Without fixed: 47.5548

Solution: 
Vehicle 0: 36 - 9 - 21 - 0 - 12 - 3 - 15 - 39 - Total time: 6.38782121357132
Vehicle 1: 37 - 2 - 14 - 8 - 20 - 4 - 16 - 5 - 17 - 40 - Total time: 7.18104072245889
Vehicle 2: 38 - 11 - 23 - 10 - 22 - 1 - 13 - 6 - 18 - 7 - 19 - 41 - Total time: 8.04048784901847

Vehicle 0: d - D - d - P - d - P - f
Vehicle 1: d - P - d - D - d - P - d - P - f
Vehicle 2: d - D - d - D - d - P - d - D - d - D - f

************************************
Final solution value: 39.8073
************************************

Total distance: 103.38

Total passenger distance: 47.07

Total parcel distance: 0

Total combined transportation distance: 0

Total idle distance: 56.31
File exists: 1
partial: 
CSV file 'TreatResults/FullResults/fip1ADghsarpS.csv' generated successfully!
Instance Name: ghsarp-12-6-3

K: 3
Dist Matrix: 
         0       8.62      2.696       7.81      9.184      1.586     15.318     12.066      1.382     11.238      7.102       1.96      3.522      3.232      6.716     13.064     11.726      3.646     17.758      5.956      3.782     13.098       9.52      6.662      4.522     15.038      8.612      2.908      6.522      8.232      4.796      15.11      7.822      2.106     10.696     12.148      8.886      8.886      8.886          0          0          0 
      8.62          0       9.58      0.894      3.592      7.988      8.038       5.71      7.674      5.546     11.308      6.662      7.406       5.39     15.294      5.428      5.288     11.634       9.16       2.85      7.504      7.676     14.102      5.066      6.274      7.366      0.924      5.776      2.182      1.314      5.346      6.548      2.016      7.084      2.102       3.81      14.77      14.77      14.77          0          0          0 
     2.696       9.58          0      8.694      9.096      1.826     15.102      11.75       3.92     10.806      4.488      3.584      6.134      4.592       7.06     14.584     11.476      2.192     18.406       6.73      2.548     12.368      6.824      6.122      3.844     15.016      9.312       4.66      7.764      9.546      7.002     16.108       9.31      2.612     11.504     13.344       6.28       6.28       6.28          0          0          0 
      7.81      0.894      8.694          0      3.292       7.12      8.384      5.768      6.922      5.448     10.446      5.848      6.834      4.578     14.508      6.274      5.346      10.76      9.948      1.962       6.61      7.618      13.25      4.284      5.386      7.806      0.944      5.008      1.574      1.622       4.87       7.42      2.122      6.214      2.888      4.704     13.886     13.886     13.886          0          0          0 
     9.184      3.592      9.096      3.292          0      8.004      6.134      2.926      8.722      2.294       9.32      7.368      9.328       6.29      15.78       8.42      2.556     11.288      9.658      3.752      6.588      4.452      11.89      3.074      5.256      5.934      2.668       6.92      4.556      4.822      7.688      8.134      5.406      7.172      3.914      6.388     13.006     13.006     13.006          0          0          0 
     1.586      7.988      1.826       7.12      8.004          0     14.124     10.818       2.36      9.942       5.78       1.76      4.528      2.802      7.776     12.842       10.5      3.656     16.986      5.172      2.194     11.712      8.374      5.276      3.038     13.926       7.82      2.832       6.06      7.836      5.192     14.536      7.554      0.906      9.986      11.69      8.044      8.044      8.044          0          0          0 
    15.318      8.038     15.102      8.384      6.134     14.124          0      3.356     14.802       4.34      14.41     13.478     15.148      12.35     21.902      9.752       3.63     17.286      6.058      9.652     12.556      3.666     16.514       8.98      11.27        1.1      7.442     12.946      9.952      9.266     13.254      7.018     10.006     13.304      6.456       7.82     18.074     18.074     18.074          0          0          0 
    12.066       5.71      11.75      5.768      2.926     10.818      3.356          0     11.646      1.024     11.198     10.282      12.22      9.216      18.59      9.194      0.422     13.932      8.126       6.64      9.202      2.096     13.456      5.628      7.924      3.456      4.902      9.848       7.24      7.024     10.488      7.656      7.718     10.018      4.878      7.056     14.892     14.892     14.892          0          0          0 
     1.382      7.674       3.92      6.922      8.722       2.36     14.802     11.646          0     10.894      8.136      1.426      2.214      2.454      7.646     11.842      11.28      5.028     16.832       5.21      4.324      12.87     10.688      6.548      4.686     14.434      7.786      1.914      5.512       7.14       3.44     14.062      6.666      2.342      9.774     11.048     10.186     10.186     10.186          0          0          0 
    11.238      5.546     10.806      5.448      2.294      9.942       4.34      1.024     10.894          0     10.172      9.506     11.606      8.496     17.696      9.578       0.97      12.98      9.076       6.04      8.256      2.176     12.446        4.7          7      4.482      4.668      9.146      6.816       6.85      9.982       8.38        7.5      9.166      5.102      7.442     13.868     13.868     13.868          0          0          0 
     7.102     11.308      4.488     10.446       9.32       5.78      14.41     11.198      8.136     10.172          0      7.308       10.3      7.802     10.366      16.72     11.068      5.388     18.954      8.722       4.33     11.026      2.844      6.426       5.18     14.654     10.704      8.182     10.142      11.77      10.62     17.336     11.802      6.084     12.782     15.054      3.704      3.704      3.704          0          0          0 
      1.96      6.662      3.584      5.848      7.368       1.76     13.478     10.282      1.426      9.506      7.308          0       3.11      1.272      8.672     11.242      9.924       5.24     15.796      4.006      3.174     11.458     10.006      5.122      3.318     13.154      6.654       1.09      4.588      6.326       3.44     13.168      5.962      1.224      8.734     10.232      9.786      9.786      9.786          0          0          0 
     3.522      7.406      6.134      6.834      9.328      4.528     15.148      12.22      2.214     11.606       10.3       3.11          0      3.376       8.72     10.682      11.82      7.082      16.36       5.58      6.284     13.708     12.892      7.764       6.33      14.63      7.774        2.7      5.268      6.538      2.162     13.346      5.906      4.302      9.462      10.26     12.392     12.392     12.392          0          0          0 
     3.232       5.39      4.592      4.578       6.29      2.802      12.35      9.216      2.454      8.496      7.802      1.272      3.376          0      9.932     10.048      8.844       6.42     14.526      2.772      3.478     10.522     10.594      4.394        3.1      11.98      5.396      0.684      3.328       5.08      2.852       11.9       4.76      1.988      7.464      8.976     10.602     10.602     10.602          0          0          0 
     6.716     15.294       7.06     14.508      15.78      7.776     21.902      18.59      7.646     17.696     10.366      8.672       8.72      9.932          0     19.344     18.278       5.14     24.452     12.674      9.534     19.378     11.334     13.002     10.708      21.69     15.326       9.52     13.152     14.784     10.756     21.708     14.284      8.612     17.386     18.682      9.506      9.506      9.506          0          0          0 
    13.064      5.428     14.584      6.274       8.42     12.842      9.752      9.194     11.842      9.578      16.72     11.242     10.682     10.048     19.344          0      8.866     16.468       7.04      8.068      12.77     11.266     19.524      10.48     11.618      8.696      6.146     10.184       6.83       5.06      8.588      3.686      5.288      11.98      4.546       2.14      20.12      20.12      20.12          0          0          0 
    11.726      5.288     11.476      5.346      2.556       10.5       3.63      0.422      11.28       0.97     11.068      9.924      11.82      8.844     18.278      8.866          0     13.662      8.108      6.244      8.932      2.474     13.384      5.354       7.64       3.62      4.478      9.468      6.822      6.602     10.074      7.464      7.294       9.69      4.502      6.726      14.77      14.77      14.77          0          0          0 
     3.646     11.634      2.192      10.76     11.288      3.656     17.286     13.932      5.028      12.98      5.388       5.24      7.082       6.42       5.14     16.468     13.662          0     20.554        8.8       4.73     14.492      6.988      8.308      6.036     17.208     11.422      6.322      9.714     11.488      8.428      18.18      11.18      4.554     13.606     15.348      5.764      5.764      5.764          0          0          0 
    17.758       9.16     18.406      9.948      9.658     16.986      6.058      8.126     16.832      9.076     18.954     15.796      16.36     14.526     24.452       7.04      8.108     20.554          0     11.836     16.038      9.428     21.418     12.696     14.698       5.14      9.172     14.936     11.324      9.828     14.206       3.37     10.456     16.082      7.064       6.28     22.652     22.652     22.652          0          0          0 
     5.956       2.85       6.73      1.962      3.752      5.172      9.652       6.64       5.21       6.04      8.722      4.006       5.58      2.772     12.674      8.068      6.244        8.8     11.836          0      4.708       8.17      11.56      3.106      3.562      9.234      2.666      3.314      1.498       3.05      3.996      9.382      3.116      4.264      4.814      6.638     12.052     12.052     12.052          0          0          0 
     3.782      7.504      2.548       6.61      6.588      2.194     12.556      9.202      4.324      8.256       4.33      3.174      6.284      3.478      9.534      12.77      8.932       4.73     16.038      4.708          0      9.846      7.148      3.578      1.344     12.488      7.094      3.908      5.998      7.722      6.318      13.92      7.646      1.998      9.284     11.316       7.38       7.38       7.38          0          0          0 
    13.098      7.676     12.368      7.618      4.452     11.712      3.666      2.096      12.87      2.176     11.026     11.458     13.708     10.522     19.378     11.266      2.474     14.492      9.428       8.17      9.846          0     12.958       6.44      8.692      4.326      6.816     11.186      8.992      8.986     12.136      9.488      9.654     10.998      6.972      9.132     14.622     14.622     14.622          0          0          0 
      9.52     14.102      6.824      13.25      11.89      8.374     16.514     13.456     10.688     12.446      2.844     10.006     12.892     10.594     11.334     19.524     13.384      6.988     21.418      11.56      7.148     12.958          0      9.134      8.026     16.882     13.464     10.936     12.986     14.602      13.38      19.99     14.644      8.796     15.494     17.814      2.196      2.196      2.196          0          0          0 
     6.662      5.066      6.122      4.284      3.074      5.276       8.98      5.628      6.548        4.7      6.426      5.122      7.764      4.394     13.002      10.48      5.354      8.308     12.696      3.106      3.578       6.44      9.134          0        2.3       8.92       4.35      5.078      4.572       5.82      6.726     10.912      6.082      4.558      6.364      8.688     10.052     10.052     10.052          0          0          0 
     4.522      6.274      3.844      5.386      5.256      3.038      11.27      7.924      4.686          7       5.18      3.318       6.33        3.1     10.708     11.618       7.64      6.036     14.698      3.562      1.344      8.692      8.026        2.3          0     11.172      5.808      3.694       4.96      6.612      5.902      12.62       6.62      2.442      7.986      10.08      8.504      8.504      8.504          0          0          0 
    15.038      7.366     15.016      7.806      5.934     13.926        1.1      3.456     14.434      4.482     14.654     13.154      14.63      11.98      21.69      8.696       3.62     17.208       5.14      9.234     12.488      4.326     16.882       8.92     11.172          0      6.862     12.548      9.382      8.542     12.668      5.918      9.284     13.076      5.634      6.808     18.348     18.348     18.348          0          0          0 
     8.612      0.924      9.312      0.944      2.668       7.82      7.442      4.902      7.786      4.668     10.704      6.654      7.774      5.396     15.326      6.146      4.478     11.422      9.172      2.666      7.094      6.816     13.464       4.35      5.808      6.862          0       5.87       2.52      2.188      5.816      6.826      2.836      6.914      2.196       4.35     14.238     14.238     14.238          0          0          0 
     2.908      5.776       4.66      5.008       6.92      2.832     12.946      9.848      1.914      9.146      8.182       1.09        2.7      0.684       9.52     10.184      9.468      6.322     14.936      3.314      3.908     11.186     10.936      5.078      3.694     12.548       5.87          0      3.636      5.326      2.444     12.218       4.92      2.162      7.872       9.24     10.814     10.814     10.814          0          0          0 
     6.522      2.182      7.764      1.574      4.556       6.06      9.952       7.24      5.512      6.816     10.142      4.588      5.268      3.328     13.152       6.83      6.822      9.714     11.324      1.498      5.998      8.992     12.986      4.572       4.96      9.382       2.52      3.636          0       1.78      3.302      8.586       1.66      5.178      4.284      5.648     13.378     13.378     13.378          0          0          0 
     8.232      1.314      9.546      1.622      4.822      7.836      9.266      7.024       7.14       6.85      11.77      6.326      6.538       5.08     14.784       5.06      6.602     11.488      9.828       3.05      7.722      8.986     14.602       5.82      6.612      8.542      2.188      5.326       1.78          0      4.398      6.926       0.74      6.958      3.008      3.914      15.09      15.09      15.09          0          0          0 
     4.796      5.346      7.002       4.87      7.688      5.192     13.254     10.488       3.44      9.982      10.62       3.44      2.162      2.852     10.756      8.588     10.074      8.428     14.206      3.996      6.318     12.136      13.38      6.726      5.902     12.668      5.816      2.444      3.302      4.398          0     11.184      3.748        4.6       7.36      8.096     13.226     13.226     13.226          0          0          0 
     15.11      6.548     16.108       7.42      8.134     14.536      7.018      7.656     14.062       8.38     17.336     13.168     13.346       11.9     21.708      3.686      7.464      18.18       3.37      9.382      13.92      9.488      19.99     10.912      12.62      5.918      6.826     12.218      8.586      6.926     11.184          0      7.468     13.632      4.634       3.09     20.956     20.956     20.956          0          0          0 
     7.822      2.016       9.31      2.122      5.406      7.554     10.006      7.718      6.666        7.5     11.802      5.962      5.906       4.76     14.284      5.288      7.294      11.18     10.456      3.116      7.646      9.654     14.644      6.082       6.62      9.284      2.836       4.92       1.66       0.74      3.748      7.468          0        6.7      3.732      4.404     15.024     15.024     15.024          0          0          0 
     2.106      7.084      2.612      6.214      7.172      0.906     13.304     10.018      2.342      9.166      6.084      1.224      4.302      1.988      8.612      11.98       9.69      4.554     16.082      4.264      1.998     10.998      8.796      4.558      2.442     13.076      6.914      2.162      5.178      6.958        4.6     13.632        6.7          0       9.08     10.796      8.658      8.658      8.658          0          0          0 
    10.696      2.102     11.504      2.888      3.914      9.986      6.456      4.878      9.774      5.102     12.782      8.734      9.462      7.464     17.386      4.546      4.502     13.606      7.064      4.814      9.284      6.972     15.494      6.364      7.986      5.634      2.196      7.872      4.284      3.008       7.36      4.634      3.732       9.08          0      2.474     16.364     16.364     16.364          0          0          0 
    12.148       3.81     13.344      4.704      6.388      11.69       7.82      7.056     11.048      7.442     15.054     10.232      10.26      8.976     18.682       2.14      6.726     15.348       6.28      6.638     11.316      9.132     17.814      8.688      10.08      6.808       4.35       9.24      5.648      3.914      8.096       3.09      4.404     10.796      2.474          0     18.562     18.562     18.562          0          0          0 
     8.886      14.77       6.28     13.886     13.006      8.044     18.074     14.892     10.186     13.868      3.704      9.786     12.392     10.602      9.506      20.12      14.77      5.764     22.652     12.052       7.38     14.622      2.196     10.052      8.504     18.348     14.238     10.814     13.378      15.09     13.226     20.956     15.024      8.658     16.364     18.562          0          0          0          0          0          0 
     8.886      14.77       6.28     13.886     13.006      8.044     18.074     14.892     10.186     13.868      3.704      9.786     12.392     10.602      9.506      20.12      14.77      5.764     22.652     12.052       7.38     14.622      2.196     10.052      8.504     18.348     14.238     10.814     13.378      15.09     13.226     20.956     15.024      8.658     16.364     18.562          0          0          0          0          0          0 
     8.886      14.77       6.28     13.886     13.006      8.044     18.074     14.892     10.186     13.868      3.704      9.786     12.392     10.602      9.506      20.12      14.77      5.764     22.652     12.052       7.38     14.622      2.196     10.052      8.504     18.348     14.238     10.814     13.378      15.09     13.226     20.956     15.024      8.658     16.364     18.562          0          0          0          0          0          0 
         0          0          0          0          0          0          0          0          0          0          0          0          0          0          0          0          0          0          0          0          0          0          0          0          0          0          0          0          0          0          0          0          0          0          0          0          0          0          0          0          0          0 
         0          0          0          0          0          0          0          0          0          0          0          0          0          0          0          0          0          0          0          0          0          0          0          0          0          0          0          0          0          0          0          0          0          0          0          0          0          0          0          0          0          0 
         0          0          0          0          0          0          0          0          0          0          0          0          0          0          0          0          0          0          0          0          0          0          0          0          0          0          0          0          0          0          0          0          0          0          0          0          0          0          0          0          0          0 
Version identifier: 22.1.1.0 | 2022-11-28 | 9160aff4d
CPXPARAM_Threads                                 1
CPXPARAM_TimeLimit                               7200
Tried aggregator 2 times.
MIP Presolve eliminated 950 rows and 2181 columns.
MIP Presolve modified 825 coefficients.
Aggregator did 21 substitutions.
Reduced MIP has 182 rows, 447 columns, and 1391 nonzeros.
Reduced MIP has 438 binaries, 0 generals, 0 SOSs, and 0 indicators.
Presolve time = 0.00 sec. (5.31 ticks)
Found incumbent of value 7.639980 after 0.01 sec. (7.50 ticks)
Probing time = 0.00 sec. (2.24 ticks)
Tried aggregator 1 time.
Detecting symmetries...
Reduced MIP has 182 rows, 447 columns, and 1391 nonzeros.
Reduced MIP has 438 binaries, 0 generals, 0 SOSs, and 0 indicators.
Presolve time = 0.00 sec. (1.03 ticks)
Probing time = 0.00 sec. (2.24 ticks)
Clique table members: 972.
MIP emphasis: balance optimality and feasibility.
MIP search method: dynamic search.
Parallel mode: none, using 1 thread.
Root relaxation solution time = 0.00 sec. (0.92 ticks)

        Nodes                                         Cuts/
   Node  Left     Objective  IInf  Best Integer    Best Bound    ItCnt     Gap

*     0+    0                            7.6400       56.2877           636.75%
*     0     0      integral     0       25.3307       25.3307      107    0.00%
Elapsed time = 0.01 sec. (15.33 ticks, tree = 0.00 MB, solutions = 2)

Root node processing (before b&c):
  Real time             =    0.02 sec. (15.43 ticks)
Sequential b&c:
  Real time             =    0.00 sec. (0.00 ticks)
                          ------------
Total (root+branch&cut) =    0.02 sec. (15.43 ticks)

Sol status: Optimal
 Total Time: 0.02
 LB: 25.3307
 UB: 25.3307
Initializing solStats

Obj Val: 25.33066

Solve Time: 0.02
b(0): 16.9833333333333
b(1): 16.25
b(2): 10.8833333333333
b(3): 13.2666666666667
b(4): 10.2
b(5): 11.5
b(6): 10.1
b(7): 11.0166666666667
b(8): 15.2833333333333
b(9): 12.4333333333333
b(10): 11.3333333333333
b(11): 15.5166666666667
b(12): 17.3192358142614
b(13): 16.464796812096
b(14): 11.1416261422567
b(15): 13.6696911315566
b(16): 10.3456748271585
b(17): 11.6725041085386
b(18): 10.3310895029705
b(19): 11.2619512985128
b(20): 15.4721301327464
b(21): 12.5697398632877
b(22): 11.4860325541622
b(23): 15.7249268902082
b(24): 14.6833333333333
b(25): 15.8333333333333
b(26): 9.56666666666667
b(27): 11.9333333333333
b(28): 9.75
b(29): 9.5
b(30): 15.9166666666667
b(31): 17.0666666666667
b(32): 10.7333333333333
b(33): 13.0833333333333
b(34): 10.95
b(35): 10.6833333333333
b(36): 9
b(37): 9
b(38): 9
b(39): 19
b(40): 19
b(41): 19


Customer profit: 96.17066
Parcel profit: 0
Costs: 70.84
Without fixed: 70.84

Solution: 
Vehicle 0: 36 - 4 - 16 - 7 - 19 - 9 - 21 - 3 - 15 - 39 - Total time: 4.66969113155665
Vehicle 1: 37 - 6 - 18 - 2 - 14 - 5 - 17 - 8 - 20 - 40 - Total time: 6.47213013274641
Vehicle 2: 38 - 10 - 22 - 11 - 23 - 1 - 13 - 0 - 12 - 41 - Total time: 8.31923581426138

Vehicle 0: d - P - d - D - d - D - d - P - f
Vehicle 1: d - D - d - P - d - P - d - D - f
Vehicle 2: d - D - d - D - d - P - d - P - f

************************************
Final solution value: 25.33066
************************************

Total distance: 154

Total passenger distance: 55.622

Total parcel distance: 0

Total combined transportation distance: 0

Total idle distance: 98.378
File exists: 1
partial: 
CSV file 'TreatResults/FullResults/fip1ADghsarpS.csv' generated successfully!
Instance Name: ghsarp-12-6-4

K: 3
Dist Matrix: 
         0       1.56     11.736      6.628     13.664     10.668      7.364       8.97      9.598     13.446       2.08      2.934      9.072      0.894      8.292      6.642     16.194     10.788      2.236     11.136     11.044     12.914      2.996      4.498      5.348      4.568     15.136     15.404     17.758     10.982      7.582      3.616      9.902     12.886     15.164      8.038       9.97       9.97       9.97          0          0          0 
      1.56          0     10.982      5.444     12.466        9.9      6.224      7.576      8.266       12.5       0.52      1.904      7.968       0.84      7.398       5.12     15.016     10.034      3.292      9.962     10.196     11.926      4.512      3.062       4.31      3.712     13.624      13.93      16.38      9.592      6.754      5.088      9.108     11.542      13.85      7.724      9.894      9.894      9.894          0          0          0 
    11.736     10.982          0      6.092      4.802      1.082     14.546      6.496      5.702        2.4     10.776      9.078      3.964     10.992      3.662      11.22      6.282       0.95     10.848      3.848      1.072      2.412     12.846      11.55     13.672      13.71     15.898     16.954      9.784     15.046      4.232      14.86     18.094     16.884      7.032        4.5     20.438     20.438     20.438          0          0          0 
     6.628      5.444      6.092          0       7.04      5.054       8.52      2.812       3.13      7.194        5.1      3.694      2.548      5.752        2.5      5.318      9.582      5.212      6.738      4.522      5.132      6.572      8.758      5.462      7.582      7.658     11.952     12.728     11.266      9.712      2.276     10.188      12.06     11.708      8.578      4.828     14.388     14.388     14.388          0          0          0 
    13.664     12.466      4.802       7.04          0      5.008     13.928      5.346      4.432      2.914      12.09     10.732      4.646     12.792      5.868     10.564       2.56      5.052     13.514      2.534      4.288      2.476      15.58     11.796      13.73     14.092     12.528     13.728      5.064     13.054       6.64      17.19     17.316      14.56      2.236      8.472       20.6       20.6       20.6          0          0          0 
    10.668        9.9      1.082      5.054      5.008          0     13.546       5.72      5.006      3.122      9.694      7.996      3.092      9.916      2.594     10.248      6.834       0.16       9.83      3.492      0.722      2.898     11.846     10.502     12.626     12.644     15.314      16.33      10.07     14.206      3.148     13.824     17.092     16.082      7.234      3.686     19.372     19.372     19.372          0          0          0 
     7.364      6.224     14.546       8.52     13.928     13.546          0       8.67      9.626     15.198      5.884      7.172     10.664      7.018      11.02       3.41      16.34     13.706      9.474     11.932     13.528     14.494     10.212      3.492       2.04       2.95      9.038       8.89     16.162      4.202     10.716      9.608      3.546       5.78     14.402     12.752      6.926      6.926      6.926          0          0          0 
      8.97      7.576      6.496      2.812      5.346       5.72       8.67          0      0.956       6.61      7.132      6.122      2.658      8.074      3.944      5.268      7.862      5.874      9.422      3.278      5.424      5.894     11.386      6.474      8.382      8.764      9.772     10.706      8.802      8.562       4.27     12.586      12.14     10.386       6.34      7.032     15.256     15.256     15.256          0          0          0 
     9.598      8.266      5.702       3.13      4.432      5.006      9.626      0.956          0      5.672      7.844      6.694      2.096      8.704      3.586      6.222      6.968      5.154      9.866      2.328      4.638      4.954     11.874      7.364      9.306       9.66     10.332     11.326      8.174       9.43      4.066     13.202     13.096      11.21      5.584      6.764     16.192     16.192     16.192          0          0          0 
    13.446       12.5        2.4      7.194      2.914      3.122     15.198       6.61      5.672          0      12.22     10.624       4.68     12.638      5.154      11.79      3.902      3.078     12.822       3.36      2.518       0.72     14.866     12.544      14.62     14.802     15.122     16.272      7.582     15.028      5.882     16.754      18.71      16.71      4.996        6.8     21.502     21.502     21.502          0          0          0 
      2.08       0.52     10.776        5.1      12.09      9.694      5.884      7.132      7.844      12.22          0      1.752       7.64      1.328      7.156      4.616     14.646      9.832      3.726      9.602      9.958     11.628      5.024      2.612      4.032       3.53      13.12      13.44      15.93      9.138      6.544      5.588      8.882     11.104     13.428      7.694      9.918      9.918      9.918          0          0          0 
     2.934      1.904      9.078      3.694     10.732      7.996      7.172      6.122      6.694     10.624      1.752          0      6.156       2.06      5.502       5.12     13.264       8.13      3.474      8.204      8.296     10.062      5.306      3.688      5.522      5.168     13.414      13.89     14.868      9.902       4.85      6.512     10.396     11.928     12.242       5.96     11.666     11.666     11.666          0          0          0 
     9.072      7.968      3.964      2.548      4.646      3.092     10.664      2.658      2.096       4.68       7.64      6.156          0      8.216      1.582      7.294      7.134      3.252      8.872       2.12      2.904      4.036     10.938      7.872       9.96     10.122      12.39     13.352      9.268     11.114      2.222      12.56     14.204      12.99      6.442      4.752      16.83      16.83      16.83          0          0          0 
     0.894       0.84     10.992      5.752     12.792      9.916      7.018      8.074      8.704     12.638      1.328       2.06      8.216          0      7.492      5.944     15.326     10.042      2.466     10.266     10.266     12.094      3.708      3.904      5.064      4.396     14.448     14.766     16.862     10.434      6.802      4.512      9.796      12.38     14.274      7.464      10.28      10.28      10.28          0          0          0 
     8.292      7.398      3.662        2.5      5.868      2.594      11.02      3.944      3.586      5.154      7.156      5.502      1.582      7.492          0      7.788      8.218      2.746      7.764       3.47        2.8      4.644       9.83      7.914     10.038      10.05     13.706     14.608       10.7     12.006      0.778     11.626      14.56     13.956      7.838      3.184     16.778     16.778     16.778          0          0          0 
     6.642       5.12      11.22      5.318     10.564     10.248       3.41      5.268      6.222      11.79      4.616       5.12      7.294      5.944      7.788          0     13.016     10.408      8.268      8.524     10.184     11.086      9.628      2.262       3.39      4.058      8.502      8.848      13.17      4.808      7.582       9.84      6.924      6.848     11.188       9.89     10.078     10.078     10.078          0          0          0 
    16.194     15.016      6.282      9.582       2.56      6.834      16.34      7.862      6.968      3.902     14.646     13.264      7.134     15.326      8.218     13.016          0       6.83     15.954       5.06      6.138       3.94     18.024     14.332     16.236     16.624     13.958     15.214      4.012     15.136      8.996     19.696     19.664     16.482      2.448     10.494     23.082     23.082     23.082          0          0          0 
    10.788     10.034       0.95      5.212      5.052       0.16     13.706      5.874      5.154      3.078      9.832       8.13      3.252     10.042      2.746     10.408       6.83          0      9.928      3.604      0.772       2.89     11.938     10.656      12.78     12.796     15.458     16.476      10.11     14.366      3.286     13.928      17.25      16.24      7.282       3.72      19.52      19.52      19.52          0          0          0 
     2.236      3.292     10.848      6.738     13.514       9.83      9.474      9.422      9.866     12.822      3.726      3.474      8.872      2.466      7.764      8.268     15.954      9.928          0     10.994     10.322      12.38      2.068       6.34      7.496      6.768     16.734     17.118     17.992     12.866      6.994       4.05      12.13     14.828     15.252       6.69     12.072     12.072     12.072          0          0          0 
    11.136      9.962      3.848      4.522      2.534      3.492     11.932      3.278      2.328       3.36      9.602      8.204       2.12     10.266       3.47      8.524       5.06      3.604     10.994          0        2.9       2.64     13.058        9.5     11.512     11.792     12.088     13.178       7.23     11.676      4.216     14.654     15.416     13.392       4.37      6.382      18.41      18.41      18.41          0          0          0 
    11.044     10.196      1.072      5.132      4.288      0.722     13.528      5.424      4.638      2.518      9.958      8.296      2.904     10.266        2.8     10.184      6.138      0.772     10.322        2.9          0      2.214     12.358     10.592      12.71     12.784     14.872     15.916      9.348     13.974      3.464     14.282     17.074     15.812      6.514       4.36     19.514     19.514     19.514          0          0          0 
    12.914     11.926      2.412      6.572      2.476      2.898     14.494      5.894      4.954       0.72     11.628     10.062      4.036     12.094      4.644     11.086       3.94       2.89      12.38       2.64      2.214          0     14.434      11.88     13.946     14.146     14.458     15.598      7.376     14.308      5.398     16.272     18.002     15.996      4.666      6.574     20.834     20.834     20.834          0          0          0 
     2.996      4.512     12.846      8.758      15.58     11.846     10.212     11.386     11.874     14.866      5.024      5.306     10.938      3.708       9.83      9.628     18.024     11.938      2.068     13.058     12.358     14.434          0      7.496       8.17      7.304     18.128       18.4     20.024     13.958      9.058      2.358     12.394     15.836     17.302      8.574     11.536     11.536     11.536          0          0          0 
     4.498      3.062      11.55      5.462     11.796     10.502      3.492      6.474      7.364     12.544      2.612      3.688      7.872      3.904      7.914      2.262     14.332     10.656       6.34        9.5     10.592      11.88      7.496          0      2.124      2.296     10.664     10.904     14.956       6.53      7.498      7.582      6.842       8.49     12.742      9.328      8.958      8.958      8.958          0          0          0 
     5.348       4.31     13.672      7.582      13.73     12.626       2.04      8.382      9.306      14.62      4.032      5.522       9.96      5.064     10.038       3.39     16.236      12.78      7.496     11.512      12.71     13.946       8.17      2.124          0      0.956     10.722      10.71     16.558      6.052      9.616       7.62      4.876      7.768     14.514     11.358      6.898      6.898      6.898          0          0          0 
     4.568      3.712      13.71      7.658     14.092     12.644       2.95      8.764       9.66     14.802       3.53      5.168     10.122      4.396      10.05      4.058     16.624     12.796      6.768     11.792     12.784     14.146      7.304      2.296      0.956          0     11.668     11.666     17.144      7.008      9.566      6.672      5.402      8.712         15     11.106       6.73       6.73       6.73          0          0          0 
    15.136     13.624     15.898     11.952     12.528     15.314      9.038      9.772     10.332     15.122      13.12     13.414      12.39     14.448     13.706      8.502     13.958     15.458     16.734     12.088     14.872     14.458     18.128     10.664     10.722     11.668          0      1.284     11.588      4.902     13.944     18.164     10.206       4.32      11.51      16.69     14.882     14.882     14.882          0          0          0 
    15.404      13.93     16.954     12.728     13.728      16.33       8.89     10.706     11.326     16.272      13.44      13.89     13.352     14.766     14.608      8.848     15.214     16.476     17.118     13.178     15.916     15.598       18.4     10.904      10.71     11.666      1.284          0     12.874      4.688     14.794     18.272      9.612      3.594     12.768     17.518       14.3       14.3       14.3          0          0          0 
    17.758      16.38      9.784     11.266      5.064      10.07     16.162      8.802      8.174      7.582      15.93     14.868      9.268     16.862       10.7      13.17      4.012      10.11     17.992       7.23      9.348      7.376     20.024     14.956     16.558     17.144     11.588     12.874          0      13.97      11.44      21.37     19.126     14.894       2.88       13.5     23.086     23.086     23.086          0          0          0 
    10.982      9.592     15.046      9.712     13.054     14.206      4.202      8.562       9.43     15.028      9.138      9.902     11.114     10.434     12.006      4.808     15.136     14.366     12.866     11.676     13.974     14.308     13.958       6.53      6.052      7.008      4.902      4.688      13.97          0      11.97     13.656      5.564      2.042     12.866     14.488     10.138     10.138     10.138          0          0          0 
     7.582      6.754      4.232      2.276       6.64      3.148     10.716       4.27      4.066      5.882      6.544       4.85      2.222      6.802      0.778      7.582      8.996      3.286      6.994      4.216      3.464      5.398      9.058      7.498      9.616      9.566     13.944     14.794      11.44      11.97          0     10.876     14.234     13.954      8.586      2.764     16.274     16.274     16.274          0          0          0 
     3.616      5.088      14.86     10.188      17.19     13.824      9.608     12.586     13.202     16.754      5.588      6.512      12.56      4.512     11.626       9.84     19.696     13.928       4.05     14.654     14.282     16.272      2.358      7.582       7.62      6.672     18.164     18.272      21.37     13.656     10.876          0     11.188     15.384     18.754     10.738      9.624      9.624      9.624          0          0          0 
     9.902      9.108     18.094      12.06     17.316     17.092      3.546      12.14     13.096      18.71      8.882     10.396     14.204      9.796      14.56      6.924     19.664      17.25      12.13     15.416     17.074     18.002     12.394      6.842      4.876      5.402     10.206      9.612     19.126      5.564     14.234     11.188          0       6.02      17.61      16.17      4.688      4.688      4.688          0          0          0 
    12.886     11.542     16.884     11.708      14.56     16.082       5.78     10.386      11.21      16.71     11.104     11.928      12.99      12.38     13.956      6.848     16.482      16.24     14.828     13.392     15.812     15.996     15.836       8.49      7.768      8.712       4.32      3.594     14.894      2.042     13.954     15.384       6.02          0     14.128     16.504     10.706     10.706     10.706          0          0          0 
    15.164      13.85      7.032      8.578      2.236      7.234     14.402       6.34      5.584      4.996     13.428     12.242      6.442     14.274      7.838     11.188      2.448      7.282     15.252       4.37      6.514      4.666     17.302     12.742     14.514         15      11.51     12.768       2.88     12.866      8.586     18.754      17.61     14.128          0      10.62     21.254     21.254     21.254          0          0          0 
     8.038      7.724        4.5      4.828      8.472      3.686     12.752      7.032      6.764        6.8      7.694       5.96      4.752      7.464      3.184       9.89     10.494       3.72       6.69      6.382       4.36      6.574      8.574      9.328     11.358     11.106      16.69     17.518       13.5     14.488      2.764     10.738      16.17     16.504      10.62          0     17.608     17.608     17.608          0          0          0 
      9.97      9.894     20.438     14.388       20.6     19.372      6.926     15.256     16.192     21.502      9.918     11.666      16.83      10.28     16.778     10.078     23.082      19.52     12.072      18.41     19.514     20.834     11.536      8.958      6.898       6.73     14.882       14.3     23.086     10.138     16.274      9.624      4.688     10.706     21.254     17.608          0          0          0          0          0          0 
      9.97      9.894     20.438     14.388       20.6     19.372      6.926     15.256     16.192     21.502      9.918     11.666      16.83      10.28     16.778     10.078     23.082      19.52     12.072      18.41     19.514     20.834     11.536      8.958      6.898       6.73     14.882       14.3     23.086     10.138     16.274      9.624      4.688     10.706     21.254     17.608          0          0          0          0          0          0 
      9.97      9.894     20.438     14.388       20.6     19.372      6.926     15.256     16.192     21.502      9.918     11.666      16.83      10.28     16.778     10.078     23.082      19.52     12.072      18.41     19.514     20.834     11.536      8.958      6.898       6.73     14.882       14.3     23.086     10.138     16.274      9.624      4.688     10.706     21.254     17.608          0          0          0          0          0          0 
         0          0          0          0          0          0          0          0          0          0          0          0          0          0          0          0          0          0          0          0          0          0          0          0          0          0          0          0          0          0          0          0          0          0          0          0          0          0          0          0          0          0 
         0          0          0          0          0          0          0          0          0          0          0          0          0          0          0          0          0          0          0          0          0          0          0          0          0          0          0          0          0          0          0          0          0          0          0          0          0          0          0          0          0          0 
         0          0          0          0          0          0          0          0          0          0          0          0          0          0          0          0          0          0          0          0          0          0          0          0          0          0          0          0          0          0          0          0          0          0          0          0          0          0          0          0          0          0 
Version identifier: 22.1.1.0 | 2022-11-28 | 9160aff4d
CPXPARAM_Threads                                 1
CPXPARAM_TimeLimit                               7200
Tried aggregator 2 times.
MIP Presolve eliminated 960 rows and 2208 columns.
MIP Presolve modified 741 coefficients.
Aggregator did 21 substitutions.
Reduced MIP has 171 rows, 423 columns, and 1309 nonzeros.
Reduced MIP has 414 binaries, 0 generals, 0 SOSs, and 0 indicators.
Presolve time = 0.00 sec. (5.29 ticks)
Found incumbent of value 10.440980 after 0.01 sec. (7.54 ticks)
Probing time = 0.00 sec. (1.83 ticks)
Tried aggregator 1 time.
Detecting symmetries...
Reduced MIP has 171 rows, 423 columns, and 1309 nonzeros.
Reduced MIP has 414 binaries, 0 generals, 0 SOSs, and 0 indicators.
Presolve time = 0.00 sec. (0.96 ticks)
Probing time = 0.00 sec. (1.83 ticks)
Clique table members: 934.
MIP emphasis: balance optimality and feasibility.
MIP search method: dynamic search.
Parallel mode: none, using 1 thread.
Root relaxation solution time = 0.00 sec. (0.85 ticks)

        Nodes                                         Cuts/
   Node  Left     Objective  IInf  Best Integer    Best Bound    ItCnt     Gap

*     0+    0                           10.4410       59.4696           469.58%
*     0     0      integral     0       32.5651       32.5651      101    0.00%
Elapsed time = 0.01 sec. (14.28 ticks, tree = 0.00 MB, solutions = 2)

Root node processing (before b&c):
  Real time             =    0.01 sec. (14.38 ticks)
Sequential b&c:
  Real time             =    0.00 sec. (0.00 ticks)
                          ------------
Total (root+branch&cut) =    0.01 sec. (14.38 ticks)

Sol status: Optimal
 Total Time: 0.02
 LB: 32.5651
 UB: 32.5651
Initializing solStats

Obj Val: 32.56514

Solve Time: 0.02
b(0): 16.8
b(1): 12.7
b(2): 12.75
b(3): 12.5166666666667
b(4): 13.4833333333333
b(5): 14.5166666666667
b(6): 12.15
b(7): 10.25
b(8): 13.6
b(9): 13.2166666666667
b(10): 16.85
b(11): 14.05
b(12): 17.2985692675948
b(13): 12.8038211482054
b(14): 12.9226504500734
b(15): 12.7297073803451
b(16): 13.629105721515
b(17): 14.603902440928
b(18): 12.4966099251756
b(19): 10.4132845918461
b(20): 13.7964553397343
b(21): 13.3175609841761
b(22): 17.2225366451398
b(23): 14.2232845967242
b(24): 11.1833333333333
b(25): 13.7333333333333
b(26): 10.55
b(27): 13.5666666666667
b(28): 9.98333333333333
b(29): 13.3833333333333
b(30): 12.5166666666667
b(31): 14.9833333333333
b(32): 11.8833333333333
b(33): 14.75
b(34): 11.15
b(35): 14.8333333333333
b(36): 9
b(37): 9
b(38): 9
b(39): 19
b(40): 19
b(41): 19


Customer profit: 88.76702
Parcel profit: 0
Costs: 56.20188
Without fixed: 56.20188

Solution: 
Vehicle 0: 36 - 6 - 18 - 1 - 13 - 11 - 23 - 10 - 22 - 39 - Total time: 8.22253664513983
Vehicle 1: 37 - 7 - 19 - 2 - 14 - 9 - 21 - 4 - 16 - 40 - Total time: 4.62910572151499
Vehicle 2: 38 - 3 - 15 - 8 - 20 - 5 - 17 - 0 - 12 - 41 - Total time: 8.29856926759476

Vehicle 0: d - D - d - P - d - D - d - D - f
Vehicle 1: d - D - d - P - d - D - d - P - f
Vehicle 2: d - P - d - D - d - P - d - P - f

************************************
Final solution value: 32.56514
************************************

Total distance: 122.178

Total passenger distance: 48.434

Total parcel distance: 0

Total combined transportation distance: 0

Total idle distance: 73.744
File exists: 1
partial: 
CSV file 'TreatResults/FullResults/fip1ADghsarpS.csv' generated successfully!
Instance Name: ghsarp-6-3-0

K: 3
Dist Matrix: 
         0      6.942      3.978      3.484      8.444       5.67      7.544      10.08       3.79      7.652     10.414      10.92      8.132       2.05       7.45       3.99     10.926     10.978      9.772      9.772      9.772          0          0          0 
     6.942          0      7.208      8.186     13.376      1.314      0.602      4.234      3.878      11.03      11.73      8.158     14.362       6.24     14.002      10.93      4.904     14.964       3.13       3.13       3.13          0          0          0 
     3.978      7.208          0      1.416      6.168      6.364      7.728      8.642      6.074      4.174       6.46       7.69      7.538       5.69       7.54      6.108      12.03      7.988       9.07       9.07       9.07          0          0          0 
     3.484      8.186      1.416          0      5.392        7.2       8.74      9.978      6.406      4.168      7.116       9.06      6.272      5.456      6.172      4.796      12.88      7.628     10.294     10.294     10.294          0          0          0 
     8.444     13.376      6.168      5.392          0     12.504     13.892      14.32     11.776       3.22       6.42      11.58      3.466     10.492      4.584      7.104     18.186      2.968     15.044     15.044     15.044          0          0          0 
      5.67      1.314      6.364        7.2     12.504          0      1.904      5.316      2.602     10.368     11.462      8.606     13.272      4.928     12.846      9.662      5.684     14.282      4.404      4.404      4.404          0          0          0 
     7.544      0.602      7.728       8.74     13.892      1.904          0       3.91      4.428     11.484     12.038      8.168     14.936      6.816      14.59     11.534      4.498     15.418      2.634      2.634      2.634          0          0          0 
     10.08      4.234      8.642      9.978      14.32      5.316       3.91          0      7.872     11.376      10.69       5.27     16.176       9.98      16.15      13.86      6.964      15.12        1.8        1.8        1.8          0          0          0 
      3.79      3.878      6.074      6.406     11.776      2.602      4.428      7.872          0     10.246     12.128     10.508     11.884       2.46      11.24      7.626      7.174      13.98          7          7          7          0          0          0 
     7.652      11.03      4.174      4.168       3.22     10.368     11.484     11.376     10.246          0      3.676       8.36       6.24      9.604      6.996       7.95     15.932      3.934      12.28      12.28      12.28          0          0          0 
    10.414      11.73       6.46      7.116       6.42     11.462     12.038      10.69     12.128      3.676          0       6.28      9.762     12.138     10.628     11.472     16.508       5.35     12.034     12.034     12.034          0          0          0 
     10.92      8.158       7.69       9.06      11.58      8.606      8.168       5.27     10.508       8.36       6.28          0     14.306     11.784     14.722     13.792     12.086     11.434      6.986      6.986      6.986          0          0          0 
     8.132     14.362      7.538      6.272      3.466     13.272     14.936     16.176     11.884       6.24      9.762     14.306          0     10.012      1.366       5.25     18.864      6.112     16.566     16.566     16.566          0          0          0 
      2.05       6.24       5.69      5.456     10.492      4.928      6.816       9.98       2.46      9.604     12.138     11.784     10.012          0      9.204      5.338      9.528     13.016      9.312      9.312      9.312          0          0          0 
      7.45     14.002       7.54      6.172      4.584     12.846      14.59      16.15      11.24      6.996     10.628     14.722      1.366      9.204          0      4.144     18.334      7.378      16.39      16.39      16.39          0          0          0 
      3.99      10.93      6.108      4.796      7.104      9.662     11.534      13.86      7.626       7.95     11.472     13.792       5.25      5.338      4.144          0       14.8     10.052     13.702     13.702     13.702          0          0          0 
    10.926      4.904      12.03      12.88     18.186      5.684      4.498      6.964      7.174     15.932     16.508     12.086     18.864      9.528     18.334       14.8          0     19.864      5.166      5.166      5.166          0          0          0 
    10.978     14.964      7.988      7.628      2.968     14.282     15.418      15.12      13.98      3.934       5.35     11.434      6.112     13.016      7.378     10.052     19.864          0     16.136     16.136     16.136          0          0          0 
     9.772       3.13       9.07     10.294     15.044      4.404      2.634        1.8          7      12.28     12.034      6.986     16.566      9.312      16.39     13.702      5.166     16.136          0          0          0          0          0          0 
     9.772       3.13       9.07     10.294     15.044      4.404      2.634        1.8          7      12.28     12.034      6.986     16.566      9.312      16.39     13.702      5.166     16.136          0          0          0          0          0          0 
     9.772       3.13       9.07     10.294     15.044      4.404      2.634        1.8          7      12.28     12.034      6.986     16.566      9.312      16.39     13.702      5.166     16.136          0          0          0          0          0          0 
         0          0          0          0          0          0          0          0          0          0          0          0          0          0          0          0          0          0          0          0          0          0          0          0 
         0          0          0          0          0          0          0          0          0          0          0          0          0          0          0          0          0          0          0          0          0          0          0          0 
         0          0          0          0          0          0          0          0          0          0          0          0          0          0          0          0          0          0          0          0          0          0          0          0 
Version identifier: 22.1.1.0 | 2022-11-28 | 9160aff4d
CPXPARAM_Threads                                 1
CPXPARAM_TimeLimit                               7200
Tried aggregator 2 times.
MIP Presolve eliminated 301 rows and 556 columns.
MIP Presolve modified 220 coefficients.
Aggregator did 12 substitutions.
Reduced MIP has 61 rows, 125 columns, and 365 nonzeros.
Reduced MIP has 121 binaries, 0 generals, 0 SOSs, and 0 indicators.
Presolve time = 0.00 sec. (1.33 ticks)
Found incumbent of value 17.088860 after 0.00 sec. (2.14 ticks)
Probing time = 0.00 sec. (0.34 ticks)
Cover probing fixed 0 vars, tightened 1 bounds.
Tried aggregator 2 times.
Detecting symmetries...
MIP Presolve eliminated 4 rows and 8 columns.
MIP Presolve modified 17 coefficients.
Aggregator did 3 substitutions.
Reduced MIP has 54 rows, 114 columns, and 324 nonzeros.
Reduced MIP has 111 binaries, 0 generals, 0 SOSs, and 0 indicators.
Presolve time = 0.00 sec. (0.51 ticks)
Probing time = 0.00 sec. (0.28 ticks)
Clique table members: 296.
MIP emphasis: balance optimality and feasibility.
MIP search method: dynamic search.
Parallel mode: none, using 1 thread.
Root relaxation solution time = 0.00 sec. (0.18 ticks)

        Nodes                                         Cuts/
   Node  Left     Objective  IInf  Best Integer    Best Bound    ItCnt     Gap

*     0+    0                           17.0889       38.5304           125.47%
*     0     0      integral     0       22.0753       22.0753       38    0.00%
Elapsed time = 0.01 sec. (3.77 ticks, tree = 0.00 MB, solutions = 2)

Root node processing (before b&c):
  Real time             =    0.01 sec. (3.80 ticks)
Sequential b&c:
  Real time             =    0.00 sec. (0.00 ticks)
                          ------------
Total (root+branch&cut) =    0.01 sec. (3.80 ticks)

Sol status: Optimal
 Total Time: 0
 LB: 22.0753
 UB: 22.0753
Initializing solStats

Obj Val: 22.07526

Solve Time: 0
b(0): 15.2
b(1): 10.6
b(2): 15.3666666666667
b(3): 14.65
b(4): 13.0833333333333
b(5): 9.46666666666667
b(6): 15.6426668013009
b(7): 10.7866016763911
b(8): 15.7648130803966
b(9): 14.8349919195083
b(10): 13.3232521089035
b(11): 9.78152047879048
b(12): 10.2333333333333
b(13): 14.9333333333333
b(14): 11.75
b(15): 11.45
b(16): 16.25
b(17): 13.0166666666667
b(18): 9
b(19): 9
b(20): 9
b(21): 19
b(22): 19
b(23): 19


Customer profit: 57.59738
Parcel profit: 0
Costs: 35.52212
Without fixed: 35.52212

Solution: 
Vehicle 0: 18 - 0 - 6 - 21 - Total time: 6.64266680130088
Vehicle 1: 19 - 1 - 7 - 22 - Total time: 1.78660167639106
Vehicle 2: 20 - 5 - 11 - 4 - 10 - 3 - 9 - 2 - 8 - 23 - Total time: 6.76481308039662

Vehicle 0: d - P - f
Vehicle 1: d - P - f
Vehicle 2: d - D - d - D - d - D - d - P - f

************************************
Final solution value: 22.07526
************************************

Total distance: 77.222

Total passenger distance: 37.046

Total parcel distance: 0

Total combined transportation distance: 0

Total idle distance: 40.176
File exists: 1
partial: 
CSV file 'TreatResults/FullResults/fip1ADghsarpS.csv' generated successfully!
Instance Name: ghsarp-6-3-1

K: 3
Dist Matrix: 
         0      7.728      7.398       4.37      1.652      5.438      4.292      1.828       6.34       7.92      4.432       5.71      6.566      3.474      5.222      7.028       6.41       6.98      7.508      7.508      7.508          0          0          0 
     7.728          0      6.874      10.85       6.29     11.472     10.672      6.324      8.972     13.488      3.652      13.42      9.764      11.16     12.928      7.908     14.024     13.486      3.576      3.576      3.576          0          0          0 
     7.398      6.874          0      11.77      5.984      12.82     11.686      5.698        3.1     15.292      4.806      11.37      3.904       9.41     11.618      1.384     13.012     14.354      3.468      3.468      3.468          0          0          0 
      4.37      10.85      11.77          0      5.876      1.144      0.208      6.124      10.49      3.604      8.288      5.254     10.558       4.33      3.952      11.36      4.166      2.712     11.558     11.558     11.558          0          0          0 
     1.652       6.29      5.984      5.876          0      6.876       5.77      0.322      5.486      9.328      2.826      7.158      5.898      4.892      6.806       5.82      8.036      8.546      5.856      5.856      5.856          0          0          0 
     5.438     11.472      12.82      1.144      6.876          0      1.162       7.14     11.622      2.486      9.148      6.078     11.698      5.402      4.722     12.454      4.626      2.054     12.438     12.438     12.438          0          0          0 
     4.292     10.672     11.686      0.208       5.77      1.162          0      6.024     10.458      3.646      8.146      5.412     10.542      4.418      4.122     11.298      4.366      2.862     11.422     11.422     11.422          0          0          0 
     1.828      6.324      5.698      6.124      0.322       7.14      6.024          0      5.164        9.6      2.782      7.182      5.584       4.92       6.89      5.508      8.148      8.778      5.704      5.704      5.704          0          0          0 
      6.34      8.972        3.1      10.49      5.486     11.622     10.458      5.164          0     14.096      5.866      8.908       0.84      7.254      9.418       1.76     10.824     12.824      6.102      6.102      6.102          0          0          0 
      7.92     13.488     15.292      3.604      9.328      2.486      3.646        9.6     14.096          0     11.472      7.766     14.152        7.6      6.406     14.942      5.792       2.02     14.762     14.762     14.762          0          0          0 
     4.432      3.652      4.806      8.288      2.826      9.148      8.146      2.782      5.866     11.472          0      9.964      6.568        7.7      9.632       5.32     10.844         11      3.292      3.292      3.292          0          0          0 
      5.71      13.42      11.37      5.254      7.158      6.078      5.412      7.182      8.908      7.766      9.964          0      8.548      2.264      1.372     10.406      2.314      5.814     12.674     12.674     12.674          0          0          0 
     6.566      9.764      3.904     10.558      5.898     11.698     10.542      5.584       0.84     14.152      6.568      8.548          0      7.058      9.168      2.534     10.564     12.786      6.942      6.942      6.942          0          0          0 
     3.474      11.16       9.41       4.33      4.892      5.402      4.418       4.92      7.254        7.6        7.7      2.264      7.058          0      2.208       8.58       3.61      5.932     10.466     10.466     10.466          0          0          0 
     5.222     12.928     11.618      3.952      6.806      4.722      4.122       6.89      9.418      6.406      9.632      1.372      9.168      2.208          0     10.782      1.408       4.48     12.548     12.548     12.548          0          0          0 
     7.028      7.908      1.384      11.36       5.82     12.454     11.298      5.508       1.76     14.942       5.32     10.406      2.534       8.58     10.782          0     12.188     13.846      4.696      4.696      4.696          0          0          0 
      6.41     14.024     13.012      4.166      8.036      4.626      4.366      8.148     10.824      5.792     10.844      2.314     10.564       3.61      1.408     12.188          0      3.776      13.84      13.84      13.84          0          0          0 
      6.98     13.486     14.354      2.712      8.546      2.054      2.862      8.778     12.824       2.02         11      5.814     12.786      5.932       4.48     13.846      3.776          0     14.268     14.268     14.268          0          0          0 
     7.508      3.576      3.468     11.558      5.856     12.438     11.422      5.704      6.102     14.762      3.292     12.674      6.942     10.466     12.548      4.696      13.84     14.268          0          0          0          0          0          0 
     7.508      3.576      3.468     11.558      5.856     12.438     11.422      5.704      6.102     14.762      3.292     12.674      6.942     10.466     12.548      4.696      13.84     14.268          0          0          0          0          0          0 
     7.508      3.576      3.468     11.558      5.856     12.438     11.422      5.704      6.102     14.762      3.292     12.674      6.942     10.466     12.548      4.696      13.84     14.268          0          0          0          0          0          0 
         0          0          0          0          0          0          0          0          0          0          0          0          0          0          0          0          0          0          0          0          0          0          0          0 
         0          0          0          0          0          0          0          0          0          0          0          0          0          0          0          0          0          0          0          0          0          0          0          0 
         0          0          0          0          0          0          0          0          0          0          0          0          0          0          0          0          0          0          0          0          0          0          0          0 
Version identifier: 22.1.1.0 | 2022-11-28 | 9160aff4d
CPXPARAM_Threads                                 1
CPXPARAM_TimeLimit                               7200
Tried aggregator 2 times.
MIP Presolve eliminated 302 rows and 553 columns.
MIP Presolve modified 216 coefficients.
Aggregator did 12 substitutions.
Reduced MIP has 61 rows, 128 columns, and 373 nonzeros.
Reduced MIP has 124 binaries, 0 generals, 0 SOSs, and 0 indicators.
Presolve time = 0.00 sec. (1.35 ticks)
Found incumbent of value 12.614040 after 0.00 sec. (1.95 ticks)
Probing time = 0.00 sec. (0.32 ticks)
Tried aggregator 1 time.
Detecting symmetries...
Reduced MIP has 61 rows, 128 columns, and 373 nonzeros.
Reduced MIP has 124 binaries, 0 generals, 0 SOSs, and 0 indicators.
Presolve time = 0.00 sec. (0.27 ticks)
Probing time = 0.00 sec. (0.31 ticks)
Clique table members: 309.
MIP emphasis: balance optimality and feasibility.
MIP search method: dynamic search.
Parallel mode: none, using 1 thread.
Root relaxation solution time = 0.00 sec. (0.17 ticks)

        Nodes                                         Cuts/
   Node  Left     Objective  IInf  Best Integer    Best Bound    ItCnt     Gap

*     0+    0                           12.6140       32.7427           159.57%
*     0     0      integral     0       22.0367       22.0367       33    0.00%
Elapsed time = 0.01 sec. (3.37 ticks, tree = 0.00 MB, solutions = 2)

Root node processing (before b&c):
  Real time             =    0.01 sec. (3.40 ticks)
Sequential b&c:
  Real time             =    0.00 sec. (0.00 ticks)
                          ------------
Total (root+branch&cut) =    0.01 sec. (3.40 ticks)

Sol status: Optimal
 Total Time: 0
 LB: 22.0367
 UB: 22.0367
Initializing solStats

Obj Val: 22.03668

Solve Time: 0
b(0): 13.6
b(1): 10.6166666666667
b(2): 14.4833333333333
b(3): 12.3666666666667
b(4): 16.1666666666667
b(5): 12.8833333333333
b(6): 13.7880163112275
b(7): 10.85424397768
b(8): 14.6422764596471
b(9): 12.5379024819036
b(10): 16.4855935295578
b(11): 13.1149106414198
b(12): 10.5833333333333
b(13): 13.5
b(14): 13.2666666666667
b(15): 11.7333333333333
b(16): 14.6833333333333
b(17): 14.4666666666667
b(18): 9
b(19): 9
b(20): 9
b(21): 19
b(22): 19
b(23): 19


Customer profit: 46.45072
Parcel profit: 0
Costs: 24.41404
Without fixed: 24.41404

Solution: 
Vehicle 0: 18 - 21 - Total time: 0
Vehicle 1: 19 - 1 - 7 - 3 - 9 - 5 - 11 - 0 - 6 - 22 - Total time: 4.78801631122747
Vehicle 2: 20 - 2 - 8 - 4 - 10 - 23 - Total time: 7.48559352955782

Vehicle 0: f
Vehicle 1: d - P - d - D - d - D - d - P - f
Vehicle 2: d - P - d - D - f

************************************
Final solution value: 22.03668
************************************

Total distance: 53.074

Total passenger distance: 26.224

Total parcel distance: 0

Total combined transportation distance: 0

Total idle distance: 26.85
File exists: 1
partial: 
CSV file 'TreatResults/FullResults/fip1ADghsarpS.csv' generated successfully!
Instance Name: ghsarp-6-3-2

K: 3
Dist Matrix: 
         0      4.518     10.932      6.684     17.772      4.544      4.092      9.464       9.31      8.608     15.268      6.706      1.102      8.426      9.884      5.356      5.592       3.41      14.82      14.82      14.82          0          0          0 
     4.518          0      7.614      4.088     13.312      6.404      4.698       6.64      7.216      6.114     10.796     11.136      5.616     11.734      7.496      1.184     10.036      2.466     10.612     10.612     10.612          0          0          0 
    10.932      7.614          0     10.766     12.084      9.194       7.77       1.78      3.124     12.258      7.432     16.162     11.918     14.202     13.412       6.43     16.302     10.074       5.26       5.26       5.26          0          0          0 
     6.684      4.088     10.766          0     12.346      10.08       8.57      10.22      11.07       2.08      11.41     13.144      7.532     14.968      3.462       4.91       11.1       3.29      12.24      12.24      12.24          0          0          0 
    17.772     13.312     12.084     12.346          0     18.936     17.094     13.354     14.926     11.778       4.94     24.444     18.846     24.496      11.72     12.774     23.056     14.742      7.842      7.842      7.842          0          0          0 
     4.544      6.404      9.194      10.08     18.936          0      1.848      7.434      6.574     12.156     15.388      7.082      4.788      5.558     13.528      6.404       8.02      6.996     14.092     14.092     14.092          0          0          0 
     4.092      4.698       7.77       8.57     17.094      1.848          0      6.072       5.52     10.648      13.62        8.4       4.74      7.404     12.032      4.584      8.732      5.702     12.458     12.458     12.458          0          0          0 
     9.464       6.64       1.78      10.22     13.354      7.434      6.072          0       1.57     11.914      8.914     14.438       10.4      12.43     13.164      5.504     14.706      9.026      6.964      6.964      6.964          0          0          0 
      9.31      7.216      3.124      11.07     14.926      6.574       5.52       1.57          0     12.888     10.454     13.658     10.142     11.216     14.188      6.188     14.252      9.446      8.386      8.386      8.386          0          0          0 
     8.608      6.114     12.258       2.08     11.778     12.156     10.648     11.914     12.888          0     11.706     14.868      9.372     16.972      1.386       6.83     12.576      5.284     12.992     12.992     12.992          0          0          0 
    15.268     10.796      7.432      11.41       4.94     15.388      13.62      8.914     10.454     11.706          0     21.642      16.37      20.85     12.218       9.92      20.83     12.822      2.922      2.922      2.922          0          0          0 
     6.706     11.136     16.162     13.144     24.444      7.082        8.4     14.438     13.658     14.868     21.642          0      5.688      5.162     15.998      11.79       3.24     10.008      20.78      20.78      20.78          0          0          0 
     1.102      5.616     11.918      7.532     18.846      4.788       4.74       10.4     10.142      9.372      16.37      5.688          0      7.906     10.598      6.456      4.502      4.328       15.9       15.9       15.9          0          0          0 
     8.426     11.734     14.202     14.968     24.496      5.558      7.404      12.43     11.216     16.972      20.85      5.162      7.906          0     18.282       11.9       8.05      11.69     19.338     19.338     19.338          0          0          0 
     9.884      7.496     13.412      3.462      11.72     13.528     12.032     13.164     14.188      1.386     12.218     15.998     10.598     18.282          0      8.184     13.568      6.616     13.752     13.752     13.752          0          0          0 
     5.356      1.184       6.43       4.91     12.774      6.404      4.584      5.504      6.188       6.83       9.92      11.79      6.456       11.9      8.184          0     10.942       3.65      9.548      9.548      9.548          0          0          0 
     5.592     10.036     16.302       11.1     23.056       8.02      8.732     14.706     14.252     12.576      20.83       3.24      4.502       8.05     13.568     10.942          0      8.314     20.402     20.402     20.402          0          0          0 
      3.41      2.466     10.074       3.29     14.742      6.996      5.702      9.026      9.446      5.284     12.822     10.008      4.328      11.69      6.616       3.65      8.314          0     12.922     12.922     12.922          0          0          0 
     14.82     10.612       5.26      12.24      7.842     14.092     12.458      6.964      8.386     12.992      2.922      20.78       15.9     19.338     13.752      9.548     20.402     12.922          0          0          0          0          0          0 
     14.82     10.612       5.26      12.24      7.842     14.092     12.458      6.964      8.386     12.992      2.922      20.78       15.9     19.338     13.752      9.548     20.402     12.922          0          0          0          0          0          0 
     14.82     10.612       5.26      12.24      7.842     14.092     12.458      6.964      8.386     12.992      2.922      20.78       15.9     19.338     13.752      9.548     20.402     12.922          0          0          0          0          0          0 
         0          0          0          0          0          0          0          0          0          0          0          0          0          0          0          0          0          0          0          0          0          0          0          0 
         0          0          0          0          0          0          0          0          0          0          0          0          0          0          0          0          0          0          0          0          0          0          0          0 
         0          0          0          0          0          0          0          0          0          0          0          0          0          0          0          0          0          0          0          0          0          0          0          0 
Version identifier: 22.1.1.0 | 2022-11-28 | 9160aff4d
CPXPARAM_Threads                                 1
CPXPARAM_TimeLimit                               7200
Tried aggregator 2 times.
MIP Presolve eliminated 302 rows and 553 columns.
MIP Presolve modified 194 coefficients.
Aggregator did 12 substitutions.
Reduced MIP has 58 rows, 119 columns, and 342 nonzeros.
Reduced MIP has 115 binaries, 0 generals, 0 SOSs, and 0 indicators.
Presolve time = 0.00 sec. (1.30 ticks)
Found incumbent of value -3.331100 after 0.01 sec. (1.84 ticks)
Probing time = 0.00 sec. (0.30 ticks)
Tried aggregator 1 time.
Detecting symmetries...
Reduced MIP has 58 rows, 119 columns, and 342 nonzeros.
Reduced MIP has 115 binaries, 0 generals, 0 SOSs, and 0 indicators.
Presolve time = 0.00 sec. (0.25 ticks)
Probing time = 0.00 sec. (0.30 ticks)
Clique table members: 286.
MIP emphasis: balance optimality and feasibility.
MIP search method: dynamic search.
Parallel mode: none, using 1 thread.
Root relaxation solution time = 0.00 sec. (0.15 ticks)

        Nodes                                         Cuts/
   Node  Left     Objective  IInf  Best Integer    Best Bound    ItCnt     Gap

*     0+    0                           -3.3311       28.8937           967.39%
*     0     0      integral     0       12.9198       12.9198       31    0.00%
Elapsed time = 0.01 sec. (3.16 ticks, tree = 0.00 MB, solutions = 2)

Root node processing (before b&c):
  Real time             =    0.01 sec. (3.18 ticks)
Sequential b&c:
  Real time             =    0.00 sec. (0.00 ticks)
                          ------------
Total (root+branch&cut) =    0.01 sec. (3.18 ticks)

Sol status: Optimal
 Total Time: 0.01
 LB: 12.9198
 UB: 12.9198
Initializing solStats

Obj Val: 12.91978

Solve Time: 0.01
b(0): 14.1166666666667
b(1): 15.0166666666667
b(2): 14.45
b(3): 17.0333333333333
b(4): 15.1
b(5): 13.3833333333333
b(6): 14.2998049267341
b(7): 15.2619512985128
b(8): 14.6095284924529
b(9): 17.3340650653976
b(10): 15.303821196986
b(11): 13.6424310206981
b(12): 11.3166666666667
b(13): 13.4666666666667
b(14): 13
b(15): 12.5666666666667
b(16): 14.75
b(17): 14.25
b(18): 9
b(19): 9
b(20): 9
b(21): 19
b(22): 19
b(23): 19


Customer profit: 48.23674
Parcel profit: 0
Costs: 35.31696
Without fixed: 35.31696

Solution: 
Vehicle 0: 18 - 5 - 11 - 0 - 6 - 1 - 7 - 3 - 9 - 21 - Total time: 8.33406506539759
Vehicle 1: 19 - 4 - 10 - 22 - Total time: 6.30382119698595
Vehicle 2: 20 - 2 - 8 - 23 - Total time: 5.60952849245292

Vehicle 0: d - D - d - P - d - P - d - D - f
Vehicle 1: d - D - f
Vehicle 2: d - P - f

************************************
Final solution value: 12.91978
************************************

Total distance: 76.776

Total passenger distance: 27.958

Total parcel distance: 0

Total combined transportation distance: 0

Total idle distance: 48.818
File exists: 1
partial: 
CSV file 'TreatResults/FullResults/fip1ADghsarpS.csv' generated successfully!
Instance Name: ghsarp-6-3-3

K: 3
Dist Matrix: 
         0      3.804      4.562      8.658       4.62      5.292       7.67      9.218      5.466     14.198     10.346     10.814       3.56      6.252      5.288       5.73     11.316       1.88      2.732      2.732      2.732          0          0          0 
     3.804          0      6.818     12.232      5.772        7.3      9.114      5.586      7.866     16.982     12.478     12.216      1.216      8.604        3.3       2.38     13.048      3.988      6.536      6.536      6.536          0          0          0 
     4.562      6.818          0       6.48      9.106       0.78     11.882     10.662      1.048     10.166     13.972        6.3      5.794        1.8      5.712       7.42      6.754      3.016      4.598      4.598      4.598          0          0          0 
     8.658     12.232       6.48          0     11.582      6.668     12.924     16.928      5.778      7.192     13.306      8.962      11.53      5.628     12.054     13.502      8.344       8.35      6.326      6.326      6.326          0          0          0 
      4.62      5.772      9.106     11.582          0      9.862      3.364      10.96      9.922     18.068       6.74       15.4      6.502      10.69      8.766      8.138     15.828      6.468      5.444      5.444      5.444          0          0          0 
     5.292        7.3       0.78      6.668      9.862          0      12.66       10.8      0.892       9.75     14.744      5.538      6.218      1.378      5.856      7.684       6.04      3.654      5.364      5.364      5.364          0          0          0 
      7.67      9.114     11.882     12.924      3.364      12.66          0     14.112     12.562      19.89      3.656     18.152      9.866     13.284     12.128     11.462     18.426       9.55      7.596      7.596      7.596          0          0          0 
     9.218      5.586     10.662     16.928      10.96       10.8     14.112          0     11.616     20.296     17.674     14.094       5.68     12.168      4.954       3.52     15.252      8.694      11.91      11.91      11.91          0          0          0 
     5.466      7.866      1.048      5.778      9.922      0.892     12.562     11.616          0      9.116     14.448        5.6      6.842      0.788      6.662       8.43      5.908       4.03      5.082      5.082      5.082          0          0          0 
    14.198     16.982     10.166      7.192     18.068       9.75      19.89     20.296      9.116          0     20.496      7.168      15.95      8.396     15.464     17.396       5.86     13.082     12.624     12.624     12.624          0          0          0 
    10.346     12.478     13.972     13.306       6.74     14.744      3.656     17.674     14.448     20.496          0         20     13.086      15.08      15.28     14.856     20.054     12.156      9.384      9.384      9.384          0          0          0 
    10.814     12.216        6.3      8.962       15.4      5.538     18.152     14.094        5.6      7.168         20          0     11.016      4.924      9.746      11.81       1.32      9.082     10.672     10.672     10.672          0          0          0 
      3.56      1.216      5.794      11.53      6.502      6.218      9.866       5.68      6.842      15.95     13.086     11.016          0      7.552       2.28      2.172     11.872       3.18      6.228      6.228      6.228          0          0          0 
     6.252      8.604        1.8      5.628      10.69      1.378     13.284     12.168      0.788      8.396      15.08      4.924      7.552          0       7.23      9.062      5.154      4.808      5.752      5.752      5.752          0          0          0 
     5.288        3.3      5.712     12.054      8.766      5.856     12.128      4.954      6.662     15.464      15.28      9.746       2.28       7.23          0      2.064     10.768      4.122      7.666      7.666      7.666          0          0          0 
      5.73       2.38       7.42     13.502      8.138      7.684     11.462       3.52       8.43     17.396     14.856      11.81      2.172      9.062      2.064          0     12.822      5.198      8.398      8.398      8.398          0          0          0 
    11.316     13.048      6.754      8.344     15.828       6.04     18.426     15.252      5.908       5.86     20.054       1.32     11.872      5.154     10.768     12.822          0      9.682     10.856     10.856     10.856          0          0          0 
      1.88      3.988      3.016       8.35      6.468      3.654       9.55      8.694       4.03     13.082     12.156      9.082       3.18      4.808      4.122      5.198      9.682          0      3.592      3.592      3.592          0          0          0 
     2.732      6.536      4.598      6.326      5.444      5.364      7.596      11.91      5.082     12.624      9.384     10.672      6.228      5.752      7.666      8.398     10.856      3.592          0          0          0          0          0          0 
     2.732      6.536      4.598      6.326      5.444      5.364      7.596      11.91      5.082     12.624      9.384     10.672      6.228      5.752      7.666      8.398     10.856      3.592          0          0          0          0          0          0 
     2.732      6.536      4.598      6.326      5.444      5.364      7.596      11.91      5.082     12.624      9.384     10.672      6.228      5.752      7.666      8.398     10.856      3.592          0          0          0          0          0          0 
         0          0          0          0          0          0          0          0          0          0          0          0          0          0          0          0          0          0          0          0          0          0          0          0 
         0          0          0          0          0          0          0          0          0          0          0          0          0          0          0          0          0          0          0          0          0          0          0          0 
         0          0          0          0          0          0          0          0          0          0          0          0          0          0          0          0          0          0          0          0          0          0          0          0 
Version identifier: 22.1.1.0 | 2022-11-28 | 9160aff4d
CPXPARAM_Threads                                 1
CPXPARAM_TimeLimit                               7200
Tried aggregator 2 times.
MIP Presolve eliminated 302 rows and 553 columns.
MIP Presolve modified 213 coefficients.
Aggregator did 12 substitutions.
Reduced MIP has 60 rows, 125 columns, and 363 nonzeros.
Reduced MIP has 121 binaries, 0 generals, 0 SOSs, and 0 indicators.
Presolve time = 0.00 sec. (1.34 ticks)
Found incumbent of value 17.161340 after 0.00 sec. (1.90 ticks)
Probing time = 0.00 sec. (0.31 ticks)
Tried aggregator 1 time.
Detecting symmetries...
Reduced MIP has 60 rows, 125 columns, and 363 nonzeros.
Reduced MIP has 121 binaries, 0 generals, 0 SOSs, and 0 indicators.
Presolve time = 0.00 sec. (0.26 ticks)
Probing time = 0.00 sec. (0.31 ticks)
Clique table members: 302.
MIP emphasis: balance optimality and feasibility.
MIP search method: dynamic search.
Parallel mode: none, using 1 thread.
Root relaxation solution time = 0.00 sec. (0.18 ticks)

        Nodes                                         Cuts/
   Node  Left     Objective  IInf  Best Integer    Best Bound    ItCnt     Gap

*     0+    0                           17.1613       35.6846           107.94%
*     0     0      integral     0       22.7384       22.7384       37    0.00%
Elapsed time = 0.01 sec. (3.31 ticks, tree = 0.00 MB, solutions = 2)

Root node processing (before b&c):
  Real time             =    0.01 sec. (3.33 ticks)
Sequential b&c:
  Real time             =    0.00 sec. (0.00 ticks)
                          ------------
Total (root+branch&cut) =    0.01 sec. (3.33 ticks)

Sol status: Optimal
 Total Time: 0.01
 LB: 22.7384
 UB: 22.7384
Initializing solStats

Obj Val: 22.73838

Solve Time: 0.01
b(0): 14.0166666666667
b(1): 9.43333333333333
b(2): 10.9666666666667
b(3): 14.9
b(4): 12.8
b(5): 12.4166666666667
b(6): 14.2972765596471
b(7): 9.65291063556616
b(8): 11.0755609880785
b(9): 15.3297887462384
b(10): 13.0477236574262
b(11): 12.6350732366211
b(12): 9.6
b(13): 10.3333333333333
b(14): 12.8
b(15): 10.75
b(16): 11.55
b(17): 14
b(18): 9
b(19): 9
b(20): 9
b(21): 19
b(22): 19
b(23): 19


Customer profit: 54.22722
Parcel profit: 0
Costs: 31.48884
Without fixed: 31.48884

Solution: 
Vehicle 0: 18 - 1 - 7 - 4 - 10 - 21 - Total time: 4.04772365742617
Vehicle 1: 19 - 2 - 8 - 5 - 11 - 3 - 9 - 22 - Total time: 6.32978874623841
Vehicle 2: 20 - 0 - 6 - 23 - Total time: 5.2972765596471

Vehicle 0: d - P - d - D - f
Vehicle 1: d - P - d - D - d - D - f
Vehicle 2: d - P - f

************************************
Final solution value: 22.73838
************************************

Total distance: 68.454

Total passenger distance: 33.774

Total parcel distance: 0

Total combined transportation distance: 0

Total idle distance: 34.68
File exists: 1
partial: 
CSV file 'TreatResults/FullResults/fip1ADghsarpS.csv' generated successfully!
Instance Name: ghsarp-6-3-4

K: 3
Dist Matrix: 
         0       9.34     13.472     17.716     18.146     15.774     13.248      7.564      7.248     19.866       15.4     20.894     10.726        8.6      7.606      8.882     13.156      7.168      8.928      8.928      8.928          0          0          0 
      9.34          0     11.542     12.598     11.384     10.242      7.154      2.932     13.718     15.248       6.64     15.808     11.464      2.912        7.4      8.636        7.4      5.374       9.04       9.04       9.04          0          0          0 
    13.472     11.542          0      5.764      8.278      5.354       6.05      9.272     10.858      6.962     11.054      8.208      3.704       8.73       5.99      4.592      5.586      7.374      4.556      4.556      4.556          0          0          0 
    17.716     12.598      5.764          0       3.38      2.356      5.444     11.496      16.44      2.674       8.83      3.288      9.404      10.55     10.226      9.318      5.236     10.664      9.488      9.488      9.488          0          0          0 
    18.146     11.384      8.278       3.38          0      2.986      4.904     11.084      18.18       5.43      6.206      5.268      11.57     10.026     11.184     10.696      4.996      10.99     10.976     10.976     10.976          0          0          0 
    15.774     10.242      5.354      2.356      2.986          0      3.092      9.238     15.264      5.022       6.84      5.592      8.584       8.26      8.492       7.84      2.912      8.628       8.09       8.09       8.09          0          0          0 
    13.248      7.154       6.05      5.444      4.904      3.092          0      6.276     13.914      8.094      5.012      8.678      8.166      5.254      6.566      6.444      0.464      6.112      6.808      6.808      6.808          0          0          0 
     7.564      2.932      9.272     11.496     11.084      9.238      6.276          0      10.92     14.018      7.854     14.784       8.68      1.076      4.506       5.83      6.344       2.46      6.216      6.216      6.216          0          0          0 
     7.248     13.718     10.858      16.44      18.18     15.264     13.914      10.92          0      17.81       17.9     19.066      7.168     11.518       7.48      7.518       13.6      8.874      7.208      7.208      7.208          0          0          0 
    19.866     15.248      6.962      2.674       5.43      5.022      8.094     14.018      17.81          0     11.362       1.32     10.642     13.108     12.274     11.168      7.858     12.976     11.258     11.258     11.258          0          0          0 
      15.4       6.64     11.054       8.83      6.206       6.84      5.012      7.854       17.9     11.362          0     11.422      12.99      6.874     10.446     10.842      5.478       9.15     11.256     11.256     11.256          0          0          0 
    20.894     15.808      8.208      3.288      5.268      5.592      8.678     14.784     19.066       1.32     11.422          0     11.904     13.832     13.336     12.296      8.502     13.908      12.41      12.41      12.41          0          0          0 
    10.726     11.464      3.704      9.404      11.57      8.584      8.166       8.68      7.168     10.642      12.99     11.904          0      8.568       4.29       2.85      7.742       6.28       2.48       2.48       2.48          0          0          0 
       8.6      2.912       8.73      10.55     10.026       8.26      5.254      1.076     11.518     13.108      6.874     13.832      8.568          0      4.624      5.758       5.35       2.71      6.172      6.172      6.172          0          0          0 
     7.606        7.4       5.99     10.226     11.184      8.492      6.566      4.506       7.48     12.274     10.446     13.336       4.29      4.624          0      1.536      6.312      2.046      1.824      1.824      1.824          0          0          0 
     8.882      8.636      4.592      9.318     10.696       7.84      6.444       5.83      7.518     11.168     10.842     12.296       2.85      5.758      1.536          0      6.104       3.44      0.432      0.432      0.432          0          0          0 
    13.156        7.4      5.586      5.236      4.996      2.912      0.464      6.344       13.6      7.858      5.478      8.502      7.742       5.35      6.312      6.104          0      5.996      6.458      6.458      6.458          0          0          0 
     7.168      5.374      7.374     10.664      10.99      8.628      6.112       2.46      8.874     12.976       9.15     13.908       6.28       2.71      2.046       3.44      5.996          0      3.802      3.802      3.802          0          0          0 
     8.928       9.04      4.556      9.488     10.976       8.09      6.808      6.216      7.208     11.258     11.256      12.41       2.48      6.172      1.824      0.432      6.458      3.802          0          0          0          0          0          0 
     8.928       9.04      4.556      9.488     10.976       8.09      6.808      6.216      7.208     11.258     11.256      12.41       2.48      6.172      1.824      0.432      6.458      3.802          0          0          0          0          0          0 
     8.928       9.04      4.556      9.488     10.976       8.09      6.808      6.216      7.208     11.258     11.256      12.41       2.48      6.172      1.824      0.432      6.458      3.802          0          0          0          0          0          0 
         0          0          0          0          0          0          0          0          0          0          0          0          0          0          0          0          0          0          0          0          0          0          0          0 
         0          0          0          0          0          0          0          0          0          0          0          0          0          0          0          0          0          0          0          0          0          0          0          0 
         0          0          0          0          0          0          0          0          0          0          0          0          0          0          0          0          0          0          0          0          0          0          0          0 
Version identifier: 22.1.1.0 | 2022-11-28 | 9160aff4d
CPXPARAM_Threads                                 1
CPXPARAM_TimeLimit                               7200
Tried aggregator 2 times.
MIP Presolve eliminated 306 rows and 570 columns.
MIP Presolve modified 201 coefficients.
Aggregator did 15 substitutions.
Reduced MIP has 49 rows, 99 columns, and 277 nonzeros.
Reduced MIP has 96 binaries, 0 generals, 0 SOSs, and 0 indicators.
Presolve time = 0.00 sec. (1.28 ticks)
Found incumbent of value 0.457780 after 0.00 sec. (1.75 ticks)
Probing time = 0.00 sec. (0.24 ticks)
Tried aggregator 1 time.
Detecting symmetries...
Reduced MIP has 49 rows, 99 columns, and 277 nonzeros.
Reduced MIP has 96 binaries, 0 generals, 0 SOSs, and 0 indicators.
Presolve time = 0.00 sec. (0.21 ticks)
Probing time = 0.00 sec. (0.24 ticks)
Clique table members: 242.
MIP emphasis: balance optimality and feasibility.
MIP search method: dynamic search.
Parallel mode: none, using 1 thread.
Root relaxation solution time = 0.00 sec. (0.14 ticks)

        Nodes                                         Cuts/
   Node  Left     Objective  IInf  Best Integer    Best Bound    ItCnt     Gap

*     0+    0                            0.4578       38.9423              --- 
*     0     0      integral     0       22.4752       22.4752       33    0.00%
Elapsed time = 0.01 sec. (2.87 ticks, tree = 0.00 MB, solutions = 2)

Root node processing (before b&c):
  Real time             =    0.01 sec. (2.89 ticks)
Sequential b&c:
  Real time             =    0.00 sec. (0.00 ticks)
                          ------------
Total (root+branch&cut) =    0.01 sec. (2.89 ticks)

Sol status: Optimal
 Total Time: 0
 LB: 22.4752
 UB: 22.4752
Initializing solStats

Obj Val: 22.47522

Solve Time: 0
b(0): 15.6333333333333
b(1): 10.2666666666667
b(2): 10.9666666666667
b(3): 11.3833333333333
b(4): 15.85
b(5): 11.7333333333333
b(6): 16.2846831632601
b(7): 10.421512230006
b(8): 11.3639107628833
b(9): 11.5318862106762
b(10): 16.2513659274956
b(11): 11.953056977101
b(12): 15
b(13): 10.35
b(14): 15.5
b(15): 16.1666666666667
b(16): 11.5666666666667
b(17): 16.6333333333333
b(18): 9
b(19): 9
b(20): 9
b(21): 19
b(22): 19
b(23): 19


Customer profit: 62.1953
Parcel profit: 0
Costs: 39.72008
Without fixed: 39.72008

Solution: 
Vehicle 0: 18 - 1 - 7 - 5 - 11 - 4 - 10 - 21 - Total time: 7.25136592749557
Vehicle 1: 19 - 3 - 9 - 22 - Total time: 2.5318862106762
Vehicle 2: 20 - 2 - 8 - 0 - 6 - 23 - Total time: 7.28468316326008

Vehicle 0: d - P - d - D - d - D - f
Vehicle 1: d - D - f
Vehicle 2: d - P - d - P - f

************************************
Final solution value: 22.47522
************************************

Total distance: 86.348

Total passenger distance: 41.51

Total parcel distance: 0

Total combined transportation distance: 0

Total idle distance: 44.838
File exists: 1
partial: 
CSV file 'TreatResults/FullResults/fip1ADghsarpS.csv' generated successfully!
Instance Name: ghsarp-8-4-0

K: 3
Dist Matrix: 
         0      5.936      1.022       5.07      8.704      4.378      5.798      7.404      7.674      5.788      2.218      5.252      4.588     10.106     10.244        8.6       2.44      9.884      1.072      5.538      5.262      9.392      8.092      6.716     16.736     16.736     16.736          0          0          0 
     5.936          0       6.33       1.22      3.224      5.056      0.296     11.974     13.426      2.954      4.016      1.022      1.666      7.056      4.322     13.978      7.254      15.77      6.498      9.308       9.28     15.328      5.872      7.992     10.836     10.836     10.836          0          0          0 
     1.022       6.33          0      5.328      9.278       3.83      6.152      6.448      7.762      6.576      2.342      5.772      4.826      9.718      10.65      7.838      3.278      9.452      1.932      6.388      6.082      9.092      9.024      7.732     16.992     16.992     16.992          0          0          0 
      5.07       1.22      5.328          0      4.444      3.844      0.946     10.778     12.696       3.61      2.986      1.516      0.504       6.56      5.376     12.848      6.696     14.778      5.768      9.064      8.982     14.402      6.676      8.204      11.68      11.68      11.68          0          0          0 
     8.704      3.224      9.278      4.444          0      8.262        3.5      15.17     15.732      3.516      7.072       3.51      4.882      8.966      2.322     17.062      9.438     18.582      9.026     10.728     10.822      18.01      4.834      8.438      8.918      8.918      8.918          0          0          0 
     4.378      5.056       3.83      3.844      8.262          0       4.77      7.274     11.474      6.976      2.762      5.164      3.474      5.928      8.822      9.734      6.792     12.332      5.444      9.828      9.588     12.276     10.012     10.266      14.39      14.39      14.39          0          0          0 
     5.798      0.296      6.152      0.946        3.5       4.77          0     11.722     13.336      3.166      3.824      1.136      1.416      6.834        4.5     13.758      7.202       15.6        6.4       9.34        9.3      15.18      6.124      8.128     10.946     10.946     10.946          0          0          0 
     7.404     11.974      6.448     10.778      15.17      7.274     11.722          0      8.852     12.922      8.198     11.728     10.308      11.91     16.038      3.044      8.866       6.74      7.924     11.478      11.07       7.42     15.474     13.776     21.596     21.596     21.596          0          0          0 
     7.674     13.426      7.762     12.696     15.732     11.474     13.336      8.852          0     12.308      9.888     12.584     12.232     17.402     17.602       7.14      6.294      4.876      6.936      6.146        5.8      3.552     13.254      9.538     24.256     24.256     24.256          0          0          0 
     5.788      2.954      6.576       3.61      3.516      6.976      3.166     12.922     12.308          0      4.806      2.112      3.718     10.002      5.684     14.386      6.044     15.466      5.852      7.224      7.306      14.78      3.086      5.246       12.4       12.4       12.4          0          0          0 
     2.218      4.016      2.342      2.986      7.072      2.762      3.824      8.198      9.888      4.806          0       3.57      2.482       8.04      8.324      9.994      4.342     11.792       3.13      7.226       7.03     11.426      7.646      7.508     14.654     14.654     14.654          0          0          0 
     5.252      1.022      5.772      1.516       3.51      5.164      1.136     11.728     12.584      2.112       3.57          0      1.718      7.926      5.034     13.552      6.352     15.136        5.7      8.302      8.284     14.628      5.162       6.99      11.68      11.68      11.68          0          0          0 
     4.588      1.666      4.826      0.504      4.882      3.474      1.416     10.308     12.232      3.718      2.482      1.718          0      6.696      5.878      12.35      6.286     14.274      5.316      8.744      8.644     13.906      6.802      8.056     12.176     12.176     12.176          0          0          0 
    10.106      7.056      9.718       6.56      8.966      5.928      6.834      11.91     17.402     10.002       8.04      7.926      6.696          0      7.916      14.81      12.38     17.904     11.122     15.204      15.04     18.014     12.896      14.75     10.726     10.726     10.726          0          0          0 
    10.244      4.322      10.65      5.376      2.322      8.822        4.5     16.038     17.602      5.684      8.324      5.034      5.878      7.916          0     18.216     11.332     20.092     10.734     12.896      12.96     19.636       7.12     10.744       6.74       6.74       6.74          0          0          0 
       8.6     13.978      7.838     12.848     17.062      9.734     13.758      3.044       7.14     14.386      9.994     13.552      12.35      14.81     18.216          0      9.312       3.86      8.764      11.31     10.886      4.802      16.57      14.14     24.118     24.118     24.118          0          0          0 
      2.44      7.254      3.278      6.696      9.438      6.792      7.202      8.866      6.294      6.044      4.342      6.352      6.286      12.38     11.332      9.312          0      9.614      1.374      3.112      2.822      8.806      7.472      4.922     18.028     18.028     18.028          0          0          0 
     9.884      15.77      9.452     14.778     18.582     12.332       15.6       6.74      4.876     15.466     11.792     15.136     14.274     17.904     20.092       3.86      9.614          0      9.616      10.58     10.182      1.396     17.072     13.848     26.408     26.408     26.408          0          0          0 
     1.072      6.498      1.932      5.768      9.026      5.444        6.4      7.924      6.936      5.852       3.13        5.7      5.316     11.122     10.734      8.764      1.374      9.616          0      4.482      4.196      8.986      7.806      5.924     17.336     17.336     17.336          0          0          0 
     5.538      9.308      6.388      9.064     10.728      9.828       9.34     11.478      6.146      7.224      7.226      8.302      8.744     15.204     12.896      11.31      3.112      10.58      4.482          0      0.422      9.458      7.348      3.396     19.624     19.624     19.624          0          0          0 
     5.262       9.28      6.082      8.982     10.822      9.588        9.3      11.07        5.8      7.306       7.03      8.284      8.644      15.04      12.96     10.886      2.822     10.182      4.196      0.422          0      9.074      7.592       3.74     19.696     19.696     19.696          0          0          0 
     9.392     15.328      9.092     14.402      18.01     12.276      15.18       7.42      3.552      14.78     11.426     14.628     13.906     18.014     19.636      4.802      8.806      1.396      8.986      9.458      9.074          0      16.19     12.788     26.082     26.082     26.082          0          0          0 
     8.092      5.872      9.024      6.676      4.834     10.012      6.124     15.474     13.254      3.086      7.646      5.162      6.802     12.896       7.12      16.57      7.472     17.072      7.806      7.348      7.592      16.19          0       4.25      13.33      13.33      13.33          0          0          0 
     6.716      7.992      7.732      8.204      8.438     10.266      8.128     13.776      9.538      5.246      7.508       6.99      8.056      14.75     10.744      14.14      4.922     13.848      5.924      3.396       3.74     12.788       4.25          0     17.298     17.298     17.298          0          0          0 
    16.736     10.836     16.992      11.68      8.918      14.39     10.946     21.596     24.256       12.4     14.654      11.68     12.176     10.726       6.74     24.118     18.028     26.408     17.336     19.624     19.696     26.082      13.33     17.298          0          0          0          0          0          0 
    16.736     10.836     16.992      11.68      8.918      14.39     10.946     21.596     24.256       12.4     14.654      11.68     12.176     10.726       6.74     24.118     18.028     26.408     17.336     19.624     19.696     26.082      13.33     17.298          0          0          0          0          0          0 
    16.736     10.836     16.992      11.68      8.918      14.39     10.946     21.596     24.256       12.4     14.654      11.68     12.176     10.726       6.74     24.118     18.028     26.408     17.336     19.624     19.696     26.082      13.33     17.298          0          0          0          0          0          0 
         0          0          0          0          0          0          0          0          0          0          0          0          0          0          0          0          0          0          0          0          0          0          0          0          0          0          0          0          0          0 
         0          0          0          0          0          0          0          0          0          0          0          0          0          0          0          0          0          0          0          0          0          0          0          0          0          0          0          0          0          0 
         0          0          0          0          0          0          0          0          0          0          0          0          0          0          0          0          0          0          0          0          0          0          0          0          0          0          0          0          0          0 
Version identifier: 22.1.1.0 | 2022-11-28 | 9160aff4d
CPXPARAM_Threads                                 1
CPXPARAM_TimeLimit                               7200
Tried aggregator 2 times.
MIP Presolve eliminated 480 rows and 981 columns.
MIP Presolve modified 354 coefficients.
Aggregator did 16 substitutions.
Reduced MIP has 91 rows, 206 columns, and 619 nonzeros.
Reduced MIP has 200 binaries, 0 generals, 0 SOSs, and 0 indicators.
Presolve time = 0.00 sec. (2.29 ticks)
Found incumbent of value -4.130400 after 0.00 sec. (3.19 ticks)
Probing time = 0.00 sec. (0.64 ticks)
Tried aggregator 1 time.
Detecting symmetries...
Reduced MIP has 91 rows, 206 columns, and 619 nonzeros.
Reduced MIP has 200 binaries, 0 generals, 0 SOSs, and 0 indicators.
Presolve time = 0.00 sec. (0.44 ticks)
Probing time = 0.00 sec. (0.64 ticks)
Clique table members: 487.
MIP emphasis: balance optimality and feasibility.
MIP search method: dynamic search.
Parallel mode: none, using 1 thread.
Root relaxation solution time = 0.00 sec. (0.33 ticks)

        Nodes                                         Cuts/
   Node  Left     Objective  IInf  Best Integer    Best Bound    ItCnt     Gap

*     0+    0                           -4.1304       28.0857           779.97%
*     0     0      integral     0       13.5419       13.5419       53    0.00%
Elapsed time = 0.01 sec. (5.84 ticks, tree = 0.00 MB, solutions = 2)

Root node processing (before b&c):
  Real time             =    0.01 sec. (5.89 ticks)
Sequential b&c:
  Real time             =    0.00 sec. (0.00 ticks)
                          ------------
Total (root+branch&cut) =    0.01 sec. (5.89 ticks)

Sol status: Optimal
 Total Time: 0.01
 LB: 13.5419
 UB: 13.5419
Initializing solStats

Obj Val: 13.54188

Solve Time: 0.01
b(0): 11.8833333333333
b(1): 11.8833333333333
b(2): 15.2
b(3): 11.15
b(4): 14.45
b(5): 10.7333333333333
b(6): 13.9833333333333
b(7): 10.2666666666667
b(8): 12.1640895678486
b(9): 12.0387154823002
b(10): 15.5071219790839
b(11): 11.2703089611263
b(12): 14.6524065621495
b(13): 10.9612521030498
b(14): 14.1764228177672
b(15): 10.4242439386556
b(16): 9.58333333333333
b(17): 12.95
b(18): 14.6833333333333
b(19): 16.3666666666667
b(20): 10.75
b(21): 14.0833333333333
b(22): 15.9666666666667
b(23): 17.5333333333333
b(24): 9
b(25): 9
b(26): 9
b(27): 19
b(28): 19
b(29): 19


Customer profit: 59.7452
Parcel profit: 0
Costs: 46.20332
Without fixed: 46.20332

Solution: 
Vehicle 0: 24 - 3 - 11 - 1 - 9 - 6 - 14 - 4 - 12 - 2 - 10 - 27 - Total time: 6.50712197908389
Vehicle 1: 25 - 7 - 15 - 0 - 8 - 28 - Total time: 3.16408956784857
Vehicle 2: 26 - 5 - 13 - 29 - Total time: 1.96125210304981

Vehicle 0: d - P - d - P - d - D - d - D - d - P - f
Vehicle 1: d - D - d - P - f
Vehicle 2: d - D - f

************************************
Final solution value: 13.54188
************************************

Total distance: 100.442

Total passenger distance: 32.84

Total parcel distance: 0

Total combined transportation distance: 0

Total idle distance: 67.602
File exists: 1
partial: 
CSV file 'TreatResults/FullResults/fip1ADghsarpS.csv' generated successfully!
Instance Name: ghsarp-8-4-1

K: 3
Dist Matrix: 
         0     16.466     24.472     13.362     11.194     19.868      21.39     22.792       4.66      14.01     16.902     16.134     11.894      23.69      18.95     21.982     11.482     13.682     13.242      4.478     10.648     11.406      8.324       6.29     14.048     14.048     14.048          0          0          0 
    16.466          0      11.92      3.436      9.398       8.35      9.648     10.768     12.564       2.72      5.142       0.72      7.916     12.288      6.748      9.262      4.982      3.722      4.114     12.132      6.574      5.256      8.404     11.302      8.486      8.486      8.486          0          0          0 
    24.472      11.92          0     12.716     13.474      4.622      3.084      1.696     22.046     14.154      8.052      12.64     12.584      1.756      5.826      2.746      14.91     11.928     15.672      20.13     17.482     15.886     16.584     18.192      10.58      10.58      10.58          0          0          0 
    13.362      3.436     12.716          0      6.224      8.374      9.916     11.256      9.858      2.502      4.726       3.44      4.822     12.606      6.922      9.974      2.226      0.936      3.624       8.93      4.784      3.182      5.106      7.908      6.042      6.042      6.042          0          0          0 
    11.194      9.398     13.474      6.224          0      8.982     10.408     11.776       9.88      8.576      6.826       9.58      1.502     12.552      8.414     11.182      6.468       5.69      9.204       7.18      8.656      7.596      4.812      4.964      2.898      2.898      2.898          0          0          0 
    19.868       8.35      4.622      8.374      8.982          0      1.582      2.988     17.448      10.15      3.652       9.04      7.998      4.234        1.6      2.212       10.5      7.518     11.632     15.508     13.154     11.554     11.968     13.596      6.136      6.136      6.136          0          0          0 
     21.39      9.648      3.084      9.916     10.408      1.582          0      1.414     19.026     11.602       5.19     10.354        9.5      2.702      3.022      1.278      12.06      9.076       13.1     17.054       14.7     13.098      13.54     15.108      7.524      7.524      7.524          0          0          0 
    22.792     10.768      1.696     11.256     11.776      2.988      1.414          0     20.436     12.848      6.542     11.484       10.9      1.562      4.334       1.57     13.422     10.434     14.356     18.464     16.038     14.438     14.954     16.508      8.884      8.884      8.884          0          0          0 
      4.66     12.564     22.046      9.858       9.88     17.448     19.026     20.436          0      9.936     14.078     12.128       9.99     21.554      16.27      19.39       7.72     10.404      8.946      3.206      6.268       7.32      5.514       5.37      12.35      12.35      12.35          0          0          0 
     14.01       2.72     14.154      2.502      8.576      10.15     11.602     12.848      9.936          0      6.568      2.198      7.244       14.3      8.586     11.426      2.726       3.36      1.518      9.816      3.856      2.626      6.318       9.33      8.542      8.542      8.542          0          0          0 
    16.902      5.142      8.052      4.726      6.826      3.652       5.19      6.542     14.078      6.568          0      5.762      5.482       7.88      2.226      5.338      6.878       3.89      8.024     12.446      9.508      7.908      8.716     10.772       4.58       4.58       4.58          0          0          0 
    16.134       0.72      12.64       3.44       9.58       9.04     10.354     11.484     12.128      2.198      5.762          0       8.12     13.002      7.438       9.98      4.688      3.896      3.494      11.86      6.038       4.81      8.206     11.158      8.868      8.868      8.868          0          0          0 
    11.894      7.916     12.584      4.822      1.502      7.998        9.5       10.9       9.99      7.244      5.482       8.12          0     11.818      7.242     10.154      5.376      4.224      8.004      7.628      7.798      6.568      4.568      5.608      2.364      2.364      2.364          0          0          0 
     23.69     12.288      1.756     12.606     12.552      4.234      2.702      1.562     21.554       14.3       7.88     13.002     11.818          0      5.724      3.134     14.734     11.754       15.8     19.438     17.388     15.788     16.046     17.402       9.66       9.66       9.66          0          0          0 
     18.95      6.748      5.826      6.922      8.414        1.6      3.022      4.334      16.27      8.586      2.226      7.438      7.242      5.724          0       3.12      9.096      6.108      10.08     14.526     11.704     10.104      10.86     12.742      5.748      5.748      5.748          0          0          0 
    21.982      9.262      2.746      9.974     11.182      2.212      1.278       1.57      19.39     11.426      5.338       9.98     10.154      3.134       3.12          0     12.174      9.196     12.942     17.588     14.736      13.14     13.964     15.732      8.348      8.348      8.348          0          0          0 
    11.482      4.982      14.91      2.226      6.468       10.5      12.06     13.422       7.72      2.726      6.878      4.688      5.376     14.734      9.096     12.174          0      2.988        2.8      7.172      2.726      1.228      3.592      6.604      7.224      7.224      7.224          0          0          0 
    13.682      3.722     11.928      0.936       5.69      7.518      9.076     10.434     10.404       3.36       3.89      3.896      4.224     11.754      6.108      9.196      2.988          0      4.552      9.212      5.644      4.048       5.36      7.972      5.204      5.204      5.204          0          0          0 
    13.242      4.114     15.672      3.624      9.204     11.632       13.1     14.356      8.946      1.518      8.024      3.494      8.004       15.8      10.08     12.942        2.8      4.552          0      9.266      2.686      2.026       6.14      9.138       9.58       9.58       9.58          0          0          0 
     4.478     12.132      20.13       8.93       7.18     15.508     17.054     18.464      3.206      9.816     12.446      11.86      7.628     19.438     14.526     17.588      7.172      9.212      9.266          0        6.9      7.298      3.852      2.302        9.9        9.9        9.9          0          0          0 
    10.648      6.574     17.482      4.784      8.656     13.154       14.7     16.038      6.268      3.856      9.508      6.038      7.798     17.388     11.704     14.736      2.726      5.644      2.686        6.9          0        1.6      4.488       7.23      9.834      9.834      9.834          0          0          0 
    11.406      5.256     15.886      3.182      7.596     11.554     13.098     14.438       7.32      2.626      7.908       4.81      6.568     15.788     10.104      13.14      1.228      4.048      2.026      7.298        1.6          0      4.126      7.114      8.452      8.452      8.452          0          0          0 
     8.324      8.404     16.584      5.106      4.812     11.968      13.54     14.954      5.514      6.318      8.716      8.206      4.568     16.046      10.86     13.964      3.592       5.36       6.14      3.852      4.488      4.126          0       3.02      6.928      6.928      6.928          0          0          0 
      6.29     11.302     18.192      7.908      4.964     13.596     15.108     16.508       5.37       9.33     10.772     11.158      5.608     17.402     12.742     15.732      6.604      7.972      9.138      2.302       7.23      7.114       3.02          0      7.774      7.774      7.774          0          0          0 
    14.048      8.486      10.58      6.042      2.898      6.136      7.524      8.884      12.35      8.542       4.58      8.868      2.364       9.66      5.748      8.348      7.224      5.204       9.58        9.9      9.834      8.452      6.928      7.774          0          0          0          0          0          0 
    14.048      8.486      10.58      6.042      2.898      6.136      7.524      8.884      12.35      8.542       4.58      8.868      2.364       9.66      5.748      8.348      7.224      5.204       9.58        9.9      9.834      8.452      6.928      7.774          0          0          0          0          0          0 
    14.048      8.486      10.58      6.042      2.898      6.136      7.524      8.884      12.35      8.542       4.58      8.868      2.364       9.66      5.748      8.348      7.224      5.204       9.58        9.9      9.834      8.452      6.928      7.774          0          0          0          0          0          0 
         0          0          0          0          0          0          0          0          0          0          0          0          0          0          0          0          0          0          0          0          0          0          0          0          0          0          0          0          0          0 
         0          0          0          0          0          0          0          0          0          0          0          0          0          0          0          0          0          0          0          0          0          0          0          0          0          0          0          0          0          0 
         0          0          0          0          0          0          0          0          0          0          0          0          0          0          0          0          0          0          0          0          0          0          0          0          0          0          0          0          0          0 
Version identifier: 22.1.1.0 | 2022-11-28 | 9160aff4d
CPXPARAM_Threads                                 1
CPXPARAM_TimeLimit                               7200
Tried aggregator 2 times.
MIP Presolve eliminated 476 rows and 969 columns.
MIP Presolve modified 354 coefficients.
Aggregator did 14 substitutions.
Reduced MIP has 94 rows, 211 columns, and 633 nonzeros.
Reduced MIP has 205 binaries, 0 generals, 0 SOSs, and 0 indicators.
Presolve time = 0.00 sec. (2.28 ticks)
Found incumbent of value 10.973040 after 0.00 sec. (3.27 ticks)
Probing time = 0.00 sec. (0.66 ticks)
Tried aggregator 1 time.
Detecting symmetries...
Reduced MIP has 94 rows, 211 columns, and 633 nonzeros.
Reduced MIP has 205 binaries, 0 generals, 0 SOSs, and 0 indicators.
Presolve time = 0.00 sec. (0.46 ticks)
Probing time = 0.00 sec. (0.66 ticks)
Clique table members: 491.
MIP emphasis: balance optimality and feasibility.
MIP search method: dynamic search.
Parallel mode: none, using 1 thread.
Root relaxation solution time = 0.00 sec. (0.30 ticks)

        Nodes                                         Cuts/
   Node  Left     Objective  IInf  Best Integer    Best Bound    ItCnt     Gap

*     0+    0                           10.9730       39.1030           256.35%
*     0     0      integral     0       24.6350       24.6350       49    0.00%
Elapsed time = 0.01 sec. (5.96 ticks, tree = 0.00 MB, solutions = 2)

Root node processing (before b&c):
  Real time             =    0.01 sec. (6.00 ticks)
Sequential b&c:
  Real time             =    0.00 sec. (0.00 ticks)
                          ------------
Total (root+branch&cut) =    0.01 sec. (6.00 ticks)

Sol status: Optimal
 Total Time: 0.01
 LB: 24.635
 UB: 24.635
Initializing solStats

Obj Val: 24.63504

Solve Time: 0.01
b(0): 10.6666666666667
b(1): 15.7333333333333
b(2): 11.1666666666667
b(3): 15.45
b(4): 10.1333333333333
b(5): 10.6333333333333
b(6): 9.53333333333333
b(7): 13.6
b(8): 10.8636585920286
b(9): 16.0496748291097
b(10): 11.4612521762206
b(11): 15.6172358132858
b(12): 10.2533008308785
b(13): 10.8199350097244
b(14): 9.69037401969464
b(15): 13.7216260349395
b(16): 13.7166666666667
b(17): 10.15
b(18): 9.21666666666667
b(19): 13.8166666666667
b(20): 14.8666666666667
b(21): 11.3333333333333
b(22): 10.45
b(23): 14.9666666666667
b(24): 9
b(25): 9
b(26): 9
b(27): 19
b(28): 19
b(29): 19


Customer profit: 55.996
Parcel profit: 0
Costs: 31.36096
Without fixed: 31.36096

Solution: 
Vehicle 0: 24 - 3 - 11 - 1 - 9 - 27 - Total time: 7.04967482910967
Vehicle 1: 25 - 4 - 12 - 0 - 8 - 28 - Total time: 1.86365859202858
Vehicle 2: 26 - 6 - 14 - 5 - 13 - 2 - 10 - 7 - 15 - 29 - Total time: 4.72162603493953

Vehicle 0: d - P - d - P - f
Vehicle 1: d - D - d - P - f
Vehicle 2: d - D - d - D - d - P - d - D - f

************************************
Final solution value: 24.63504
************************************

Total distance: 68.176

Total passenger distance: 29.2

Total parcel distance: 0

Total combined transportation distance: 0

Total idle distance: 38.976
File exists: 1
partial: 
CSV file 'TreatResults/FullResults/fip1ADghsarpS.csv' generated successfully!
Instance Name: ghsarp-8-4-2

K: 3
Dist Matrix: 
         0      7.716       7.98       6.67      8.826      8.074      13.49      8.186        0.2      5.688      6.888      5.416      1.086      8.282      9.532       5.84      8.616      3.264      8.336     13.116       4.59      7.616      8.244      8.772      7.268      7.268      7.268          0          0          0 
     7.716          0      0.724      3.276     12.056      1.018      6.218      4.128       7.68      4.304      8.104      5.022      8.428       2.93      4.318     10.152      4.382       4.76       1.84      5.838      3.294      2.208      1.868      1.852      9.164      9.164      9.164          0          0          0 
      7.98      0.724          0      3.988      11.73      1.662       6.39      4.842       7.96      4.018       8.79      5.678       8.62      3.622       4.96     10.746      3.722       5.18       1.12      5.318      3.738      1.618      1.156      1.146      9.844      9.844      9.844          0          0          0 
      6.67      3.276      3.988          0      13.35      2.696      7.098       1.64      6.554       6.08      4.878      2.042      7.654      1.702      2.868      7.298       7.32      3.436      5.062       8.83       2.53      5.142      5.066      5.128      5.952      5.952      5.952          0          0          0 
     8.826     12.056      11.73      13.35          0      12.98      18.08      14.97      9.026      7.752      15.49     13.166      7.954     14.354     15.882      14.62      9.092     10.526     11.144     14.574     10.848     10.254      11.03     11.626     16.018     16.018     16.018          0          0          0 
     8.074      1.018      1.662      2.696      12.98          0      5.528      3.238      8.012      5.236      7.572      4.642      8.874      1.974      3.306      9.886       5.38      4.934      2.768       6.14      3.498      3.224      2.816      2.662      8.648      8.648      8.648          0          0          0 
     13.49      6.218       6.39      7.098      18.08      5.528          0      6.134     13.408     10.408     10.974      9.028      14.35      5.398      4.756      14.03       9.36      10.25      6.952      5.924      8.908      7.826      7.062       6.49     11.986     11.986     11.986          0          0          0 
     8.186      4.128      4.842       1.64      14.97      3.238      6.134          0      8.054      7.574      4.964      3.024      9.202       1.32       1.45      7.898      8.458       5.01      5.964      8.994      4.172      6.252      5.994      5.898      6.026      6.026      6.026          0          0          0 
       0.2       7.68       7.96      6.554      9.026      8.012     13.408      8.054          0      5.766      6.692       5.26       1.27      8.176       9.41      5.648      8.684      3.166      8.342     13.124       4.52      7.638      8.252      8.772      7.068      7.068      7.068          0          0          0 
     5.688      4.304      4.018       6.08      7.752      5.236     10.408      7.574      5.766          0      9.694      6.664      5.876      6.752      8.278      10.42      2.946      4.526       3.64      8.046      3.928      2.718      3.524       4.15     10.566     10.566     10.566          0          0          0 
     6.888      8.104       8.79      4.878      15.49      7.572     10.974      4.964      6.692      9.694          0      3.184      7.944       6.11      6.228      3.332     11.722       5.28      9.802     13.692      5.846       9.69      9.784      9.938       1.08       1.08       1.08          0          0          0 
     5.416      5.022      5.678      2.042     13.166      4.642      9.028      3.024       5.26      6.664      3.184          0      6.484      3.666      4.472      5.264      8.544      2.642       6.65      10.77       2.74      6.506      6.628       6.82      4.196      4.196      4.196          0          0          0 
     1.086      8.428       8.62      7.654      7.954      8.874      14.35      9.202       1.27      5.876      7.944      6.484          0      9.228     10.524      6.666      8.822       4.22       8.86     13.616      5.446      8.076       8.76       9.32       8.28       8.28       8.28          0          0          0 
     8.282       2.93      3.622      1.702     14.354      1.974      5.398       1.32      8.176      6.752       6.11      3.666      9.228          0      1.528      8.838       7.31      5.018      4.738      7.696      3.866       5.12       4.78      4.632      7.188      7.188      7.188          0          0          0 
     9.532      4.318       4.96      2.868     15.882      3.306      4.756       1.45       9.41      8.278      6.228      4.472     10.524      1.528          0      9.282      8.682      6.304      6.042      8.292       5.29      6.526        6.1      5.856      7.256      7.256      7.256          0          0          0 
      5.84     10.152     10.746      7.298      14.62      9.886      14.03      7.898      5.648      10.42      3.332      5.264      6.666      8.838      9.282          0      12.97      5.996     11.592     15.974       7.17     11.236     11.544     11.848       2.74       2.74       2.74          0          0          0 
     8.616      4.382      3.722       7.32      9.092       5.38       9.36      8.458      8.684      2.946     11.722      8.544      8.822       7.31      8.682      12.97          0      6.972      2.678      5.578       5.93      2.206      2.604      3.004     12.698     12.698     12.698          0          0          0 
     3.264       4.76       5.18      3.436     10.526      4.934      10.25       5.01      3.166      4.526       5.28      2.642       4.22      5.018      6.304      5.996      6.972          0      5.818     10.492      1.466      5.326      5.752      6.162      6.078      6.078      6.078          0          0          0 
     8.336       1.84       1.12      5.062     11.144      2.768      6.952      5.964      8.342       3.64      9.802       6.65       8.86      4.738      6.042     11.592      2.678      5.818          0       4.78      4.452      0.922      0.116      0.508     10.842     10.842     10.842          0          0          0 
    13.116      5.838      5.318       8.83     14.574       6.14      5.924      8.994     13.124      8.046     13.692      10.77     13.616      7.696      8.292     15.974      5.578     10.492       4.78          0      9.056      5.542      4.872       4.36     14.772     14.772     14.772          0          0          0 
      4.59      3.294      3.738       2.53     10.848      3.498      8.908      4.172       4.52      3.928      5.846       2.74      5.446      3.866       5.29       7.17       5.93      1.466      4.452      9.056          0      4.066      4.396       4.76      6.784      6.784      6.784          0          0          0 
     7.616      2.208      1.618      5.142     10.254      3.224      7.826      6.252      7.638      2.718       9.69      6.506      8.076       5.12      6.526     11.236      2.206      5.326      0.922      5.542      4.066          0      0.806       1.43       10.7       10.7       10.7          0          0          0 
     8.244      1.868      1.156      5.066      11.03      2.816      7.062      5.994      8.252      3.524      9.784      6.628       8.76       4.78        6.1     11.544      2.604      5.752      0.116      4.872      4.396      0.806          0      0.626     10.822     10.822     10.822          0          0          0 
     8.772      1.852      1.146      5.128     11.626      2.662       6.49      5.898      8.772       4.15      9.938       6.82       9.32      4.632      5.856     11.848      3.004      6.162      0.508       4.36       4.76       1.43      0.626          0      10.99      10.99      10.99          0          0          0 
     7.268      9.164      9.844      5.952     16.018      8.648     11.986      6.026      7.068     10.566       1.08      4.196       8.28      7.188      7.256       2.74     12.698      6.078     10.842     14.772      6.784       10.7     10.822      10.99          0          0          0          0          0          0 
     7.268      9.164      9.844      5.952     16.018      8.648     11.986      6.026      7.068     10.566       1.08      4.196       8.28      7.188      7.256       2.74     12.698      6.078     10.842     14.772      6.784       10.7     10.822      10.99          0          0          0          0          0          0 
     7.268      9.164      9.844      5.952     16.018      8.648     11.986      6.026      7.068     10.566       1.08      4.196       8.28      7.188      7.256       2.74     12.698      6.078     10.842     14.772      6.784       10.7     10.822      10.99          0          0          0          0          0          0 
         0          0          0          0          0          0          0          0          0          0          0          0          0          0          0          0          0          0          0          0          0          0          0          0          0          0          0          0          0          0 
         0          0          0          0          0          0          0          0          0          0          0          0          0          0          0          0          0          0          0          0          0          0          0          0          0          0          0          0          0          0 
         0          0          0          0          0          0          0          0          0          0          0          0          0          0          0          0          0          0          0          0          0          0          0          0          0          0          0          0          0          0 
Version identifier: 22.1.1.0 | 2022-11-28 | 9160aff4d
CPXPARAM_Threads                                 1
CPXPARAM_TimeLimit                               7200
Tried aggregator 2 times.
MIP Presolve eliminated 478 rows and 981 columns.
MIP Presolve modified 363 coefficients.
Aggregator did 16 substitutions.
Reduced MIP has 92 rows, 206 columns, and 622 nonzeros.
Reduced MIP has 200 binaries, 0 generals, 0 SOSs, and 0 indicators.
Presolve time = 0.00 sec. (2.28 ticks)
Found incumbent of value 18.861460 after 0.01 sec. (3.61 ticks)
Probing time = 0.00 sec. (0.72 ticks)
Cover probing fixed 0 vars, tightened 1 bounds.
Tried aggregator 2 times.
Detecting symmetries...
MIP Presolve eliminated 6 rows and 12 columns.
MIP Presolve modified 23 coefficients.
Aggregator did 3 substitutions.
Reduced MIP has 83 rows, 191 columns, and 563 nonzeros.
Reduced MIP has 186 binaries, 0 generals, 0 SOSs, and 0 indicators.
Presolve time = 0.00 sec. (0.80 ticks)
Probing time = 0.00 sec. (0.60 ticks)
Clique table members: 445.
MIP emphasis: balance optimality and feasibility.
MIP search method: dynamic search.
Parallel mode: none, using 1 thread.
Root relaxation solution time = 0.00 sec. (0.31 ticks)

        Nodes                                         Cuts/
   Node  Left     Objective  IInf  Best Integer    Best Bound    ItCnt     Gap

*     0+    0                           18.8615       43.5356           130.82%
*     0     0      integral     0       27.5674       27.5674       53    0.00%
Elapsed time = 0.01 sec. (6.61 ticks, tree = 0.00 MB, solutions = 2)

Root node processing (before b&c):
  Real time             =    0.01 sec. (6.65 ticks)
Sequential b&c:
  Real time             =    0.00 sec. (0.00 ticks)
                          ------------
Total (root+branch&cut) =    0.01 sec. (6.65 ticks)

Sol status: Optimal
 Total Time: 0.01
 LB: 27.5674
 UB: 27.5674
Initializing solStats

Obj Val: 27.56742

Solve Time: 0.01
b(0): 16.75
b(1): 9.76666666666667
b(2): 17.2
b(3): 9.58333333333333
b(4): 13.7833333333333
b(5): 14.3333333333333
b(6): 15.0333333333333
b(7): 17.1166666666667
b(8): 16.8382113844934
b(9): 9.95497566096374
b(10): 17.6882521893913
b(11): 9.71647156901052
b(12): 14.0743334752846
b(13): 14.4648130316161
b(14): 15.2326667232521
b(15): 17.5722846937974
b(16): 16.2666666666667
b(17): 14.5
b(18): 16.7666666666667
b(19): 10.0166666666667
b(20): 17.5
b(21): 15.7166666666667
b(22): 17.8666666666667
b(23): 11.2166666666667
b(24): 9
b(25): 9
b(26): 9
b(27): 19
b(28): 19
b(29): 19


Customer profit: 64.97554
Parcel profit: 0
Costs: 37.40812
Without fixed: 37.40812

Solution: 
Vehicle 0: 24 - 1 - 9 - 4 - 12 - 0 - 8 - 2 - 10 - 27 - Total time: 8.68825218939131
Vehicle 1: 25 - 3 - 11 - 5 - 13 - 6 - 14 - 7 - 15 - 28 - Total time: 8.57228469379742
Vehicle 2: 26 - 29 - Total time: 0

Vehicle 0: d - P - d - D - d - P - d - P - f
Vehicle 1: d - P - d - D - d - D - d - D - f
Vehicle 2: f

************************************
Final solution value: 27.56742
************************************

Total distance: 81.322

Total passenger distance: 37.918

Total parcel distance: 0

Total combined transportation distance: 0

Total idle distance: 43.404
File exists: 1
partial: 
CSV file 'TreatResults/FullResults/fip1ADghsarpS.csv' generated successfully!
Instance Name: ghsarp-8-4-3

K: 3
Dist Matrix: 
         0      5.106     12.192     10.846      9.834      8.636      6.558      7.076      1.586      8.608     15.698     19.056      7.932     17.452     12.628     10.436     12.566       1.93      3.142      3.648     11.314       4.64      5.296      6.182      5.628      5.628      5.628          0          0          0 
     5.106          0      7.302     10.288      9.812      4.994      5.738       6.44      5.002      3.998     10.598     18.362      4.904     14.248     11.826      9.908      7.708      4.452      7.508      7.038       6.47      3.884      9.158      4.412     10.466     10.466     10.466          0          0          0 
    12.192      7.302          0     11.082     11.498      4.786      8.804       9.18     12.298       3.65      4.326     17.054      5.884      9.484     11.732     10.894      5.744     10.958     13.886     12.902      5.486      8.726     14.896      7.672     16.956     16.956     16.956          0          0          0 
    10.846     10.288     11.082          0      1.318      6.854      4.674      3.994      12.21      8.944     15.318      8.286      6.062      9.012      1.788       0.41     15.706      8.952      9.636      8.168     14.804      6.836      8.778      5.878     11.704     11.704     11.704          0          0          0 
     9.834      9.812     11.498      1.318          0      6.988      4.076      3.372     11.258      8.996     15.798      9.222      6.058     10.266      2.988      1.056     15.768      7.986       8.42      6.966     14.794      6.138      7.476      5.438     10.402     10.402     10.402          0          0          0 
     8.636      4.994      4.786      6.854      6.988          0      4.024      4.396      9.254      2.114      9.094     14.124        1.1      9.268      7.946       6.58      8.852      7.006      9.624      8.458       7.97       4.36     10.326      3.026      12.64      12.64      12.64          0          0          0 
     6.558      5.738      8.804      4.674      4.076      4.024          0      0.704      7.754      5.596     13.086     12.936      2.924     11.162      6.358      4.274      12.16      4.628      6.344      4.958      11.09      2.174      6.544      1.442       9.14       9.14       9.14          0          0          0 
     7.076       6.44       9.18      3.994      3.372      4.396      0.704          0      8.334      6.112      13.49      12.27      3.308     10.886      5.702       3.59     12.754      5.148      6.588       5.15     11.702      2.842      6.554      2.106      9.262      9.262      9.262          0          0          0 
     1.586      5.002     12.298      12.21     11.258      9.254      7.754      8.334          0       8.86     15.492     20.468        8.7      18.33     13.978     11.798      11.94      3.272      4.614      5.234       10.7       5.68      6.804       7.15      6.732      6.732      6.732          0          0          0 
     8.608      3.998       3.65      8.944      8.996      2.114      5.596      6.112       8.86          0      7.666     16.186      2.938      10.59      10.06      8.658      6.778       7.31      10.24      9.292      5.862      5.136      11.32      4.282      13.31      13.31      13.31          0          0          0 
    15.698     10.598      4.326     15.318     15.798      9.094     13.086      13.49     15.492      7.666          0     20.636     10.184     11.966     15.824     15.154       5.06     14.744     17.774     16.922      5.764     12.796     18.978     11.888     20.832     20.832     20.832          0          0          0 
    19.056     18.362     17.054      8.286      9.222     14.124     12.936      12.27     20.468     16.186     20.636          0     13.678      9.638       6.58      8.696     22.528     17.198     17.446     16.052     21.866     15.108     16.074     14.026     18.886     18.886     18.886          0          0          0 
     7.932      4.904      5.884      6.062      6.058        1.1      2.924      3.308        8.7      2.938     10.184     13.678          0      9.644      7.316      5.754      9.712        6.2      8.674      7.456       8.76      3.458      9.276      2.008     11.656     11.656     11.656          0          0          0 
    17.452     14.248      9.484      9.012     10.266      9.268     11.162     10.886      18.33      10.59     11.966      9.638      9.644          0      8.034      9.208     15.202     15.598     17.472     16.036     14.952     12.818      17.25      11.27     20.082     20.082     20.082          0          0          0 
    12.628     11.826     11.732      1.788      2.988      7.946      6.358      5.702     13.978      10.06     15.824       6.58      7.316      8.034          0      2.194     16.722      10.73     11.398      9.936     15.902      8.532     10.442      7.456     13.366     13.366     13.366          0          0          0 
    10.436      9.908     10.894       0.41      1.056       6.58      4.274       3.59     11.798      8.658     15.154      8.696      5.754      9.208      2.194          0      15.43      8.542      9.256      7.784      14.51      6.432       8.44      5.496     11.364     11.364     11.364          0          0          0 
    12.566      7.708      5.744     15.706     15.768      8.852      12.16     12.754      11.94      6.778       5.06     22.528      9.712     15.202     16.722      15.43          0      12.16     15.206      14.72      1.252     11.052     16.844      10.74     18.112     18.112     18.112          0          0          0 
      1.93      4.452     10.958      8.952      7.986      7.006      4.628      5.148      3.272       7.31     14.744     17.198        6.2     15.598      10.73      8.542      12.16          0       3.07        2.7      10.92       2.79      4.768      4.344      6.096      6.096      6.096          0          0          0 
     3.142      7.508     13.886      9.636       8.42      9.624      6.344      6.588      4.614      10.24     17.774     17.446      8.674     17.472     11.398      9.256     15.206       3.07          0       1.48      13.96      5.268      2.198      6.672       3.07       3.07       3.07          0          0          0 
     3.648      7.038     12.902      8.168      6.966      8.458      4.958       5.15      5.234      9.292     16.922     16.052      7.456     16.036      9.936      7.784      14.72        2.7       1.48          0     13.494      4.178      2.124      5.448      4.212      4.212      4.212          0          0          0 
    11.314       6.47      5.486     14.804     14.794       7.97      11.09     11.702       10.7      5.862      5.764     21.866       8.76     14.952     15.902      14.51      1.252      10.92      13.96     13.494          0      9.888     15.618      9.656      16.86      16.86      16.86          0          0          0 
      4.64      3.884      8.726      6.836      6.138       4.36      2.174      2.842       5.68      5.136     12.796     15.108      3.458     12.818      8.532      6.432     11.052       2.79      5.268      4.178      9.888          0      6.184      1.552      8.304      8.304      8.304          0          0          0 
     5.296      9.158     14.896      8.778      7.476     10.326      6.544      6.554      6.804      11.32     18.978     16.074      9.276      17.25     10.442       8.44     16.844      4.768      2.198      2.124     15.618      6.184          0        7.3      2.926      2.926      2.926          0          0          0 
     6.182      4.412      7.672      5.878      5.438      3.026      1.442      2.106       7.15      4.282     11.888     14.026      2.008      11.27      7.456      5.496      10.74      4.344      6.672      5.448      9.656      1.552        7.3          0      9.648      9.648      9.648          0          0          0 
     5.628     10.466     16.956     11.704     10.402      12.64       9.14      9.262      6.732      13.31     20.832     18.886     11.656     20.082     13.366     11.364     18.112      6.096       3.07      4.212      16.86      8.304      2.926      9.648          0          0          0          0          0          0 
     5.628     10.466     16.956     11.704     10.402      12.64       9.14      9.262      6.732      13.31     20.832     18.886     11.656     20.082     13.366     11.364     18.112      6.096       3.07      4.212      16.86      8.304      2.926      9.648          0          0          0          0          0          0 
     5.628     10.466     16.956     11.704     10.402      12.64       9.14      9.262      6.732      13.31     20.832     18.886     11.656     20.082     13.366     11.364     18.112      6.096       3.07      4.212      16.86      8.304      2.926      9.648          0          0          0          0          0          0 
         0          0          0          0          0          0          0          0          0          0          0          0          0          0          0          0          0          0          0          0          0          0          0          0          0          0          0          0          0          0 
         0          0          0          0          0          0          0          0          0          0          0          0          0          0          0          0          0          0          0          0          0          0          0          0          0          0          0          0          0          0 
         0          0          0          0          0          0          0          0          0          0          0          0          0          0          0          0          0          0          0          0          0          0          0          0          0          0          0          0          0          0 
Version identifier: 22.1.1.0 | 2022-11-28 | 9160aff4d
CPXPARAM_Threads                                 1
CPXPARAM_TimeLimit                               7200
Tried aggregator 2 times.
MIP Presolve eliminated 481 rows and 986 columns.
MIP Presolve modified 384 coefficients.
Aggregator did 17 substitutions.
Reduced MIP has 89 rows, 200 columns, and 595 nonzeros.
Reduced MIP has 195 binaries, 0 generals, 0 SOSs, and 0 indicators.
Presolve time = 0.00 sec. (2.29 ticks)
Found incumbent of value 18.527340 after 0.00 sec. (3.28 ticks)
Probing time = 0.00 sec. (0.73 ticks)
Tried aggregator 1 time.
Detecting symmetries...
Reduced MIP has 89 rows, 200 columns, and 595 nonzeros.
Reduced MIP has 195 binaries, 0 generals, 0 SOSs, and 0 indicators.
Presolve time = 0.00 sec. (0.44 ticks)
Probing time = 0.00 sec. (0.73 ticks)
Clique table members: 454.
MIP emphasis: balance optimality and feasibility.
MIP search method: dynamic search.
Parallel mode: none, using 1 thread.
Root relaxation solution time = 0.00 sec. (0.36 ticks)

        Nodes                                         Cuts/
   Node  Left     Objective  IInf  Best Integer    Best Bound    ItCnt     Gap

*     0+    0                           18.5273       41.6230           124.66%
*     0     0      integral     0       27.1569       27.1569       62    0.00%
Elapsed time = 0.01 sec. (6.09 ticks, tree = 0.00 MB, solutions = 2)

Root node processing (before b&c):
  Real time             =    0.01 sec. (6.13 ticks)
Sequential b&c:
  Real time             =    0.00 sec. (0.00 ticks)
                          ------------
Total (root+branch&cut) =    0.01 sec. (6.13 ticks)

Sol status: Optimal
 Total Time: 0.01
 LB: 27.1569
 UB: 27.1569
Initializing solStats

Obj Val: 27.15694

Solve Time: 0.01
b(0): 14.7833333333333
b(1): 9.38333333333333
b(2): 15.2166666666667
b(3): 12.9333333333333
b(4): 12.9833333333333
b(5): 10.9166666666667
b(6): 17.1666666666667
b(7): 9.46666666666667
b(8): 14.9053496123657
b(9): 9.56417890935557
b(10): 15.4055122465913
b(11): 13.2364798226731
b(12): 13.2144228363038
b(13): 11.2557400028
b(14): 17.5717399130439
b(15): 9.63756101832245
b(16): 12.4833333333333
b(17): 10.3833333333333
b(18): 12.35
b(19): 11.1
b(20): 13.6
b(21): 11.55
b(22): 13.5
b(23): 12.3166666666667
b(24): 9
b(25): 9
b(26): 9
b(27): 19
b(28): 19
b(29): 19


Customer profit: 70.6941
Parcel profit: 0
Costs: 43.53716
Without fixed: 43.53716

Solution: 
Vehicle 0: 24 - 1 - 9 - 5 - 13 - 3 - 11 - 27 - Total time: 4.23647982267308
Vehicle 1: 25 - 0 - 8 - 6 - 14 - 28 - Total time: 8.57173991304386
Vehicle 2: 26 - 7 - 15 - 4 - 12 - 2 - 10 - 29 - Total time: 6.40551224659134

Vehicle 0: d - P - d - D - d - P - f
Vehicle 1: d - P - d - D - f
Vehicle 2: d - D - d - D - d - P - f

************************************
Final solution value: 27.15694
************************************

Total distance: 94.646

Total passenger distance: 43.47

Total parcel distance: 0

Total combined transportation distance: 0

Total idle distance: 51.176
File exists: 1
partial: 
CSV file 'TreatResults/FullResults/fip1ADghsarpS.csv' generated successfully!
Instance Name: ghsarp-8-4-4

K: 3
Dist Matrix: 
         0      4.262      6.714      8.786      3.986      8.896      12.75       6.56      4.262      2.546        4.7      7.134      2.684      8.096      8.996      5.326     10.064      2.106      15.98      6.636     14.672      6.544     13.924      7.488     13.792     13.792     13.792          0          0          0 
     4.262          0       2.45       4.67      0.588     12.774     10.316      2.658      8.506      2.374      1.556      3.218      5.672     11.798      6.664      2.062      8.306      5.676      12.26       5.79     11.834     10.778     10.306       3.23      9.572      9.572      9.572          0          0          0 
     6.714       2.45          0      2.594      2.788      15.07      9.604        1.6     10.948      4.624      2.702      1.962      7.906     14.038      6.404      2.552      8.266       8.06     10.372      6.704     10.724     13.226       8.57      0.852      7.192      7.192      7.192          0          0          0 
     8.786       4.67      2.594          0       5.15     17.446       7.64      4.018     13.046       7.02      5.278      1.752      10.33     16.464      5.144      5.144       7.02      9.754      7.776      6.644      8.426     15.112      5.994      1.796      5.064      5.064      5.064          0          0          0 
     3.986      0.588      2.788       5.15          0     12.316       10.9      2.654      8.178      1.872      1.152      3.768       5.18     11.316       7.24      1.756       8.86       5.57     12.796      6.248     12.422      10.53      10.86      3.612      9.972      9.972      9.972          0          0          0 
     8.896     12.774      15.07     17.446     12.316          0     21.416     14.342       5.19      10.45     12.494     15.904       7.17      1.282     17.746      12.92     18.542      9.052      24.86     15.026      23.45       5.56     22.816     15.914     22.258     22.258     22.258          0          0          0 
     12.75     10.316      9.604       7.64       10.9     21.416          0     11.204     16.288      12.37     11.664       7.66      15.21     20.768      3.778     11.858      3.032      12.39      6.246       6.44       2.28     17.312       4.75       9.11      9.126      9.126      9.126          0          0          0 
      6.56      2.658        1.6      4.018      2.654     14.342     11.204          0     10.626       4.14      1.914      3.554      7.204      13.24      7.954      1.422      9.796      8.224     11.718      7.948     12.302     13.088     10.004      2.232      8.048      8.048      8.048          0          0          0 
     4.262      8.506     10.948     13.046      8.178       5.19     16.288     10.626          0      6.484      8.714     11.376      3.956      4.812     12.676       9.28      13.38      3.898     20.088      9.868     18.368      2.748     18.008     11.738     18.054     18.054     18.054          0          0          0 
     2.546      2.374      4.624       7.02      1.872      10.45      12.37       4.14      6.484          0       2.23       5.59      3.308      9.444       8.62       2.82     10.068      4.508     14.632      7.042     14.032       8.98      12.67      5.464     11.818     11.818     11.818          0          0          0 
       4.7      1.556      2.702      5.278      1.152     12.494     11.664      1.914      8.714       2.23          0        4.2      5.332     11.422        8.1      0.652      9.798      6.484     13.048      7.346     13.052       11.2     11.196      3.548       9.79       9.79       9.79          0          0          0 
     7.134      3.218      1.962      1.752      3.768     15.904       7.66      3.554     11.376       5.59        4.2          0      8.868     14.968      4.466      4.268      6.346      8.012      9.042      5.218      8.882     13.384      7.092      1.696      6.808      6.808      6.808          0          0          0 
     2.684      5.672      7.906      10.33       5.18       7.17      15.21      7.204      3.956      3.308      5.332      8.868          0      6.136     11.432      5.788     12.636      4.356     17.904       9.27     17.028      6.696     15.914      8.754      15.09      15.09      15.09          0          0          0 
     8.096     11.798     14.038     16.464     11.316      1.282     20.768      13.24      4.812      9.444     11.422     14.968      6.136          0     17.052     11.818     17.954      8.516     23.972     14.442     22.748       5.82      21.95     14.888     21.208     21.208     21.208          0          0          0 
     8.996      6.664      6.404      5.144       7.24     17.746      3.778      7.954     12.676       8.62        8.1      4.466     11.432     17.052          0      8.378      1.896      8.796      8.052      3.104      5.702     13.936      5.994      6.124      8.638      8.638      8.638          0          0          0 
     5.326      2.062      2.552      5.144      1.756      12.92     11.858      1.422       9.28       2.82      0.652      4.268      5.788     11.818      8.378          0     10.128      7.134     12.918      7.826      13.15       11.8     11.122      3.362      9.444      9.444      9.444          0          0          0 
    10.064      8.306      8.266       7.02       8.86     18.542      3.032      9.796      13.38     10.068      9.798      6.346     12.636     17.954      1.896     10.128          0       9.49      8.632      3.516      5.288       14.3      6.742      8.016     10.124     10.124     10.124          0          0          0 
     2.106      5.676       8.06      9.754       5.57      9.052      12.39      8.224      3.898      4.508      6.484      8.012      4.356      8.516      8.796      7.134       9.49          0     16.372      5.974     14.478        5.4     14.276       8.74      14.82      14.82      14.82          0          0          0 
     15.98      12.26     10.372      7.776     12.796      24.86      6.246     11.718     20.088     14.632     13.048      9.042     17.904     23.972      8.052     12.918      8.632     16.372          0     11.138       4.57     21.716      2.102      9.558      5.222      5.222      5.222          0          0          0 
     6.636       5.79      6.704      6.644      6.248     15.026       6.44      7.948      9.868      7.042      7.346      5.218       9.27     14.442      3.104      7.826      3.516      5.974     11.138          0      8.596      10.91      9.064      6.824     11.098     11.098     11.098          0          0          0 
    14.672     11.834     10.724      8.426     12.422      23.45       2.28     12.302     18.368     14.032     13.052      8.882     17.028     22.748      5.702      13.15      5.288     14.478       4.57      8.596          0     19.504      3.744       10.1       8.56       8.56       8.56          0          0          0 
     6.544     10.778     13.226     15.112      10.53       5.56     17.312     13.088      2.748       8.98       11.2     13.384      6.696       5.82     13.936       11.8       14.3        5.4     21.716      10.91     19.504          0     19.614      13.97     20.172     20.172     20.172          0          0          0 
    13.924     10.306       8.57      5.994      10.86     22.816       4.75     10.004     18.008      12.67     11.196      7.092     15.914      21.95      5.994     11.122      6.742     14.276      2.102      9.064      3.744     19.614          0      7.792      4.834      4.834      4.834          0          0          0 
     7.488       3.23      0.852      1.796      3.612     15.914       9.11      2.232     11.738      5.464      3.548      1.696      8.754     14.888      6.124      3.362      8.016       8.74      9.558      6.824       10.1      13.97      7.792          0      6.358      6.358      6.358          0          0          0 
    13.792      9.572      7.192      5.064      9.972     22.258      9.126      8.048     18.054     11.818       9.79      6.808      15.09     21.208      8.638      9.444     10.124      14.82      5.222     11.098       8.56     20.172      4.834      6.358          0          0          0          0          0          0 
    13.792      9.572      7.192      5.064      9.972     22.258      9.126      8.048     18.054     11.818       9.79      6.808      15.09     21.208      8.638      9.444     10.124      14.82      5.222     11.098       8.56     20.172      4.834      6.358          0          0          0          0          0          0 
    13.792      9.572      7.192      5.064      9.972     22.258      9.126      8.048     18.054     11.818       9.79      6.808      15.09     21.208      8.638      9.444     10.124      14.82      5.222     11.098       8.56     20.172      4.834      6.358          0          0          0          0          0          0 
         0          0          0          0          0          0          0          0          0          0          0          0          0          0          0          0          0          0          0          0          0          0          0          0          0          0          0          0          0          0 
         0          0          0          0          0          0          0          0          0          0          0          0          0          0          0          0          0          0          0          0          0          0          0          0          0          0          0          0          0          0 
         0          0          0          0          0          0          0          0          0          0          0          0          0          0          0          0          0          0          0          0          0          0          0          0          0          0          0          0          0          0 
Version identifier: 22.1.1.0 | 2022-11-28 | 9160aff4d
CPXPARAM_Threads                                 1
CPXPARAM_TimeLimit                               7200
Tried aggregator 2 times.
MIP Presolve eliminated 480 rows and 981 columns.
MIP Presolve modified 352 coefficients.
Aggregator did 16 substitutions.
Reduced MIP has 90 rows, 203 columns, and 608 nonzeros.
Reduced MIP has 197 binaries, 0 generals, 0 SOSs, and 0 indicators.
Presolve time = 0.00 sec. (2.26 ticks)
Found incumbent of value -7.977080 after 0.00 sec. (3.27 ticks)
Probing time = 0.00 sec. (0.65 ticks)
Tried aggregator 1 time.
Detecting symmetries...
Reduced MIP has 90 rows, 203 columns, and 608 nonzeros.
Reduced MIP has 197 binaries, 0 generals, 0 SOSs, and 0 indicators.
Presolve time = 0.00 sec. (0.44 ticks)
Probing time = 0.00 sec. (0.65 ticks)
Clique table members: 467.
MIP emphasis: balance optimality and feasibility.
MIP search method: dynamic search.
Parallel mode: none, using 1 thread.
Root relaxation solution time = 0.00 sec. (0.35 ticks)

        Nodes                                         Cuts/
   Node  Left     Objective  IInf  Best Integer    Best Bound    ItCnt     Gap

*     0+    0                           -7.9771       26.8430           436.50%
*     0     0      integral     0       12.7340       12.7340       58    0.00%
Elapsed time = 0.01 sec. (5.95 ticks, tree = 0.00 MB, solutions = 2)

Root node processing (before b&c):
  Real time             =    0.01 sec. (6.00 ticks)
Sequential b&c:
  Real time             =    0.00 sec. (0.00 ticks)
                          ------------
Total (root+branch&cut) =    0.01 sec. (6.00 ticks)

Sol status: Optimal
 Total Time: 0
 LB: 12.734
 UB: 12.734
Initializing solStats

Obj Val: 12.73396

Solve Time: 0
b(0): 15.7333333333333
b(1): 16.3666666666667
b(2): 17.0666666666667
b(3): 12.5166666666667
b(4): 12.3833333333333
b(5): 10.5666666666667
b(6): 11.2166666666667
b(7): 11.3833333333333
b(8): 15.9206179368868
b(9): 16.5079024672695
b(10): 17.3825691378386
b(11): 12.6427317281618
b(12): 12.5930081917113
b(13): 10.6812683079358
b(14): 11.3921463864129
b(15): 11.5013496104144
b(16): 16.2666666666667
b(17): 11.3666666666667
b(18): 14.6666666666667
b(19): 10.3166666666667
b(20): 17.4833333333333
b(21): 12.5833333333333
b(22): 15.8166666666667
b(23): 11.5666666666667
b(24): 9
b(25): 9
b(26): 9
b(27): 19
b(28): 19
b(29): 19


Customer profit: 49.35456
Parcel profit: 0
Costs: 36.6206
Without fixed: 36.6206

Solution: 
Vehicle 0: 24 - 6 - 14 - 3 - 11 - 1 - 9 - 2 - 10 - 27 - Total time: 8.3825691378386
Vehicle 1: 25 - 7 - 15 - 4 - 12 - 0 - 8 - 28 - Total time: 6.9206179368868
Vehicle 2: 26 - 5 - 13 - 29 - Total time: 1.68126830793576

Vehicle 0: d - D - d - P - d - P - d - P - f
Vehicle 1: d - D - d - D - d - P - f
Vehicle 2: d - D - f

************************************
Final solution value: 12.73396
************************************

Total distance: 79.61

Total passenger distance: 22.752

Total parcel distance: 0

Total combined transportation distance: 0

Total idle distance: 56.858
File exists: 1
partial: 
CSV file 'TreatResults/FullResults/fip1ADghsarpS.csv' generated successfully!
