Instance Name: sfsarp-16-8-1

K: 4
Dist Matrix: 
         0      2.095      3.313      3.418      6.846      2.459      5.159      2.064      3.239      1.251       1.12      5.243      2.675      1.034      2.675      2.994       1.46      2.101      3.854      3.338      6.813      0.777      4.148      1.473      2.992      5.625       2.07      3.895        2.6       3.54        2.6      3.383      2.678       4.04       4.04      16.97      2.678      3.185       1.07      3.561      2.678      3.888      3.888     16.916      2.678      3.233      3.113      4.333      8.058      8.058      8.058      8.058          0          0          0          0 
     2.095          0      4.798       1.39      7.015      0.365      3.064      4.158      1.144      3.345       1.13      7.272      0.774      1.238      0.774      0.966      1.678      0.029      5.567       1.31      6.982      2.805      2.054      3.568      0.964       3.53      0.042      5.923      0.804      1.445      0.804      2.197      2.724      2.012      2.012     14.874      2.724      1.157      3.165      5.589      2.724      1.861      1.861      14.82      2.724      1.138      1.018      6.361      5.963      5.963      5.963      5.963          0          0          0          0 
     3.313      4.798          0      6.188      3.533       5.03      4.488      5.377      4.654      4.564      3.667      2.474      4.024       3.56      4.024      5.764       4.23      4.826      0.769      6.108        3.5      3.291      6.341      4.787      5.762       2.69       4.84      2.858      3.994      5.932      3.994      6.153      2.074      6.809      6.809     13.657      2.074      5.955      4.384      1.946      2.074      6.658      6.658     13.604      2.074      4.537      5.394      4.561      4.746      4.746      4.746      4.746          0          0          0          0 
     3.418       1.39      6.188          0      8.406      1.159      2.051      5.171      1.534      4.358      2.521      8.662      2.164      2.628      2.164      1.645      2.691      1.362      6.958      0.098      8.372      4.195       1.04      4.581      0.959      3.499      1.348      7.314      2.194      0.432      2.194       3.21      4.115      2.376      2.376      13.86      4.115      0.433      4.178       6.98      4.115      1.839      1.839     13.806      4.115      1.651      0.794      7.751       4.95       4.95       4.95       4.95          0          0          0          0 
     6.846      7.015      3.533      8.406          0      7.247      6.706       8.91      6.871      8.097      5.884      5.675      6.241      5.812      6.241      7.981      6.447      7.044      2.992      8.326      0.033      6.824      8.559       8.32      7.979      4.907      7.057      6.391      6.211      8.149      6.211       8.37      4.291      9.027      9.027     10.124      4.291      8.172      7.917      5.479      4.291      8.876      8.876     10.071      4.291      6.754      7.611      8.094      3.966      3.966      3.966      3.966          0          0          0          0 
     2.459      0.365       5.03      1.159      7.247          0        2.7      4.523      0.779       3.71      1.362      7.503      1.005       1.47      1.005      0.997      2.043      0.358      5.799      1.079      7.213      3.037      1.689      3.933      0.732      3.165      0.389      6.155      1.036       1.08      1.036      2.562      2.956       1.78       1.78     14.509      2.956      0.925       3.53      5.821      2.956      1.629      1.629     14.455      2.956      0.773      0.653      6.592      5.598      5.598      5.598      5.598          0          0          0          0 
     5.159      3.064      4.488      2.051      6.706        2.7          0      7.223      1.921       6.41       4.04      6.963      2.484      4.125      2.484      3.697      4.742      3.058      5.257      1.954      6.672      5.137      1.853      6.633      3.011      1.799      3.089      5.614      2.559       1.62      2.559      5.261      2.481      4.427      4.427     11.809      2.481      2.485       6.23       5.28      2.481       3.89       3.89     11.755      2.481      1.927      2.047      6.407      2.898      2.898      2.898      2.898          0          0          0          0 
     2.064      4.158      5.377      5.171       8.91      4.523      7.223          0      5.302      0.813      3.183       5.71      4.739      3.098      4.739      3.525       2.48      4.164      5.918      5.269      8.877      2.086      6.211       0.59      4.212      7.689      4.134      4.362      4.664      5.603      4.664      2.915      4.742      3.572      3.572     19.034      4.742      4.738      0.993      4.028      4.742      3.421      3.421      18.98      4.742      5.296      5.176      4.799     10.122     10.122     10.122     10.122          0          0          0          0 
     3.239      1.144      4.654      1.534      6.871      0.779      1.921      5.302          0      4.489      2.119      7.128       0.63      2.204       0.63      1.776      2.822      1.137      5.423      1.454      6.838      3.216      1.687      4.712      1.108      2.386      1.168       5.78       0.66      1.278       0.66      3.341       2.58      2.506      2.506      13.73       2.58      1.301      4.309      5.446       2.58      2.004      2.004     13.676       2.58      0.117       0.74      6.217      4.819      4.819      4.819      4.819          0          0          0          0 
     1.251      3.345      4.564      4.358      8.097       3.71       6.41      0.813      4.489          0       2.37      5.546      3.926      2.285      3.926      2.713      1.667      3.352      5.105      4.456      8.064      1.273      5.399      0.223      3.399      6.876      3.321      4.198      3.851       4.79      3.851      3.079      3.929      3.736      3.736     18.221      3.929      3.925      0.469      3.864      3.929      3.585      3.585     18.167      3.929      4.483      4.363      4.636      9.309      9.309      9.309      9.309          0          0          0          0 
      1.12       1.13      3.667      2.521      5.884      1.362       4.04      3.183      2.119       2.37          0      6.141      1.556      0.108      1.556      2.096      0.703      1.159      4.436      2.441      5.851      1.675      3.028      2.593      2.094      4.505      1.172      4.793      1.481       2.42      1.481      2.485      1.594      3.142      3.142      15.85      1.594      2.287       2.19      4.459      1.594      2.991      2.991     15.796      1.594      2.113      1.993       5.23      6.938      6.938      6.938      6.938          0          0          0          0 
     5.243      7.272      2.474      8.662      5.675      7.503      6.963       5.71      7.128      5.546      6.141          0      6.498      6.034      6.498      8.237      6.704        7.3      2.682      8.582      5.642      4.467      8.815      5.524      8.236      5.164      7.314      1.348      6.468      8.406      6.468      8.626      4.548      9.283      9.283       15.8      4.548      8.429      6.015      1.683      4.548      9.132      9.132     15.746      4.548      7.011      7.868       2.42      6.887      6.887      6.887      6.887          0          0          0          0 
     2.675      0.774      4.024      2.164      6.241      1.005      2.484      4.739       0.63      3.926      1.556      6.498          0      1.641          0      1.739      2.258      0.802      4.793      2.084      6.208      2.653      2.317      4.149      1.737      2.949      0.816       5.15      0.075      1.908      0.075      2.778      1.951      2.785      2.785     14.293      1.951      1.931      3.746      4.816      1.951      2.634      2.634      14.24      1.951      0.557       1.37      5.587      5.383      5.383      5.383      5.383          0          0          0          0 
     1.034      1.238       3.56      2.628      5.812       1.47      4.125      3.098      2.204      2.285      0.108      6.034      1.641          0      1.641      2.204       0.67      1.267      4.329      2.548      5.778      1.567      3.114      2.508      2.202      4.591       1.28      4.685      1.566      2.505      1.566      2.593      1.644      3.249      3.249     15.935      1.644      2.395      2.105      4.351      1.644      3.098      3.098     15.881      1.644      2.198      2.078      5.123      7.024      7.024      7.024      7.024          0          0          0          0 
     2.675      0.774      4.024      2.164      6.241      1.005      2.484      4.739       0.63      3.926      1.556      6.498          0      1.641          0      1.739      2.258      0.802      4.793      2.084      6.208      2.653      2.317      4.149      1.737      2.949      0.816       5.15      0.075      1.908      0.075      2.778      1.951      2.785      2.785     14.293      1.951      1.931      3.746      4.816      1.951      2.634      2.634      14.24      1.951      0.557       1.37      5.587      5.383      5.383      5.383      5.383          0          0          0          0 
     2.994      0.966      5.764      1.645      7.981      0.997      3.697      3.525      1.776      2.713      2.096      8.237      1.739      2.204      1.739          0      1.534      0.937      6.533      1.743      7.948      3.771      2.686      2.935      0.686      4.163      0.924      6.889       1.77      2.077       1.77      1.564       3.69      1.046      1.046     15.506       3.69      1.212      2.532      6.555       3.69      0.895      0.895     15.453       3.69       1.77       1.65      7.326      6.596      6.596      6.596      6.596          0          0          0          0 
      1.46      1.678       4.23      2.691      6.447      2.043      4.742       2.48      2.822      1.667      0.703      6.704      2.258       0.67      2.258      1.534          0      1.684      4.999      2.788      6.413      2.237      3.731       1.89      1.731      5.208      1.653      5.355      2.184      3.123      2.184      1.923      2.262      2.579      2.579     16.552      2.262      2.257      1.487      5.021      2.262      2.428      2.428     16.499      2.262      2.816      2.696      5.793      7.641      7.641      7.641      7.641          0          0          0          0 
     2.101      0.029      4.826      1.362      7.044      0.358      3.058      4.164      1.137      3.352      1.159        7.3      0.802      1.267      0.802      0.937      1.684          0      5.596      1.282       7.01      2.834      2.047      3.574      0.935      3.524      0.031      5.952      0.833      1.438      0.833      2.203      2.753      1.983      1.983     14.867      2.753      1.128      3.171      5.618      2.753      1.832      1.832     14.814      2.753      1.131      1.011      6.389      5.957      5.957      5.957      5.957          0          0          0          0 
     3.854      5.567      0.769      6.958      2.992      5.799      5.257      5.918      5.423      5.105      4.436      2.682      4.793      4.329      4.793      6.533      4.999      5.596          0      6.878      2.959      3.832       7.11      5.328      6.531      3.459      5.609      3.399      4.763      6.701      4.763      6.922      2.843      7.578      7.578     13.117      2.843      6.724      4.925      2.487      2.843      7.427      7.427     13.063      2.843      5.306      6.163      5.102      4.205      4.205      4.205      4.205          0          0          0          0 
     3.338       1.31      6.108      0.098      8.326      1.079      1.954      5.269      1.454      4.456      2.441      8.582      2.084      2.548      2.084      1.743      2.788      1.282      6.878          0      8.292      4.115      0.943      4.678      1.057      3.419      1.268      7.234      2.114      0.334      2.114      3.307      4.035      2.473      2.473     13.762      4.035      0.531      4.275        6.9      4.035      1.936      1.936     13.709      4.035      1.571      0.714      7.671      4.852      4.852      4.852      4.852          0          0          0          0 
     6.813      6.982        3.5      8.372      0.033      7.213      6.672      8.877      6.838      8.064      5.851      5.642      6.208      5.778      6.208      7.948      6.413       7.01      2.959      8.292          0      6.791      8.525      8.287      7.946      4.873      7.024      6.358      6.178      8.116      6.178      8.336      4.257      8.993      8.993     10.158      4.257      8.139      7.884      5.446      4.257      8.842      8.842     10.104      4.257      6.721      7.578      8.061      3.932      3.932      3.932      3.932          0          0          0          0 
     0.777      2.805      3.291      4.195      6.824      3.037      5.137      2.086      3.216      1.273      1.675      4.467      2.653      1.567      2.653      3.771      2.237      2.834      3.832      4.115      6.791          0      4.348      1.496      3.769      5.603      2.847      3.118      2.578      3.939      2.578       4.16      2.656      4.816      4.816     16.948      2.656      3.962      1.549      2.784      2.656      4.665      4.665     16.894      2.656       3.21      3.401      3.556      8.036      8.036      8.036      8.036          0          0          0          0 
     4.148      2.054      6.341       1.04      8.559      1.689      1.853      6.211      1.687      5.399      3.028      8.815      2.317      3.114      2.317      2.686      3.731      2.047       7.11      0.943      8.525      4.348          0      5.621          2      3.652      2.078      7.467      2.347      0.609      2.347       4.25      4.267      3.416      3.416     12.819      4.267      1.474      5.218      7.132      4.267      2.879      2.879     12.765      4.267      1.804      1.036      7.904      4.593      4.593      4.593      4.593          0          0          0          0 
     1.473      3.568      4.787      4.581       8.32      3.933      6.633       0.59      4.712      0.223      2.593      5.524      4.149      2.508      4.149      2.935       1.89      3.574      5.328      4.678      8.287      1.496      5.621          0      3.621      7.098      3.543      4.175      4.074      5.013      4.074      3.102      4.152      3.759      3.759     18.444      4.152      4.148      0.492      3.841      4.152      3.608      3.608      18.39      4.152      4.706      4.586      4.613      9.532      9.532      9.532      9.532          0          0          0          0 
     2.992      0.964      5.762      0.959      7.979      0.732      3.011      4.212      1.108      3.399      2.094      8.236      1.737      2.202      1.737      0.686      1.731      0.935      6.531      1.057      7.946      3.769          2      3.621          0      3.476      0.922      6.887      1.768      1.391      1.768      2.251      3.688      1.416      1.416      14.82      3.688      0.526      3.218      6.553      3.688      0.897      0.897     14.766      3.688      1.225      0.964      7.325      5.909      5.909      5.909      5.909          0          0          0          0 
     5.625       3.53       2.69      3.499      4.907      3.165      1.799      7.689      2.386      6.876      4.505      5.164      2.949      4.591      2.949      4.163      5.208      3.524      3.459      3.419      4.873      5.603      3.652      7.098      3.476          0      3.555       5.17      3.024      3.243      3.024      5.727      2.947      4.893      4.893     11.344      2.947      3.266      6.695      4.258      2.947      4.355      4.355      11.29      2.947      2.392      2.705      6.873      2.433      2.433      2.433      2.433          0          0          0          0 
      2.07      0.042       4.84      1.348      7.057      0.389      3.089      4.134      1.168      3.321      1.172      7.314      0.816       1.28      0.816      0.924      1.653      0.031      5.609      1.268      7.024      2.847      2.078      3.543      0.922      3.555          0      5.965      0.846      1.469      0.846      2.172      2.766       1.97       1.97     14.898      2.766      1.115       3.14      5.631      2.766      1.819      1.819     14.845      2.766      1.162      1.042      6.403      5.988      5.988      5.988      5.988          0          0          0          0 
     3.895      5.923      2.858      7.314      6.391      6.155      5.614      4.362       5.78      4.198      4.793      1.348       5.15      4.685       5.15      6.889      5.355      5.952      3.399      7.234      6.358      3.118      7.467      4.175      6.887       5.17      5.965          0      5.119      7.058      5.119      7.278      3.199      7.935      7.935     16.516      3.199       7.08      4.667      0.912      3.199      7.784      7.784     16.462      3.199      5.663       6.52      1.703      7.603      7.603      7.603      7.603          0          0          0          0 
       2.6      0.804      3.994      2.194      6.211      1.036      2.559      4.664       0.66      3.851      1.481      6.468      0.075      1.566      0.075       1.77      2.184      0.833      4.763      2.114      6.178      2.578      2.347      4.074      1.768      3.024      0.846      5.119          0      1.938          0      2.703       1.92      2.816      2.816     14.368       1.92      1.961      3.671      4.785       1.92      2.665      2.665     14.315       1.92      0.632        1.4      5.557      5.457      5.457      5.457      5.457          0          0          0          0 
      3.54      1.445      5.932      0.432      8.149       1.08       1.62      5.603      1.278       4.79       2.42      8.406      1.908      2.505      1.908      2.077      3.123      1.438      6.701      0.334      8.116      3.939      0.609      5.013      1.391      3.243      1.469      7.058      1.938          0      1.938      3.642      3.858      2.807      2.807     13.428      3.858      0.865       4.61      6.723      3.858       2.27       2.27     13.374      3.858      1.395      0.538      7.495      4.518      4.518      4.518      4.518          0          0          0          0 
       2.6      0.804      3.994      2.194      6.211      1.036      2.559      4.664       0.66      3.851      1.481      6.468      0.075      1.566      0.075       1.77      2.184      0.833      4.763      2.114      6.178      2.578      2.347      4.074      1.768      3.024      0.846      5.119          0      1.938          0      2.703       1.92      2.816      2.816     14.368       1.92      1.961      3.671      4.785       1.92      2.665      2.665     14.315       1.92      0.632        1.4      5.557      5.457      5.457      5.457      5.457          0          0          0          0 
     3.383      2.197      6.153       3.21       8.37      2.562      5.261      2.915      3.341      3.079      2.485      8.626      2.778      2.593      2.778      1.564      1.923      2.203      6.922      3.307      8.336       4.16       4.25      3.102      2.251      5.727      2.172      7.278      2.703      3.642      2.703          0      4.079      0.834      0.834     17.071      4.079      2.777      2.611      6.944      4.079      1.371      1.371     17.017      4.079      3.335      3.215      7.715       8.16       8.16       8.16       8.16          0          0          0          0 
     2.678      2.724      2.074      4.115      4.291      2.956      2.481      4.742       2.58      3.929      1.594      4.548      1.951      1.644      1.951       3.69      2.262      2.753      2.843      4.035      4.257      2.656      4.267      4.152      3.688      2.947      2.766      3.199       1.92      3.858       1.92      4.079          0      4.736      4.736     14.291          0      3.881      3.749      2.865          0      4.585      4.585     14.238          0      2.464       3.32      3.926       5.38       5.38       5.38       5.38          0          0          0          0 
      4.04      2.012      6.809      2.376      9.027       1.78      4.427      3.572      2.506      3.736      3.142      9.283      2.785      3.249      2.785      1.046      2.579      1.983      7.578      2.473      8.993      4.816      3.416      3.759      1.416      4.893       1.97      7.935      2.816      2.807      2.816      0.834      4.736          0          0     16.236      4.736      1.942      3.267      7.601      4.736      0.537      0.537     16.182      4.736      2.501       2.38      8.372      7.326      7.326      7.326      7.326          0          0          0          0 
      4.04      2.012      6.809      2.376      9.027       1.78      4.427      3.572      2.506      3.736      3.142      9.283      2.785      3.249      2.785      1.046      2.579      1.983      7.578      2.473      8.993      4.816      3.416      3.759      1.416      4.893       1.97      7.935      2.816      2.807      2.816      0.834      4.736          0          0     16.236      4.736      1.942      3.267      7.601      4.736      0.537      0.537     16.182      4.736      2.501       2.38      8.372      7.326      7.326      7.326      7.326          0          0          0          0 
     16.97     14.874     13.657      13.86     10.124     14.509     11.809     19.034      13.73     18.221      15.85       15.8     14.293     15.935     14.293     15.506     16.552     14.867     13.117     13.762     10.158     16.948     12.819     18.444      14.82     11.344     14.898     16.516     14.368     13.428     14.368     17.071     14.291     16.236     16.236          0     14.291     14.293      18.04     15.604     14.291     15.699     15.699      0.124     14.291     13.736     13.855     18.219       8.91       8.91       8.91       8.91          0          0          0          0 
     2.678      2.724      2.074      4.115      4.291      2.956      2.481      4.742       2.58      3.929      1.594      4.548      1.951      1.644      1.951       3.69      2.262      2.753      2.843      4.035      4.257      2.656      4.267      4.152      3.688      2.947      2.766      3.199       1.92      3.858       1.92      4.079          0      4.736      4.736     14.291          0      3.881      3.749      2.865          0      4.585      4.585     14.238          0      2.464       3.32      3.926       5.38       5.38       5.38       5.38          0          0          0          0 
     3.185      1.157      5.955      0.433      8.172      0.925      2.485      4.738      1.301      3.925      2.287      8.429      1.931      2.395      1.931      1.212      2.257      1.128      6.724      0.531      8.139      3.962      1.474      4.148      0.526      3.266      1.115       7.08      1.961      0.865      1.961      2.777      3.881      1.942      1.942     14.293      3.881          0      3.745      6.746      3.881      1.405      1.405      14.24      3.881      1.418      0.561      7.518      5.383      5.383      5.383      5.383          0          0          0          0 
      1.07      3.165      4.384      4.178      7.917       3.53       6.23      0.993      4.309      0.469       2.19      6.015      3.746      2.105      3.746      2.532      1.487      3.171      4.925      4.275      7.884      1.549      5.218      0.492      3.218      6.695       3.14      4.667      3.671       4.61      3.671      2.611      3.749      3.267      3.267      18.04      3.749      3.745          0      4.333      3.749      3.116      3.116     17.987      3.749      4.303      4.183      5.105      9.129      9.129      9.129      9.129          0          0          0          0 
     3.561      5.589      1.946       6.98      5.479      5.821       5.28      4.028      5.446      3.864      4.459      1.683      4.816      4.351      4.816      6.555      5.021      5.618      2.487        6.9      5.446      2.784      7.132      3.841      6.553      4.258      5.631      0.912      4.785      6.723      4.785      6.944      2.865      7.601      7.601     15.604      2.865      6.746      4.333          0      2.865       7.45       7.45      15.55      2.865      5.329      6.185      2.615      6.692      6.692      6.692      6.692          0          0          0          0 
     2.678      2.724      2.074      4.115      4.291      2.956      2.481      4.742       2.58      3.929      1.594      4.548      1.951      1.644      1.951       3.69      2.262      2.753      2.843      4.035      4.257      2.656      4.267      4.152      3.688      2.947      2.766      3.199       1.92      3.858       1.92      4.079          0      4.736      4.736     14.291          0      3.881      3.749      2.865          0      4.585      4.585     14.238          0      2.464       3.32      3.926       5.38       5.38       5.38       5.38          0          0          0          0 
     3.888      1.861      6.658      1.839      8.876      1.629       3.89      3.421      2.004      3.585      2.991      9.132      2.634      3.098      2.634      0.895      2.428      1.832      7.427      1.936      8.842      4.665      2.879      3.608      0.897      4.355      1.819      7.784      2.665       2.27      2.665      1.371      4.585      0.537      0.537     15.699      4.585      1.405      3.116       7.45      4.585          0          0     15.645      4.585      2.121      1.843      8.221      6.788      6.788      6.788      6.788          0          0          0          0 
     3.888      1.861      6.658      1.839      8.876      1.629       3.89      3.421      2.004      3.585      2.991      9.132      2.634      3.098      2.634      0.895      2.428      1.832      7.427      1.936      8.842      4.665      2.879      3.608      0.897      4.355      1.819      7.784      2.665       2.27      2.665      1.371      4.585      0.537      0.537     15.699      4.585      1.405      3.116       7.45      4.585          0          0     15.645      4.585      2.121      1.843      8.221      6.788      6.788      6.788      6.788          0          0          0          0 
    16.916      14.82     13.604     13.806     10.071     14.455     11.755      18.98     13.676     18.167     15.796     15.746      14.24     15.881      14.24     15.453     16.499     14.814     13.063     13.709     10.104     16.894     12.765      18.39     14.766      11.29     14.845     16.462     14.315     13.374     14.315     17.017     14.238     16.182     16.182      0.124     14.238      14.24     17.987      15.55     14.238     15.645     15.645          0     14.238     13.682     13.802     18.166      8.856      8.856      8.856      8.856          0          0          0          0 
     2.678      2.724      2.074      4.115      4.291      2.956      2.481      4.742       2.58      3.929      1.594      4.548      1.951      1.644      1.951       3.69      2.262      2.753      2.843      4.035      4.257      2.656      4.267      4.152      3.688      2.947      2.766      3.199       1.92      3.858       1.92      4.079          0      4.736      4.736     14.291          0      3.881      3.749      2.865          0      4.585      4.585     14.238          0      2.464       3.32      3.926       5.38       5.38       5.38       5.38          0          0          0          0 
     3.233      1.138      4.537      1.651      6.754      0.773      1.927      5.296      0.117      4.483      2.113      7.011      0.557      2.198      0.557       1.77      2.816      1.131      5.306      1.571      6.721       3.21      1.804      4.706      1.225      2.392      1.162      5.663      0.632      1.395      0.632      3.335      2.464      2.501      2.501     13.736      2.464      1.418      4.303      5.329      2.464      2.121      2.121     13.682      2.464          0      0.857        6.1      4.825      4.825      4.825      4.825          0          0          0          0 
     3.113      1.018      5.394      0.794      7.611      0.653      2.047      5.176       0.74      4.363      1.993      7.868       1.37      2.078       1.37       1.65      2.696      1.011      6.163      0.714      7.578      3.401      1.036      4.586      0.964      2.705      1.042       6.52        1.4      0.538        1.4      3.215       3.32       2.38       2.38     13.855       3.32      0.561      4.183      6.185       3.32      1.843      1.843     13.802       3.32      0.857          0      6.957      4.945      4.945      4.945      4.945          0          0          0          0 
     4.333      6.361      4.561      7.751      8.094      6.592      6.407      4.799      6.217      4.636       5.23       2.42      5.587      5.123      5.587      7.326      5.793      6.389      5.102      7.671      8.061      3.556      7.904      4.613      7.325      6.873      6.403      1.703      5.557      7.495      5.557      7.715      3.926      8.372      8.372     18.219      3.926      7.518      5.105      2.615      3.926      8.221      8.221     18.166      3.926        6.1      6.957          0      9.306      9.306      9.306      9.306          0          0          0          0 
     8.058      5.963      4.746       4.95      3.966      5.598      2.898     10.122      4.819      9.309      6.938      6.887      5.383      7.024      5.383      6.596      7.641      5.957      4.205      4.852      3.932      8.036      4.593      9.532      5.909      2.433      5.988      7.603      5.457      4.518      5.457       8.16       5.38      7.326      7.326       8.91       5.38      5.383      9.129      6.692       5.38      6.788      6.788      8.856       5.38      4.825      4.945      9.306          0          0          0          0          0          0          0          0 
     8.058      5.963      4.746       4.95      3.966      5.598      2.898     10.122      4.819      9.309      6.938      6.887      5.383      7.024      5.383      6.596      7.641      5.957      4.205      4.852      3.932      8.036      4.593      9.532      5.909      2.433      5.988      7.603      5.457      4.518      5.457       8.16       5.38      7.326      7.326       8.91       5.38      5.383      9.129      6.692       5.38      6.788      6.788      8.856       5.38      4.825      4.945      9.306          0          0          0          0          0          0          0          0 
     8.058      5.963      4.746       4.95      3.966      5.598      2.898     10.122      4.819      9.309      6.938      6.887      5.383      7.024      5.383      6.596      7.641      5.957      4.205      4.852      3.932      8.036      4.593      9.532      5.909      2.433      5.988      7.603      5.457      4.518      5.457       8.16       5.38      7.326      7.326       8.91       5.38      5.383      9.129      6.692       5.38      6.788      6.788      8.856       5.38      4.825      4.945      9.306          0          0          0          0          0          0          0          0 
     8.058      5.963      4.746       4.95      3.966      5.598      2.898     10.122      4.819      9.309      6.938      6.887      5.383      7.024      5.383      6.596      7.641      5.957      4.205      4.852      3.932      8.036      4.593      9.532      5.909      2.433      5.988      7.603      5.457      4.518      5.457       8.16       5.38      7.326      7.326       8.91       5.38      5.383      9.129      6.692       5.38      6.788      6.788      8.856       5.38      4.825      4.945      9.306          0          0          0          0          0          0          0          0 
         0          0          0          0          0          0          0          0          0          0          0          0          0          0          0          0          0          0          0          0          0          0          0          0          0          0          0          0          0          0          0          0          0          0          0          0          0          0          0          0          0          0          0          0          0          0          0          0          0          0          0          0          0          0          0          0 
         0          0          0          0          0          0          0          0          0          0          0          0          0          0          0          0          0          0          0          0          0          0          0          0          0          0          0          0          0          0          0          0          0          0          0          0          0          0          0          0          0          0          0          0          0          0          0          0          0          0          0          0          0          0          0          0 
         0          0          0          0          0          0          0          0          0          0          0          0          0          0          0          0          0          0          0          0          0          0          0          0          0          0          0          0          0          0          0          0          0          0          0          0          0          0          0          0          0          0          0          0          0          0          0          0          0          0          0          0          0          0          0          0 
         0          0          0          0          0          0          0          0          0          0          0          0          0          0          0          0          0          0          0          0          0          0          0          0          0          0          0          0          0          0          0          0          0          0          0          0          0          0          0          0          0          0          0          0          0          0          0          0          0          0          0          0          0          0          0          0 
Version identifier: 22.1.1.0 | 2022-11-28 | 9160aff4d
CPXPARAM_Threads                                 1
CPXPARAM_TimeLimit                               7200
Tried aggregator 2 times.
MIP Presolve eliminated 1652 rows and 5208 columns.
MIP Presolve modified 1690 coefficients.
Aggregator did 30 substitutions.
Reduced MIP has 329 rows, 1026 columns, and 3232 nonzeros.
Reduced MIP has 1012 binaries, 0 generals, 0 SOSs, and 0 indicators.
Presolve time = 0.01 sec. (12.71 ticks)
Probing time = 0.00 sec. (2.92 ticks)
Tried aggregator 1 time.
Detecting symmetries...
Reduced MIP has 329 rows, 1026 columns, and 3232 nonzeros.
Reduced MIP has 1012 binaries, 0 generals, 0 SOSs, and 0 indicators.
Presolve time = 0.00 sec. (2.21 ticks)
Probing time = 0.00 sec. (2.91 ticks)
Clique table members: 2247.
MIP emphasis: balance optimality and feasibility.
MIP search method: dynamic search.
Parallel mode: none, using 1 thread.
Root relaxation solution time = 0.01 sec. (6.04 ticks)

        Nodes                                         Cuts/
   Node  Left     Objective  IInf  Best Integer    Best Bound    ItCnt     Gap

      0     0       41.9392     5                     41.9392      388         
*     0+    0                           41.9392       41.9392             0.00%
      0     0        cutoff             41.9392       41.9392      388    0.00%
Elapsed time = 0.04 sec. (35.92 ticks, tree = 0.01 MB, solutions = 1)

Root node processing (before b&c):
  Real time             =    0.04 sec. (36.11 ticks)
Sequential b&c:
  Real time             =    0.00 sec. (0.00 ticks)
                          ------------
Total (root+branch&cut) =    0.04 sec. (36.11 ticks)

Sol status: Optimal
 Total Time: 0.04
 LB: 41.9392
 UB: 41.9392
Initializing solStats

Obj Val: 41.93916

Solve Time: 0.04
b(0): 10.1833333333333
b(1): 11.0166666666667
b(2): 16.55
b(3): 10
b(4): 10.4
b(5): 10.9
b(6): 11.1333333333333
b(7): 15.3833333333333
b(8): 14.7666666666667
b(9): 10.8166666666667
b(10): 14.3166666666667
b(11): 14.45
b(12): 14.65
b(13): 15.3666666666667
b(14): 14.65
b(15): 15.8333333333333
b(16): 10.4689431068015
b(17): 11.1007073174182
b(18): 16.8187561067103
b(19): 10.0857235784017
b(20): 10.4841382117747
b(21): 11.224073206865
b(22): 11.2618618106643
b(23): 15.4810569175887
b(24): 14.8770244034265
b(25): 11.0682277649892
b(26): 14.4285853797977
b(27): 14.5662113981519
b(28): 14.901829269185
b(29): 15.5110975907793
b(30): 14.7351626025183
b(31): 15.9548130267381
b(32): 14.3166666666667
b(33): 13.6166666666667
b(34): 14.1666666666667
b(35): 16.4
b(36): 11
b(37): 11.4666666666667
b(38): 10.0333333333333
b(39): 10.3666666666667
b(40): 15.4166666666667
b(41): 14.7166666666667
b(42): 15.2666666666667
b(43): 17.5
b(44): 12.1333333333333
b(45): 12.6666666666667
b(46): 11.1833333333333
b(47): 11.5833333333333
b(48): 9
b(49): 9
b(50): 9
b(51): 9
b(52): 19
b(53): 19
b(54): 19
b(55): 19


Customer profit: 75.10976
Parcel profit: 0
Costs: 33.1706
Without fixed: 33.1706

Solution: 
Vehicle 0: 48 - 6 - 22 - 8 - 24 - 15 - 31 - 52 - Total time: 6.95481302673806
Vehicle 1: 49 - 3 - 19 - 5 - 21 - 10 - 26 - 14 - 30 - 13 - 29 - 53 - Total time: 6.51109759077931
Vehicle 2: 50 - 0 - 16 - 9 - 25 - 11 - 27 - 2 - 18 - 54 - Total time: 7.8187561067103
Vehicle 3: 51 - 4 - 20 - 1 - 17 - 12 - 28 - 7 - 23 - 55 - Total time: 6.48105691758874

Vehicle 0: d - P - d - D - d - D - f
Vehicle 1: d - P - d - P - d - D - d - D - d - D - f
Vehicle 2: d - P - d - D - d - D - d - P - f
Vehicle 3: d - P - d - P - d - D - d - P - f

************************************
Final solution value: 41.93916
************************************

Total distance: 72.11

Total passenger distance: 22.592

Total parcel distance: 0

Total combined transportation distance: 0

Total idle distance: 49.518
File exists: 0
CSV file 'TreatResults/FullResults/fip1ADsf_dataM.csv' generated successfully!
Instance Name: sfsarp-16-8-2

K: 3
Dist Matrix: 
         0     23.709     21.363     20.586      0.399     21.339     19.296     22.951     23.543     21.939      26.07     22.421     20.693     25.257     20.384     21.406     19.031     23.601     20.683       23.7     20.601     21.728     20.745     23.032     22.022     21.727      25.48      21.61     23.672     18.378     20.978     20.772     22.544     20.502     21.959     20.714     18.239     24.134      23.26     20.466     22.561     20.478     20.745     24.368     20.418     22.797     21.929     20.488     15.944     15.944     15.944          0          0          0 
    23.709          0      5.028      6.025     23.309      6.338      4.408      2.842      2.029      7.447       4.03      3.682      3.013      3.866      4.208      6.493      4.961      0.174      5.928      0.009      5.389      6.482      4.358      2.606      4.879      7.148      3.843      4.625      3.563      5.326      7.031      7.281      4.646      7.152      5.431      7.451      5.467      6.518      0.692      6.677      4.629       7.11      5.867      6.418      3.287      6.567      1.778      5.857      7.759      7.759      7.759          0          0          0 
    21.363      5.028          0      0.997     20.963       1.31      2.066      2.186      2.999       2.42      4.704      1.346      2.636      3.892      0.978      1.465      2.331      4.854        0.9      5.019      0.761      1.454       0.67      2.421      0.659       2.12      4.114      0.402      2.308      2.984      2.003      2.254       1.18      2.124      0.596      2.423       4.09      2.771      4.335      1.649      1.198      2.082      0.839      3.005      2.296       1.54      3.472      0.873      5.417      5.417      5.417          0          0          0 
    20.586      6.025      0.997          0     20.187      0.752      2.239      3.183      3.996      1.423      5.479      2.343      3.634      4.666      1.817      0.819      1.555      5.851      0.096      6.016      0.635      1.141      1.667      3.418      1.434      1.141      4.889      1.399      3.083      2.542      1.006      1.257      1.955      1.127      1.371      1.426      5.087      3.546      5.332      0.652      1.973      1.085      0.158       3.78      3.293       2.21      4.469      0.168      4.642      4.642      4.642          0          0          0 
     0.399     23.309     20.963     20.187          0      20.94     18.897     22.552     23.144      21.54     25.671     22.022     20.293     24.858     19.985     21.007     18.632     23.202     20.284     23.301     20.202     21.329     20.346     22.632     21.623     21.328      25.08     21.211     23.273     17.979     20.579     20.373     22.145     20.103     21.559     20.314     17.839     23.735      22.86     20.067     22.162     20.079     20.345     23.969     20.019     22.398      21.53     20.089     15.545     15.545     15.545          0          0          0 
    21.339      6.338       1.31      0.752      20.94          0      2.552      3.496      4.309      1.109      4.727      2.657      3.947      3.914      2.131      0.155      2.308      6.164      0.656      6.329      0.949      0.389      1.981      3.732      1.459       0.81      4.137      1.713      2.775      2.961      0.693      0.943      1.692      0.836      0.907      1.113      5.401      2.794      5.646      0.872      1.709       0.86      0.594      3.027      3.607      1.458      4.782       0.85      5.394      5.394      5.394          0          0          0 
    19.296      4.408      2.066      2.239     18.897      2.552          0      3.653      4.244      3.661      6.771      3.124      1.395      5.958      1.088      2.707      1.175      4.301      2.142      4.399      1.603      2.696      1.449      3.733      2.725      3.362      6.181      2.313      4.374      0.918      3.245      3.495      3.247      3.366      2.662      3.665      2.849      4.838       3.96      2.891      3.264      3.324      2.081      5.071      1.121      3.501       2.63       2.07      3.351      3.351      3.351          0          0          0 
    22.951      2.842      2.186      3.183     22.552      3.496      3.653          0      0.813      4.605      3.118       0.84      2.258      2.305      2.565      3.651      3.917      2.668      3.086      2.833      2.547       3.64      2.204      0.236      2.038      4.306      2.528      1.783      0.721       4.57      4.189      4.439      1.805       4.31      2.589      4.609      4.712      3.676       2.15      3.835      1.787      4.268      3.025      3.576      2.532      3.726      1.286      3.015      7.004      7.004      7.004          0          0          0 
    23.543      2.029      2.999      3.996     23.144      4.309      4.244      0.813          0      5.418      2.528      1.652      2.849      1.837      3.155      4.464      4.508      1.855      3.899       2.02       3.36      4.453      2.795      0.577       2.85      5.119      1.937      2.596      1.534      5.161      5.002      5.252      2.617      5.122      3.402      5.422      5.303      4.489      1.337      4.648        2.6       5.08      3.838      4.389      3.122      4.538      1.614      3.827      7.595      7.595      7.595          0          0          0 
    21.939      7.447       2.42      1.423      21.54      1.109      3.661      4.605      5.418          0      4.127      3.766      5.056       3.58       3.24      0.954      2.908      7.273      1.519      7.438      2.058      0.965       3.09      4.841      2.568      0.299      3.603      2.822      3.883      3.965       0.96      1.166      2.801      1.436      2.016      1.224       6.51      2.194      6.755      1.472      2.818       1.46       1.58      2.427      4.716      0.879      5.891      1.591      5.994      5.994      5.994          0          0          0 
     26.07       4.03      4.704      5.479     25.671      4.727      6.771      3.118      2.528      4.127          0      3.647      5.376      0.813      5.683       4.66      7.035      3.856      5.383      4.021      5.466      4.338      5.322      3.038      4.046      4.338       0.59      4.458      2.397      7.689      5.087      5.293      3.524      5.563      4.108      5.351       7.83      2.488      3.338      5.599      3.507      5.587      5.321      2.388       5.65      3.269      4.141      5.577     10.122     10.122     10.122          0          0          0 
    22.421      3.682      1.346      2.343     22.022      2.657      3.124       0.84      1.652      3.766      3.647          0      1.729      2.834      2.036      2.811      3.388      3.508      2.247      3.673      1.819        2.8      1.675      1.075      1.198      3.466      3.057      0.944       1.25      4.042      3.349        3.6      0.965       3.47      1.749      3.769      4.183      2.837      2.989      2.995      0.947      3.428      2.185      2.737      2.003      2.886      2.126      2.175      6.475      6.475      6.475          0          0          0 
    20.693      3.013      2.636      3.634     20.293      3.947      1.395      2.258      2.849      5.056      5.376      1.729          0      4.563      1.816      4.102       2.57      2.906      3.537      3.004      2.998      4.091      1.966      2.338      2.488      4.757      4.786      2.234      2.979      2.313       4.64       4.89      2.255      4.761      3.039       5.06      2.454      4.127      2.565      4.286      2.238      4.718      3.476      4.027       0.34      4.176      1.235      3.465      4.746      4.746      4.746          0          0          0 
    25.257      3.866      3.892      4.666     24.858      3.914      5.958      2.305      1.837       3.58      0.813      2.834      4.563          0       4.87      3.847      6.222      3.693       4.57      3.858      4.653      3.525      4.509      2.225      3.233      3.525      0.223      3.645      1.584      6.876      4.274       4.48      2.711       4.75      3.295      4.538      7.017      2.652      3.174      4.786      2.694      4.774      4.509      2.551      4.837      2.701      3.328      4.765      9.309      9.309      9.309          0          0          0 
    20.384      4.208      0.978      1.817     19.985      2.131      1.088      2.565      3.155       3.24      5.683      2.036      1.816       4.87          0      2.286      1.353      4.034      1.721      4.199      1.182      2.274      0.361      2.645      1.637      2.941      5.092      1.225      3.286      2.006      2.823      3.074      2.158      2.944      1.574      3.243       3.27       3.75      3.515       2.47      2.176      2.902      1.659      3.983      1.476      2.413      2.652      1.649      4.439      4.439      4.439          0          0          0 
    21.406      6.493      1.465      0.819     21.007      0.155      2.707      3.651      4.464      0.954       4.66      2.811      4.102      3.847      2.286          0      2.375      6.319      0.723      6.484      1.104      0.322      2.135      3.887      1.614      0.655       4.07      1.868      2.929      3.028      0.538      0.788      1.846      0.903      1.062      0.958      5.556      2.727      5.801      0.939      1.864      0.927      0.661       2.96      3.761       1.39      4.937      0.917      5.461      5.461      5.461          0          0          0 
    19.031      4.961      2.331      1.555     18.632      2.308      1.175      3.917      4.508      2.908      7.035      3.388       2.57      6.222      1.353      2.375          0      4.787      1.652      4.952      1.569      2.697      1.713      3.997      2.989      2.696      6.445      2.577      4.638      1.478      2.071      2.321      3.511      2.191      2.926       2.49      4.023      5.102      4.269      1.717      3.528      2.149      1.713      5.335      2.229      3.765      3.405      1.457      3.086      3.086      3.086          0          0          0 
    23.601      0.174      4.854      5.851     23.202      6.164      4.301      2.668      1.855      7.273      3.856      3.508      2.906      3.693      4.034      6.319      4.787          0      5.755      0.165      5.216      6.308      4.184      2.433      4.706      6.974       3.67      4.452       3.39      5.219      6.857      7.108      4.473      6.978      5.257      7.277       5.36      6.344      0.519      6.503      4.455      6.936      5.693      6.244       3.18      6.394      1.671      5.683      7.652      7.652      7.652          0          0          0 
    20.683      5.928        0.9      0.096     20.284      0.656      2.142      3.086      3.899      1.519      5.383      2.247      3.537       4.57      1.721      0.723      1.652      5.755          0       5.92      0.539      1.045      1.571      3.322      1.337       1.22      4.793      1.303      2.986      2.446      1.103      1.353      1.859      1.223      1.274      1.523      4.991       3.45      5.236      0.749      1.876      1.181      0.061      3.683      3.197      2.113      4.372      0.195      4.738      4.738      4.738          0          0          0 
      23.7      0.009      5.019      6.016     23.301      6.329      4.399      2.833       2.02      7.438      4.021      3.673      3.004      3.858      4.199      6.484      4.952      0.165       5.92          0      5.381      6.473      4.349      2.598      4.871      7.139      3.835      4.617      3.555      5.317      7.022      7.272      4.638      7.143      5.422      7.442      5.458      6.509      0.684      6.668       4.62      7.101      5.858      6.409      3.278      6.559      1.769      5.848      7.751      7.751      7.751          0          0          0 
    20.601      5.389      0.761      0.635     20.202      0.949      1.603      2.547       3.36      2.058      5.466      1.819      2.998      4.653      1.182      1.104      1.569      5.216      0.539      5.381          0      1.128      1.032      2.783       1.42      1.759      4.875      1.008      3.069      2.223      1.642      1.892      1.942      1.762      1.357      2.061      4.452      3.533      4.697      1.288      1.959       1.72      0.477      3.766      2.658      2.196      3.834      0.467      4.656      4.656      4.656          0          0          0 
    21.728      6.482      1.454      1.141     21.329      0.389      2.696       3.64      4.453      0.965      4.338        2.8      4.091      3.525      2.274      0.322      2.697      6.308      1.045      6.473      1.128          0      2.124      3.875      1.602      0.666      3.748      1.856      2.918       3.35      0.749      0.955      1.835      1.225      1.051      1.013      5.544      2.405      5.789      1.261      1.853      1.249      0.983      2.638       3.75      1.068      4.926      1.239      5.783      5.783      5.783          0          0          0 
    20.745      4.358       0.67      1.667     20.346      1.981      1.449      2.204      2.795       3.09      5.322      1.675      1.966      4.509      0.361      2.135      1.713      4.184      1.571      4.349      1.032      2.124          0      2.284      1.276      2.791      4.732      0.864      2.925      2.366      2.673      2.924      1.798      2.794      1.213      3.093       3.42      3.389      3.665       2.32      1.815      2.752      1.509      3.622      1.626       2.21      2.802      1.499        4.8        4.8        4.8          0          0          0 
    23.032      2.606      2.421      3.418     22.632      3.732      3.733      0.236      0.577      4.841      3.038      1.075      2.338      2.225      2.645      3.887      3.997      2.433      3.322      2.598      2.783      3.875      2.284          0      2.273      4.542      2.448      2.019      0.957      4.651      4.425      4.675       2.04      4.545      2.824      4.844      4.792      3.912      1.914      4.071      2.023      4.503       3.26      3.812      2.612      3.961      1.103       3.25      7.084      7.084      7.084          0          0          0 
    22.022      4.879      0.659      1.434     21.623      1.459      2.725      2.038       2.85      2.568      4.046      1.198      2.488      3.233      1.637      1.614      2.989      4.706      1.337      4.871       1.42      1.602      1.276      2.273          0      2.269      3.455      0.412      1.649      3.643      2.151      2.402      0.521      2.272      0.551      2.571      3.942      2.113      4.187      1.798      0.539       2.23      1.276      2.346      2.148      1.688      3.324      1.532      6.076      6.076      6.076          0          0          0 
    21.727      7.148       2.12      1.141     21.328       0.81      3.362      4.306      5.119      0.299      4.338      3.466      4.757      3.525      2.941      0.655      2.696      6.974       1.22      7.139      1.759      0.666      2.791      4.542      2.269          0      3.748      2.523      3.584      3.666      0.749      0.955      2.501      1.224      1.717      1.013      6.211      2.405      6.456      1.261      2.519      1.249      1.281      2.639      4.417      1.069      5.592      1.292      5.783      5.783      5.783          0          0          0 
     25.48      3.843      4.114      4.889      25.08      4.137      6.181      2.528      1.937      3.603       0.59      3.057      4.786      0.223      5.092       4.07      6.445       3.67      4.793      3.835      4.875      3.748      4.732      2.448      3.455      3.748          0      3.867      1.806      7.098      4.497      4.702      2.934      4.972      3.518      4.761       7.24      2.674      3.151      5.009      2.916      4.997      4.731      2.574       5.06      2.724      3.551      4.987      9.532      9.532      9.532          0          0          0 
     21.61      4.625      0.402      1.399     21.211      1.713      2.313      1.783      2.596      2.822      4.458      0.944      2.234      3.645      1.225      1.868      2.577      4.452      1.303      4.617      1.008      1.856      0.864      2.019      0.412      2.523      3.867          0      2.061      3.231      2.406      2.656      0.933      2.526      0.805      2.825      3.688      2.525      3.933      2.052      0.951      2.484      1.241      2.758      1.894      1.942       3.07      1.231      5.664      5.664      5.664          0          0          0 
    23.672      3.563      2.308      3.083     23.273      2.775      4.374      0.721      1.534      3.883      2.397       1.25      2.979      1.584      3.286      2.929      4.638       3.39      2.986      3.555      3.069      2.918      2.925      0.957      1.649      3.584      1.806      2.061          0      5.292      3.467      3.718      1.127      3.588      1.867      3.887      5.433      2.955      2.871      3.202       1.11      3.546      2.925      2.855      3.253      3.004      2.007      3.181      7.725      7.725      7.725          0          0          0 
    18.378      5.326      2.984      2.542     17.979      2.961      0.918       4.57      5.161      3.965      7.689      4.042      2.313      6.876      2.006      3.028      1.478      5.219      2.446      5.317      2.223       3.35      2.366      4.651      3.643      3.666      7.098      3.231      5.292          0      3.548      3.799      4.164      3.669       3.58      3.968      2.545      5.755      4.878      3.195      4.182      3.627      2.384      5.989      2.039      4.419      3.548      2.374      2.433      2.433      2.433          0          0          0 
    20.978      7.031      2.003      1.006     20.579      0.693      3.245      4.189      5.002       0.96      5.087      3.349       4.64      4.274      2.823      0.538      2.071      6.857      1.103      7.022      1.642      0.749      2.673      4.425      2.151      0.749      4.497      2.406      3.467      3.548          0       0.25      2.384      0.476        1.6       0.42      6.094      3.154      6.339      0.512      2.402        0.5      1.164      3.387      4.299      1.817      5.475      1.175      5.034      5.034      5.034          0          0          0 
    20.772      7.281      2.254      1.257     20.373      0.943      3.495      4.439      5.252      1.166      5.293        3.6       4.89       4.48      3.074      0.788      2.321      7.108      1.353      7.272      1.892      0.955      2.924      4.675      2.402      0.955      4.702      2.656      3.718      3.799       0.25          0      2.635       0.27       1.85       0.17      6.344       3.36      6.589      0.604      2.652      0.295      1.414      3.593       4.55      2.023      5.725      1.425      4.828      4.828      4.828          0          0          0 
    22.544      4.646       1.18      1.955     22.145      1.692      3.247      1.805      2.617      2.801      3.524      0.965      2.255      2.711      2.158      1.846      3.511      4.473      1.859      4.638      1.942      1.835      1.798       2.04      0.521      2.501      2.934      0.933      1.127      4.164      2.384      2.635          0      2.505      0.784      2.804      4.305      1.872      3.954      2.075      0.018      2.463      1.797      1.825      2.125      1.921      3.091      2.053      6.597      6.597      6.597          0          0          0 
    20.502      7.152      2.124      1.127     20.103      0.836      3.366       4.31      5.122      1.436      5.563       3.47      4.761       4.75      2.944      0.903      2.191      6.978      1.223      7.143      1.762      1.225      2.794      4.545      2.272      1.224      4.972      2.526      3.588      3.669      0.476       0.27      2.505          0      1.721      0.299      6.214       3.63      6.459      0.475      2.523      0.042      1.285      3.863       4.42      2.293      5.596      1.295      4.611      4.611      4.611          0          0          0 
    21.959      5.431      0.596      1.371     21.559      0.907      2.662      2.589      3.402      2.016      4.108      1.749      3.039      3.295      1.574      1.062      2.926      5.257      1.274      5.422      1.357      1.051      1.213      2.824      0.551      1.717      3.518      0.805      1.867       3.58        1.6       1.85      0.784      1.721          0       2.02      4.493      2.175      4.738      1.491      0.802      1.679      1.213      2.409      2.699      1.137      3.875      1.469      6.013      6.013      6.013          0          0          0 
    20.714      7.451      2.423      1.426     20.314      1.113      3.665      4.609      5.422      1.224      5.351      3.769       5.06      4.538      3.243      0.958       2.49      7.277      1.523      7.442      2.061      1.013      3.093      4.844      2.571      1.013      4.761      2.825      3.887      3.968       0.42       0.17      2.804      0.299       2.02          0      6.513      3.418      6.758      0.774      2.822      0.341      1.584      3.652      4.719      2.082      5.895      1.594       4.91       4.91       4.91          0          0          0 
    18.239      5.467       4.09      5.087     17.839      5.401      2.849      4.712      5.303       6.51       7.83      4.183      2.454      7.017       3.27      5.556      4.023       5.36      4.991      5.458      4.452      5.544       3.42      4.792      3.942      6.211       7.24      3.688      5.433      2.545      6.094      6.344      4.305      6.214      4.493      6.513          0      5.897      5.019       5.74      4.323      6.172      4.929       6.13       2.18       5.63      3.689      4.919      2.292      2.292      2.292          0          0          0 
    24.134      6.518      2.771      3.546     23.735      2.794      4.838      3.676      4.489      2.194      2.488      2.837      4.127      2.652       3.75      2.727      5.102      6.344       3.45      6.509      3.533      2.405      3.389      3.912      2.113      2.405      2.674      2.525      2.955      5.755      3.154       3.36      1.872       3.63      2.175      3.418      5.897          0      5.826      3.666      1.889      3.654      3.388      0.233      3.787      1.337      4.962      3.644      8.188      8.188      8.188          0          0          0 
     23.26      0.692      4.335      5.332      22.86      5.646       3.96       2.15      1.337      6.755      3.338      2.989      2.565      3.174      3.515      5.801      4.269      0.519      5.236      0.684      4.697      5.789      3.665      1.914      4.187      6.456      3.151      3.933      2.871      4.878      6.339      6.589      3.954      6.459      4.738      6.758      5.019      5.826          0      5.985      3.937      6.417      5.175      5.726      2.839      5.875       1.33      5.164      7.311      7.311      7.311          0          0          0 
    20.466      6.677      1.649      0.652     20.067      0.872      2.891      3.835      4.648      1.472      5.599      2.995      4.286      4.786       2.47      0.939      1.717      6.503      0.749      6.668      1.288      1.261       2.32      4.071      1.798      1.261      5.009      2.052      3.202      3.195      0.512      0.604      2.075      0.475      1.491      0.774       5.74      3.666      5.985          0      2.092      0.433       0.81      3.899      3.946      2.329      5.121      0.821      4.522      4.522      4.522          0          0          0 
    22.561      4.629      1.198      1.973     22.162      1.709      3.264      1.787        2.6      2.818      3.507      0.947      2.238      2.694      2.176      1.864      3.528      4.455      1.876       4.62      1.959      1.853      1.815      2.023      0.539      2.519      2.916      0.951       1.11      4.182      2.402      2.652      0.018      2.523      0.802      2.822      4.323      1.889      3.937      2.092          0       2.48      1.815      1.807      2.143      1.939      3.073      2.071      6.615      6.615      6.615          0          0          0 
    20.478       7.11      2.082      1.085     20.079       0.86      3.324      4.268       5.08       1.46      5.587      3.428      4.718      4.774      2.902      0.927      2.149      6.936      1.181      7.101       1.72      1.249      2.752      4.503       2.23      1.249      4.997      2.484      3.546      3.627        0.5      0.295      2.463      0.042      1.679      0.341      6.172      3.654      6.417      0.433       2.48          0      1.243      3.888      4.378      2.318      5.554      1.253      4.569      4.569      4.569          0          0          0 
    20.745      5.867      0.839      0.158     20.345      0.594      2.081      3.025      3.838       1.58      5.321      2.185      3.476      4.509      1.659      0.661      1.713      5.693      0.061      5.858      0.477      0.983      1.509       3.26      1.276      1.281      4.731      1.241      2.925      2.384      1.164      1.414      1.797      1.285      1.213      1.584      4.929      3.388      5.175       0.81      1.815      1.243          0      3.622      3.135      2.052      4.311      0.256        4.8        4.8        4.8          0          0          0 
    24.368      6.418      3.005       3.78     23.969      3.027      5.071      3.576      4.389      2.427      2.388      2.737      4.027      2.551      3.983       2.96      5.335      6.244      3.683      6.409      3.766      2.638      3.622      3.812      2.346      2.639      2.574      2.758      2.855      5.989      3.387      3.593      1.825      3.863      2.409      3.652       6.13      0.233      5.726      3.899      1.807      3.888      3.622          0       3.95       1.57      4.862      3.878      8.422      8.422      8.422          0          0          0 
    20.418      3.287      2.296      3.293     20.019      3.607      1.121      2.532      3.122      4.716       5.65      2.003       0.34      4.837      1.476      3.761      2.229       3.18      3.197      3.278      2.658       3.75      1.626      2.612      2.148      4.417       5.06      1.894      3.253      2.039      4.299       4.55      2.125       4.42      2.699      4.719       2.18      3.787      2.839      3.946      2.143      4.378      3.135       3.95          0      3.836      1.509      3.125      4.472      4.472      4.472          0          0          0 
    22.797      6.567       1.54       2.21     22.398      1.458      3.501      3.726      4.538      0.879      3.269      2.886      4.176      2.701      2.413       1.39      3.765      6.394      2.113      6.559      2.196      1.068       2.21      3.961      1.688      1.069      2.724      1.942      3.004      4.419      1.817      2.023      1.921      2.293      1.137      2.082       5.63      1.337      5.875      2.329      1.939      2.318      2.052       1.57      3.836          0      5.012      2.308      6.852      6.852      6.852          0          0          0 
    21.929      1.778      3.472      4.469      21.53      4.782       2.63      1.286      1.614      5.891      4.141      2.126      1.235      3.328      2.652      4.937      3.405      1.671      4.372      1.769      3.834      4.926      2.802      1.103      3.324      5.592      3.551       3.07      2.007      3.548      5.475      5.725      3.091      5.596      3.875      5.895      3.689      4.962       1.33      5.121      3.073      5.554      4.311      4.862      1.509      5.012          0      4.301      5.981      5.981      5.981          0          0          0 
    20.488      5.857      0.873      0.168     20.089       0.85       2.07      3.015      3.827      1.591      5.577      2.175      3.465      4.765      1.649      0.917      1.457      5.683      0.195      5.848      0.467      1.239      1.499       3.25      1.532      1.292      4.987      1.231      3.181      2.374      1.175      1.425      2.053      1.295      1.469      1.594      4.919      3.644      5.164      0.821      2.071      1.253      0.256      3.878      3.125      2.308      4.301          0      4.544      4.544      4.544          0          0          0 
    15.944      7.759      5.417      4.642     15.545      5.394      3.351      7.004      7.595      5.994     10.122      6.475      4.746      9.309      4.439      5.461      3.086      7.652      4.738      7.751      4.656      5.783        4.8      7.084      6.076      5.783      9.532      5.664      7.725      2.433      5.034      4.828      6.597      4.611      6.013       4.91      2.292      8.188      7.311      4.522      6.615      4.569        4.8      8.422      4.472      6.852      5.981      4.544          0          0          0          0          0          0 
    15.944      7.759      5.417      4.642     15.545      5.394      3.351      7.004      7.595      5.994     10.122      6.475      4.746      9.309      4.439      5.461      3.086      7.652      4.738      7.751      4.656      5.783        4.8      7.084      6.076      5.783      9.532      5.664      7.725      2.433      5.034      4.828      6.597      4.611      6.013       4.91      2.292      8.188      7.311      4.522      6.615      4.569        4.8      8.422      4.472      6.852      5.981      4.544          0          0          0          0          0          0 
    15.944      7.759      5.417      4.642     15.545      5.394      3.351      7.004      7.595      5.994     10.122      6.475      4.746      9.309      4.439      5.461      3.086      7.652      4.738      7.751      4.656      5.783        4.8      7.084      6.076      5.783      9.532      5.664      7.725      2.433      5.034      4.828      6.597      4.611      6.013       4.91      2.292      8.188      7.311      4.522      6.615      4.569        4.8      8.422      4.472      6.852      5.981      4.544          0          0          0          0          0          0 
         0          0          0          0          0          0          0          0          0          0          0          0          0          0          0          0          0          0          0          0          0          0          0          0          0          0          0          0          0          0          0          0          0          0          0          0          0          0          0          0          0          0          0          0          0          0          0          0          0          0          0          0          0          0 
         0          0          0          0          0          0          0          0          0          0          0          0          0          0          0          0          0          0          0          0          0          0          0          0          0          0          0          0          0          0          0          0          0          0          0          0          0          0          0          0          0          0          0          0          0          0          0          0          0          0          0          0          0          0 
         0          0          0          0          0          0          0          0          0          0          0          0          0          0          0          0          0          0          0          0          0          0          0          0          0          0          0          0          0          0          0          0          0          0          0          0          0          0          0          0          0          0          0          0          0          0          0          0          0          0          0          0          0          0 
Version identifier: 22.1.1.0 | 2022-11-28 | 9160aff4d
CPXPARAM_Threads                                 1
CPXPARAM_TimeLimit                               7200
Tried aggregator 2 times.
MIP Presolve eliminated 1585 rows and 3878 columns.
MIP Presolve modified 1361 coefficients.
Aggregator did 24 substitutions.
Reduced MIP has 309 rows, 793 columns, and 2556 nonzeros.
Reduced MIP has 779 binaries, 0 generals, 0 SOSs, and 0 indicators.
Presolve time = 0.01 sec. (8.93 ticks)
Found incumbent of value 42.102340 after 0.02 sec. (14.43 ticks)
Probing time = 0.00 sec. (2.78 ticks)
Tried aggregator 2 times.
Detecting symmetries...
MIP Presolve eliminated 14 rows and 28 columns.
MIP Presolve modified 45 coefficients.
Aggregator did 3 substitutions.
Reduced MIP has 292 rows, 762 columns, and 2425 nonzeros.
Reduced MIP has 749 binaries, 0 generals, 0 SOSs, and 0 indicators.
Presolve time = 0.00 sec. (3.24 ticks)
Probing time = 0.00 sec. (2.73 ticks)
Clique table members: 1686.
MIP emphasis: balance optimality and feasibility.
MIP search method: dynamic search.
Parallel mode: none, using 1 thread.
Root relaxation solution time = 0.00 sec. (1.98 ticks)

        Nodes                                         Cuts/
   Node  Left     Objective  IInf  Best Integer    Best Bound    ItCnt     Gap

*     0+    0                           42.1023       87.2897           107.33%
*     0     0      integral     0       55.6912       55.6912      179    0.00%
Elapsed time = 0.03 sec. (27.59 ticks, tree = 0.00 MB, solutions = 2)

Root node processing (before b&c):
  Real time             =    0.03 sec. (27.76 ticks)
Sequential b&c:
  Real time             =    0.00 sec. (0.00 ticks)
                          ------------
Total (root+branch&cut) =    0.03 sec. (27.76 ticks)

Sol status: Optimal
 Total Time: 0.03
 LB: 55.6912
 UB: 55.6912
Initializing solStats

Obj Val: 55.6912

Solve Time: 0.03
b(0): 15.7166666666667
b(1): 11.3
b(2): 9.35
b(3): 14.9833333333333
b(4): 10.7666666666667
b(5): 13.4166666666667
b(6): 15.7166666666667
b(7): 14
b(8): 16.3166666666667
b(9): 10.35
b(10): 15.3833333333333
b(11): 9.55
b(12): 11.5666666666667
b(13): 10.8166666666667
b(14): 12.3833333333333
b(15): 9.18333333333333
b(16): 16.5795897705316
b(17): 11.3875772378426
b(18): 9.62195123022011
b(19): 15.2133984455602
b(20): 11.5057645881778
b(21): 13.5094878095062
b(22): 15.8353414806544
b(23): 14.0890894337022
b(24): 16.636178895697
b(25): 10.4406260198176
b(26): 15.4810569175887
b(27): 9.65635773480865
b(28): 11.7226585720286
b(29): 11.0682277649892
b(30): 12.5355203587904
b(31): 9.28588618823716
b(32): 16.05
b(33): 10.7
b(34): 9.03333333333333
b(35): 15.0666666666667
b(36): 12.4833333333333
b(37): 10.6333333333333
b(38): 12.8166666666667
b(39): 15.5333333333333
b(40): 17.15
b(41): 11.8166666666667
b(42): 10.2166666666667
b(43): 16.2166666666667
b(44): 13.6
b(45): 11.75
b(46): 13.9333333333333
b(47): 16.7833333333333
b(48): 9
b(49): 9
b(50): 9
b(51): 19
b(52): 19
b(53): 19


Customer profit: 120.38238
Parcel profit: 0
Costs: 64.69118
Without fixed: 64.69118

Solution: 
Vehicle 0: 48 - 4 - 20 - 14 - 30 - 5 - 21 - 3 - 19 - 6 - 22 - 51 - Total time: 6.83534148065438
Vehicle 1: 49 - 2 - 18 - 9 - 25 - 13 - 29 - 0 - 16 - 52 - Total time: 7.5795897705316
Vehicle 2: 50 - 15 - 31 - 11 - 27 - 1 - 17 - 12 - 28 - 7 - 23 - 10 - 26 - 8 - 24 - 53 - Total time: 7.63617889569702

Vehicle 0: d - P - d - D - d - P - d - P - d - P - f
Vehicle 1: d - P - d - D - d - D - d - P - f
Vehicle 2: d - D - d - D - d - P - d - D - d - P - d - D - d - D - f

************************************
Final solution value: 55.6912
************************************

Total distance: 140.633

Total passenger distance: 66.546

Total parcel distance: 0

Total combined transportation distance: 0

Total idle distance: 74.087
File exists: 1
partial: 
CSV file 'TreatResults/FullResults/fip1ADsf_dataM.csv' generated successfully!
Instance Name: sfsarp-16-8-3

K: 3
Dist Matrix: 
         0      4.194      0.909      1.905      4.942      2.748      4.031      2.756     18.386      2.337      4.461      1.905       1.42      5.602      2.388     18.887      0.697      2.388      0.776      1.085      4.833      1.838      2.251      1.412      1.777      2.279      3.729      2.498     16.883      3.758      1.316      1.997      2.663      1.961      4.938       0.49      2.641      2.014      2.197      3.806      3.029      0.547       4.93      0.324      2.277          2      2.347      1.625      2.908      2.908      2.908          0          0          0 
     4.194          0      3.285      2.289      2.391      1.446      1.636      3.824      22.58      1.857      8.655      2.569      2.774      1.408      5.143     23.082      3.936      1.805      3.926      3.109      2.659      2.356      1.943      2.835      2.416      2.388      3.131      3.432     20.744      0.874      3.649       6.19       2.11      2.496      0.745      4.195      2.394      2.179      2.172      2.809       2.92      4.208      0.736      4.185      1.916      2.193      2.215       3.27      7.102      7.102      7.102          0          0          0 
     0.909      3.285          0      0.996      4.034      1.839      3.123      1.848     19.294      1.569       5.37       1.26      0.512      4.693      3.033     19.796      0.651      1.673      0.641      0.334      3.924      1.157      1.588      0.725      0.869      1.634       2.82      1.589     17.529      2.849       1.54      2.905      1.754      1.052       4.03       0.91      1.996      1.106      1.551      2.897       2.12      0.923      4.021        0.9      1.562      1.092      1.438      1.161      3.817      3.817      3.817          0          0          0 
     1.905      2.289      0.996          0      3.038      1.177      2.127       1.85     20.291      1.432      6.366      1.124      0.484      3.698      3.169     20.793      1.647      1.536      1.637       0.82      2.928      1.021      1.452      0.861      0.505      1.498      1.824      1.459     18.455      1.853      1.676      3.901      0.758      0.523      3.034      1.906      1.859      0.268      1.415      1.901      1.124      1.919      3.025      1.896      1.425      0.148      0.442      1.297      4.813      4.813      4.813          0          0          0 
     4.942      2.391      4.034      3.038          0      2.194      0.911      2.186      23.33      2.605      9.404      3.318      3.522      1.449       5.33     23.832      4.684      2.554      4.675      3.857      0.268      3.104      2.691      3.531      3.165      3.137      1.214      2.444     21.495      1.517      3.626      6.939       2.28      2.981      1.891      4.944      3.143      2.928      2.921      1.137      1.914      4.957      1.899      4.934      2.665      2.942      2.596      3.317      7.851      7.851      7.851          0          0          0 
     2.748      1.446      1.839      1.177      2.194          0      1.283      3.027     21.134      0.411      7.209      1.123      1.381      2.854      4.346     21.636       2.49       0.36      2.481      1.663      2.085       0.91      0.497      2.038      0.971      0.942      2.335      2.636     19.298       1.01      2.853      4.745      1.313      1.699       2.19      2.749      0.949      0.909      0.727      2.012      2.123      2.762      2.182      2.739      0.471      1.028      1.419      2.474      5.656      5.656      5.656          0          0          0 
     4.031      1.636      3.123      2.127      0.911      1.283          0      2.188     22.418      1.694      8.493      2.407      2.611      1.571      4.419      22.92      3.773      1.643      3.764      2.946      1.023      2.193       1.78       2.62      2.254      2.226      1.496      1.797     20.583      0.762      2.715      6.028      1.369       2.07      1.135      4.033      2.232      2.017       2.01      1.173      1.284      4.046      1.144      4.023      1.754      2.031      1.685      2.406       6.94       6.94       6.94          0          0          0 
     2.756      3.824      1.848       1.85      2.186      3.027      2.188          0     21.144      3.283      7.218      2.974      1.647      2.881      3.144     21.646      2.498      3.387      2.489      2.049      2.077      2.872      3.302      1.344      2.355      3.348      0.973      0.391     19.308      2.949       1.44      4.753      1.714      1.328      3.323      2.758       3.71      2.118      3.265       1.05      0.904       2.77      3.332      2.748      3.276      1.999      1.608      1.131      5.665      5.665      5.665          0          0          0 
    18.386      22.58     19.294     20.291      23.33     21.134     22.418     21.144          0     20.723     13.924      20.01     19.806      23.99         18      0.502     18.643     20.774     18.653     19.471     23.221     20.224     20.637     19.798     20.163     20.191     22.117     20.885      1.837     22.145     19.703     16.388     21.049     20.348     23.325     18.384     20.184       20.4     20.407     22.194     21.416     18.371     23.317     18.394     20.663     20.387     20.733     20.012     15.477     15.477     15.477          0          0          0 
     2.337      1.857      1.569      1.432      2.605      0.411      1.694      3.283     20.723          0      6.798      0.712      1.636      3.265      4.602     21.224      2.079      0.104       2.07      1.252      2.496      0.499      0.086      2.294      0.928      0.531      2.591      2.892     19.097      1.421      3.109      4.334      1.569      1.955      2.601      2.338      0.538      1.165      0.316      2.268      2.379      2.351      2.593      2.328       0.06      1.284      1.675      2.729      5.245      5.245      5.245          0          0          0 
     4.461      8.655       5.37      6.366      9.404      7.209      8.493      7.218     13.924      6.798          0      6.086      5.882     10.064      4.074     14.426      4.719       6.85      4.729      5.546      9.295      6.299      6.712      5.873      6.239      6.267      8.191       6.96     13.687       8.22      5.778      2.464      7.124      6.423        9.4       4.46       6.26      6.476      6.483      8.268       7.49      4.447      9.391       4.47      6.739      6.462      6.808      6.087      1.553      1.553      1.553          0          0          0 
     1.905      2.569       1.26      1.124      3.318      1.123      2.407      2.974      20.01      0.712      6.086          0      1.327      3.977      4.293     20.512      1.367      0.764      1.357      0.926      3.208      0.213      0.626      1.985      0.619      0.374      2.282      2.583     18.789      2.133        2.8      3.621       1.26      1.646      3.314      1.626      0.736      0.856      0.397      2.181       2.07      1.639      3.305      1.616      0.653      0.975      1.366      2.421      4.533      4.533      4.533          0          0          0 
      1.42      2.774      0.512      0.484      3.522      1.381      2.611      1.647     19.806      1.636      5.882      1.327          0      4.182      2.966     20.308      1.162       1.74      1.153      0.402      3.413      1.225      1.655      0.658      0.708      1.701      2.309      1.256      17.97      2.338      1.472      3.417      1.243      0.541      3.518      1.422      2.063      0.594      1.619      2.386      1.608      1.434       3.51      1.412      1.629       0.58      0.926      1.093      4.328      4.328      4.328          0          0          0 
     5.602      1.408      4.693      3.698      1.449      2.854      1.571      2.881      23.99      3.265     10.064      3.977      4.182          0       5.99     24.491      5.344      3.214      5.335      4.517      1.717      3.764      3.351       4.19      3.825      3.796      2.189      3.104     22.154      1.844      4.286      7.599      2.939      3.641      0.664      5.603      3.803      3.588      3.581      1.867      2.574      5.616      0.672      5.593      3.325      3.602      3.256      3.977       8.51       8.51       8.51          0          0          0 
     2.388      5.143      3.033      3.169       5.33      4.346      4.419      3.144         18      4.602      4.074      4.293      2.966       5.99          0     18.501      3.084      4.706      3.164      3.367       5.22      4.191      4.621      2.308      3.674      4.667      4.116      2.886     16.164      4.268      1.704       1.61       3.05      2.647      5.326      2.878      5.029      3.437      4.584      4.193      3.416      2.935      5.317      2.712      4.595      3.318      2.927      2.013      2.521      2.521      2.521          0          0          0 
    18.887     23.082     19.796     20.793     23.832     21.636      22.92     21.646      0.502     21.224     14.426     20.512     20.308     24.491     18.501          0     19.145     21.276     19.154     19.972     23.723     20.725     21.138       20.3     20.665     20.693     22.618     21.387      2.339     22.646     20.205      16.89     21.551     20.849     23.827     18.886     20.686     20.902     20.908     22.695     21.918     18.873     23.818     18.896     21.165     20.888     21.235     20.514     15.979     15.979     15.979          0          0          0 
     0.697      3.936      0.651      1.647      4.684       2.49      3.773      2.498     18.643      2.079      4.719      1.367      1.162      5.344      3.084     19.145          0       2.13      0.079      0.827      4.575       1.58      1.993      1.154      1.519      1.583      3.471       2.24      17.58        3.5      1.591      2.255      2.405      1.703       4.68      0.259      1.944      1.756      1.763      3.548      2.771      0.272      4.672      0.372      2.019      1.742      2.089      1.367      3.166      3.166      3.166          0          0          0 
     2.388      1.805      1.673      1.536      2.554       0.36      1.643      3.387     20.774      0.104       6.85      0.764       1.74      3.214      4.706     21.276       2.13          0      2.121      1.338      2.444       0.55      0.137      2.398      1.032      0.583      2.695      2.996     19.202       1.37      3.213      4.385      1.673      2.059       2.55       2.39      0.589      1.269      0.367      2.372      2.483      2.403      2.541       2.38      0.111      1.388      1.779      2.833      5.296      5.296      5.296          0          0          0 
     0.776      3.926      0.641      1.637      4.675      2.481      3.764      2.489     18.653       2.07      4.729      1.357      1.153      5.335      3.164     19.154      0.079      2.121          0      0.818      4.565      1.571      1.984      1.144       1.51      1.538      3.462      2.231      17.66      3.491      1.671      2.264      2.395      1.694      4.671      0.286      1.865      1.747      1.754      3.539      2.761      0.282      4.662      0.452       2.01      1.733      2.079      1.358      3.175      3.175      3.175          0          0          0 
     1.085      3.109      0.334       0.82      3.857      1.663      2.946      2.049     19.471      1.252      5.546      0.926      0.402      4.517      3.367     19.972      0.827      1.338      0.818          0      3.748      0.823      1.254      1.059      0.692        1.3      2.644      1.657     17.863      2.673      1.874      3.082      1.578      0.876      3.853      1.086      1.661      0.929      1.217      2.721      1.944      1.099      3.845      1.076      1.227      0.915      1.262      1.495      3.993      3.993      3.993          0          0          0 
     4.833      2.659      3.924      2.928      0.268      2.085      1.023      2.077     23.221      2.496      9.295      3.208      3.413      1.717       5.22     23.723      4.575      2.444      4.565      3.748          0      2.995      2.581      3.421      3.055      3.027      1.104      2.335     21.385      1.785      3.517       6.83       2.17      2.872      2.158      4.834      3.033      2.818      2.811      1.027      1.804      4.847      2.167      4.824      2.555      2.832      2.486      3.207      7.741      7.741      7.741          0          0          0 
     1.838      2.356      1.157      1.021      3.104       0.91      2.193      2.872     20.224      0.499      6.299      0.213      1.225      3.764      4.191     20.725       1.58       0.55      1.571      0.823      2.995          0      0.431      1.883      0.517      0.476      2.179       2.48     18.686       1.92      2.697      3.835      1.158      1.544        3.1      1.839      0.838      0.754      0.394      1.968      1.967      1.852      3.092      1.829      0.439      0.873      1.263      2.318      4.746      4.746      4.746          0          0          0 
     2.251      1.943      1.588      1.452      2.691      0.497       1.78      3.302     20.637      0.086      6.712      0.626      1.655      3.351      4.621     21.138      1.993      0.137      1.984      1.254      2.581      0.431          0      2.313      0.947      0.445       2.61      2.911     19.117      1.507      3.128      4.248      1.588      1.974      2.687      2.252      0.452      1.184       0.23      2.287      2.398      2.265      2.679      2.242      0.026      1.303      1.694      2.749      5.159      5.159      5.159          0          0          0 
     1.412      2.835      0.725      0.861      3.531      2.038       2.62      1.344     19.798      2.294      5.873      1.985      0.658       4.19      2.308       20.3      1.154      2.398      1.144      1.059      3.421      1.883      2.313          0      1.366      2.359      2.317      1.086     17.962      2.346      0.815      3.409      1.251      0.549      3.527      1.413      2.721      1.129      2.276      2.394      1.617      1.426      3.518      1.403      2.287       1.01      0.935      0.436       4.32       4.32       4.32          0          0          0 
     1.777      2.416      0.869      0.505      3.165      0.971      2.254      2.355     20.163      0.928      6.239      0.619      0.708      3.825      3.674     20.665      1.519      1.032       1.51      0.692      3.055      0.517      0.947      1.366          0      0.993      1.951      1.964     18.327      1.981      2.181      3.774      0.885      1.027      3.161      1.779      1.355      0.237      0.911      2.028      1.451      1.792      3.152      1.769      0.921      0.356      0.747      1.801      4.686      4.686      4.686          0          0          0 
     2.279      2.388      1.634      1.498      3.137      0.942      2.226      3.348     20.191      0.531      6.267      0.374      1.701      3.796      4.667     20.693      1.583      0.583      1.538        1.3      3.027      0.476      0.445      2.359      0.993          0      2.656      2.957     19.163      1.952      3.174      3.802      1.634       2.02      3.133      1.807      0.362       1.23      0.216      2.333      2.444       1.82      3.124      1.955      0.472      1.349       1.74      2.794      4.714      4.714      4.714          0          0          0 
     3.729      3.131       2.82      1.824      1.214      2.335      1.496      0.973     22.117      2.591      8.191      2.282      2.309      2.189      4.116     22.618      3.471      2.695      3.462      2.644      1.104      2.179       2.61      2.317      1.951      2.656          0      1.231     20.281      2.257      2.413      5.726      1.066      1.768      2.631       3.73      3.018      1.715      2.573      0.323        0.7      3.743       2.64       3.72      2.584      1.728      1.382      2.104      6.637      6.637      6.637          0          0          0 
     2.498      3.432      1.589      1.459      2.444      2.636      1.797      0.391     20.885      2.892       6.96      2.583      1.256      3.104      2.886     21.387       2.24      2.996      2.231      1.657      2.335       2.48      2.911      1.086      1.964      2.957      1.231          0      19.05      2.558      1.182      4.495      1.323      0.937      2.932        2.5      3.319      1.727      2.874      1.308       0.53      2.512      2.941       2.49      2.885      1.608      1.217      0.873      5.407      5.407      5.407          0          0          0 
    16.883     20.744     17.529     18.455     21.495     19.298     20.583     19.308      1.837     19.097     13.687     18.789      17.97     22.154     16.164      2.339      17.58     19.202      17.66     17.863     21.385     18.686     19.117     17.962     18.327     19.163     20.281      19.05          0     20.309     17.867     15.817     19.214     18.512      21.49     17.374     19.525     18.565      19.08     20.358      19.58     17.431     21.481     17.208     19.091     18.551     18.897     18.176      14.73      14.73      14.73          0          0          0 
     3.758      0.874      2.849      1.853      1.517       1.01      0.762      2.949     22.145      1.421       8.22      2.133      2.338      1.844      4.268     22.646        3.5       1.37      3.491      2.673      1.785       1.92      1.507      2.346      1.981      1.952      2.257      2.558     20.309          0      2.775      5.755      1.236      1.797       1.18      3.759      1.959      1.744      1.737      1.935      2.045      3.772      1.172      3.749      1.481      1.758      1.411      2.396      6.666      6.666      6.666          0          0          0 
     1.316      3.649       1.54      1.676      3.626      2.853      2.715       1.44     19.703      3.109      5.778        2.8      1.472      4.286      1.704     20.205      1.591      3.213      1.671      1.874      3.517      2.697      3.128      0.815      2.181      3.174      2.413      1.182     17.867      2.775          0      3.313       1.54      1.154      3.622      1.384      3.536      1.944      3.091       2.49      1.712      1.442      3.614      1.308      3.102      1.825      1.434      0.379      4.225      4.225      4.225          0          0          0 
     1.997       6.19      2.905      3.901      6.939      4.745      6.028      4.753     16.388      4.334      2.464      3.621      3.417      7.599       1.61      16.89      2.255      4.385      2.264      3.082       6.83      3.835      4.248      3.409      3.774      3.802      5.726      4.495     15.817      5.755      3.313          0       4.66      3.958      6.935      1.995      3.796      4.011      4.018      5.803      5.026      1.982      6.927      2.005      4.274      3.997      4.344      3.622      1.087      1.087      1.087          0          0          0 
     2.663       2.11      1.754      0.758       2.28      1.313      1.369      1.714     21.049      1.569      7.124       1.26      1.243      2.939       3.05     21.551      2.405      1.673      2.395      1.578       2.17      1.158      1.588      1.251      0.885      1.634      1.066      1.323     19.214      1.236       1.54       4.66          0      0.702      2.276      2.664      1.996      0.648      1.552      1.143       0.81      2.677      2.267      2.654      1.562      0.662      0.316       1.16      5.571      5.571      5.571          0          0          0 
     1.961      2.496      1.052      0.523      2.981      1.699       2.07      1.328     20.348      1.955      6.423      1.646      0.541      3.641      2.647     20.849      1.703      2.059      1.694      0.876      2.872      1.544      1.974      0.549      1.027       2.02      1.768      0.937     18.512      1.797      1.154      3.958      0.702          0      2.978      1.962      2.382       0.79      1.938      1.845      1.068      1.975      2.969      1.952      1.948      0.671      0.386      0.774      4.869      4.869      4.869          0          0          0 
     4.938      0.745       4.03      3.034      1.891       2.19      1.135      3.323     23.325      2.601        9.4      3.314      3.518      0.664      5.326     23.827       4.68       2.55      4.671      3.853      2.158        3.1      2.687      3.527      3.161      3.133      2.631      2.932      21.49       1.18      3.622      6.935      2.276      2.978          0       4.94      3.139      2.924      2.917      2.308      2.419      4.953      0.009       4.93      2.661      2.938      2.592      3.313      7.847      7.847      7.847          0          0          0 
      0.49      4.195       0.91      1.906      4.944      2.749      4.033      2.758     18.384      2.338       4.46      1.626      1.422      5.603      2.878     18.886      0.259       2.39      0.286      1.086      4.834      1.839      2.252      1.413      1.779      1.807       3.73        2.5     17.374      3.759      1.384      1.995      2.664      1.962       4.94          0      2.151      2.016      2.023      3.807       3.03      0.057      4.931      0.165      2.279      2.002      2.348      1.627      2.907      2.907      2.907          0          0          0 
     2.641      2.394      1.996      1.859      3.143      0.949      2.232       3.71     20.184      0.538       6.26      0.736      2.063      3.803      5.029     20.686      1.944      0.589      1.865      1.661      3.033      0.838      0.452      2.721      1.355      0.362      3.018      3.319     19.525      1.959      3.536      3.796      1.996      2.382      3.139      2.151          0      1.592      0.444      2.695      2.806      2.094      3.131      2.317      0.478      1.711      2.102      3.156      4.795      4.795      4.795          0          0          0 
     2.014      2.179      1.106      0.268      2.928      0.909      2.017      2.118       20.4      1.165      6.476      0.856      0.594      3.588      3.437     20.902      1.756      1.269      1.747      0.929      2.818      0.754      1.184      1.129      0.237       1.23      1.715      1.727     18.565      1.744      1.944      4.011      0.648       0.79      2.924      2.016      1.592          0      1.147      1.791      1.214      2.029      2.915      2.006      1.158      0.119       0.51      1.565      4.922      4.922      4.922          0          0          0 
     2.197      2.172      1.551      1.415      2.921      0.727       2.01      3.265     20.407      0.316      6.483      0.397      1.619      3.581      4.584     20.908      1.763      0.367      1.754      1.217      2.811      0.394       0.23      2.276      0.911      0.216      2.573      2.874      19.08      1.737      3.091      4.018      1.552      1.938      2.917      2.023      0.444      1.147          0      2.251      2.361      2.036      2.908      2.013      0.256      1.267      1.657      2.712      4.929      4.929      4.929          0          0          0 
     3.806      2.809      2.897      1.901      1.137      2.012      1.173       1.05     22.194      2.268      8.268      2.181      2.386      1.867      4.193     22.695      3.548      2.372      3.539      2.721      1.027      1.968      2.287      2.394      2.028      2.333      0.323      1.308     20.358      1.935       2.49      5.803      1.143      1.845      2.308      3.807      2.695      1.791      2.251          0      0.777       3.82      2.317      3.797      2.261      1.805      1.459      2.181      6.714      6.714      6.714          0          0          0 
     3.029       2.92       2.12      1.124      1.914      2.123      1.284      0.904     21.416      2.379       7.49       2.07      1.608      2.574      3.416     21.918      2.771      2.483      2.761      1.944      1.804      1.967      2.398      1.617      1.451      2.444        0.7       0.53      19.58      2.045      1.712      5.026       0.81      1.068      2.419       3.03      2.806      1.214      2.361      0.777          0      3.043      2.428       3.02      2.372      1.095      0.704      1.403      5.937      5.937      5.937          0          0          0 
     0.547      4.208      0.923      1.919      4.957      2.762      4.046       2.77     18.371      2.351      4.447      1.639      1.434      5.616      2.935     18.873      0.272      2.403      0.282      1.099      4.847      1.852      2.265      1.426      1.792       1.82      3.743      2.512     17.431      3.772      1.442      1.982      2.677      1.975      4.953      0.057      2.094      2.029      2.036       3.82      3.043          0      4.944      0.223      2.292      2.015      2.361       1.64      2.894      2.894      2.894          0          0          0 
      4.93      0.736      4.021      3.025      1.899      2.182      1.144      3.332     23.317      2.593      9.391      3.305       3.51      0.672      5.317     23.818      4.672      2.541      4.662      3.845      2.167      3.092      2.679      3.518      3.152      3.124       2.64      2.941     21.481      1.172      3.614      6.927      2.267      2.969      0.009      4.931      3.131      2.915      2.908      2.317      2.428      4.944          0      4.921      2.652      2.929      2.583      3.305      7.838      7.838      7.838          0          0          0 
     0.324      4.185        0.9      1.896      4.934      2.739      4.023      2.748     18.394      2.328       4.47      1.616      1.412      5.593      2.712     18.896      0.372       2.38      0.452      1.076      4.824      1.829      2.242      1.403      1.769      1.955       3.72       2.49     17.208      3.749      1.308      2.005      2.654      1.952       4.93      0.165      2.317      2.006      2.013      3.797       3.02      0.223      4.921          0      2.269      1.992      2.338      1.617      2.917      2.917      2.917          0          0          0 
     2.277      1.916      1.562      1.425      2.665      0.471      1.754      3.276     20.663       0.06      6.739      0.653      1.629      3.325      4.595     21.165      2.019      0.111       2.01      1.227      2.555      0.439      0.026      2.287      0.921      0.472      2.584      2.885     19.091      1.481      3.102      4.274      1.562      1.948      2.661      2.279      0.478      1.158      0.256      2.261      2.372      2.292      2.652      2.269          0      1.277      1.668      2.722      5.185      5.185      5.185          0          0          0 
         2      2.193      1.092      0.148      2.942      1.028      2.031      1.999     20.387      1.284      6.462      0.975       0.58      3.602      3.318     20.888      1.742      1.388      1.733      0.915      2.832      0.873      1.303       1.01      0.356      1.349      1.728      1.608     18.551      1.758      1.825      3.997      0.662      0.671      2.938      2.002      1.711      0.119      1.267      1.805      1.095      2.015      2.929      1.992      1.277          0      0.391      1.445      4.909      4.909      4.909          0          0          0 
     2.347      2.215      1.438      0.442      2.596      1.419      1.685      1.608     20.733      1.675      6.808      1.366      0.926      3.256      2.927     21.235      2.089      1.779      2.079      1.262      2.486      1.263      1.694      0.935      0.747       1.74      1.382      1.217     18.897      1.411      1.434      4.344      0.316      0.386      2.592      2.348      2.102       0.51      1.657      1.459      0.704      2.361      2.583      2.338      1.668      0.391          0      1.055      5.255      5.255      5.255          0          0          0 
     1.625       3.27      1.161      1.297      3.317      2.474      2.406      1.131     20.012      2.729      6.087      2.421      1.093      3.977      2.013     20.514      1.367      2.833      1.358      1.495      3.207      2.318      2.749      0.436      1.801      2.794      2.104      0.873     18.176      2.396      0.379      3.622       1.16      0.774      3.313      1.627      3.156      1.565      2.712      2.181      1.403       1.64      3.305      1.617      2.722      1.445      1.055          0      4.534      4.534      4.534          0          0          0 
     2.908      7.102      3.817      4.813      7.851      5.656       6.94      5.665     15.477      5.245      1.553      4.533      4.328       8.51      2.521     15.979      3.166      5.296      3.175      3.993      7.741      4.746      5.159       4.32      4.686      4.714      6.637      5.407      14.73      6.666      4.225      1.087      5.571      4.869      7.847      2.907      4.795      4.922      4.929      6.714      5.937      2.894      7.838      2.917      5.185      4.909      5.255      4.534          0          0          0          0          0          0 
     2.908      7.102      3.817      4.813      7.851      5.656       6.94      5.665     15.477      5.245      1.553      4.533      4.328       8.51      2.521     15.979      3.166      5.296      3.175      3.993      7.741      4.746      5.159       4.32      4.686      4.714      6.637      5.407      14.73      6.666      4.225      1.087      5.571      4.869      7.847      2.907      4.795      4.922      4.929      6.714      5.937      2.894      7.838      2.917      5.185      4.909      5.255      4.534          0          0          0          0          0          0 
     2.908      7.102      3.817      4.813      7.851      5.656       6.94      5.665     15.477      5.245      1.553      4.533      4.328       8.51      2.521     15.979      3.166      5.296      3.175      3.993      7.741      4.746      5.159       4.32      4.686      4.714      6.637      5.407      14.73      6.666      4.225      1.087      5.571      4.869      7.847      2.907      4.795      4.922      4.929      6.714      5.937      2.894      7.838      2.917      5.185      4.909      5.255      4.534          0          0          0          0          0          0 
         0          0          0          0          0          0          0          0          0          0          0          0          0          0          0          0          0          0          0          0          0          0          0          0          0          0          0          0          0          0          0          0          0          0          0          0          0          0          0          0          0          0          0          0          0          0          0          0          0          0          0          0          0          0 
         0          0          0          0          0          0          0          0          0          0          0          0          0          0          0          0          0          0          0          0          0          0          0          0          0          0          0          0          0          0          0          0          0          0          0          0          0          0          0          0          0          0          0          0          0          0          0          0          0          0          0          0          0          0 
         0          0          0          0          0          0          0          0          0          0          0          0          0          0          0          0          0          0          0          0          0          0          0          0          0          0          0          0          0          0          0          0          0          0          0          0          0          0          0          0          0          0          0          0          0          0          0          0          0          0          0          0          0          0 
Version identifier: 22.1.1.0 | 2022-11-28 | 9160aff4d
CPXPARAM_Threads                                 1
CPXPARAM_TimeLimit                               7200
Tried aggregator 2 times.
MIP Presolve eliminated 1586 rows and 3879 columns.
MIP Presolve modified 1373 coefficients.
Aggregator did 22 substitutions.
Reduced MIP has 308 rows, 788 columns, and 2522 nonzeros.
Reduced MIP has 775 binaries, 0 generals, 0 SOSs, and 0 indicators.
Presolve time = 0.01 sec. (8.96 ticks)
Found incumbent of value 46.621710 after 0.01 sec. (14.15 ticks)
Probing time = 0.00 sec. (2.81 ticks)
Tried aggregator 2 times.
Detecting symmetries...
MIP Presolve eliminated 14 rows and 28 columns.
MIP Presolve modified 80 coefficients.
Aggregator did 2 substitutions.
Reduced MIP has 292 rows, 758 columns, and 2407 nonzeros.
Reduced MIP has 745 binaries, 0 generals, 0 SOSs, and 0 indicators.
Presolve time = 0.00 sec. (3.01 ticks)
Probing time = 0.00 sec. (2.76 ticks)
Clique table members: 1683.
MIP emphasis: balance optimality and feasibility.
MIP search method: dynamic search.
Parallel mode: none, using 1 thread.
Root relaxation solution time = 0.00 sec. (2.41 ticks)

        Nodes                                         Cuts/
   Node  Left     Objective  IInf  Best Integer    Best Bound    ItCnt     Gap

*     0+    0                           46.6217       95.2207           104.24%
*     0     0      integral     0       69.5624       69.5624      202    0.00%
Elapsed time = 0.02 sec. (27.49 ticks, tree = 0.00 MB, solutions = 2)

Root node processing (before b&c):
  Real time             =    0.03 sec. (27.66 ticks)
Sequential b&c:
  Real time             =    0.00 sec. (0.00 ticks)
                          ------------
Total (root+branch&cut) =    0.03 sec. (27.66 ticks)

Sol status: Optimal
 Total Time: 0.02
 LB: 69.5624
 UB: 69.5624
Initializing solStats

Obj Val: 69.56237

Solve Time: 0.02
b(0): 9.96666666666667
b(1): 12.3
b(2): 13.1
b(3): 13.2666666666667
b(4): 10.8666666666667
b(5): 9.85
b(6): 12.05
b(7): 14.65
b(8): 16.4
b(9): 15.3666666666667
b(10): 13.55
b(11): 15.2166666666667
b(12): 9.41666666666667
b(13): 16.4833333333333
b(14): 9.13333333333333
b(15): 15.3666666666667
b(16): 10.0670000082927
b(17): 12.4273577450526
b(18): 13.1989674873012
b(19): 13.3700000097561
b(20): 10.9565365885544
b(21): 10.1221951327781
b(22): 12.1767479886576
b(23): 14.7661138371287
b(24): 17.3043377582135
b(25): 15.4629512258299
b(26): 13.8496708778882
b(27): 15.3630000307317
b(28): 10.074106011759
b(29): 16.7783089650288
b(30): 9.25822766255008
b(31): 15.9845937973628
b(32): 15.8
b(33): 13.0333333333333
b(34): 16.2166666666667
b(35): 9.21666666666667
b(36): 9.65
b(37): 15.2166666666667
b(38): 13.8666666666667
b(39): 9.16666666666667
b(40): 16.9333333333333
b(41): 14.1333333333333
b(42): 17.3166666666667
b(43): 10.3166666666667
b(44): 10.75
b(45): 16.35
b(46): 15.0166666666667
b(47): 10.4
b(48): 9
b(49): 9
b(50): 9
b(51): 19
b(52): 19
b(53): 19


Customer profit: 132.32523
Parcel profit: 0
Costs: 62.76286
Without fixed: 62.76286

Solution: 
Vehicle 0: 48 - 14 - 30 - 12 - 28 - 15 - 31 - 51 - Total time: 6.98459379736283
Vehicle 1: 49 - 5 - 21 - 1 - 17 - 3 - 19 - 11 - 27 - 13 - 29 - 52 - Total time: 7.77830896502876
Vehicle 2: 50 - 0 - 16 - 4 - 20 - 6 - 22 - 2 - 18 - 10 - 26 - 7 - 23 - 9 - 25 - 8 - 24 - 53 - Total time: 8.30433775821354

Vehicle 0: d - D - d - D - d - D - f
Vehicle 1: d - P - d - P - d - P - d - D - d - D - f
Vehicle 2: d - P - d - P - d - P - d - P - d - D - d - P - d - D - d - D - f

************************************
Final solution value: 69.56237
************************************

Total distance: 136.441

Total passenger distance: 78.141

Total parcel distance: 0

Total combined transportation distance: 0

Total idle distance: 58.3
File exists: 1
partial: 
CSV file 'TreatResults/FullResults/fip1ADsf_dataM.csv' generated successfully!
Instance Name: sfsarp-16-8-4

K: 3
Dist Matrix: 
         0      3.278      1.984      2.075      3.064      3.908       1.79      2.566      4.246      2.656      2.768     18.944      2.625      2.625      1.984      2.787      6.153      1.686      1.659      1.969       4.02       3.93      1.885      1.217      1.995      2.444      2.719      2.448      2.618      2.618      1.659      1.188      0.923      1.431      1.901      4.833      5.072      4.833       3.24      1.584      1.088      5.083      2.055      4.777      2.537      4.777       3.24       1.57      3.566      3.566      3.566          0          0          0 
     3.278          0      1.294      2.335      0.985      2.456       3.33      2.352      4.033      4.618      4.572      19.16      2.762      2.762      1.294      2.422      2.875        3.7      1.618      2.264      3.806      2.478      3.812      3.459      3.413      4.318      4.066      1.873       2.79       2.79      1.618       4.22      2.355      4.621      2.687      4.619      1.794      4.619      1.827      2.914       2.19      4.869      1.999      4.564      1.962      4.564      1.827      2.795      3.553      3.553      3.553          0          0          0 
     1.984      1.294          0      1.041      1.081      3.714      2.036      1.093      2.773      3.323      3.278     20.419      1.468      1.468          0      3.681      4.169      2.406      0.324      0.969      2.547      3.737      2.518      2.165      2.119      3.024      2.772      3.132      1.496      1.496      0.324      2.926      1.904      3.327      1.393       3.36      3.088       3.36      1.257       1.62      1.894       3.61      0.705      3.305      3.221      3.305      1.257      1.501      4.811      4.811      4.811          0          0          0 
     2.075      2.335      1.041          0      2.121      4.316      0.996      1.334      2.882      2.283      2.237     21.021       0.55       0.55      1.041      4.283      5.209      1.366      0.716      0.106      1.945      4.339      1.477      1.124      1.078      1.984      1.732      3.734      0.543      0.543      0.716      1.885      2.506      2.286      0.352      2.758      4.129      2.758      2.297       0.58      2.496      3.008      0.336      2.702      3.823      2.702      2.297      0.505      5.413      5.413      5.413          0          0          0 
     3.064      0.985      1.081      2.121          0      3.441      3.117      1.366      3.047      4.404      4.358     20.146      2.548      2.548      1.081      3.408      3.088      3.487      1.405       2.05      2.821      3.463      3.599      3.246        3.2      4.105      3.853      2.858      2.577      2.577      1.405      4.007      2.142      4.408      2.473      3.914      2.008      3.914      0.842      2.701      1.976      3.884      1.786      3.859      2.947      3.859      0.842      2.582      4.538      4.538      4.538          0          0          0 
     3.908      2.456      3.714      4.316      3.441          0      4.031      4.807      6.488      5.248      5.203     16.704      4.866      4.866      3.714      1.121      2.244      4.331      3.723       4.21      6.261      0.022      4.443       4.09      4.237      4.949       4.96       1.46       4.86       4.86      3.723      4.851      2.986      5.252      4.142      7.074      1.697      7.074      4.283      3.826       2.82      7.325      4.297      7.019      1.371      7.019      4.283      3.812      1.097      1.097      1.097          0          0          0 
      1.79       3.33      2.036      0.996      3.117      4.031          0       2.33      3.877      1.287      1.242     20.735      0.835      0.835      2.036      3.998      6.205       0.37      1.712      1.067      2.296      4.053      0.482      0.573      0.206      0.988      0.929      3.449      0.828      0.828      1.712       0.89      2.221      1.291      0.644      3.043      5.125      3.043      3.293      0.416      2.211      3.293      1.331      2.987      3.537      2.987      3.293      0.535      5.128      5.128      5.128          0          0          0 
     2.566      2.352      1.093      1.334      1.366      4.807       2.33          0      1.681      3.617      3.571     21.513      1.761      1.761      1.093      4.774       4.05        2.7      1.084      1.263      1.454      4.829      2.811      2.459      2.413      3.318      3.066      4.225       1.79       1.79      1.084       3.22      2.997       3.62      1.686      3.127      3.111      3.127      0.963      1.914      2.987      2.588      0.999      3.072      4.313      3.072      0.963      1.794      5.904      5.904      5.904          0          0          0 
     4.246      4.033      2.773      2.882      3.047      6.488      3.877      1.681          0      5.164      5.119     23.195      3.309      3.309      2.773      6.455      5.732      4.247      2.765       2.81      1.581       6.51      4.359      4.006       3.96      4.865      4.613      5.906      3.337      3.337      2.765      4.767      4.678      5.168      3.234      4.674      4.792      4.674      2.205      3.461      4.668      4.135      2.546      4.619      5.994      4.619      2.205      3.342      7.585      7.585      7.585          0          0          0 
     2.656      4.618      3.323      2.283      4.404      5.248      1.287      3.617      5.164          0      0.112     21.601      1.856      1.856      3.323      4.864      7.492       0.97      2.999      2.354      3.583       5.27      0.806      1.439      1.204      0.299      0.551      4.315      1.827      1.827      2.999      1.467      3.087      1.224      1.931      2.177      6.412      2.177       4.58      1.703      3.077      2.427      2.618      2.121      4.403      2.121       4.58      1.823      5.994      5.994      5.994          0          0          0 
     2.768      4.572      3.278      2.237      4.358      5.203      1.242      3.571      5.119      0.112          0     21.713       1.81       1.81      3.278      4.976      7.447      1.082      2.953      2.308      3.538      5.225      0.883      1.551      1.159      0.324      0.506      4.427      1.781      1.781      2.953       1.58        3.2      1.337      1.885      2.064      6.366      2.064      4.534      1.658       3.19      2.315      2.573      2.009      4.516      2.009      4.534      1.777      6.106      6.106      6.106          0          0          0 
    18.944      19.16     20.419     21.021     20.146     16.704     20.735     21.513     23.195     21.601     21.713          0     21.571     21.571     20.419     16.737     17.463     20.631     20.428     20.915     22.968     16.682      20.83     20.162     20.941      21.39     21.664     17.286     21.564     21.564     20.428     20.133     18.513     20.376     20.846     23.779     18.402     23.779     20.989      20.53     18.523      24.03     21.001     23.724     17.197     23.724     20.989     20.516     15.606     15.606     15.606          0          0          0 
     2.625      2.762      1.468       0.55      2.548      4.866      0.835      1.761      3.309      1.856       1.81     21.571          0          0      1.468      4.833      5.636      0.939      1.143      0.656      1.728      4.888       1.05      1.408      0.651      1.557      1.305      4.284      0.029      0.029      1.143      1.458      3.056      1.859      0.724      2.208      4.556      2.208      2.724       1.04      3.046      2.458      0.762      2.153      4.372      2.153      2.724      1.054      5.963      5.963      5.963          0          0          0 
     2.625      2.762      1.468       0.55      2.548      4.866      0.835      1.761      3.309      1.856       1.81     21.571          0          0      1.468      4.833      5.636      0.939      1.143      0.656      1.728      4.888       1.05      1.408      0.651      1.557      1.305      4.284      0.029      0.029      1.143      1.458      3.056      1.859      0.724      2.208      4.556      2.208      2.724       1.04      3.046      2.458      0.762      2.153      4.372      2.153      2.724      1.054      5.963      5.963      5.963          0          0          0 
     1.984      1.294          0      1.041      1.081      3.714      2.036      1.093      2.773      3.323      3.278     20.419      1.468      1.468          0      3.681      4.169      2.406      0.324      0.969      2.547      3.737      2.518      2.165      2.119      3.024      2.772      3.132      1.496      1.496      0.324      2.926      1.904      3.327      1.393       3.36      3.088       3.36      1.257       1.62      1.894       3.61      0.705      3.305      3.221      3.305      1.257      1.501      4.811      4.811      4.811          0          0          0 
     2.787      2.422      3.681      4.283      3.408      1.121      3.998      4.774      6.455      4.864      4.976     16.737      4.833      4.833      3.681          0      3.366      3.894       3.69      4.177      6.228      1.143      4.093      3.425      4.204      4.653      4.927      0.549      4.826      4.826       3.69       3.73      1.864      4.131      4.109      7.041      2.285      7.041       4.25      3.792      1.787      7.291      4.264      6.985      0.461      6.985       4.25      3.778       1.13       1.13       1.13          0          0          0 
     6.153      2.875      4.169      5.209      3.088      2.244      6.205       4.05      5.732      7.492      7.447     17.463      5.636      5.636      4.169      3.366          0      6.575      4.493      5.138      5.505      2.222      6.687      6.334      6.288      7.193      6.941      3.704      5.665      5.665      4.493      7.095       5.23      7.496      5.561      7.002       1.08      7.002      3.526      5.789      5.064      6.568      4.874      6.947      3.616      6.947      3.526       5.67      2.587      2.587      2.587          0          0          0 
     1.686        3.7      2.406      1.366      3.487      4.331       0.37        2.7      4.247       0.97      1.082     20.631      0.939      0.939      2.406      3.894      6.575          0      2.082      1.437      2.666      4.353      0.199      0.469      0.309      0.758      1.033      3.345      0.932      0.932      2.082       0.52      2.118      0.921      1.014      3.147      5.495      3.147      3.663      0.786      2.108      3.397      1.701      3.091      3.434      3.091      3.663      0.905      5.024      5.024      5.024          0          0          0 
     1.659      1.618      0.324      0.716      1.405      3.723      1.712      1.084      2.765      2.999      2.953     20.428      1.143      1.143      0.324       3.69      4.493      2.082          0      0.645      2.538      3.745      2.193      1.841      1.795        2.7      2.448       3.14      1.172      1.172          0      2.602      1.913      3.003      1.068      3.351      3.413      3.351      1.581      1.296      1.903      3.602      0.574      3.296      3.229      3.296      1.581      1.177       4.82       4.82       4.82          0          0          0 
     1.969      2.264      0.969      0.106       2.05       4.21      1.067      1.263       2.81      2.354      2.308     20.915      0.656      0.656      0.969      4.177      5.138      1.437      0.645          0      2.051      4.232      1.548      1.196       1.15      2.055      1.803      3.628       0.65       0.65      0.645      1.957        2.4      2.358      0.423      2.864      4.058      2.864      2.226      0.651       2.39      3.115      0.264      2.809      3.716      2.809      2.226      0.532      5.307      5.307      5.307          0          0          0 
      4.02      3.806      2.547      1.945      2.821      6.261      2.296      1.454      1.581      3.583      3.538     22.968      1.728      1.728      2.547      6.228      5.505      2.666      2.538      2.051          0      6.284      2.778      2.803      2.379      3.284      3.032      5.679      1.757      1.757      2.538      3.186      4.451      3.587      2.119      3.094      4.565      3.094      1.979      2.435      4.441      2.555      1.964      3.038      5.768      3.038      1.979      2.449      7.358      7.358      7.358          0          0          0 
      3.93      2.478      3.737      4.339      3.463      0.022      4.053      4.829       6.51       5.27      5.225     16.682      4.888      4.888      3.737      1.143      2.222      4.353      3.745      4.232      6.284          0      4.465      4.112      4.259      4.971      4.982      1.482      4.882      4.882      3.745      4.873      3.008      5.274      4.164      7.097      1.719      7.097      4.305      3.848      2.842      7.347      4.319      7.041      1.393      7.041      4.305      3.834      1.075      1.075      1.075          0          0          0 
     1.885      3.812      2.518      1.477      3.599      4.443      0.482      2.811      4.359      0.806      0.883      20.83       1.05       1.05      2.518      4.093      6.687      0.199      2.193      1.548      2.778      4.465          0      0.668      0.399      0.559      0.833      3.544      1.021      1.021      2.193      0.697      2.317      0.809      1.125      2.947      5.606      2.947      3.774      0.898      2.307      3.198      1.813      2.892      3.633      2.892      3.774      1.017      5.224      5.224      5.224          0          0          0 
     1.217      3.459      2.165      1.124      3.246       4.09      0.573      2.459      4.006      1.439      1.551     20.162      1.408      1.408      2.165      3.425      6.334      0.469      1.841      1.196      2.803      4.112      0.668          0      0.779      1.228      1.502      2.876      1.401      1.401      1.841      0.761      1.648      1.162      0.772      3.616      5.254      3.616      3.422      0.545      1.638      3.866       1.46       3.56      2.964       3.56      3.422      0.664      4.555      4.555      4.555          0          0          0 
     1.995      3.413      2.119      1.078        3.2      4.237      0.206      2.413       3.96      1.204      1.159     20.941      0.651      0.651      2.119      4.204      6.288      0.309      1.795       1.15      2.379      4.259      0.399      0.779          0      0.905      0.723      3.654      0.623      0.623      1.795      0.807      2.427      1.208      0.726      2.837      5.208      2.837      3.376      0.499      2.417      3.088      1.414      2.782      3.743      2.782      3.376      0.618      5.334      5.334      5.334          0          0          0 
     2.444      4.318      3.024      1.984      4.105      4.949      0.988      3.318      4.865      0.299      0.324      21.39      1.557      1.557      3.024      4.653      7.193      0.758        2.7      2.055      3.284      4.971      0.559      1.228      0.905          0      0.274      4.103      1.528      1.528        2.7      1.256      2.876      1.013      1.632      2.388      6.113      2.388      4.281      1.404      2.866      2.639      2.319      2.333      4.192      2.333      4.281      1.523      5.783      5.783      5.783          0          0          0 
     2.719      4.066      2.772      1.732      3.853       4.96      0.929      3.066      4.613      0.551      0.506     21.664      1.305      1.305      2.772      4.927      6.941      1.033      2.448      1.803      3.032      4.982      0.833      1.502      0.723      0.274          0      4.378      1.276      1.276      2.448       1.53       3.15      1.287       1.38      2.114      5.861      2.114      4.029      1.152       3.14      2.364      2.067      2.058      4.466      2.058      4.029      1.271      6.057      6.057      6.057          0          0          0 
     2.448      1.873      3.132      3.734      2.858       1.46      3.449      4.225      5.906      4.315      4.427     17.286      4.284      4.284      3.132      0.549      3.704      3.345       3.14      3.628      5.679      1.482      3.544      2.876      3.654      4.103      4.378          0      4.277      4.277       3.14      3.391      1.526      3.792      3.559      6.492      2.624      6.492        3.7      3.243       1.36      6.742      3.714      6.436      0.089      6.436        3.7      3.229      1.679      1.679      1.679          0          0          0 
     2.618       2.79      1.496      0.543      2.577       4.86      0.828       1.79      3.337      1.827      1.781     21.564      0.029      0.029      1.496      4.826      5.665      0.932      1.172       0.65      1.757      4.882      1.021      1.401      0.623      1.528      1.276      4.277          0          0      1.172       1.43       3.05      1.831      0.718      2.215      4.585      2.215      2.753      1.034       3.04      2.465      0.791      2.159      4.366      2.159      2.753      1.048      5.957      5.957      5.957          0          0          0 
     2.618       2.79      1.496      0.543      2.577       4.86      0.828       1.79      3.337      1.827      1.781     21.564      0.029      0.029      1.496      4.826      5.665      0.932      1.172       0.65      1.757      4.882      1.021      1.401      0.623      1.528      1.276      4.277          0          0      1.172       1.43       3.05      1.831      0.718      2.215      4.585      2.215      2.753      1.034       3.04      2.465      0.791      2.159      4.366      2.159      2.753      1.048      5.957      5.957      5.957          0          0          0 
     1.659      1.618      0.324      0.716      1.405      3.723      1.712      1.084      2.765      2.999      2.953     20.428      1.143      1.143      0.324       3.69      4.493      2.082          0      0.645      2.538      3.745      2.193      1.841      1.795        2.7      2.448       3.14      1.172      1.172          0      2.602      1.913      3.003      1.068      3.351      3.413      3.351      1.581      1.296      1.903      3.602      0.574      3.296      3.229      3.296      1.581      1.177       4.82       4.82       4.82          0          0          0 
     1.188       4.22      2.926      1.885      4.007      4.851       0.89       3.22      4.767      1.467       1.58     20.133      1.458      1.458      2.926       3.73      7.095       0.52      2.602      1.957      3.186      4.873      0.697      0.761      0.807      1.256       1.53      3.391       1.43       1.43      2.602          0      1.866      0.401      1.534      3.644      6.015      3.644      4.183      1.306      2.031      3.895      2.221      3.589       3.48      3.589      4.183      1.425      4.526      4.526      4.526          0          0          0 
     0.923      2.355      1.904      2.506      2.142      2.986      2.221      2.997      4.678      3.087        3.2     18.513      3.056      3.056      1.904      1.864       5.23      2.118      1.913        2.4      4.451      3.008      2.317      1.648      2.427      2.876       3.15      1.526       3.05       3.05      1.913      1.866          0      2.266      2.332      5.264      4.149      5.264      2.473      2.016      0.165      5.515      2.487      5.209      1.614      5.209      2.473      2.002      2.907      2.907      2.907          0          0          0 
     1.431      4.621      3.327      2.286      4.408      5.252      1.291       3.62      5.168      1.224      1.337     20.376      1.859      1.859      3.327      4.131      7.496      0.921      3.003      2.358      3.587      5.274      0.809      1.162      1.208      1.013      1.287      3.792      1.831      1.831      3.003      0.401      2.266          0      1.934      3.401      6.416      3.401      4.584      1.707      2.432      3.652      2.622      3.346      3.881      3.346      4.584      1.826       4.91       4.91       4.91          0          0          0 
     1.901      2.687      1.393      0.352      2.473      4.142      0.644      1.686      3.234      1.931      1.885     20.846      0.724      0.724      1.393      4.109      5.561      1.014      1.068      0.423      2.119      4.164      1.125      0.772      0.726      1.632       1.38      3.559      0.718      0.718      1.068      1.534      2.332      1.934          0      2.932      4.481      2.932      2.649      0.316      2.322      3.183      0.687      2.877      3.648      2.877      2.649       0.33      5.239      5.239      5.239          0          0          0 
     4.833      4.619       3.36      2.758      3.914      7.074      3.043      3.127      4.674      2.177      2.064     23.779      2.208      2.208       3.36      7.041      7.002      3.147      3.351      2.864      3.094      7.097      2.947      3.616      2.837      2.388      2.114      6.492      2.215      2.215      3.351      3.644      5.264      3.401      2.932          0      5.922          0       4.09      3.249      5.254      0.539      2.778      0.056       6.58      0.056       4.09      3.263      8.171      8.171      8.171          0          0          0 
     5.072      1.794      3.088      4.129      2.008      1.697      5.125      3.111      4.792      6.412      6.366     18.402      4.556      4.556      3.088      2.285       1.08      5.495      3.413      4.058      4.565      1.719      5.606      5.254      5.208      6.113      5.861      2.624      4.585      4.585      3.413      6.015      4.149      6.416      4.481      5.922          0      5.922      2.586      4.709      3.984      5.628      3.793      5.866      2.535      5.866      2.586      4.589      2.794      2.794      2.794          0          0          0 
     4.833      4.619       3.36      2.758      3.914      7.074      3.043      3.127      4.674      2.177      2.064     23.779      2.208      2.208       3.36      7.041      7.002      3.147      3.351      2.864      3.094      7.097      2.947      3.616      2.837      2.388      2.114      6.492      2.215      2.215      3.351      3.644      5.264      3.401      2.932          0      5.922          0       4.09      3.249      5.254      0.539      2.778      0.056       6.58      0.056       4.09      3.263      8.171      8.171      8.171          0          0          0 
      3.24      1.827      1.257      2.297      0.842      4.283      3.293      0.963      2.205       4.58      4.534     20.989      2.724      2.724      1.257       4.25      3.526      3.663      1.581      2.226      1.979      4.305      3.774      3.422      3.376      4.281      4.029        3.7      2.753      2.753      1.581      4.183      2.473      4.584      2.649       4.09      2.586       4.09          0      2.877      2.463      3.551      1.962      4.035      3.789      4.035          0      2.758       5.38       5.38       5.38          0          0          0 
     1.584      2.914       1.62       0.58      2.701      3.826      0.416      1.914      3.461      1.703      1.658      20.53       1.04       1.04       1.62      3.792      5.789      0.786      1.296      0.651      2.435      3.848      0.898      0.545      0.499      1.404      1.152      3.243      1.034      1.034      1.296      1.306      2.016      1.707      0.316      3.249      4.709      3.249      2.877          0      2.006      3.499      0.915      3.193      3.332      3.193      2.877      0.119      4.922      4.922      4.922          0          0          0 
     1.088       2.19      1.894      2.496      1.976       2.82      2.211      2.987      4.668      3.077       3.19     18.523      3.046      3.046      1.894      1.787      5.064      2.108      1.903       2.39      4.441      2.842      2.307      1.638      2.417      2.866       3.14       1.36       3.04       3.04      1.903      2.031      0.165      2.432      2.322      5.254      3.984      5.254      2.463      2.006          0      5.505      2.477      5.199      1.449      5.199      2.463      1.992      2.917      2.917      2.917          0          0          0 
     5.083      4.869       3.61      3.008      3.884      7.325      3.293      2.588      4.135      2.427      2.315      24.03      2.458      2.458       3.61      7.291      6.568      3.397      3.602      3.115      2.555      7.347      3.198      3.866      3.088      2.639      2.364      6.742      2.465      2.465      3.602      3.895      5.515      3.652      3.183      0.539      5.628      0.539      3.551      3.499      5.505          0      3.028      0.483      6.831      0.483      3.551      3.513      8.422      8.422      8.422          0          0          0 
     2.055      1.999      0.705      0.336      1.786      4.297      1.331      0.999      2.546      2.618      2.573     21.001      0.762      0.762      0.705      4.264      4.874      1.701      0.574      0.264      1.964      4.319      1.813       1.46      1.414      2.319      2.067      3.714      0.791      0.791      0.574      2.221      2.487      2.622      0.687      2.778      3.793      2.778      1.962      0.915      2.477      3.028          0      2.722      3.803      2.722      1.962      0.796      5.394      5.394      5.394          0          0          0 
     4.777      4.564      3.305      2.702      3.859      7.019      2.987      3.072      4.619      2.121      2.009     23.724      2.153      2.153      3.305      6.985      6.947      3.091      3.296      2.809      3.038      7.041      2.892       3.56      2.782      2.333      2.058      6.436      2.159      2.159      3.296      3.589      5.209      3.346      2.877      0.056      5.866      0.056      4.035      3.193      5.199      0.483      2.722          0      6.525          0      4.035      3.207      8.116      8.116      8.116          0          0          0 
     2.537      1.962      3.221      3.823      2.947      1.371      3.537      4.313      5.994      4.403      4.516     17.197      4.372      4.372      3.221      0.461      3.616      3.434      3.229      3.716      5.768      1.393      3.633      2.964      3.743      4.192      4.466      0.089      4.366      4.366      3.229       3.48      1.614      3.881      3.648       6.58      2.535       6.58      3.789      3.332      1.449      6.831      3.803      6.525          0      6.525      3.789      3.318      1.591      1.591      1.591          0          0          0 
     4.777      4.564      3.305      2.702      3.859      7.019      2.987      3.072      4.619      2.121      2.009     23.724      2.153      2.153      3.305      6.985      6.947      3.091      3.296      2.809      3.038      7.041      2.892       3.56      2.782      2.333      2.058      6.436      2.159      2.159      3.296      3.589      5.209      3.346      2.877      0.056      5.866      0.056      4.035      3.193      5.199      0.483      2.722          0      6.525          0      4.035      3.207      8.116      8.116      8.116          0          0          0 
      3.24      1.827      1.257      2.297      0.842      4.283      3.293      0.963      2.205       4.58      4.534     20.989      2.724      2.724      1.257       4.25      3.526      3.663      1.581      2.226      1.979      4.305      3.774      3.422      3.376      4.281      4.029        3.7      2.753      2.753      1.581      4.183      2.473      4.584      2.649       4.09      2.586       4.09          0      2.877      2.463      3.551      1.962      4.035      3.789      4.035          0      2.758       5.38       5.38       5.38          0          0          0 
      1.57      2.795      1.501      0.505      2.582      3.812      0.535      1.794      3.342      1.823      1.777     20.516      1.054      1.054      1.501      3.778       5.67      0.905      1.177      0.532      2.449      3.834      1.017      0.664      0.618      1.523      1.271      3.229      1.048      1.048      1.177      1.425      2.002      1.826       0.33      3.263      4.589      3.263      2.758      0.119      1.992      3.513      0.796      3.207      3.318      3.207      2.758          0      4.909      4.909      4.909          0          0          0 
     3.566      3.553      4.811      5.413      4.538      1.097      5.128      5.904      7.585      5.994      6.106     15.606      5.963      5.963      4.811       1.13      2.587      5.024       4.82      5.307      7.358      1.075      5.224      4.555      5.334      5.783      6.057      1.679      5.957      5.957       4.82      4.526      2.907       4.91      5.239      8.171      2.794      8.171       5.38      4.922      2.917      8.422      5.394      8.116      1.591      8.116       5.38      4.909          0          0          0          0          0          0 
     3.566      3.553      4.811      5.413      4.538      1.097      5.128      5.904      7.585      5.994      6.106     15.606      5.963      5.963      4.811       1.13      2.587      5.024       4.82      5.307      7.358      1.075      5.224      4.555      5.334      5.783      6.057      1.679      5.957      5.957       4.82      4.526      2.907       4.91      5.239      8.171      2.794      8.171       5.38      4.922      2.917      8.422      5.394      8.116      1.591      8.116       5.38      4.909          0          0          0          0          0          0 
     3.566      3.553      4.811      5.413      4.538      1.097      5.128      5.904      7.585      5.994      6.106     15.606      5.963      5.963      4.811       1.13      2.587      5.024       4.82      5.307      7.358      1.075      5.224      4.555      5.334      5.783      6.057      1.679      5.957      5.957       4.82      4.526      2.907       4.91      5.239      8.171      2.794      8.171       5.38      4.922      2.917      8.422      5.394      8.116      1.591      8.116       5.38      4.909          0          0          0          0          0          0 
         0          0          0          0          0          0          0          0          0          0          0          0          0          0          0          0          0          0          0          0          0          0          0          0          0          0          0          0          0          0          0          0          0          0          0          0          0          0          0          0          0          0          0          0          0          0          0          0          0          0          0          0          0          0 
         0          0          0          0          0          0          0          0          0          0          0          0          0          0          0          0          0          0          0          0          0          0          0          0          0          0          0          0          0          0          0          0          0          0          0          0          0          0          0          0          0          0          0          0          0          0          0          0          0          0          0          0          0          0 
         0          0          0          0          0          0          0          0          0          0          0          0          0          0          0          0          0          0          0          0          0          0          0          0          0          0          0          0          0          0          0          0          0          0          0          0          0          0          0          0          0          0          0          0          0          0          0          0          0          0          0          0          0          0 
Version identifier: 22.1.1.0 | 2022-11-28 | 9160aff4d
CPXPARAM_Threads                                 1
CPXPARAM_TimeLimit                               7200
Tried aggregator 2 times.
MIP Presolve eliminated 1585 rows and 3872 columns.
MIP Presolve modified 1385 coefficients.
Aggregator did 22 substitutions.
Reduced MIP has 314 rows, 807 columns, and 2600 nonzeros.
Reduced MIP has 793 binaries, 0 generals, 0 SOSs, and 0 indicators.
Presolve time = 0.01 sec. (9.56 ticks)
Found incumbent of value 47.232860 after 0.01 sec. (13.72 ticks)
Probing time = 0.00 sec. (2.66 ticks)
Tried aggregator 1 time.
Detecting symmetries...
Reduced MIP has 314 rows, 807 columns, and 2600 nonzeros.
Reduced MIP has 793 binaries, 0 generals, 0 SOSs, and 0 indicators.
Presolve time = 0.00 sec. (1.85 ticks)
Probing time = 0.00 sec. (2.64 ticks)
Clique table members: 1838.
MIP emphasis: balance optimality and feasibility.
MIP search method: dynamic search.
Parallel mode: none, using 1 thread.
Root relaxation solution time = 0.00 sec. (2.09 ticks)

        Nodes                                         Cuts/
   Node  Left     Objective  IInf  Best Integer    Best Bound    ItCnt     Gap

*     0+    0                           47.2329       74.2767            57.26%
*     0     0      integral     0       53.0151       53.0151      182    0.00%
Elapsed time = 0.03 sec. (25.47 ticks, tree = 0.00 MB, solutions = 2)

Root node processing (before b&c):
  Real time             =    0.03 sec. (25.64 ticks)
Sequential b&c:
  Real time             =    0.00 sec. (0.00 ticks)
                          ------------
Total (root+branch&cut) =    0.03 sec. (25.64 ticks)

Sol status: Optimal
 Total Time: 0.02
 LB: 53.0151
 UB: 53.0151
Initializing solStats

Obj Val: 53.01506

Solve Time: 0.02
b(0): 12.7333333333333
b(1): 9.9
b(2): 15.9
b(3): 15.3
b(4): 12.0833333333333
b(5): 11.6666666666667
b(6): 10.75
b(7): 12.25
b(8): 16.35
b(9): 10.35
b(10): 15.2833333333333
b(11): 11.6
b(12): 11.0166666666667
b(13): 11.0166666666667
b(14): 15.9
b(15): 14.5833333333333
b(16): 12.9667399106048
b(17): 10.0735772797938
b(18): 15.9912357762126
b(19): 15.3859187004481
b(20): 12.2354715782788
b(21): 11.7505365856276
b(22): 10.845089436629
b(23): 12.3933089723458
b(24): 16.6965854129685
b(25): 10.4406260198176
b(26): 15.3790081361015
b(27): 12.2324149426414
b(28): 11.1007073174182
b(29): 11.1007073174182
b(30): 15.9912357762126
b(31): 14.7576423208011
b(32): 15.5833333333333
b(33): 12.15
b(34): 12.1666666666667
b(35): 11.4
b(36): 9.15
b(37): 12.6666666666667
b(38): 13.3833333333333
b(39): 9.63333333333333
b(40): 16.7666666666667
b(41): 13.25
b(42): 13.2666666666667
b(43): 12.55
b(44): 10.25
b(45): 13.7666666666667
b(46): 14.4833333333333
b(47): 10.8
b(48): 9
b(49): 9
b(50): 9
b(51): 19
b(52): 19
b(53): 19


Customer profit: 95.3369
Parcel profit: 0
Costs: 42.32184
Without fixed: 42.32184

Solution: 
Vehicle 0: 48 - 11 - 27 - 15 - 31 - 10 - 26 - 14 - 30 - 8 - 24 - 51 - Total time: 7.6965854129685
Vehicle 1: 49 - 6 - 22 - 13 - 29 - 7 - 23 - 0 - 16 - 52 - Total time: 3.96673991060483
Vehicle 2: 50 - 1 - 17 - 9 - 25 - 12 - 28 - 5 - 21 - 4 - 20 - 3 - 19 - 2 - 18 - 53 - Total time: 6.99123577621257

Vehicle 0: d - D - d - D - d - D - d - D - d - D - f
Vehicle 1: d - P - d - D - d - P - d - P - f
Vehicle 2: d - P - d - D - d - D - d - P - d - P - d - P - d - P - f

************************************
Final solution value: 53.01506
************************************

Total distance: 92.004

Total passenger distance: 42.23

Total parcel distance: 0

Total combined transportation distance: 0

Total idle distance: 49.774
File exists: 1
partial: 
CSV file 'TreatResults/FullResults/fip1ADsf_dataM.csv' generated successfully!
Instance Name: sfsarp-16-8-5

K: 3
Dist Matrix: 
         0      1.784      0.817      1.785      1.784      2.537      3.269      0.853      3.197      1.413      4.416      1.948      1.523      7.512      3.382      3.269      1.059      2.046      3.234      1.817      2.046      2.488      2.221      0.853       3.86      1.116      3.564      1.939      1.279      1.234      1.083      2.221      3.941      1.939       0.95      3.235     21.476      4.199      0.978      0.121      2.864       3.01      0.959      3.549     21.498      4.216       0.76      1.159      5.958      5.958      5.958          0          0          0 
     1.784          0      1.248       3.57          0      4.216      3.305      1.755      1.518      0.494      6.095      3.732      1.981      5.833      1.753      3.305      2.843      0.528      1.954      3.601      0.528      4.167      2.546      1.755      2.076      0.791      5.243      3.723      2.958      2.358       2.49      2.546      2.157      3.196      1.624      4.914     19.797      2.414      2.657      1.733      4.543       1.67      1.633      5.228     19.819      2.431      2.544      2.099       4.28       4.28       4.28          0          0          0 
     0.817      1.248          0      2.322      1.248      3.355      2.732      0.894       2.38      0.876      5.233      2.555      1.119      6.694      2.845      2.732      1.596      1.509      2.416      2.353      1.509      3.305      1.684      0.894      3.323      0.456      4.381      2.564      2.097      1.496      1.243      1.684      3.405      2.335      0.376      4.052     20.658      3.662      1.795      0.872      3.681      2.473      0.385      4.366     20.681      3.679      1.296      0.852      5.141      5.141      5.141          0          0          0 
     1.785       3.57      2.322          0       3.57      3.945      5.054      2.639       2.14      3.198      5.823      3.145      3.308      6.103      5.167      5.054      0.726      3.831      1.826      1.523      3.831      3.895      4.006      2.639      5.645      2.778      4.971      3.154      2.687      3.019      1.079      4.006      5.727      3.724      1.945      4.642     20.066      5.984      2.386      1.906      4.271      4.795      1.937      4.956     20.088      6.001      1.026       1.47      4.796      4.796      4.796          0          0          0 
     1.784          0      1.248       3.57          0      4.216      3.305      1.755      1.518      0.494      6.095      3.732      1.981      5.833      1.753      3.305      2.843      0.528      1.954      3.601      0.528      4.167      2.546      1.755      2.076      0.791      5.243      3.723      2.958      2.358       2.49      2.546      2.157      3.196      1.624      4.914     19.797      2.414      2.657      1.733      4.543       1.67      1.633      5.228     19.819      2.431      2.544      2.099       4.28       4.28       4.28          0          0          0 
     2.537      4.216      3.355      3.945      4.216          0      4.017      2.461      5.735      3.722      2.367        1.2      2.271     10.049       4.13      4.017      3.285      3.689      5.771      2.422      3.689      0.172      2.969      2.461      4.608      3.653      2.447      1.191      1.539      1.982      3.621      2.969      6.233      2.687      3.487      1.408     24.014      4.999      1.559      2.483      1.481      3.758      3.496      1.655     24.036      4.963      3.164      3.696      8.496      8.496      8.496          0          0          0 
     3.269      3.305      2.732      5.054      3.305      4.017          0      2.415      4.824      2.811       2.79      5.216      1.746      9.139      1.552          0      4.328      2.777       4.86      5.085      2.777      3.844      1.048      2.415      2.117      2.742      1.938      5.208      2.478      2.035      3.975      1.048      5.322       1.33      3.109      2.609     23.105      4.088      3.001      3.148      2.536      1.636      3.117      2.362     23.127      3.982      4.028      3.584      7.585      7.585      7.585          0          0          0 
     0.853      1.755      0.894      2.639      1.755      2.461      2.415          0      3.274      1.261       4.34      2.801      0.669      7.588      2.529      2.415      1.912      1.227       3.31       2.67      1.227      2.411      1.368          0      3.007      1.192      3.487      2.792      1.203      0.602      1.559      1.368      3.772      1.441      1.026      3.158     21.553      3.345      0.902      0.732      2.787      2.156      1.035      3.472     21.575      3.362      1.613      1.235      6.035      6.035      6.035          0          0          0 
     3.197      1.518       2.38       2.14      1.518      5.735      4.824      3.274          0      2.013      7.613      4.934      3.499      4.314      3.272      4.824      2.449      2.046      0.525      3.312      2.046      5.685      4.064      3.274      3.506      2.081      6.761      4.943      4.477      3.876      2.114      4.064      3.587      4.715      2.247      6.432     18.277      3.844      4.175      3.252      6.061      3.188      2.239      6.746     18.299      3.861      2.571      2.038      2.761      2.761      2.761          0          0          0 
     1.413      0.494      0.876      3.198      0.494      3.722      2.811      1.261      2.013          0      5.601      3.361      1.487      6.327      1.969      2.811      2.472      0.633      2.049      3.229      0.633      3.673      2.052      1.261      2.447       0.42      4.749      3.352      2.464      1.863      2.119      2.052      2.528      2.702      1.253       4.42     20.291      2.786      2.163      1.292      4.048      1.597      1.261      4.734     20.314      2.803      2.172      1.728      4.774      4.774      4.774          0          0          0 
     4.416      6.095      5.233      5.823      6.095      2.367       2.79       4.34      7.613      5.601          0      3.566      4.114     11.928      4.342       2.79      5.164      5.567       7.65      4.301      5.567      2.194      3.549       4.34      4.908      5.532      0.852      3.557      3.137      3.737      5.499      3.549      8.112      2.899      5.366      1.181     25.895      6.878      3.438      4.361      1.552      4.426      5.374      0.867     25.917      6.772      5.042      5.574     10.375     10.375     10.375          0          0          0 
     1.948      3.732      2.555      3.145      3.732        1.2      5.216      2.801      4.934      3.361      3.566          0      3.471      9.249       5.33      5.216      2.485      3.994      4.971      1.622      3.994      1.372      4.169      2.801      5.808      2.941      3.647      0.009      2.739      3.181      2.821      4.169      5.889      3.887      2.687      2.607     23.213      6.146      2.215      2.069       2.68      4.957      2.696      2.855     23.235      6.163      2.364      2.896      7.696      7.696      7.696          0          0          0 
     1.523      1.981      1.119      3.308      1.981      2.271      1.746      0.669      3.499      1.487      4.114      3.471          0      7.814      1.859      1.746      2.582      1.453      3.536      3.339      1.453      2.186      0.698      0.669      2.337      1.418      3.262      3.462      0.978      0.377      2.229      0.698      3.998      1.215      1.363      2.933     21.779      2.763      1.255      1.402      2.562      1.487      1.371      3.247     21.801      2.693      2.282      1.838      6.261      6.261      6.261          0          0          0 
     7.512      5.833      6.694      6.103      5.833     10.049      9.139      7.588      4.314      6.327     11.928      9.249      7.814          0      7.587      9.139      6.763      6.361      4.278      7.626      6.361         10      8.379      7.588      7.021      6.396     11.076      9.258      8.791      8.191      6.428      8.379      3.817       9.03      6.562     10.747     13.963      5.051       8.49      7.566     10.376      7.503      6.553     11.061     13.985      5.157      6.885      6.353      1.553      1.553      1.553          0          0          0 
     3.382      1.753      2.845      5.167      1.753       4.13      1.552      2.529      3.272      1.969      4.342       5.33      1.859      7.587          0      1.552      4.441      1.336      3.552      5.199      1.336      3.958      1.161      2.529      0.566      2.389       3.49      5.321      2.591      2.148      4.088      1.161       3.77      1.443      3.222      3.161     21.552      2.536      3.114      3.261       2.79      0.372      3.231      3.475     21.575       2.43      4.142      3.697      6.033      6.033      6.033          0          0          0 
     3.269      3.305      2.732      5.054      3.305      4.017          0      2.415      4.824      2.811       2.79      5.216      1.746      9.139      1.552          0      4.328      2.777       4.86      5.085      2.777      3.844      1.048      2.415      2.117      2.742      1.938      5.208      2.478      2.035      3.975      1.048      5.322       1.33      3.109      2.609     23.105      4.088      3.001      3.148      2.536      1.636      3.117      2.362     23.127      3.982      4.028      3.584      7.585      7.585      7.585          0          0          0 
     1.059      2.843      1.596      0.726      2.843      3.285      4.328      1.912      2.449      2.472      5.164      2.485      2.582      6.763      4.441      4.328          0      3.105      2.485      0.863      3.105      3.236       3.28      1.912      4.919      2.052      4.312      2.494      2.027      2.293      0.353       3.28          5      2.998      1.219      3.983     20.727      5.258      1.726       1.18      3.612      4.069       1.21      4.297     20.749      5.275      0.299      0.744       5.21       5.21       5.21          0          0          0 
     2.046      0.528      1.509      3.831      0.528      3.689      2.777      1.227      2.046      0.633      5.567      3.994      1.453      6.361      1.336      2.777      3.105          0      2.216      3.862          0      3.639      2.018      1.227      1.814      1.053      4.715      3.985       2.43       1.83      2.752      2.018      2.545      2.668      1.886      4.386     20.326      2.153      2.129      1.925      4.015      1.142      1.894        4.7     20.348       2.17      2.805      2.361      4.808      4.808      4.808          0          0          0 
     3.234      1.954      2.416      1.826      1.954      5.771       4.86       3.31      0.525      2.049       7.65      4.971      3.536      4.278      3.552       4.86      2.485      2.216          0      3.348      2.216      5.721      4.101       3.31       4.03      2.118      6.798       4.98      4.513      3.912       2.15      4.101      4.112      4.751      2.284      6.468      18.24      4.369      4.212      3.288      6.097      3.224      2.275      6.782     18.263      4.386      2.607      2.075      3.181      3.181      3.181          0          0          0 
     1.817      3.601      2.353      1.523      3.601      2.422      5.085       2.67      3.312      3.229      4.301      1.622      3.339      7.626      5.199      5.085      0.863      3.862      3.348          0      3.862      2.373      4.037       2.67      5.677       2.81      3.515      1.631      2.607       3.05      1.198      4.037      5.758      3.755      1.977       3.12      21.59      6.015      2.084      1.938      2.749      4.826      1.968      3.434     21.612      6.032      1.057      1.502      6.073      6.073      6.073          0          0          0 
     2.046      0.528      1.509      3.831      0.528      3.689      2.777      1.227      2.046      0.633      5.567      3.994      1.453      6.361      1.336      2.777      3.105          0      2.216      3.862          0      3.639      2.018      1.227      1.814      1.053      4.715      3.985       2.43       1.83      2.752      2.018      2.545      2.668      1.886      4.386     20.326      2.153      2.129      1.925      4.015      1.142      1.894        4.7     20.348       2.17      2.805      2.361      4.808      4.808      4.808          0          0          0 
     2.488      4.167      3.305      3.895      4.167      0.172      3.844      2.411      5.685      3.673      2.194      1.372      2.186         10      3.958      3.844      3.236      3.639      5.721      2.373      3.639          0      2.797      2.411      4.435      3.604      2.275      1.363      1.367      1.809      3.571      2.797      6.184      2.515      3.438      1.235     23.965       4.95       1.51      2.433      1.308      3.585      3.446      1.483     23.987      4.844      3.114      3.646      8.446      8.446      8.446          0          0          0 
     2.221      2.546      1.684      4.006      2.546      2.969      1.048      1.368      4.064      2.052      3.549      4.169      0.698      8.379      1.161      1.048       3.28      2.018      4.101      4.037      2.018      2.797          0      1.368      1.639      1.983      2.697       4.16       1.43      0.987      2.927          0      4.563       0.65      2.061      2.368     22.345      3.328      1.953        2.1      1.997      0.876       2.07      2.682     22.367      3.223      2.981      2.536      6.826      6.826      6.826          0          0          0 
     0.853      1.755      0.894      2.639      1.755      2.461      2.415          0      3.274      1.261       4.34      2.801      0.669      7.588      2.529      2.415      1.912      1.227       3.31       2.67      1.227      2.411      1.368          0      3.007      1.192      3.487      2.792      1.203      0.602      1.559      1.368      3.772      1.441      1.026      3.158     21.553      3.345      0.902      0.732      2.787      2.156      1.035      3.472     21.575      3.362      1.613      1.235      6.035      6.035      6.035          0          0          0 
      3.86      2.076      3.323      5.645      2.076      4.608      2.117      3.007      3.506      2.447      4.908      5.808      2.337      7.021      0.566      2.117      4.919      1.814       4.03      5.677      1.814      4.435      1.639      3.007          0      2.867      4.055      5.799      3.069      2.626      4.566      1.639      3.205      2.009        3.7      3.726     20.987       1.97      3.592      3.739      3.355       0.85      3.709       4.04     21.009      1.865       4.62      4.175      5.468      5.468      5.468          0          0          0 
     1.116      0.791      0.456      2.778      0.791      3.653      2.742      1.192      2.081       0.42      5.532      2.941      1.418      6.396      2.389      2.742      2.052      1.053      2.118       2.81      1.053      3.604      1.983      1.192      2.867          0       4.68      2.932      2.395      1.795      1.699      1.983      2.948      2.633      0.833      4.351      20.36      3.206      2.094       1.17       3.98      2.017      0.842      4.665     20.382      3.223      1.753      1.308      4.843      4.843      4.843          0          0          0 
     3.564      5.243      4.381      4.971      5.243      2.447      1.938      3.487      6.761      4.749      0.852      3.647      3.262     11.076       3.49      1.938      4.312      4.715      6.798      3.515      4.715      2.275      2.697      3.487      4.055       4.68          0      3.638      2.285      2.885      4.647      2.697       7.26      2.047      4.514      1.039     25.043      6.026      2.586      3.509      0.966      3.574      4.522      0.792     25.065       5.92       4.19      4.722      9.523      9.523      9.523          0          0          0 
     1.939      3.723      2.564      3.154      3.723      1.191      5.208      2.792      4.943      3.352      3.557      0.009      3.462      9.258      5.321      5.208      2.494      3.985       4.98      1.631      3.985      1.363       4.16      2.792      5.799      2.932      3.638          0       2.73      3.173      2.829       4.16       5.88      3.878      2.696      2.598     23.222      6.138      2.207       2.06      2.671      4.949      2.705      2.846     23.244      6.155      2.372      2.905      7.704      7.704      7.704          0          0          0 
     1.279      2.958      2.097      2.687      2.958      1.539      2.478      1.203      4.477      2.464      3.137      2.739      0.978      8.791      2.591      2.478      2.027       2.43      4.513      2.607       2.43      1.367       1.43      1.203      3.069      2.395      2.285       2.73          0      0.601      2.363       1.43      4.975      1.148      2.229      1.956     22.756      3.741      0.523      1.225      1.584      2.219      2.238       2.27     22.779      3.635      1.906      2.438      7.238      7.238      7.238          0          0          0 
     1.234      2.358      1.496      3.019      2.358      1.982      2.035      0.602      3.876      1.863      3.737      3.181      0.377      8.191      2.148      2.035      2.293       1.83      3.912       3.05       1.83      1.809      0.987      0.602      2.626      1.795      2.885      3.173      0.601          0       1.94      0.987      4.374      0.839      1.628      2.556     22.156       3.14      0.966      1.113      2.185      1.776      1.637       2.87     22.178      3.034      1.993      1.837      6.637      6.637      6.637          0          0          0 
     1.083       2.49      1.243      1.079       2.49      3.621      3.975      1.559      2.114      2.119      5.499      2.821      2.229      6.428      4.088      3.975      0.353      2.752       2.15      1.198      2.752      3.571      2.927      1.559      4.566      1.699      4.647      2.829      2.363       1.94          0      2.927      4.647      2.645      0.866      4.318     20.391      4.905      2.061      1.138      3.947      3.716      0.858      4.632     20.414      4.922      0.457      0.391      4.875      4.875      4.875          0          0          0 
     2.221      2.546      1.684      4.006      2.546      2.969      1.048      1.368      4.064      2.052      3.549      4.169      0.698      8.379      1.161      1.048       3.28      2.018      4.101      4.037      2.018      2.797          0      1.368      1.639      1.983      2.697       4.16       1.43      0.987      2.927          0      4.563       0.65      2.061      2.368     22.345      3.328      1.953        2.1      1.997      0.876       2.07      2.682     22.367      3.223      2.981      2.536      6.826      6.826      6.826          0          0          0 
     3.941      2.157      3.405      5.727      2.157      6.233      5.322      3.772      3.587      2.528      8.112      5.889      3.998      3.817       3.77      5.322          5      2.545      4.112      5.758      2.545      6.184      4.563      3.772      3.205      2.948       7.26       5.88      4.975      4.374      4.647      4.563          0      5.213      3.781      6.931     17.781      1.234      4.674       3.82       6.56      3.686       3.79      7.245     17.803       1.34      4.701      4.256      2.263      2.263      2.263          0          0          0 
     1.939      3.196      2.335      3.724      3.196      2.687       1.33      1.441      4.715      2.702      2.899      3.887      1.215       9.03      1.443       1.33      2.998      2.668      4.751      3.755      2.668      2.515       0.65      1.441      2.009      2.633      2.047      3.878      1.148      0.839      2.645       0.65      5.213          0      2.467      1.718     22.995      3.979      1.671      1.818      1.347      1.527      2.476      2.032     23.017      3.873      2.699      2.676      7.476      7.476      7.476          0          0          0 
      0.95      1.624      0.376      1.945      1.624      3.487      3.109      1.026      2.247      1.253      5.366      2.687      1.363      6.562      3.222      3.109      1.219      1.886      2.284      1.977      1.886      3.438      2.061      1.026        3.7      0.833      4.514      2.696      2.229      1.628      0.866      2.061      3.781      2.467          0      4.185     20.526      4.038      1.928      1.004      3.813       2.85      0.009      4.499     20.548      4.055       0.92      0.475      5.009      5.009      5.009          0          0          0 
     3.235      4.914      4.052      4.642      4.914      1.408      2.609      3.158      6.432       4.42      1.181      2.607      2.933     10.747      3.161      2.609      3.983      4.386      6.468       3.12      4.386      1.235      2.368      3.158      3.726      4.351      1.039      2.598      1.956      2.556      4.318      2.368      6.931      1.718      4.185          0     24.713      5.697      2.257       3.18      0.371      3.245      4.193      0.314     24.735      5.591      3.861      4.393      9.194      9.194      9.194          0          0          0 
    21.476     19.797     20.658     20.066     19.797     24.014     23.105     21.553     18.277     20.291     25.895     23.213     21.779     13.963     21.552     23.105     20.727     20.326      18.24      21.59     20.326     23.965     22.345     21.553     20.987      20.36     25.043     23.222     22.756     22.156     20.391     22.345     17.781     22.995     20.526     24.713          0     19.016     22.455      21.53     24.342     21.468     20.517     25.027      0.022     19.122     20.849     20.316     15.516     15.516     15.516          0          0          0 
     4.199      2.414      3.662      5.984      2.414      4.999      4.088      3.345      3.844      2.786      6.878      6.146      2.763      5.051      2.536      4.088      5.258      2.153      4.369      6.015      2.153       4.95      3.328      3.345       1.97      3.206      6.026      6.138      3.741       3.14      4.905      3.328      1.234      3.979      4.038      5.697     19.016          0      3.931      4.078      5.326      2.452      4.047      6.011     19.038      0.106      4.958      4.514      3.498      3.498      3.498          0          0          0 
     0.978      2.657      1.795      2.386      2.657      1.559      3.001      0.902      4.175      2.163      3.438      2.215      1.255       8.49      3.114      3.001      1.726      2.129      4.212      2.084      2.129       1.51      1.953      0.902      3.592      2.094      2.586      2.207      0.523      0.966      2.061      1.953      4.674      1.671      1.928      2.257     22.455      3.931          0      0.924      1.886      2.742      1.937      2.571     22.477      3.948      1.604      2.137      6.937      6.937      6.937          0          0          0 
     0.121      1.733      0.872      1.906      1.733      2.483      3.148      0.732      3.252      1.292      4.361      2.069      1.402      7.566      3.261      3.148       1.18      1.925      3.288      1.938      1.925      2.433        2.1      0.732      3.739       1.17      3.509       2.06      1.225      1.113      1.138        2.1       3.82      1.818      1.004       3.18      21.53      4.078      0.924          0      2.809      2.889      1.013      3.494     21.553      4.095      0.881      1.213      6.013      6.013      6.013          0          0          0 
     2.864      4.543      3.681      4.271      4.543      1.481      2.536      2.787      6.061      4.048      1.552       2.68      2.562     10.376       2.79      2.536      3.612      4.015      6.097      2.749      4.015      1.308      1.997      2.787      3.355       3.98      0.966      2.671      1.584      2.185      3.947      1.997       6.56      1.347      3.813      0.371     24.342      5.326      1.886      2.809          0      2.873      3.822      0.685     24.364       5.22       3.49      4.022      8.823      8.823      8.823          0          0          0 
      3.01       1.67      2.473      4.795       1.67      3.758      1.636      2.156      3.188      1.597      4.426      4.957      1.487      7.503      0.372      1.636      4.069      1.142      3.224      4.826      1.142      3.585      0.876      2.156       0.85      2.017      3.574      4.949      2.219      1.776      3.716      0.876      3.686      1.527       2.85      3.245     21.468      2.452      2.742      2.889      2.873          0      2.858      3.559     21.491      2.346      3.769      3.325      5.949      5.949      5.949          0          0          0 
     0.959      1.633      0.385      1.937      1.633      3.496      3.117      1.035      2.239      1.261      5.374      2.696      1.371      6.553      3.231      3.117       1.21      1.894      2.275      1.968      1.894      3.446       2.07      1.035      3.709      0.842      4.522      2.705      2.238      1.637      0.858       2.07       3.79      2.476      0.009      4.193     20.517      4.047      1.937      1.013      3.822      2.858          0      4.507     20.539      4.064      0.911      0.467          5          5          5          0          0          0 
     3.549      5.228      4.366      4.956      5.228      1.655      2.362      3.472      6.746      4.734      0.867      2.855      3.247     11.061      3.475      2.362      4.297        4.7      6.782      3.434        4.7      1.483      2.682      3.472       4.04      4.665      0.792      2.846       2.27       2.87      4.632      2.682      7.245      2.032      4.499      0.314     25.027      6.011      2.571      3.494      0.685      3.559      4.507          0     25.049      5.905      4.175      4.707      9.508      9.508      9.508          0          0          0 
    21.498     19.819     20.681     20.088     19.819     24.036     23.127     21.575     18.299     20.314     25.917     23.235     21.801     13.985     21.575     23.127     20.749     20.348     18.263     21.612     20.348     23.987     22.367     21.575     21.009     20.382     25.065     23.244     22.779     22.178     20.414     22.367     17.803     23.017     20.548     24.735      0.022     19.038     22.477     21.553     24.364     21.491     20.539     25.049          0     19.144     20.871     20.339     15.538     15.538     15.538          0          0          0 
     4.216      2.431      3.679      6.001      2.431      4.963      3.982      3.362      3.861      2.803      6.772      6.163      2.693      5.157       2.43      3.982      5.275       2.17      4.386      6.032       2.17      4.844      3.223      3.362      1.865      3.223       5.92      6.155      3.635      3.034      4.922      3.223       1.34      3.873      4.055      5.591     19.122      0.106      3.948      4.095       5.22      2.346      4.064      5.905     19.144          0      4.975      4.531      3.603      3.603      3.603          0          0          0 
      0.76      2.544      1.296      1.026      2.544      3.164      4.028      1.613      2.571      2.172      5.042      2.364      2.282      6.885      4.142      4.028      0.299      2.805      2.607      1.057      2.805      3.114      2.981      1.613       4.62      1.753       4.19      2.372      1.906      1.993      0.457      2.981      4.701      2.699       0.92      3.861     20.849      4.958      1.604      0.881       3.49      3.769      0.911      4.175     20.871      4.975          0      0.532      5.332      5.332      5.332          0          0          0 
     1.159      2.099      0.852       1.47      2.099      3.696      3.584      1.235      2.038      1.728      5.574      2.896      1.838      6.353      3.697      3.584      0.744      2.361      2.075      1.502      2.361      3.646      2.536      1.235      4.175      1.308      4.722      2.905      2.438      1.837      0.391      2.536      4.256      2.676      0.475      4.393     20.316      4.514      2.137      1.213      4.022      3.325      0.467      4.707     20.339      4.531      0.532          0        4.8        4.8        4.8          0          0          0 
     5.958       4.28      5.141      4.796       4.28      8.496      7.585      6.035      2.761      4.774     10.375      7.696      6.261      1.553      6.033      7.585       5.21      4.808      3.181      6.073      4.808      8.446      6.826      6.035      5.468      4.843      9.523      7.704      7.238      6.637      4.875      6.826      2.263      7.476      5.009      9.194     15.516      3.498      6.937      6.013      8.823      5.949          5      9.508     15.538      3.603      5.332        4.8          0          0          0          0          0          0 
     5.958       4.28      5.141      4.796       4.28      8.496      7.585      6.035      2.761      4.774     10.375      7.696      6.261      1.553      6.033      7.585       5.21      4.808      3.181      6.073      4.808      8.446      6.826      6.035      5.468      4.843      9.523      7.704      7.238      6.637      4.875      6.826      2.263      7.476      5.009      9.194     15.516      3.498      6.937      6.013      8.823      5.949          5      9.508     15.538      3.603      5.332        4.8          0          0          0          0          0          0 
     5.958       4.28      5.141      4.796       4.28      8.496      7.585      6.035      2.761      4.774     10.375      7.696      6.261      1.553      6.033      7.585       5.21      4.808      3.181      6.073      4.808      8.446      6.826      6.035      5.468      4.843      9.523      7.704      7.238      6.637      4.875      6.826      2.263      7.476      5.009      9.194     15.516      3.498      6.937      6.013      8.823      5.949          5      9.508     15.538      3.603      5.332        4.8          0          0          0          0          0          0 
         0          0          0          0          0          0          0          0          0          0          0          0          0          0          0          0          0          0          0          0          0          0          0          0          0          0          0          0          0          0          0          0          0          0          0          0          0          0          0          0          0          0          0          0          0          0          0          0          0          0          0          0          0          0 
         0          0          0          0          0          0          0          0          0          0          0          0          0          0          0          0          0          0          0          0          0          0          0          0          0          0          0          0          0          0          0          0          0          0          0          0          0          0          0          0          0          0          0          0          0          0          0          0          0          0          0          0          0          0 
         0          0          0          0          0          0          0          0          0          0          0          0          0          0          0          0          0          0          0          0          0          0          0          0          0          0          0          0          0          0          0          0          0          0          0          0          0          0          0          0          0          0          0          0          0          0          0          0          0          0          0          0          0          0 
Version identifier: 22.1.1.0 | 2022-11-28 | 9160aff4d
CPXPARAM_Threads                                 1
CPXPARAM_TimeLimit                               7200
Tried aggregator 2 times.
MIP Presolve eliminated 1585 rows and 3872 columns.
MIP Presolve modified 1380 coefficients.
Aggregator did 22 substitutions.
Reduced MIP has 320 rows, 825 columns, and 2660 nonzeros.
Reduced MIP has 811 binaries, 0 generals, 0 SOSs, and 0 indicators.
Presolve time = 0.01 sec. (9.12 ticks)
Found incumbent of value 43.165740 after 0.01 sec. (13.33 ticks)
Probing time = 0.00 sec. (2.73 ticks)
Tried aggregator 1 time.
Detecting symmetries...
MIP Presolve modified 42 coefficients.
Reduced MIP has 320 rows, 825 columns, and 2660 nonzeros.
Reduced MIP has 811 binaries, 0 generals, 0 SOSs, and 0 indicators.
Presolve time = 0.00 sec. (2.21 ticks)
Probing time = 0.00 sec. (2.70 ticks)
Clique table members: 1848.
MIP emphasis: balance optimality and feasibility.
MIP search method: dynamic search.
Parallel mode: none, using 1 thread.
Root relaxation solution time = 0.00 sec. (2.81 ticks)

        Nodes                                         Cuts/
   Node  Left     Objective  IInf  Best Integer    Best Bound    ItCnt     Gap

*     0+    0                           43.1657       65.5986            51.97%
      0     0       49.5354     3       43.1657       49.5354      231   14.76%
*     0     0      integral     0       49.5354       Cuts: 4      233    0.00%
      0     0        cutoff             49.5354       49.5354      233    0.00%
Elapsed time = 0.03 sec. (27.94 ticks, tree = 0.01 MB, solutions = 2)

Implied bound cuts applied:  1
Mixed integer rounding cuts applied:  1

Root node processing (before b&c):
  Real time             =    0.03 sec. (28.12 ticks)
Sequential b&c:
  Real time             =    0.00 sec. (0.00 ticks)
                          ------------
Total (root+branch&cut) =    0.03 sec. (28.12 ticks)

Sol status: Optimal
 Total Time: 0.03
 LB: 49.5354
 UB: 49.5354
Initializing solStats

Obj Val: 49.53536

Solve Time: 0.03
b(0): 16.55
b(1): 15.95
b(2): 13.1333333333333
b(3): 12.4333333333333
b(4): 15.95
b(5): 12.25
b(6): 11.5
b(7): 10.4
b(8): 9.48333333333333
b(9): 16.15
b(10): 11.95
b(11): 14.7833333333333
b(12): 11.0166666666667
b(13): 13.55
b(14): 15.2333333333333
b(15): 11.5
b(16): 16.8258292808923
b(17): 16.0462113883958
b(18): 13.2755935246798
b(19): 12.5538130262503
b(20): 16.0462113883958
b(21): 12.337528457331
b(22): 11.7755609880785
b(23): 10.65
b(24): 9.6521789035019
b(25): 16.2435772407694
b(26): 12.054113831275
b(27): 14.8668861789689
b(28): 11.1238536701725
b(29): 13.8496708778882
b(30): 15.4163740323776
b(31): 11.7755609880785
b(32): 15.5166666666667
b(33): 10.5333333333333
b(34): 12.75
b(35): 14.8833333333333
b(36): 11.1166666666667
b(37): 15.8666666666667
b(38): 11.85
b(39): 13.9333333333333
b(40): 16.65
b(41): 11.6333333333333
b(42): 13.85
b(43): 15.9833333333333
b(44): 12.2166666666667
b(45): 17
b(46): 12.9666666666667
b(47): 15.2333333333333
b(48): 9
b(49): 9
b(50): 9
b(51): 19
b(52): 19
b(53): 19


Customer profit: 78.99698
Parcel profit: 0
Costs: 29.46162
Without fixed: 29.46162

Solution: 
Vehicle 0: 48 - 8 - 24 - 6 - 22 - 3 - 19 - 2 - 18 - 1 - 17 - 9 - 25 - 0 - 16 - 51 - Total time: 7.82582928089233
Vehicle 1: 49 - 13 - 29 - 14 - 30 - 4 - 20 - 52 - Total time: 7.0462113883958
Vehicle 2: 50 - 7 - 23 - 12 - 28 - 15 - 31 - 10 - 26 - 5 - 21 - 11 - 27 - 53 - Total time: 5.86688617896887

Vehicle 0: d - D - d - P - d - P - d - P - d - P - d - D - d - P - f
Vehicle 1: d - D - d - D - d - P - f
Vehicle 2: d - P - d - D - d - D - d - D - d - P - d - D - f

************************************
Final solution value: 49.53536
************************************

Total distance: 64.047

Total passenger distance: 26.366

Total parcel distance: 0

Total combined transportation distance: 0

Total idle distance: 37.681
File exists: 1
partial: 
CSV file 'TreatResults/FullResults/fip1ADsf_dataM.csv' generated successfully!
Instance Name: sfsarp-20-10-1

K: 4
Dist Matrix: 
         0      7.218      7.179     16.806       8.45      7.256      8.923     27.998       16.8      3.654      7.535      6.373      7.073      6.504      6.706        7.2      8.107      5.418      5.346      9.163      0.033      7.777      7.256      7.539      8.025      6.274      8.914      2.459      8.124      6.949      8.203      5.614      5.841       6.81      8.559      7.387      8.385      5.559       5.37      8.311       6.93      8.069      7.577      6.763      8.155     16.572      8.381      7.419       6.93      3.879      8.564      8.709      7.564      5.953      7.765     16.726      8.325      7.256      8.564      4.724      3.966      3.966      3.966      3.966          0          0          0          0 
     7.218          0      2.758     21.108      2.741       1.26      2.179     20.776     21.102      3.563      0.717      3.511      0.566      0.713      2.618       1.07      0.889      4.415      1.871      4.858      7.184      0.559      1.015      2.363      2.878      0.944      2.188      4.758      5.638      0.708      0.985      2.463      1.376      0.407      1.607      1.146      1.167      4.379      1.847      4.006      1.621      5.939      1.957      0.454      0.938     20.874      2.655      0.623      1.621      8.182      1.479      6.668      2.321      1.264      0.548     21.028      2.599       1.26      1.479      2.494      5.516      5.516      5.516      5.516          0          0          0          0 
     7.179      2.758          0     18.348      5.499      1.499      4.938     20.817     18.342      3.525      2.041      4.827      2.193      2.273      0.474      1.688      2.735      1.762      3.519      7.616      7.146      2.598      1.744      0.395      5.636      2.481      4.946       4.72      6.577      2.051      1.884      4.067      3.646      2.544      1.379      1.612      2.013      1.621      3.473      6.764      1.137      6.522      0.801      2.813      2.398     18.114      5.413      2.135      1.137      6.564      1.385      7.162      0.437      3.179      2.499     18.269      5.357      1.499      1.385      2.455      3.214      3.214      3.214      3.214          0          0          0          0 
    16.806     21.108     18.348          0      23.85     19.848     23.287     38.757      0.029     18.212      20.39     23.179     20.542     20.623     18.489     20.037     21.084     16.692      21.87      25.97     16.839     20.948     20.093     18.743     23.987     20.831     23.296     18.387     24.932       20.4     20.233     22.419     21.997     20.894     19.499     19.961     20.362     16.728     21.824     25.117     19.486     24.877      19.15     21.163     20.747      0.235     23.763     20.484     19.486     12.925     19.627     25.518     18.785     21.529     20.848      0.431     23.708     19.848     19.627     19.229     15.591     15.591     15.591     15.591          0          0          0          0 
      8.45      2.741      5.499      23.85          0      4.001      0.562     19.542     23.843      5.638      3.458      4.743      3.307      3.227      5.359      3.811      2.764      7.156      3.103      3.093      8.416      2.901      3.756      5.104      0.425      3.018      0.553      5.991       6.87      3.449      3.615      3.696      2.608      2.956      4.348      3.887      3.486       7.12      3.079      3.173      4.362      7.171      4.698      2.687      3.102     23.615      0.086      3.364      4.362     10.924       4.22      7.899      5.062      2.496          3      23.77      0.142      4.001       4.22      4.621      8.258      8.258      8.258      8.258          0          0          0          0 
     7.256       1.26      1.499     19.848      4.001          0      3.439     20.739     19.841      3.602      0.542       3.55      0.694      0.774      1.358      0.189      1.236      3.156      2.021      6.117      7.223        1.1      0.245      1.104      4.137      0.983      3.448      4.797      5.677      0.552      0.947      2.569      2.147      1.045      1.302      0.131      1.128      3.119      1.974      5.265      0.362      5.978      0.698      1.314      0.899     19.613      3.914      0.636      0.362      6.923      1.307      6.706      1.062       1.68          1     19.768      3.859          0      1.307      2.532      4.257      4.257      4.257      4.257          0          0          0          0 
     8.923      2.179      4.938     23.287      0.562      3.439          0     19.069     23.281      5.269      2.897      5.216      2.745      2.665      4.797      3.249      2.202      6.594      3.576      3.566       8.89      2.339      3.194      4.543      0.898      2.649      0.009      6.464      7.344      2.887      3.054      4.169      3.081      2.394      3.786      3.326      2.924      6.558      3.552      3.647      3.801      7.644      4.136       2.16       2.54     23.053      0.542      2.802      3.801     10.362      3.658      8.373        4.5      2.969      2.438     23.208      0.597      3.439      3.658      4.199      7.696      7.696      7.696      7.696          0          0          0          0 
    27.998     20.776     20.817     38.757     19.542     20.739     19.069          0     38.786     24.342     20.459     24.287     20.922      21.49     21.291     20.795     19.887      22.58     22.647     22.635     27.965     20.217     20.739     20.457     19.967     21.721     19.078     25.538     26.414     21.046     19.792     23.239     22.152     21.184     19.437     20.608      19.61     22.439     22.623     22.715     21.065     26.714     20.419     21.231     19.839     38.681     19.611     20.575     21.065     27.386     19.431     27.442     20.432      22.04     20.229     38.326     19.666     20.739     19.431     23.272     24.033     24.033     24.033     24.033          0          0          0          0 
      16.8     21.102     18.342      0.029     23.843     19.841     23.281     38.786          0     18.206     20.384     23.173     20.536     20.616     18.483     20.031     21.078     16.685     21.864     25.963     16.833     20.941     20.086     18.737      23.98     20.825      23.29      18.38     24.925     20.394     20.226     22.413      21.99     20.887     19.493     19.955     20.355     16.721     21.818     25.111      19.48     24.871     19.143     21.156      20.74      0.228     23.757     20.478      19.48     12.919     19.621     25.511     18.779     21.523     20.842       0.46     23.701     19.841     19.621     19.222     15.584     15.584     15.584     15.584          0          0          0          0 
     3.654      3.563      3.525     18.212      5.638      3.602      5.269     24.342     18.206          0      3.881      4.965      3.419       2.85      3.051      3.546      4.453      1.763      3.658      7.755      3.621      4.123      3.602      3.885      5.775       2.62       5.26      1.195      6.716      3.294      4.549      4.206      3.784      3.156      4.904      3.733      4.731      1.905      3.612      6.903      3.276      6.661      3.922      3.109      4.501     17.978      5.552      3.765      3.276      5.286      4.909      7.301      3.909      3.317      4.111     18.132      5.496      3.602      4.909       1.07       2.62       2.62       2.62       2.62          0          0          0          0 
     7.535      0.717      2.041      20.39      3.458      0.542      2.897     20.459     20.384      3.881          0      3.829      0.462      1.031        1.9      0.353      0.694      3.698      2.189      5.575      7.502      0.557      0.297      1.646      3.595      1.262      2.905      5.076      5.956      0.587      0.668      2.781      1.694      0.725      1.023      0.429      0.849      3.662      2.165      4.723      0.904      6.257       1.24      0.772       0.62     20.156      3.372      0.116      0.904      7.465      1.028      6.985      1.604      1.582      0.458      20.31      3.317      0.542      1.028      2.812      4.799      4.799      4.799      4.799          0          0          0          0 
     6.373      3.511      4.827     23.179      4.743       3.55      5.216     24.287     23.173      4.965      3.829          0      3.366      2.798      4.686      3.494        4.4      6.484       1.64       2.79       6.34       4.07      3.549      4.432      4.318      2.567      5.208      4.792      2.127      3.242      4.496      1.048      2.135      3.104      4.852      3.681      4.678      6.448      1.664      1.938       3.69      2.428      4.025      3.057      4.449     22.945      4.674      3.712       3.69     10.252      4.857      3.157       4.39      2.247      4.059       23.1      4.619       3.55      4.857      3.948      7.585      7.585      7.585      7.585          0          0          0          0 
     7.073      0.566      2.193     20.542      3.307      0.694      2.745     20.922     20.536      3.419      0.462      3.366          0      0.569      2.052      0.505      1.034       3.85      1.726      5.424       7.04      0.704      0.449      1.798      3.443      0.799      2.754      4.614      5.494      0.142       1.13      2.319      1.453      0.351      1.485      0.581      1.312      3.813      1.702      4.572      1.056      5.794      1.391       0.62      1.082     20.308       3.22      0.346      1.056      7.617       1.49      6.523      1.756      1.119      0.692     20.462      3.165      0.694       1.49      2.349      4.951      4.951      4.951      4.951          0          0          0          0 
     6.504      0.713      2.273     20.623      3.227      0.774      2.665      21.49     20.616       2.85      1.031      2.798      0.569          0      2.133      0.696      1.602       3.93      1.246      5.343      6.471      1.273      0.751      1.878      3.363       0.23      2.673      4.045      4.925      0.444      1.699      1.794      1.373      0.306      2.054      0.883       1.88      3.894        1.2      4.491      1.136      5.226      1.472       0.54      1.651     20.388       3.14      0.915      1.136      7.697      2.059      5.954      1.836      0.906      1.261     20.543      3.085      0.774      2.059       1.78      5.031      5.031      5.031      5.031          0          0          0          0 
     6.706      2.618      0.474     18.489      5.359      1.358      4.797     21.291     18.483      3.051        1.9      4.686      2.052      2.133          0      1.548      2.595      1.797      3.379      7.476      6.672      2.458      1.603      0.833      5.495      2.341      4.806      4.246      6.436       1.91      1.743      3.927      3.505      2.404      1.853      1.471      1.872      1.761      3.333      6.624      0.997      6.382      0.871      2.672      2.257     18.255      5.272      1.995      0.997      6.091      1.858      7.022      0.858      3.038      2.359     18.409      5.217      1.358      1.858      1.982      2.898      2.898      2.898      2.898          0          0          0          0 
       7.2       1.07      1.688     20.037      3.811      0.189      3.249     20.795     20.031      3.546      0.353      3.494      0.505      0.696      1.548          0      1.047      3.345      1.853      5.928      7.167       0.91      0.055      1.293      3.948      0.926      3.258      4.741      5.621      0.363      1.003      2.446      1.958      0.856      1.358      0.187      1.185      3.309      1.829      5.076      0.551      5.922      0.887      1.125      0.955     19.803      3.725      0.447      0.551      7.112      1.363       6.65      1.251      1.491      0.811     19.958      3.669      0.189      1.363      2.476      4.446      4.446      4.446      4.446          0          0          0          0 
     8.107      0.889      2.735     21.084      2.764      1.236      2.202     19.887     21.078      4.453      0.694        4.4      1.034      1.602      2.595      1.047          0      4.392       2.76      4.881      8.073       0.33      0.991       2.34      2.901      1.833      2.211      5.648      6.527      1.158      0.851      3.352      2.265      1.296      1.584      1.123      0.722      4.356      2.736      4.029      1.598      6.828      1.934      1.343      0.337      20.85      2.678      0.688      1.598      8.159      1.456      7.556      2.298      2.153      0.341     21.005      2.622      1.236      1.456      3.383      5.493      5.493      5.493      5.493          0          0          0          0 
     5.418      4.415      1.762     16.692      7.156      3.156      6.594      22.58     16.685      1.763      3.698      6.484       3.85       3.93      1.797      3.345      4.392          0      5.176      9.274      5.384      4.255        3.4      2.122      7.293      4.138      6.603      2.958      8.234      3.708      3.541      5.724      5.303      4.201      3.141      3.269       3.67      0.141       5.13      8.421      2.794       8.18      2.458       4.47      4.055     16.457       7.07      3.792      2.794      4.802      3.147       8.82      2.146      4.836      4.156     16.612      7.014      3.156      3.147      2.536      1.452      1.452      1.452      1.452          0          0          0          0 
     5.346      1.871      3.519      21.87      3.103      2.021      3.576     22.647     21.864      3.658      2.189       1.64      1.726      1.246      3.379      1.853       2.76      5.176          0      4.097      5.313       2.43      1.909      3.124      2.678      1.038      3.568      3.484      3.768      1.602      2.856      0.592      0.495      1.464      3.211       2.04      3.038       5.14      0.046      3.245      2.382      4.068      2.718      1.417      2.809     21.636      3.034      2.072      2.382      8.944      3.217      4.797      3.082      0.607      2.419     21.791      2.979      2.021      3.217      2.641      6.278      6.278      6.278      6.278          0          0          0          0 
     9.163      4.858      7.616      25.97      3.093      6.117      3.566     22.635     25.963      7.755      5.575       2.79      5.424      5.343      7.476      5.928      4.881      9.274      4.097          0       9.13      5.018      5.873      7.221      2.668      5.135      3.557      7.582      3.777      5.566      5.732      3.549      3.971      5.072      6.465      6.004      5.603      9.237      4.143      0.852      6.479      4.077      6.815      4.803      5.218     25.735      3.024      5.481      6.479     13.042      6.337      4.806      7.179      4.438      5.117      25.89      2.969      6.117      6.337      6.738     10.375     10.375     10.375     10.375          0          0          0          0 
     0.033      7.184      7.146     16.839      8.416      7.223       8.89     27.965     16.833      3.621      7.502       6.34       7.04      6.471      6.672      7.167      8.073      5.384      5.313       9.13          0      7.744      7.222      7.506      7.991       6.24      8.881      2.426      8.091      6.915       8.17       5.58      5.808      6.777      8.525      7.354      8.352      5.526      5.337      8.278      6.897      8.036      7.543       6.73      8.122     16.605      8.347      7.386      6.897      3.912       8.53      8.676       7.53       5.92      7.732      16.76      8.292      7.223       8.53      4.691      3.932      3.932      3.932      3.932          0          0          0          0 
     7.777      0.559      2.598     20.948      2.901        1.1      2.339     20.217     20.941      4.123      0.557       4.07      0.704      1.273      2.458       0.91       0.33      4.255       2.43      5.018      7.744          0      0.855      2.203      3.037      1.503      2.348      5.318      6.198      0.829      0.714      3.023      1.935      0.967      1.447      0.986      0.608      4.219      2.406      4.166      1.461      6.498      1.797      1.014      0.378     20.713      2.815      0.463      1.461      8.022      1.319      7.227      2.161      1.823      0.099     20.868      2.759        1.1      1.319      3.053      5.356      5.356      5.356      5.356          0          0          0          0 
     7.256      1.015      1.744     20.093      3.756      0.245      3.194     20.739     20.086      3.602      0.297      3.549      0.449      0.751      1.603      0.055      0.991        3.4      1.909      5.873      7.222      0.855          0      1.349      3.892      0.982      3.203      4.797      5.677      0.307      0.947      2.501      1.902        0.8      1.303      0.132      1.129      3.364      1.885      5.021      0.607      5.977      0.942      1.069        0.9     19.858      3.669      0.392      0.607      7.167      1.308      6.706      1.307      1.435      0.756     20.013      3.614      0.245      1.308      2.532      4.502      4.502      4.502      4.502          0          0          0          0 
     7.539      2.363      0.395     18.743      5.104      1.104      4.543     20.457     18.737      3.885      1.646      4.432      1.798      1.878      0.833      1.293       2.34      2.122      3.124      7.221      7.506      2.203      1.349          0      5.241      2.086      4.551       5.08      6.182      1.656      1.489      3.672      3.251      2.149       1.02      1.217      1.618      2.016      3.078      6.369      0.742       6.26      0.406      2.418      2.003     18.509      5.018       1.74      0.742      6.924      1.025      6.989      0.042      2.784      2.104     18.664      4.962      1.104      1.025      2.815      3.574      3.574      3.574      3.574          0          0          0          0 
     8.025      2.878      5.636     23.987      0.425      4.137      0.898     19.967      23.98      5.775      3.595      4.318      3.443      3.363      5.495      3.948      2.901      7.293      2.678      2.668      7.991      3.037      3.892      5.241          0      3.155      0.889      5.601      6.446      3.585      3.752      3.271      2.183      3.092      4.484      4.024      3.623      7.257      2.654      2.749      4.499      6.746      4.835      2.823      3.238     23.752      0.356      3.501      4.499      11.06      4.356      7.475      5.199      2.457      3.137     23.907      0.301      4.137      4.356      4.757      8.394      8.394      8.394      8.394          0          0          0          0 
     6.274      0.944      2.481     20.831      3.018      0.983      2.649     21.721     20.825       2.62      1.262      2.567      0.799       0.23      2.341      0.926      1.833      4.138      1.038      5.135       6.24      1.503      0.982      2.086      3.155          0      2.641      3.815      4.695      0.675      1.929      1.586      1.165      0.537      2.284      1.113      2.111      4.102      0.992      4.283      1.344      4.995       1.68       0.49      1.882     20.597      2.932      1.145      1.344      7.905       2.29      5.724      2.044      0.697      1.492     20.752      2.876      0.983       2.29      1.603      5.239      5.239      5.239      5.239          0          0          0          0 
     8.914      2.188      4.946     23.296      0.553      3.448      0.009     19.078      23.29       5.26      2.905      5.208      2.754      2.673      4.806      3.258      2.211      6.603      3.568      3.557      8.881      2.348      3.203      4.551      0.889      2.641          0      6.455      7.335      2.896      3.062       4.16      3.073      2.402      3.795      3.334      2.933      6.567      3.544      3.638      3.809      7.635      4.145      2.151      2.549     23.062      0.533      2.811      3.809     10.371      3.667      8.364      4.509      2.961      2.447     23.217      0.589      3.448      3.667      4.191      7.704      7.704      7.704      7.704          0          0          0          0 
     2.459      4.758       4.72     18.387      5.991      4.797      6.464     25.538      18.38      1.195      5.076      4.792      4.614      4.045      4.246      4.741      5.648      2.958      3.484      7.582      2.426      5.318      4.797       5.08      5.601      3.815      6.455          0      6.542      4.489      5.744      4.032      3.611      4.351      6.099      4.928      5.926        3.1      3.438      6.729      4.471      6.487      5.118      4.304      5.696     18.152      5.922       4.96      4.471       5.46      6.104      7.127      5.104      3.494      5.306     18.307      5.866      4.797      6.104      2.265      2.794      2.794      2.794      2.794          0          0          0          0 
     8.124      5.638      6.577     24.932       6.87      5.677      7.344     26.414     24.925      6.716      5.956      2.127      5.494      4.925      6.436      5.621      6.527      8.234      3.768      3.777      8.091      6.198      5.677      6.182      6.446      4.695      7.335      6.542          0       5.37      6.624      3.175      4.263      5.231      6.979      5.808      6.805      8.198      3.792      3.697       5.44        0.3      5.997      5.184      6.576     24.697      6.802       5.84       5.44     12.003      6.984      1.029       6.14      4.375      6.186     24.852      6.746      5.677      6.984      5.698      9.336      9.336      9.336      9.336          0          0          0          0 
     6.949      0.708      2.051       20.4      3.449      0.552      2.887     21.046     20.394      3.294      0.587      3.242      0.142      0.444       1.91      0.363      1.158      3.708      1.602      5.566      6.915      0.829      0.307      1.656      3.585      0.675      2.896      4.489       5.37          0      1.254      2.194      1.595      0.493       1.61      0.439      1.436      3.671      1.578      4.714      0.914       5.67      1.249      0.762      1.207     20.166      3.362       0.47      0.914      7.475      1.615      6.399      1.614      1.128      0.817      20.32      3.307      0.552      1.615      2.225      4.809      4.809      4.809      4.809          0          0          0          0 
     8.203      0.985      1.884     20.233      3.615      0.947      3.054     19.792     20.226      4.549      0.668      4.496       1.13      1.699      1.743      1.003      0.851      3.541      2.856      5.732       8.17      0.714      0.947      1.489      3.752      1.929      3.062      5.744      6.624      1.254          0      3.449      2.361      1.393      0.733      0.816      0.182      3.505      2.832       4.88      1.273      6.924      1.083       1.44      0.514     19.998      3.529      0.784      1.273      7.589      0.605      7.653      1.447      2.249      0.615     20.153      3.473      0.947      0.605      3.479      4.642      4.642      4.642      4.642          0          0          0          0 
     5.614      2.463      4.067     22.419      3.696      2.569      4.169     23.239     22.413      4.206      2.781      1.048      2.319      1.794      3.927      2.446      3.352      5.724      0.592      3.549       5.58      3.023      2.501      3.672      3.271      1.586       4.16      4.032      3.175      2.194      3.449          0      1.087      2.056      3.804      2.633       3.63      5.688      0.616      2.697       2.93      3.476      3.266      2.009      3.401     22.185      3.627      2.665       2.93      9.492      3.809      4.204       3.63      1.199      3.011     22.339      3.571      2.569      3.809      3.189      6.826      6.826      6.826      6.826          0          0          0          0 
     5.841      1.376      3.646     21.997      2.608      2.147      3.081     22.152      21.99      3.784      1.694      2.135      1.453      1.373      3.505      1.958      2.265      5.303      0.495      3.971      5.808      1.935      1.902      3.251      2.183      1.165      3.073      3.611      4.263      1.595      2.361      1.087          0      1.102      2.716      2.034      2.543      5.267      0.471      3.118      2.509      4.563      2.845      0.922      2.313     21.762      2.539      1.577      2.509       9.07      2.721      5.292      3.209      0.467      1.924     21.917      2.484      2.147      2.721      2.767      6.404      6.404      6.404      6.404          0          0          0          0 
      6.81      0.407      2.544     20.894      2.956      1.045      2.394     21.184     20.887      3.156      0.725      3.104      0.351      0.306      2.404      0.856      1.296      4.201      1.464      5.072      6.777      0.967        0.8      2.149      3.092      0.537      2.402      4.351      5.231      0.493      1.393      2.056      1.102          0      1.748      0.932      1.574      4.165       1.44       4.22      1.407      5.532      1.743      0.269      1.345     20.659      2.869      0.609      1.407      7.968      1.753       6.26      2.107      0.857      0.955     20.814      2.814      1.045      1.753      2.086      5.302      5.302      5.302      5.302          0          0          0          0 
     8.559      1.607      1.379     19.499      4.348      1.302      3.786     19.437     19.493      4.904      1.023      4.852      1.485      2.054      1.853      1.358      1.584      3.141      3.211      6.465      8.525      1.447      1.303       1.02      4.484      2.284      3.795      6.099      6.979       1.61      0.733      3.804      2.716      1.748          0      1.171      0.862          3      3.187      5.613      1.628       7.28      0.982      1.795      1.246     19.265      4.261      1.139      1.628      7.944      0.128      8.008      0.995      2.604      1.348      19.42      4.206      1.302      0.128      3.834      4.593      4.593      4.593      4.593          0          0          0          0 
     7.387      1.146      1.612     19.961      3.887      0.131      3.326     20.608     19.955      3.733      0.429      3.681      0.581      0.883      1.471      0.187      1.123      3.269       2.04      6.004      7.354      0.986      0.132      1.217      4.024      1.113      3.334      4.928      5.808      0.439      0.816      2.633      2.034      0.932      1.171          0      0.998      3.233      2.016      5.152      0.475      6.109      0.811      1.201      0.786     19.727      3.801      0.523      0.475      7.036      1.176      6.837      1.175      1.567      0.887     19.881      3.745      0.131      1.176      2.663       4.37       4.37       4.37       4.37          0          0          0          0 
     8.385      1.167      2.013     20.362      3.486      1.128      2.924      19.61     20.355      4.731      0.849      4.678      1.312       1.88      1.872      1.185      0.722       3.67      3.038      5.603      8.352      0.608      1.129      1.618      3.623      2.111      2.933      5.926      6.805      1.436      0.182       3.63      2.543      1.574      0.862      0.998          0      3.634      3.014      4.751      1.455      7.106      1.212      1.621      0.385     20.127        3.4      0.966      1.455       7.77      0.734      7.835      1.576      2.431      0.619     20.282      3.344      1.128      0.734      3.661      4.771      4.771      4.771      4.771          0          0          0          0 
     5.559      4.379      1.621     16.728       7.12      3.119      6.558     22.439     16.721      1.905      3.662      6.448      3.813      3.894      1.761      3.309      4.356      0.141       5.14      9.237      5.526      4.219      3.364      2.016      7.257      4.102      6.567        3.1      8.198      3.671      3.505      5.688      5.267      4.165          3      3.233      3.634          0      5.094      8.385      2.758      8.143      2.422      4.434      4.018     16.493      7.034      3.756      2.758      4.944      3.005      8.783      2.058        4.8       4.12     16.648      6.978      3.119      3.005        2.5      1.593      1.593      1.593      1.593          0          0          0          0 
      5.37      1.847      3.473     21.824      3.079      1.974      3.552     22.623     21.818      3.612      2.165      1.664      1.702        1.2      3.333      1.829      2.736       5.13      0.046      4.143      5.337      2.406      1.885      3.078      2.654      0.992      3.544      3.438      3.792      1.578      2.832      0.616      0.471       1.44      3.187      2.016      3.014      5.094          0      3.291      2.336      4.092      2.672      1.393      2.785      21.59       3.01      2.048      2.336      8.898      3.193      4.821      3.036      0.583      2.395     21.745      2.955      1.974      3.193      2.594      6.231      6.231      6.231      6.231          0          0          0          0 
     8.311      4.006      6.764     25.117      3.173      5.265      3.647     22.715     25.111      6.903      4.723      1.938      4.572      4.491      6.624      5.076      4.029      8.421      3.245      0.852      8.278      4.166      5.021      6.369      2.749      4.283      3.638      6.729      3.697      4.714       4.88      2.697      3.118       4.22      5.613      5.152      4.751      8.385      3.291          0      5.627      3.997      5.963      3.951      4.366     24.883      3.105      4.629      5.627     12.189      5.485      4.726      6.327      3.586      4.265     25.037      3.049      5.265      5.485      5.886      9.523      9.523      9.523      9.523          0          0          0          0 
      6.93      1.621      1.137     19.486      4.362      0.362      3.801     21.065      19.48      3.276      0.904       3.69      1.056      1.136      0.997      0.551      1.598      2.794      2.382      6.479      6.897      1.461      0.607      0.742      4.499      1.344      3.809      4.471       5.44      0.914      1.273       2.93      2.509      1.407      1.628      0.475      1.455      2.758      2.336      5.627          0      5.651      0.647      1.676      1.261     19.252      4.276      0.998          0      6.561      1.634       6.38        0.7      2.042      1.362     19.406       4.22      0.362      1.634      2.206      3.895      3.895      3.895      3.895          0          0          0          0 
     8.069      5.939      6.522     24.877      7.171      5.978      7.644     26.714     24.871      6.661      6.257      2.428      5.794      5.226      6.382      5.922      6.828       8.18      4.068      4.077      8.036      6.498      5.977       6.26      6.746      4.995      7.635      6.487        0.3       5.67      6.924      3.476      4.563      5.532       7.28      6.109      7.106      8.143      4.092      3.997      5.651          0      6.298      5.485      6.877     24.643      7.102       6.14      5.651     11.948      7.285      0.729      6.285      4.675      6.487     24.797      7.047      5.978      7.285      5.644      9.281      9.281      9.281      9.281          0          0          0          0 
     7.577      1.957      0.801      19.15      4.698      0.698      4.136     20.419     19.143      3.922       1.24      4.025      1.391      1.472      0.871      0.887      1.934      2.458      2.718      6.815      7.543      1.797      0.942      0.406      4.835       1.68      4.145      5.118      5.997      1.249      1.083      3.266      2.845      1.743      0.982      0.811      1.212      2.422      2.672      5.963      0.647      6.298          0      2.012      1.597     18.915      4.612      1.334      0.647      6.962      0.987      7.027      0.364      2.378      1.698      19.07      4.556      0.698      0.987      2.853      3.612      3.612      3.612      3.612          0          0          0          0 
     6.763      0.454      2.813     21.163      2.687      1.314       2.16     21.231     21.156      3.109      0.772      3.057       0.62       0.54      2.672      1.125      1.343       4.47      1.417      4.803       6.73      1.014      1.069      2.418      2.823       0.49      2.151      4.304      5.184      0.762       1.44      2.009      0.922      0.269      1.795      1.201      1.621      4.434      1.393      3.951      1.676      5.485      2.012          0      1.392     20.928        2.6      0.678      1.676      8.237        1.8      6.213      2.376       0.81      1.002     21.083      2.545      1.314        1.8       2.04      5.571      5.571      5.571      5.571          0          0          0          0 
     8.155      0.938      2.398     20.747      3.102      0.899       2.54     19.839      20.74      4.501       0.62      4.449      1.082      1.651      2.257      0.955      0.337      4.055      2.809      5.218      8.122      0.378        0.9      2.003      3.238      1.882      2.549      5.696      6.576      1.207      0.514      3.401      2.313      1.345      1.246      0.786      0.385      4.018      2.785      4.366      1.261      6.877      1.597      1.392          0     20.512      3.015      0.736      1.261      7.822      1.118      7.605      1.961      2.202       0.39     20.667       2.96      0.899      1.118      3.432      5.156      5.156      5.156      5.156          0          0          0          0 
    16.572     20.874     18.114      0.235     23.615     19.613     23.053     38.681      0.228     17.978     20.156     22.945     20.308     20.388     18.255     19.803      20.85     16.457     21.636     25.735     16.605     20.713     19.858     18.509     23.752     20.597     23.062     18.152     24.697     20.166     19.998     22.185     21.762     20.659     19.265     19.727     20.127     16.493      21.59     24.883     19.252     24.643     18.915     20.928     20.512          0     23.529      20.25     19.252     12.691     19.393     25.283     18.551     21.295     20.614      0.355     23.473     19.613     19.393     18.994     15.356     15.356     15.356     15.356          0          0          0          0 
     8.381      2.655      5.413     23.763      0.086      3.914      0.542     19.611     23.757      5.552      3.372      4.674       3.22       3.14      5.272      3.725      2.678       7.07      3.034      3.024      8.347      2.815      3.669      5.018      0.356      2.932      0.533      5.922      6.802      3.362      3.529      3.627      2.539      2.869      4.261      3.801        3.4      7.034       3.01      3.105      4.276      7.102      4.612        2.6      3.015     23.529          0      3.278      4.276     10.837      4.133      7.831      4.976      2.427      2.914     23.684      0.056      3.914      4.133      4.534      8.171      8.171      8.171      8.171          0          0          0          0 
     7.419      0.623      2.135     20.484      3.364      0.636      2.802     20.575     20.478      3.765      0.116      3.712      0.346      0.915      1.995      0.447      0.688      3.792      2.072      5.481      7.386      0.463      0.392       1.74      3.501      1.145      2.811       4.96       5.84       0.47      0.784      2.665      1.577      0.609      1.139      0.523      0.966      3.756      2.048      4.629      0.998       6.14      1.334      0.678      0.736      20.25      3.278          0      0.998      7.559      1.144      6.869      1.698      1.465      0.364     20.405      3.222      0.636      1.144      2.695      4.893      4.893      4.893      4.893          0          0          0          0 
      6.93      1.621      1.137     19.486      4.362      0.362      3.801     21.065      19.48      3.276      0.904       3.69      1.056      1.136      0.997      0.551      1.598      2.794      2.382      6.479      6.897      1.461      0.607      0.742      4.499      1.344      3.809      4.471       5.44      0.914      1.273       2.93      2.509      1.407      1.628      0.475      1.455      2.758      2.336      5.627          0      5.651      0.647      1.676      1.261     19.252      4.276      0.998          0      6.561      1.634       6.38        0.7      2.042      1.362     19.406       4.22      0.362      1.634      2.206      3.895      3.895      3.895      3.895          0          0          0          0 
     3.879      8.182      6.564     12.925     10.924      6.923     10.362     27.386     12.919      5.286      7.465     10.252      7.617      7.697      6.091      7.112      8.159      4.802      8.944     13.042      3.912      8.022      7.167      6.924      11.06      7.905     10.371       5.46     12.003      7.475      7.589      9.492       9.07      7.968      7.944      7.036       7.77      4.944      8.898     12.189      6.561     11.948      6.962      8.237      7.822     12.691     10.837      7.559      6.561          0      7.949     12.588      6.949      8.603      7.923     12.846     10.782      6.923      7.949      6.303       3.35       3.35       3.35       3.35          0          0          0          0 
     8.564      1.479      1.385     19.627       4.22      1.307      3.658     19.431     19.621      4.909      1.028      4.857       1.49      2.059      1.858      1.363      1.456      3.147      3.217      6.337       8.53      1.319      1.308      1.025      4.356       2.29      3.667      6.104      6.984      1.615      0.605      3.809      2.721      1.753      0.128      1.176      0.734      3.005      3.193      5.485      1.634      7.285      0.987        1.8      1.118     19.393      4.133      1.144      1.634      7.949          0      8.013          1       2.61       1.22     19.548      4.078      1.307          0       3.84      4.599      4.599      4.599      4.599          0          0          0          0 
     8.709      6.668      7.162     25.518      7.899      6.706      8.373     27.442     25.511      7.301      6.985      3.157      6.523      5.954      7.022       6.65      7.556       8.82      4.797      4.806      8.676      7.227      6.706      6.989      7.475      5.724      8.364      7.127      1.029      6.399      7.653      4.204      5.292       6.26      8.008      6.837      7.835      8.783      4.821      4.726       6.38      0.729      7.027      6.213      7.605     25.283      7.831      6.869       6.38     12.588      8.013          0      7.014      5.404      7.215     25.438      7.775      6.706      8.013      6.284      9.921      9.921      9.921      9.921          0          0          0          0 
     7.564      2.321      0.437     18.785      5.062      1.062        4.5     20.432     18.779      3.909      1.604       4.39      1.756      1.836      0.858      1.251      2.298      2.146      3.082      7.179       7.53      2.161      1.307      0.042      5.199      2.044      4.509      5.104       6.14      1.614      1.447       3.63      3.209      2.107      0.995      1.175      1.576      2.058      3.036      6.327        0.7      6.285      0.364      2.376      1.961     18.551      4.976      1.698        0.7      6.949          1      7.014          0      2.742      2.062     18.706       4.92      1.062          1      2.839      3.598      3.598      3.598      3.598          0          0          0          0 
     5.953      1.264      3.179     21.529      2.496       1.68      2.969      22.04     21.523      3.317      1.582      2.247      1.119      0.906      3.038      1.491      2.153      4.836      0.607      4.438       5.92      1.823      1.435      2.784      2.457      0.697      2.961      3.494      4.375      1.128      2.249      1.199      0.467      0.857      2.604      1.567      2.431        4.8      0.583      3.586      2.042      4.675      2.378       0.81      2.202     21.295      2.427      1.465      2.042      8.603       2.61      5.404      2.742          0      1.812      21.45      2.372       1.68       2.61        2.3      5.937      5.937      5.937      5.937          0          0          0          0 
     7.765      0.548      2.499     20.848          3          1      2.438     20.229     20.842      4.111      0.458      4.059      0.692      1.261      2.359      0.811      0.341      4.156      2.419      5.117      7.732      0.099      0.756      2.104      3.137      1.492      2.447      5.306      6.186      0.817      0.615      3.011      1.924      0.955      1.348      0.887      0.619       4.12      2.395      4.265      1.362      6.487      1.698      1.002       0.39     20.614      2.914      0.364      1.362      7.923       1.22      7.215      2.062      1.812          0     20.769      2.858          1       1.22      3.042      5.257      5.257      5.257      5.257          0          0          0          0 
    16.726     21.028     18.269      0.431      23.77     19.768     23.208     38.326       0.46     18.132      20.31       23.1     20.462     20.543     18.409     19.958     21.005     16.612     21.791      25.89      16.76     20.868     20.013     18.664     23.907     20.752     23.217     18.307     24.852      20.32     20.153     22.339     21.917     20.814      19.42     19.881     20.282     16.648     21.745     25.037     19.406     24.797      19.07     21.083     20.667      0.355     23.684     20.405     19.406     12.846     19.548     25.438     18.706      21.45     20.769          0     23.628     19.768     19.548     19.149     15.511     15.511     15.511     15.511          0          0          0          0 
     8.325      2.599      5.357     23.708      0.142      3.859      0.597     19.666     23.701      5.496      3.317      4.619      3.165      3.085      5.217      3.669      2.622      7.014      2.979      2.969      8.292      2.759      3.614      4.962      0.301      2.876      0.589      5.866      6.746      3.307      3.473      3.571      2.484      2.814      4.206      3.745      3.344      6.978      2.955      3.049       4.22      7.047      4.556      2.545       2.96     23.473      0.056      3.222       4.22     10.782      4.078      7.775       4.92      2.372      2.858     23.628          0      3.859      4.078      4.479      8.116      8.116      8.116      8.116          0          0          0          0 
     7.256       1.26      1.499     19.848      4.001          0      3.439     20.739     19.841      3.602      0.542       3.55      0.694      0.774      1.358      0.189      1.236      3.156      2.021      6.117      7.223        1.1      0.245      1.104      4.137      0.983      3.448      4.797      5.677      0.552      0.947      2.569      2.147      1.045      1.302      0.131      1.128      3.119      1.974      5.265      0.362      5.978      0.698      1.314      0.899     19.613      3.914      0.636      0.362      6.923      1.307      6.706      1.062       1.68          1     19.768      3.859          0      1.307      2.532      4.257      4.257      4.257      4.257          0          0          0          0 
     8.564      1.479      1.385     19.627       4.22      1.307      3.658     19.431     19.621      4.909      1.028      4.857       1.49      2.059      1.858      1.363      1.456      3.147      3.217      6.337       8.53      1.319      1.308      1.025      4.356       2.29      3.667      6.104      6.984      1.615      0.605      3.809      2.721      1.753      0.128      1.176      0.734      3.005      3.193      5.485      1.634      7.285      0.987        1.8      1.118     19.393      4.133      1.144      1.634      7.949          0      8.013          1       2.61       1.22     19.548      4.078      1.307          0       3.84      4.599      4.599      4.599      4.599          0          0          0          0 
     4.724      2.494      2.455     19.229      4.621      2.532      4.199     23.272     19.222       1.07      2.812      3.948      2.349       1.78      1.982      2.476      3.383      2.536      2.641      6.738      4.691      3.053      2.532      2.815      4.757      1.603      4.191      2.265      5.698      2.225      3.479      3.189      2.767      2.086      3.834      2.663      3.661        2.5      2.594      5.886      2.206      5.644      2.853       2.04      3.432     18.994      4.534      2.695      2.206      6.303       3.84      6.284      2.839        2.3      3.042     19.149      4.479      2.532       3.84          0      3.637      3.637      3.637      3.637          0          0          0          0 
     3.966      5.516      3.214     15.591      8.258      4.257      7.696     24.033     15.584       2.62      4.799      7.585      4.951      5.031      2.898      4.446      5.493      1.452      6.278     10.375      3.932      5.356      4.502      3.574      8.394      5.239      7.704      2.794      9.336      4.809      4.642      6.826      6.404      5.302      4.593       4.37      4.771      1.593      6.231      9.523      3.895      9.281      3.612      5.571      5.156     15.356      8.171      4.893      3.895       3.35      4.599      9.921      3.598      5.937      5.257     15.511      8.116      4.257      4.599      3.637          0          0          0          0          0          0          0          0 
     3.966      5.516      3.214     15.591      8.258      4.257      7.696     24.033     15.584       2.62      4.799      7.585      4.951      5.031      2.898      4.446      5.493      1.452      6.278     10.375      3.932      5.356      4.502      3.574      8.394      5.239      7.704      2.794      9.336      4.809      4.642      6.826      6.404      5.302      4.593       4.37      4.771      1.593      6.231      9.523      3.895      9.281      3.612      5.571      5.156     15.356      8.171      4.893      3.895       3.35      4.599      9.921      3.598      5.937      5.257     15.511      8.116      4.257      4.599      3.637          0          0          0          0          0          0          0          0 
     3.966      5.516      3.214     15.591      8.258      4.257      7.696     24.033     15.584       2.62      4.799      7.585      4.951      5.031      2.898      4.446      5.493      1.452      6.278     10.375      3.932      5.356      4.502      3.574      8.394      5.239      7.704      2.794      9.336      4.809      4.642      6.826      6.404      5.302      4.593       4.37      4.771      1.593      6.231      9.523      3.895      9.281      3.612      5.571      5.156     15.356      8.171      4.893      3.895       3.35      4.599      9.921      3.598      5.937      5.257     15.511      8.116      4.257      4.599      3.637          0          0          0          0          0          0          0          0 
     3.966      5.516      3.214     15.591      8.258      4.257      7.696     24.033     15.584       2.62      4.799      7.585      4.951      5.031      2.898      4.446      5.493      1.452      6.278     10.375      3.932      5.356      4.502      3.574      8.394      5.239      7.704      2.794      9.336      4.809      4.642      6.826      6.404      5.302      4.593       4.37      4.771      1.593      6.231      9.523      3.895      9.281      3.612      5.571      5.156     15.356      8.171      4.893      3.895       3.35      4.599      9.921      3.598      5.937      5.257     15.511      8.116      4.257      4.599      3.637          0          0          0          0          0          0          0          0 
         0          0          0          0          0          0          0          0          0          0          0          0          0          0          0          0          0          0          0          0          0          0          0          0          0          0          0          0          0          0          0          0          0          0          0          0          0          0          0          0          0          0          0          0          0          0          0          0          0          0          0          0          0          0          0          0          0          0          0          0          0          0          0          0          0          0          0          0 
         0          0          0          0          0          0          0          0          0          0          0          0          0          0          0          0          0          0          0          0          0          0          0          0          0          0          0          0          0          0          0          0          0          0          0          0          0          0          0          0          0          0          0          0          0          0          0          0          0          0          0          0          0          0          0          0          0          0          0          0          0          0          0          0          0          0          0          0 
         0          0          0          0          0          0          0          0          0          0          0          0          0          0          0          0          0          0          0          0          0          0          0          0          0          0          0          0          0          0          0          0          0          0          0          0          0          0          0          0          0          0          0          0          0          0          0          0          0          0          0          0          0          0          0          0          0          0          0          0          0          0          0          0          0          0          0          0 
         0          0          0          0          0          0          0          0          0          0          0          0          0          0          0          0          0          0          0          0          0          0          0          0          0          0          0          0          0          0          0          0          0          0          0          0          0          0          0          0          0          0          0          0          0          0          0          0          0          0          0          0          0          0          0          0          0          0          0          0          0          0          0          0          0          0          0          0 
Version identifier: 22.1.1.0 | 2022-11-28 | 9160aff4d
CPXPARAM_Threads                                 1
CPXPARAM_TimeLimit                               7200
Tried aggregator 2 times.
MIP Presolve eliminated 2451 rows and 8077 columns.
MIP Presolve modified 2488 coefficients.
Aggregator did 31 substitutions.
Reduced MIP has 499 rows, 1616 columns, and 5143 nonzeros.
Reduced MIP has 1599 binaries, 0 generals, 0 SOSs, and 0 indicators.
Presolve time = 0.01 sec. (19.85 ticks)
Probing time = 0.00 sec. (3.71 ticks)
Tried aggregator 2 times.
Detecting symmetries...
MIP Presolve eliminated 18 rows and 54 columns.
MIP Presolve modified 34 coefficients.
Aggregator did 3 substitutions.
Reduced MIP has 478 rows, 1559 columns, and 4940 nonzeros.
Reduced MIP has 1542 binaries, 0 generals, 0 SOSs, and 0 indicators.
Presolve time = 0.00 sec. (4.84 ticks)
Probing time = 0.00 sec. (3.61 ticks)
Clique table members: 3520.
MIP emphasis: balance optimality and feasibility.
MIP search method: dynamic search.
Parallel mode: none, using 1 thread.
Root relaxation solution time = 0.01 sec. (7.56 ticks)

        Nodes                                         Cuts/
   Node  Left     Objective  IInf  Best Integer    Best Bound    ItCnt     Gap

*     0     0      integral     0       69.1039       69.1039      457    0.00%
Elapsed time = 0.05 sec. (56.97 ticks, tree = 0.00 MB, solutions = 1)

Root node processing (before b&c):
  Real time             =    0.05 sec. (57.26 ticks)
Sequential b&c:
  Real time             =    0.00 sec. (0.00 ticks)
                          ------------
Total (root+branch&cut) =    0.05 sec. (57.26 ticks)

Sol status: Optimal
 Total Time: 0.04
 LB: 69.1039
 UB: 69.1039
Initializing solStats

Obj Val: 69.10391

Solve Time: 0.04
b(0): 10.4
b(1): 9.53333333333333
b(2): 16.0666666666667
b(3): 15.9833333333333
b(4): 13.6166666666667
b(5): 16.3166666666667
b(6): 14.7833333333333
b(7): 13.75
b(8): 14.25
b(9): 9.76666666666667
b(10): 16.7833333333333
b(11): 11.5
b(12): 12.55
b(13): 14.9833333333333
b(14): 11.1333333333333
b(15): 15.35
b(16): 11.5333333333333
b(17): 15.3166666666667
b(18): 14.9166666666667
b(19): 11.95
b(20): 10.4841382117747
b(21): 9.63030081965894
b(22): 16.1925366061154
b(23): 16.8357198466926
b(24): 13.7103658587151
b(25): 16.4239756214515
b(26): 14.8668861789689
b(27): 14.6843175289354
b(28): 15.1618906887272
b(29): 9.93034150260561
b(30): 17.0496260242078
b(31): 11.7755609880785
b(32): 12.8354390416776
b(33): 15.0741300849415
b(34): 11.2618618106643
b(35): 15.437894311168
b(36): 11.800943098021
b(37): 15.4034390260678
b(38): 15.0011219517668
b(39): 12.054113831275
b(40): 15.8333333333333
b(41): 9.68333333333333
b(42): 10.7666666666667
b(43): 14.0333333333333
b(44): 15.7333333333333
b(45): 11.0166666666667
b(46): 12.6666666666667
b(47): 9.15
b(48): 9.76666666666667
b(49): 11.5666666666667
b(50): 16.95
b(51): 10.7833333333333
b(52): 11.8833333333333
b(53): 15.1333333333333
b(54): 16.8333333333333
b(55): 12.1166666666667
b(56): 13.7666666666667
b(57): 10.2833333333333
b(58): 11.0166666666667
b(59): 12.7666666666667
b(60): 9
b(61): 9
b(62): 9
b(63): 9
b(64): 19
b(65): 19
b(66): 19
b(67): 19


Customer profit: 150.83487
Parcel profit: 0
Costs: 81.73096
Without fixed: 81.73096

Solution: 
Vehicle 0: 60 - 14 - 34 - 7 - 27 - 13 - 33 - 15 - 35 - 2 - 22 - 5 - 25 - 10 - 30 - 64 - Total time: 8.04962602420782
Vehicle 1: 61 - 9 - 29 - 11 - 31 - 19 - 39 - 4 - 24 - 6 - 26 - 65 - Total time: 5.86688617896887
Vehicle 2: 62 - 0 - 20 - 8 - 28 - 66 - Total time: 6.16189068872717
Vehicle 3: 63 - 1 - 21 - 16 - 36 - 12 - 32 - 18 - 38 - 17 - 37 - 3 - 23 - 67 - Total time: 7.83571984669261

Vehicle 0: d - D - d - P - d - D - d - D - d - P - d - P - d - D - f
Vehicle 1: d - P - d - D - d - D - d - P - d - P - f
Vehicle 2: d - P - d - P - f
Vehicle 3: d - P - d - D - d - D - d - D - d - D - d - P - f

************************************
Final solution value: 69.10391
************************************

Total distance: 177.676

Total passenger distance: 83.529

Total parcel distance: 0

Total combined transportation distance: 0

Total idle distance: 94.147
File exists: 1
partial: 
CSV file 'TreatResults/FullResults/fip1ADsf_dataM.csv' generated successfully!
Instance Name: sfsarp-20-10-2

K: 4
Dist Matrix: 
         0      1.179      0.029      1.346      0.863       6.09      3.194      0.338      3.683      1.506      1.346      0.862       2.65          0      0.704      3.307      3.247       6.19        0.6      3.247       0.82      1.414      1.097      2.336      2.564      3.177      2.146      0.265      1.574      1.426      2.336      1.005      2.342       0.82      0.704      0.781      1.691      5.868      0.494      1.691      4.123      3.154      1.373      3.515      1.399      5.621     20.332      4.539       1.63      1.415       4.14      0.284      4.313      3.191       1.34       6.35      3.014      2.745        0.5      0.442      4.813      4.813      4.813      4.813          0          0          0          0 
     1.179          0      1.208      2.526      0.527      7.269      4.373       1.14      4.213      0.393      2.526      0.317      2.231      1.179      0.862      4.486      2.717      7.369      1.491      2.717       1.35      0.234      0.566      1.805      2.034      4.178      3.325      1.178      0.816      0.491      1.805       0.44      3.522       1.35      0.862      0.468      0.512      7.047      1.562      0.512      5.303      2.624      2.359      2.984      0.464        6.8     20.862      5.718       2.16      0.413       5.32       0.93      5.493       2.66      0.471      7.529      3.544      3.924       1.68      1.421      5.343      5.343      5.343      5.343          0          0          0          0 
     0.029      1.208          0      1.318      0.891      6.061      3.165      0.331      3.689      1.534      1.318       0.89      2.644      0.029      0.697      3.278      3.241      6.162      0.594      3.241      0.826      1.442      1.108      2.329      2.557       3.17      2.117      0.258      1.602      1.454      2.329      1.034      2.314      0.826      0.697       0.81       1.72      5.839      0.488       1.72      4.095      3.148      1.379      3.508      1.428      5.593     20.339       4.51      1.637      1.444      4.112      0.277      4.285      3.184      1.368      6.322       3.02      2.716      0.472      0.436      4.819      4.819      4.819      4.819          0          0          0          0 
     1.346      2.526      1.318          0      2.209      5.187      2.469      1.386      3.986      2.852          0      2.208      2.347      1.346      1.664      1.961      2.945      4.844      1.034      2.945      1.544       2.76      2.425      2.033      2.261      2.874       1.71      1.348       2.92      2.772      2.033      2.352      1.285      1.544      1.664      2.128      3.037      4.521      0.963      3.037      2.777      2.851      1.676      3.212      2.746      4.275     20.636      3.192      1.933      2.761      2.794      1.595      2.967      2.888      2.686      5.004      3.317      1.398      0.846      1.104      5.116      5.116      5.116      5.116          0          0          0          0 
     0.863      0.527      0.891      2.209          0      6.952      4.056      0.823      3.686      0.643      2.209      0.578      2.647      0.863      0.701       4.17      3.244      7.053      1.175      3.244      0.823      0.604      1.093      2.333      2.561      3.862      3.008      0.861      0.711      0.563      2.333      0.967      3.205      0.823      0.701      0.081      0.881       6.73      1.246      0.881      4.986      3.151      2.043      3.511      0.537      6.484     20.335      5.402      1.633      0.552      5.003      0.614      5.176      3.187      0.477      7.213      3.017      3.608      1.363      1.105      4.816      4.816      4.816      4.816          0          0          0          0 
      6.09      7.269      6.061      5.187      6.952          0      2.896      6.129      9.174      7.595      5.187      6.951      5.038       6.09      6.407       4.27      7.126      3.785      5.778      7.126       6.31      7.503      7.168      5.951      5.723       3.09      3.944      6.091      7.663      7.515      5.951      7.095      3.903       6.31      6.407      6.871       7.78      3.375      5.706       7.78      6.807      6.664      6.864      7.147      7.489      1.023     25.829      8.012      7.121      7.504      6.701      6.338      7.594       7.56      7.429      0.383      8.505      5.832      5.589      5.847     10.304     10.304     10.304     10.304          0          0          0          0 
     3.194      4.373      3.165      2.469      4.056      2.896          0      3.233      6.455      4.699      2.469      4.055      2.142      3.194      3.511      1.552       4.23      2.996      2.882       4.23      3.591      4.607      4.272      3.055      2.827      0.405      1.048      3.195      4.767      4.619      3.055      4.199      1.184      3.591      3.511      3.975      4.884      2.674       2.81      4.884      4.088      3.769      4.145      4.252      4.593      2.428     23.108      5.293      4.402      4.608      3.982      3.442      4.875      4.665      4.533      3.157      5.786      3.113      2.693      2.951      7.585      7.585      7.585      7.585          0          0          0          0 
     0.338       1.14      0.331      1.386      0.823      6.129      3.233          0       4.02      1.466      1.386      0.822      2.312      0.338      0.366      3.346       2.91       6.23      0.351       2.91      1.157      1.374      1.039      1.998      2.226      3.039      2.185      0.073      1.534      1.386      1.998      0.966      2.382      1.157      0.366      0.742      1.652      5.907      0.423      1.652      4.163      2.816      1.711      3.177       1.36      5.661      20.67      4.578      1.968      1.375       4.18      0.209      4.353      2.853        1.3       6.39      3.352      2.784       0.54      0.282      5.151      5.151      5.151      5.151          0          0          0          0 
     3.683      4.213      3.689      3.986      3.686      9.174      6.455       4.02          0       3.82      3.986      4.264      6.333      3.683      4.386      4.903       6.93      5.389      4.283       6.93      2.863      4.289      4.779      6.019      6.247       6.86      5.695      3.947       3.73      3.722      6.019      4.653      5.271      2.863      4.386      3.745      4.567      5.799      4.177      4.567      2.367      6.837       2.31      7.197      3.748      8.151     16.649      2.383       2.21      3.799      2.473      3.967      2.158      6.873      3.741      8.791      1.107      3.342      3.761      4.125       1.13       1.13       1.13       1.13          0          0          0          0 
     1.506      0.393      1.534      2.852      0.643      7.595      4.699      1.466       3.82          0      2.852      0.644      2.557      1.506      1.188      4.812       3.11      7.696      1.817       3.11      1.308      0.469      0.959      2.198      2.426      4.504      3.651      1.504      0.423      0.098      2.198      0.833      3.848      1.308      1.188      0.724      0.747      7.373      1.889      0.747      5.629      3.017      2.686      3.377      0.106      7.127     20.469      6.045      1.767      0.091      5.646      1.257      5.819      3.053      0.166      7.856      3.151       4.25      2.006      1.748       4.95       4.95       4.95       4.95          0          0          0          0 
     1.346      2.526      1.318          0      2.209      5.187      2.469      1.386      3.986      2.852          0      2.208      2.347      1.346      1.664      1.961      2.945      4.844      1.034      2.945      1.544       2.76      2.425      2.033      2.261      2.874       1.71      1.348       2.92      2.772      2.033      2.352      1.285      1.544      1.664      2.128      3.037      4.521      0.963      3.037      2.777      2.851      1.676      3.212      2.746      4.275     20.636      3.192      1.933      2.761      2.794      1.595      2.967      2.888      2.686      5.004      3.317      1.398      0.846      1.104      5.116      5.116      5.116      5.116          0          0          0          0 
     0.862      0.317       0.89      2.208      0.578      6.951      4.055      0.822      4.264      0.644      2.208          0      2.069      0.862      0.544      4.169      2.666      7.052      1.174      2.666      1.401      0.552      0.515      1.755      1.983      3.861      3.007       0.86      0.867      0.564      1.755      0.389      3.204      1.401      0.544      0.519      0.829      6.729      1.245      0.829      4.985      2.573      2.042      2.933      0.537      6.483     20.913      5.401      2.211      0.553      5.002      0.613      5.175      2.609      0.522      7.212      3.595      3.607      1.362      1.104      5.394      5.394      5.394      5.394          0          0          0          0 
      2.65      2.231      2.644      2.347      2.647      5.038      2.142      2.312      6.333      2.557      2.347      2.069          0       2.65      1.946      2.255      2.089      5.138       2.05      2.089       3.47      2.465      2.131      0.914      0.686      1.947      1.094      2.385      2.936       2.61      0.914      2.057      1.291       3.47      1.946      2.588      2.743      4.816      2.156      2.743      3.966      1.627      4.023       2.11      2.584      4.569     22.984      5.171       4.28      2.533       3.86      2.366      4.753      2.523      2.591      5.298      5.664      2.991      2.572      2.208      7.463      7.463      7.463      7.463          0          0          0          0 
         0      1.179      0.029      1.346      0.863       6.09      3.194      0.338      3.683      1.506      1.346      0.862       2.65          0      0.704      3.307      3.247       6.19        0.6      3.247       0.82      1.414      1.097      2.336      2.564      3.177      2.146      0.265      1.574      1.426      2.336      1.005      2.342       0.82      0.704      0.781      1.691      5.868      0.494      1.691      4.123      3.154      1.373      3.515      1.399      5.621     20.332      4.539       1.63      1.415       4.14      0.284      4.313      3.191       1.34       6.35      3.014      2.745        0.5      0.442      4.813      4.813      4.813      4.813          0          0          0          0 
     0.704      0.862      0.697      1.664      0.701      6.407      3.511      0.366      4.386      1.188      1.664      0.544      1.946      0.704          0      3.624      2.544      6.508      0.629      2.544      1.523      1.096      0.761      1.632       1.86      3.317      2.463      0.439      1.256      1.108      1.632      0.688       2.66      1.523          0      0.641      1.373      6.185      0.701      1.373      4.441      2.451      2.077      2.811      1.082      5.939     21.036      4.856      2.334      1.097      4.458       0.42      4.631      2.487      1.022      6.668      3.718      3.062      0.818       0.56      5.516      5.516      5.516      5.516          0          0          0          0 
     3.307      4.486      3.278      1.961       4.17       4.27      1.552      3.346      4.903      4.812      1.961      4.169      2.255      3.307      3.624          0      4.344      2.883      2.995      4.344      3.505       4.72      4.386      3.169      2.941      1.957      1.161      3.308       4.88      4.732      3.169      4.312      0.964      3.505      3.624      4.088      4.998      2.561      2.924      4.998      2.536      3.882      2.593      4.365      4.706      3.247     21.555      3.741      3.361      4.722       2.43      3.556      3.323      4.778      4.646      3.887      4.234      1.561      2.806      3.065      6.033      6.033      6.033      6.033          0          0          0          0 
     3.247      2.717      3.241      2.945      3.244      7.126       4.23       2.91       6.93       3.11      2.945      2.666      2.089      3.247      2.544      4.344          0      7.227      2.647          0      4.067      2.641      2.151      1.175      1.403      4.036      3.183      2.983      3.533      3.208      1.175      2.277      3.379      4.067      2.544      3.185      2.363      6.904      2.753      2.363       5.16      0.462      4.621      0.267      3.181      6.658     23.581      5.769      4.878      3.131      5.177      2.964       5.35      0.434      3.188      7.386      6.261      3.782      3.169      2.805       8.06       8.06       8.06       8.06          0          0          0          0 
      6.19      7.369      6.162      4.844      7.053      3.785      2.996       6.23      5.389      7.696      4.844      7.052      5.138       6.19      6.508      2.883      7.227          0      5.878      7.227      6.388      7.604      7.269      6.052      5.824      3.191      4.044      6.192      7.764      7.616      6.052      7.196      3.848      6.388      6.508      6.972      7.881       0.41      5.807      7.881      3.022      6.765      5.011      7.248      7.589      2.762     22.043      4.227      6.245      7.605      2.916      6.439      3.809      7.661       7.53      3.402      5.142      3.446       5.69      5.948       6.52       6.52       6.52       6.52          0          0          0          0 
       0.6      1.491      0.594      1.034      1.175      5.778      2.882      0.351      4.283      1.817      1.034      1.174       2.05        0.6      0.629      2.995      2.647      5.878          0      2.647       1.42      1.725      1.391      1.735      1.963      2.687      1.834      0.336      1.885      1.737      1.735      1.317      2.031       1.42      0.629      1.093      2.003      5.556      0.106      2.003      3.811      2.554      1.973      2.914      1.711       5.31     20.933      4.227      2.231      1.727      3.828      0.561      4.001       2.59      1.651      6.038      3.614      2.433      0.522      0.158      5.413      5.413      5.413      5.413          0          0          0          0 
     3.247      2.717      3.241      2.945      3.244      7.126       4.23       2.91       6.93       3.11      2.945      2.666      2.089      3.247      2.544      4.344          0      7.227      2.647          0      4.067      2.641      2.151      1.175      1.403      4.036      3.183      2.983      3.533      3.208      1.175      2.277      3.379      4.067      2.544      3.185      2.363      6.904      2.753      2.363       5.16      0.462      4.621      0.267      3.181      6.658     23.581      5.769      4.878      3.131      5.177      2.964       5.35      0.434      3.188      7.386      6.261      3.782      3.169      2.805       8.06       8.06       8.06       8.06          0          0          0          0 
      0.82       1.35      0.826      1.544      0.823       6.31      3.591      1.157      2.863      1.308      1.544      1.401       3.47       0.82      1.523      3.505      4.067      6.388       1.42      4.067          0      1.426      1.916      3.155      3.383      3.996      2.832      1.084      1.376      1.228      3.155       1.79      2.541          0      1.523      0.882      1.704      6.066      1.314      1.704      4.321      3.974      1.378      4.334      1.201       5.82     19.512      4.737      0.811      1.217      4.338      1.104      4.512       4.01      1.142      6.548      2.194      2.943      0.898      1.262      3.993      3.993      3.993      3.993          0          0          0          0 
     1.414      0.234      1.442       2.76      0.604      7.503      4.607      1.374      4.289      0.469       2.76      0.552      2.465      1.414      1.096       4.72      2.641      7.604      1.725      2.641      1.426          0       0.49      1.729      1.957      4.412      3.559      1.412      0.893      0.567      1.729      0.408      3.756      1.426      1.096      0.632      0.277      7.281      1.797      0.277      5.537      2.547      2.594      2.908      0.541      7.035     20.938      5.952      2.237       0.49      5.554      1.165      5.727      2.584      0.548      7.763       3.62      4.158      1.914      1.656      5.419      5.419      5.419      5.419          0          0          0          0 
     1.097      0.566      1.108      2.425      1.093      7.168      4.272      1.039      4.779      0.959      2.425      0.515      2.131      1.097      0.761      4.386      2.151      7.269      1.391      2.151      1.916       0.49          0      1.239      1.467      4.078      3.225      1.077      1.383      1.057      1.239      0.126      3.421      1.916      0.761      1.034      0.612      6.947      1.462      0.612      5.202      2.058       2.47      2.418      1.031        6.7     21.429      5.618      2.727       0.98      5.219       0.83      5.392      2.094      1.038      7.429       4.11      3.824      1.579      1.321      5.909      5.909      5.909      5.909          0          0          0          0 
     2.336      1.805      2.329      2.033      2.333      5.951      3.055      1.998      6.019      2.198      2.033      1.755      0.914      2.336      1.632      3.169      1.175      6.052      1.735      1.175      3.155      1.729      1.239          0      0.228      2.861      2.008      2.071      2.622      2.296          0      1.365      2.204      3.155      1.632      2.274      1.829      5.729      1.842      1.829      3.985      0.819      3.709      1.196       2.27      5.483     22.669      4.857      3.966      2.219      4.002      2.052      4.438      1.609      2.277      6.212       5.35      2.677      2.257      1.894      7.149      7.149      7.149      7.149          0          0          0          0 
     2.564      2.034      2.557      2.261      2.561      5.723      2.827      2.226      6.247      2.426      2.261      1.983      0.686      2.564       1.86      2.941      1.403      5.824      1.963      1.403      3.383      1.957      1.467      0.228          0      2.633       1.78      2.299       2.85      2.524      0.228      1.593      1.976      3.383       1.86      2.502      2.057      5.501       2.07      2.057       3.88      0.941      3.937      1.425      2.498      5.255     22.898      5.085      4.194      2.447      3.774       2.28      4.667      1.837      2.505      5.984      5.578      2.905      2.485      2.122      7.377      7.377      7.377      7.377          0          0          0          0 
     3.177      4.178       3.17      2.874      3.862       3.09      0.405      3.039       6.86      4.504      2.874      3.861      1.947      3.177      3.317      1.957      4.036      3.191      2.687      4.036      3.996      4.412      4.078      2.861      2.633          0      1.164      3.001      4.573      4.424      2.861      4.004      1.589      3.996      3.317       3.78       4.69      2.868      2.683       4.69      4.493      3.574       4.55      4.057      4.398      2.622     23.513      5.698      4.807      4.414      4.387      3.248       5.28       4.47      4.339      3.351      6.191      3.518      3.098      2.757       7.99       7.99       7.99       7.99          0          0          0          0 
     2.146      3.325      2.117       1.71      3.008      3.944      1.048      2.185      5.695      3.651       1.71      3.007      1.094      2.146      2.463      1.161      3.183      4.044      1.834      3.183      2.832      3.559      3.225      2.008       1.78      1.164          0      2.147      3.719      3.571      2.008      3.151      0.425      2.832      2.463      2.927      3.837      3.722      1.763      3.837      3.328      2.721      3.386      3.204      3.545      3.476     22.347      4.534      3.643      3.561      3.223      2.394      4.115      3.617      3.485      4.204      5.027      2.354      1.934      1.903      6.826      6.826      6.826      6.826          0          0          0          0 
     0.265      1.178      0.258      1.348      0.861      6.091      3.195      0.073      3.947      1.504      1.348       0.86      2.385      0.265      0.439      3.308      2.983      6.192      0.336      2.983      1.084      1.412      1.077      2.071      2.299      3.001      2.147          0      1.572      1.424      2.071      1.004      2.344      1.084      0.439       0.78      1.689      5.869      0.385      1.689      4.125      2.889      1.638       3.25      1.398      5.623     20.597       4.54      1.895      1.413      4.142      0.247      4.315      2.926      1.338      6.352      3.279      2.746      0.502      0.244      5.078      5.078      5.078      5.078          0          0          0          0 
     1.574      0.816      1.602       2.92      0.711      7.663      4.767      1.534       3.73      0.423       2.92      0.867      2.936      1.574      1.256       4.88      3.533      7.764      1.885      3.533      1.376      0.893      1.383      2.622       2.85      4.573      3.719      1.572          0      0.326      2.622      1.256      3.916      1.376      1.256      0.792       1.17      7.441      1.957       1.17      5.697       3.44      2.754        3.8      0.352      7.195     20.045      6.113       1.52      0.403      5.714      1.325      5.887      3.476      0.345      7.924      2.728      4.318      2.074      1.816      4.526      4.526      4.526      4.526          0          0          0          0 
     1.426      0.491      1.454      2.772      0.563      7.515      4.619      1.386      3.722      0.098      2.772      0.564       2.61      1.426      1.108      4.732      3.208      7.616      1.737      3.208      1.228      0.567      1.057      2.296      2.524      4.424      3.571      1.424      0.326          0      2.296      0.931      3.768      1.228      1.108      0.644      0.844      7.293      1.809      0.844      5.549      3.114      2.606      3.475      0.026      7.047     20.371      5.965       1.67      0.077      5.566      1.177      5.739      3.151      0.086      7.776      3.053       4.17      1.926      1.668      4.852      4.852      4.852      4.852          0          0          0          0 
     2.336      1.805      2.329      2.033      2.333      5.951      3.055      1.998      6.019      2.198      2.033      1.755      0.914      2.336      1.632      3.169      1.175      6.052      1.735      1.175      3.155      1.729      1.239          0      0.228      2.861      2.008      2.071      2.622      2.296          0      1.365      2.204      3.155      1.632      2.274      1.829      5.729      1.842      1.829      3.985      0.819      3.709      1.196       2.27      5.483     22.669      4.857      3.966      2.219      4.002      2.052      4.438      1.609      2.277      6.212       5.35      2.677      2.257      1.894      7.149      7.149      7.149      7.149          0          0          0          0 
     1.005       0.44      1.034      2.352      0.967      7.095      4.199      0.966      4.653      0.833      2.352      0.389      2.057      1.005      0.688      4.312      2.277      7.196      1.317      2.277       1.79      0.408      0.126      1.365      1.593      4.004      3.151      1.004      1.256      0.931      1.365          0      3.348       1.79      0.688      0.908      0.686      6.873      1.389      0.686      5.129      2.184      2.343      2.544      0.904      6.627     21.303      5.544      2.601      0.854      5.146      0.757      5.319       2.22      0.911      7.355      3.984       3.75      1.506      1.248      5.783      5.783      5.783      5.783          0          0          0          0 
     2.342      3.522      2.314      1.285      3.205      3.903      1.184      2.382      5.271      3.848      1.285      3.204      1.291      2.342       2.66      0.964      3.379      3.848      2.031      3.379      2.541      3.756      3.421      2.204      1.976      1.589      0.425      2.344      3.916      3.768      2.204      3.348          0      2.541       2.66      3.124      4.033      3.525      1.959      4.033      2.904      2.918      2.961      3.401      3.742      3.279     21.922      4.109      3.218      3.757      2.798      2.591       3.69      3.814      3.682      4.008      4.602      1.929      1.842        2.1      6.401      6.401      6.401      6.401          0          0          0          0 
      0.82       1.35      0.826      1.544      0.823       6.31      3.591      1.157      2.863      1.308      1.544      1.401       3.47       0.82      1.523      3.505      4.067      6.388       1.42      4.067          0      1.426      1.916      3.155      3.383      3.996      2.832      1.084      1.376      1.228      3.155       1.79      2.541          0      1.523      0.882      1.704      6.066      1.314      1.704      4.321      3.974      1.378      4.334      1.201       5.82     19.512      4.737      0.811      1.217      4.338      1.104      4.512       4.01      1.142      6.548      2.194      2.943      0.898      1.262      3.993      3.993      3.993      3.993          0          0          0          0 
     0.704      0.862      0.697      1.664      0.701      6.407      3.511      0.366      4.386      1.188      1.664      0.544      1.946      0.704          0      3.624      2.544      6.508      0.629      2.544      1.523      1.096      0.761      1.632       1.86      3.317      2.463      0.439      1.256      1.108      1.632      0.688       2.66      1.523          0      0.641      1.373      6.185      0.701      1.373      4.441      2.451      2.077      2.811      1.082      5.939     21.036      4.856      2.334      1.097      4.458       0.42      4.631      2.487      1.022      6.668      3.718      3.062      0.818       0.56      5.516      5.516      5.516      5.516          0          0          0          0 
     0.781      0.468       0.81      2.128      0.081      6.871      3.975      0.742      3.745      0.724      2.128      0.519      2.588      0.781      0.641      4.088      3.185      6.972      1.093      3.185      0.882      0.632      1.034      2.274      2.502       3.78      2.927       0.78      0.792      0.644      2.274      0.908      3.124      0.882      0.641          0       0.91      6.649      1.165       0.91      4.905      3.092      1.961      3.452      0.618      6.403     20.394       5.32      1.692      0.634      4.922      0.533      5.095      3.128      0.558      7.131      3.076      3.526      1.282      1.024      4.875      4.875      4.875      4.875          0          0          0          0 
     1.691      0.512       1.72      3.037      0.881       7.78      4.884      1.652      4.567      0.747      3.037      0.829      2.743      1.691      1.373      4.998      2.363      7.881      2.003      2.363      1.704      0.277      0.612      1.829      2.057       4.69      3.837      1.689       1.17      0.844      1.829      0.686      4.033      1.704      1.373       0.91          0      7.559      2.074          0      5.814       2.27      2.871       2.63      0.818      7.312     21.216       6.23      2.514      0.767      5.831      1.442      6.005      2.306      0.825      8.041      3.898      4.436      2.191      1.933      5.697      5.697      5.697      5.697          0          0          0          0 
     5.868      7.047      5.839      4.521       6.73      3.375      2.674      5.907      5.799      7.373      4.521      6.729      4.816      5.868      6.185      2.561      6.904       0.41      5.556      6.904      6.066      7.281      6.947      5.729      5.501      2.868      3.722      5.869      7.441      7.293      5.729      6.873      3.525      6.066      6.185      6.649      7.559          0      5.485      7.559      3.432      6.443      4.688      6.926      7.267      2.352     22.453      4.637      5.922      7.283      3.326      6.117      4.219      7.339      7.207      2.991      5.131      3.123      5.367      5.625       6.93       6.93       6.93       6.93          0          0          0          0 
     0.494      1.562      0.488      0.963      1.246      5.706       2.81      0.423      4.177      1.889      0.963      1.245      2.156      0.494      0.701      2.924      2.753      5.807      0.106      2.753      1.314      1.797      1.462      1.842       2.07      2.683      1.763      0.385      1.957      1.809      1.842      1.389      1.959      1.314      0.701      1.165      2.074      5.485          0      2.074       3.74       2.66      1.867       3.02      1.782      5.238     20.827      4.156      2.124      1.798      3.757      0.632       3.93      2.697      1.723      5.967      3.508      2.362      0.416      0.141      5.307      5.307      5.307      5.307          0          0          0          0 
     1.691      0.512       1.72      3.037      0.881       7.78      4.884      1.652      4.567      0.747      3.037      0.829      2.743      1.691      1.373      4.998      2.363      7.881      2.003      2.363      1.704      0.277      0.612      1.829      2.057       4.69      3.837      1.689       1.17      0.844      1.829      0.686      4.033      1.704      1.373       0.91          0      7.559      2.074          0      5.814       2.27      2.871       2.63      0.818      7.312     21.216       6.23      2.514      0.767      5.831      1.442      6.005      2.306      0.825      8.041      3.898      4.436      2.191      1.933      5.697      5.697      5.697      5.697          0          0          0          0 
     4.123      5.303      4.095      2.777      4.986      6.807      4.088      4.163      2.367      5.629      2.777      4.985      3.966      4.123      4.441      2.536       5.16      3.022      3.811       5.16      4.321      5.537      5.202      3.985       3.88      4.493      3.328      4.125      5.697      5.549      3.985      5.129      2.904      4.321      4.441      4.905      5.814      3.432       3.74      5.814          0      4.698      2.943      5.182      5.523      5.784     19.019      1.205      4.178      5.538      0.106      4.372      0.787      5.594      5.463      6.424      3.075      1.378      3.623      3.881      3.498      3.498      3.498      3.498          0          0          0          0 
     3.154      2.624      3.148      2.851      3.151      6.664      3.769      2.816      6.837      3.017      2.851      2.573      1.627      3.154      2.451      3.882      0.462      6.765      2.554      0.462      3.974      2.547      2.058      0.819      0.941      3.574      2.721      2.889       3.44      3.114      0.819      2.184      2.918      3.974      2.451      3.092       2.27      6.443       2.66       2.27      4.698          0      4.527      0.483      3.088      6.196     23.488      5.675      4.784      3.037      4.715       2.87      5.257      0.896      3.095      6.925      6.168      3.495      3.076      2.712      7.967      7.967      7.967      7.967          0          0          0          0 
     1.373      2.359      1.379      1.676      2.043      6.864      4.145      1.711       2.31      2.686      1.676      2.042      4.023      1.373      2.077      2.593      4.621      5.011      1.973      4.621      1.378      2.594       2.47      3.709      3.937       4.55      3.386      1.638      2.754      2.606      3.709      2.343      2.961      1.378      2.077      1.961      2.871      4.688      1.867      2.871      2.943      4.527          0      4.888      2.579       5.84     18.959      3.359      1.234      2.595       2.96      1.657      3.134      4.564       2.52       6.48      1.641      1.565      1.452      1.815       3.44       3.44       3.44       3.44          0          0          0          0 
     3.515      2.984      3.508      3.212      3.511      7.147      4.252      3.177      7.197      3.377      3.212      2.933       2.11      3.515      2.811      4.365      0.267      7.248      2.914      0.267      4.334      2.908      2.418      1.196      1.425      4.057      3.204       3.25        3.8      3.475      1.196      2.544      3.401      4.334      2.811      3.452       2.63      6.926       3.02       2.63      5.182      0.483      4.888          0      3.448      6.679     23.848      6.036      5.145      3.398      5.199      3.231      5.617      0.413      3.455      7.408      6.528      3.856      3.436      3.073      8.327      8.327      8.327      8.327          0          0          0          0 
     1.399      0.464      1.428      2.746      0.537      7.489      4.593       1.36      3.748      0.106      2.746      0.537      2.584      1.399      1.082      4.706      3.181      7.589      1.711      3.181      1.201      0.541      1.031       2.27      2.498      4.398      3.545      1.398      0.352      0.026       2.27      0.904      3.742      1.201      1.082      0.618      0.818      7.267      1.782      0.818      5.523      3.088      2.579      3.448          0      7.021     20.397      5.938      1.696      0.051       5.54       1.15      5.713      3.125       0.06      7.749       3.08      4.144        1.9      1.641      4.878      4.878      4.878      4.878          0          0          0          0 
     5.621        6.8      5.593      4.275      6.484      1.023      2.428      5.661      8.151      7.127      4.275      6.483      4.569      5.621      5.939      3.247      6.658      2.762       5.31      6.658       5.82      7.035        6.7      5.483      5.255      2.622      3.476      5.623      7.195      7.047      5.483      6.627      3.279       5.82      5.939      6.403      7.312      2.352      5.238      7.312      5.784      6.196       5.84      6.679      7.021          0     24.805      6.989      6.098      7.036      5.678       5.87       6.57      7.092      6.961      0.729      7.482      4.808      5.121      5.379      9.281      9.281      9.281      9.281          0          0          0          0 
    20.332     20.862     20.339     20.636     20.335     25.829     23.108      20.67     16.649     20.469     20.636     20.913     22.984     20.332     21.036     21.555     23.581     22.043     20.933     23.581     19.512     20.938     21.429     22.669     22.898     23.513     22.347     20.597     20.045     20.371     22.669     21.303     21.922     19.512     21.036     20.394     21.216     22.453     20.827     21.216     19.019     23.488     18.959     23.848     20.397     24.805          0     17.813     18.701     20.448     19.124     20.616     18.232     23.524     20.391     25.446     17.318     19.993     20.411     20.775     15.519     15.519     15.519     15.519          0          0          0          0 
     4.539      5.718       4.51      3.192      5.402      8.012      5.293      4.578      2.383      6.045      3.192      5.401      5.171      4.539      4.856      3.741      5.769      4.227      4.227      5.769      4.737      5.952      5.618      4.857      5.085      5.698      4.534       4.54      6.113      5.965      4.857      5.544      4.109      4.737      4.856       5.32       6.23      4.637      4.156       6.23      1.205      5.675      3.359      6.036      5.938      6.989     17.813          0      4.593      5.954      1.311      4.788      0.418       6.01      5.879      7.629       3.49       2.18      4.038      4.297      2.292      2.292      2.292      2.292          0          0          0          0 
      1.63       2.16      1.637      1.933      1.633      7.121      4.402      1.968       2.21      1.767      1.933      2.211       4.28       1.63      2.334      3.361      4.878      6.245      2.231      4.878      0.811      2.237      2.727      3.966      4.194      4.807      3.643      1.895       1.52       1.67      3.966      2.601      3.218      0.811      2.334      1.692      2.514      5.922      2.124      2.514      4.178      4.784      1.234      5.145      1.696      6.098     18.701      4.593          0      1.747      4.195      1.914      4.368      4.821      1.689      6.738      1.384      2.799      1.709      2.072      3.182      3.182      3.182      3.182          0          0          0          0 
     1.415      0.413      1.444      2.761      0.552      7.504      4.608      1.375      3.799      0.091      2.761      0.553      2.533      1.415      1.097      4.722      3.131      7.605      1.727      3.131      1.217       0.49       0.98      2.219      2.447      4.414      3.561      1.413      0.403      0.077      2.219      0.854      3.757      1.217      1.097      0.634      0.767      7.283      1.798      0.767      5.538      3.037      2.595      3.398      0.051      7.036     20.448      5.954      1.747          0      5.555      1.166      5.729      3.074      0.075      7.765      3.131       4.16      1.915      1.657      4.929      4.929      4.929      4.929          0          0          0          0 
      4.14       5.32      4.112      2.794      5.003      6.701      3.982       4.18      2.473      5.646      2.794      5.002       3.86       4.14      4.458       2.43      5.177      2.916      3.828      5.177      4.338      5.554      5.219      4.002      3.774      4.387      3.223      4.142      5.714      5.566      4.002      5.146      2.798      4.338      4.458      4.922      5.831      3.326      3.757      5.831      0.106      4.715       2.96      5.199       5.54      5.678     19.124      1.311      4.195      5.555          0      4.389      0.893      5.611       5.48      6.318      3.092      1.395       3.64      3.898      3.603      3.603      3.603      3.603          0          0          0          0 
     0.284       0.93      0.277      1.595      0.614      6.338      3.442      0.209      3.967      1.257      1.595      0.613      2.366      0.284       0.42      3.556      2.964      6.439      0.561      2.964      1.104      1.165       0.83      2.052       2.28      3.248      2.394      0.247      1.325      1.177      2.052      0.757      2.591      1.104       0.42      0.533      1.442      6.117      0.632      1.442      4.372       2.87      1.657      3.231       1.15       5.87     20.616      4.788      1.914      1.166      4.389          0      4.562      2.907      1.091      6.599      3.298      2.994      0.749      0.491      5.097      5.097      5.097      5.097          0          0          0          0 
     4.313      5.493      4.285      2.967      5.176      7.594      4.875      4.353      2.158      5.819      2.967      5.175      4.753      4.313      4.631      3.323       5.35      3.809      4.001       5.35      4.512      5.727      5.392      4.438      4.667       5.28      4.115      4.315      5.887      5.739      4.438      5.319       3.69      4.512      4.631      5.095      6.005      4.219       3.93      6.005      0.787      5.257      3.134      5.617      5.713       6.57     18.232      0.418      4.368      5.729      0.893      4.562          0      5.785      5.653       7.21      3.265      1.762      3.813      4.071      2.711      2.711      2.711      2.711          0          0          0          0 
     3.191       2.66      3.184      2.888      3.187       7.56      4.665      2.853      6.873      3.053      2.888      2.609      2.523      3.191      2.487      4.778      0.434      7.661       2.59      0.434       4.01      2.584      2.094      1.609      1.837       4.47      3.617      2.926      3.476      3.151      1.609       2.22      3.814       4.01      2.487      3.128      2.306      7.339      2.697      2.306      5.594      0.896      4.564      0.413      3.125      7.092     23.524       6.01      4.821      3.074      5.611      2.907      5.785          0      3.131      7.821      6.204      4.216      3.112      2.749      8.003      8.003      8.003      8.003          0          0          0          0 
      1.34      0.471      1.368      2.686      0.477      7.429      4.533        1.3      3.741      0.166      2.686      0.522      2.591       1.34      1.022      4.646      3.188       7.53      1.651      3.188      1.142      0.548      1.038      2.277      2.505      4.339      3.485      1.338      0.345      0.086      2.277      0.911      3.682      1.142      1.022      0.558      0.825      7.207      1.723      0.825      5.463      3.095       2.52      3.455       0.06      6.961     20.391      5.879      1.689      0.075       5.48      1.091      5.653      3.131          0       7.69      3.073      4.084       1.84      1.582      4.872      4.872      4.872      4.872          0          0          0          0 
      6.35      7.529      6.322      5.004      7.213      0.383      3.157       6.39      8.791      7.856      5.004      7.212      5.298       6.35      6.668      3.887      7.386      3.402      6.038      7.386      6.548      7.763      7.429      6.212      5.984      3.351      4.204      6.352      7.924      7.776      6.212      7.355      4.008      6.548      6.668      7.131      8.041      2.991      5.967      8.041      6.424      6.925       6.48      7.408      7.749      0.729     25.446      7.629      6.738      7.765      6.318      6.599       7.21      7.821       7.69          0      8.122      5.448       5.85      6.108      9.921      9.921      9.921      9.921          0          0          0          0 
     3.014      3.544       3.02      3.317      3.017      8.505      5.786      3.352      1.107      3.151      3.317      3.595      5.664      3.014      3.718      4.234      6.261      5.142      3.614      6.261      2.194       3.62       4.11       5.35      5.578      6.191      5.027      3.279      2.728      3.053       5.35      3.984      4.602      2.194      3.718      3.076      3.898      5.131      3.508      3.898      3.075      6.168      1.641      6.528       3.08      7.482     17.318       3.49      1.384      3.131      3.092      3.298      3.265      6.204      3.073      8.122          0      2.673      3.093      3.456      1.886      1.886      1.886      1.886          0          0          0          0 
     2.745      3.924      2.716      1.398      3.608      5.832      3.113      2.784      3.342       4.25      1.398      3.607      2.991      2.745      3.062      1.561      3.782      3.446      2.433      3.782      2.943      4.158      3.824      2.677      2.905      3.518      2.354      2.746      4.318       4.17      2.677       3.75      1.929      2.943      3.062      3.526      4.436      3.123      2.362      4.436      1.378      3.495      1.565      3.856      4.144      4.808     19.993       2.18      2.799       4.16      1.395      2.994      1.762      4.216      4.084      5.448      2.673          0      2.244      2.503      4.472      4.472      4.472      4.472          0          0          0          0 
       0.5       1.68      0.472      0.846      1.363      5.589      2.693       0.54      3.761      2.006      0.846      1.362      2.572        0.5      0.818      2.806      3.169       5.69      0.522      3.169      0.898      1.914      1.579      2.257      2.485      3.098      1.934      0.502      2.074      1.926      2.257      1.506      1.842      0.898      0.818      1.282      2.191      5.367      0.416      2.191      3.623      3.076      1.452      3.436        1.9      5.121     20.411      4.038      1.709      1.915       3.64      0.749      3.813      3.112       1.84       5.85      3.093      2.244          0      0.363      4.891      4.891      4.891      4.891          0          0          0          0 
     0.442      1.421      0.436      1.104      1.105      5.847      2.951      0.282      4.125      1.748      1.104      1.104      2.208      0.442       0.56      3.065      2.805      5.948      0.158      2.805      1.262      1.656      1.321      1.894      2.122      2.757      1.903      0.244      1.816      1.668      1.894      1.248        2.1      1.262       0.56      1.024      1.933      5.625      0.141      1.933      3.881      2.712      1.815      3.073      1.641      5.379     20.775      4.297      2.072      1.657      3.898      0.491      4.071      2.749      1.582      6.108      3.456      2.503      0.363          0      5.255      5.255      5.255      5.255          0          0          0          0 
     4.813      5.343      4.819      5.116      4.816     10.304      7.585      5.151       1.13       4.95      5.116      5.394      7.463      4.813      5.516      6.033       8.06       6.52      5.413       8.06      3.993      5.419      5.909      7.149      7.377       7.99      6.826      5.078      4.526      4.852      7.149      5.783      6.401      3.993      5.516      4.875      5.697       6.93      5.307      5.697      3.498      7.967       3.44      8.327      4.878      9.281     15.519      2.292      3.182      4.929      3.603      5.097      2.711      8.003      4.872      9.921      1.886      4.472      4.891      5.255          0          0          0          0          0          0          0          0 
     4.813      5.343      4.819      5.116      4.816     10.304      7.585      5.151       1.13       4.95      5.116      5.394      7.463      4.813      5.516      6.033       8.06       6.52      5.413       8.06      3.993      5.419      5.909      7.149      7.377       7.99      6.826      5.078      4.526      4.852      7.149      5.783      6.401      3.993      5.516      4.875      5.697       6.93      5.307      5.697      3.498      7.967       3.44      8.327      4.878      9.281     15.519      2.292      3.182      4.929      3.603      5.097      2.711      8.003      4.872      9.921      1.886      4.472      4.891      5.255          0          0          0          0          0          0          0          0 
     4.813      5.343      4.819      5.116      4.816     10.304      7.585      5.151       1.13       4.95      5.116      5.394      7.463      4.813      5.516      6.033       8.06       6.52      5.413       8.06      3.993      5.419      5.909      7.149      7.377       7.99      6.826      5.078      4.526      4.852      7.149      5.783      6.401      3.993      5.516      4.875      5.697       6.93      5.307      5.697      3.498      7.967       3.44      8.327      4.878      9.281     15.519      2.292      3.182      4.929      3.603      5.097      2.711      8.003      4.872      9.921      1.886      4.472      4.891      5.255          0          0          0          0          0          0          0          0 
     4.813      5.343      4.819      5.116      4.816     10.304      7.585      5.151       1.13       4.95      5.116      5.394      7.463      4.813      5.516      6.033       8.06       6.52      5.413       8.06      3.993      5.419      5.909      7.149      7.377       7.99      6.826      5.078      4.526      4.852      7.149      5.783      6.401      3.993      5.516      4.875      5.697       6.93      5.307      5.697      3.498      7.967       3.44      8.327      4.878      9.281     15.519      2.292      3.182      4.929      3.603      5.097      2.711      8.003      4.872      9.921      1.886      4.472      4.891      5.255          0          0          0          0          0          0          0          0 
         0          0          0          0          0          0          0          0          0          0          0          0          0          0          0          0          0          0          0          0          0          0          0          0          0          0          0          0          0          0          0          0          0          0          0          0          0          0          0          0          0          0          0          0          0          0          0          0          0          0          0          0          0          0          0          0          0          0          0          0          0          0          0          0          0          0          0          0 
         0          0          0          0          0          0          0          0          0          0          0          0          0          0          0          0          0          0          0          0          0          0          0          0          0          0          0          0          0          0          0          0          0          0          0          0          0          0          0          0          0          0          0          0          0          0          0          0          0          0          0          0          0          0          0          0          0          0          0          0          0          0          0          0          0          0          0          0 
         0          0          0          0          0          0          0          0          0          0          0          0          0          0          0          0          0          0          0          0          0          0          0          0          0          0          0          0          0          0          0          0          0          0          0          0          0          0          0          0          0          0          0          0          0          0          0          0          0          0          0          0          0          0          0          0          0          0          0          0          0          0          0          0          0          0          0          0 
         0          0          0          0          0          0          0          0          0          0          0          0          0          0          0          0          0          0          0          0          0          0          0          0          0          0          0          0          0          0          0          0          0          0          0          0          0          0          0          0          0          0          0          0          0          0          0          0          0          0          0          0          0          0          0          0          0          0          0          0          0          0          0          0          0          0          0          0 
Version identifier: 22.1.1.0 | 2022-11-28 | 9160aff4d
CPXPARAM_Threads                                 1
CPXPARAM_TimeLimit                               7200
Tried aggregator 2 times.
MIP Presolve eliminated 2458 rows and 8100 columns.
MIP Presolve modified 2498 coefficients.
Aggregator did 31 substitutions.
Reduced MIP has 505 rows, 1645 columns, and 5255 nonzeros.
Reduced MIP has 1627 binaries, 0 generals, 0 SOSs, and 0 indicators.
Presolve time = 0.01 sec. (20.63 ticks)
Probing time = 0.00 sec. (3.50 ticks)
Tried aggregator 1 time.
Detecting symmetries...
Reduced MIP has 505 rows, 1645 columns, and 5255 nonzeros.
Reduced MIP has 1627 binaries, 0 generals, 0 SOSs, and 0 indicators.
Presolve time = 0.00 sec. (3.59 ticks)
Probing time = 0.00 sec. (3.47 ticks)
Clique table members: 3507.
MIP emphasis: balance optimality and feasibility.
MIP search method: dynamic search.
Parallel mode: none, using 1 thread.
Root relaxation solution time = 0.01 sec. (8.27 ticks)

        Nodes                                         Cuts/
   Node  Left     Objective  IInf  Best Integer    Best Bound    ItCnt     Gap

      0     0       57.9713     4                     57.9713      454         
*     0+    0                           57.9713       57.9713             0.00%
      0     0        cutoff             57.9713       57.9713      454    0.00%
Elapsed time = 0.04 sec. (53.90 ticks, tree = 0.01 MB, solutions = 1)

Root node processing (before b&c):
  Real time             =    0.04 sec. (54.19 ticks)
Sequential b&c:
  Real time             =    0.00 sec. (0.00 ticks)
                          ------------
Total (root+branch&cut) =    0.04 sec. (54.19 ticks)

Sol status: Optimal
 Total Time: 0.04
 LB: 57.9713
 UB: 57.9713
Initializing solStats

Obj Val: 57.9713

Solve Time: 0.04
b(0): 13.2666666666667
b(1): 10.8166666666667
b(2): 14.7666666666667
b(3): 14.85
b(4): 10.3333333333333
b(5): 13.4333333333333
b(6): 11.5
b(7): 12.6833333333333
b(8): 14.5833333333333
b(9): 10
b(10): 14.85
b(11): 13.4166666666667
b(12): 13.8666666666667
b(13): 13.2666666666667
b(14): 15.95
b(15): 15.2333333333333
b(16): 12.85
b(17): 12.1666666666667
b(18): 15.3
b(19): 12.85
b(20): 13.3700000097561
b(21): 10.9057073198572
b(22): 14.8770244034265
b(23): 14.982918723375
b(24): 10.4791301117708
b(25): 13.5920325570891
b(26): 11.6088943214119
b(27): 12.7684471553401
b(28): 14.7576423208011
b(29): 10.0857235784017
b(30): 14.982918723375
b(31): 13.6761544761729
b(32): 14.1481544869046
b(33): 13.3700000097561
b(34): 16.2
b(35): 15.5830406990442
b(36): 12.990967507789
b(37): 12.260000004878
b(38): 15.5525853671148
b(39): 12.990967507789
b(40): 14.8166666666667
b(41): 13.1666666666667
b(42): 12.5166666666667
b(43): 12.7666666666667
b(44): 16.4166666666667
b(45): 14.55
b(46): 15.1833333333333
b(47): 16.5833333333333
b(48): 10.0833333333333
b(49): 15.2833333333333
b(50): 15.9833333333333
b(51): 14.3333333333333
b(52): 13.6166666666667
b(53): 13.8666666666667
b(54): 17.5333333333333
b(55): 16.0666666666667
b(56): 16.3333333333333
b(57): 17.7166666666667
b(58): 11.2166666666667
b(59): 16.4666666666667
b(60): 9
b(61): 9
b(62): 9
b(63): 9
b(64): 19
b(65): 19
b(66): 19
b(67): 19


Customer profit: 94.31774
Parcel profit: 0
Costs: 36.34644
Without fixed: 36.34644

Solution: 
Vehicle 0: 60 - 4 - 24 - 16 - 36 - 11 - 31 - 2 - 22 - 18 - 38 - 64 - Total time: 6.55258536711481
Vehicle 1: 61 - 6 - 26 - 19 - 39 - 0 - 20 - 8 - 28 - 65 - Total time: 5.75764232080113
Vehicle 2: 62 - 17 - 37 - 5 - 25 - 12 - 32 - 3 - 23 - 15 - 35 - 14 - 34 - 66 - Total time: 7.2
Vehicle 3: 63 - 9 - 29 - 1 - 21 - 7 - 27 - 13 - 33 - 10 - 30 - 67 - Total time: 5.98291872337499

Vehicle 0: d - P - d - D - d - D - d - P - d - D - f
Vehicle 1: d - P - d - D - d - P - d - P - f
Vehicle 2: d - D - d - P - d - D - d - P - d - D - d - D - f
Vehicle 3: d - P - d - P - d - P - d - D - d - D - f

************************************
Final solution value: 57.9713
************************************

Total distance: 79.014

Total passenger distance: 28.658

Total parcel distance: 0

Total combined transportation distance: 0

Total idle distance: 50.356
File exists: 1
partial: 
CSV file 'TreatResults/FullResults/fip1ADsf_dataM.csv' generated successfully!
Instance Name: sfsarp-20-10-3

K: 3
Dist Matrix: 
         0      6.032      0.956     39.518     19.138      3.823      2.368      3.728      5.106      0.938      4.042      3.318      2.686      2.368      3.387      3.451      3.829      4.611      2.456      2.251        3.7       5.85      1.528     18.739      5.783      3.668       4.67      4.608      3.085      1.255      2.523      2.629      2.648       4.67      4.098      3.531      3.506      5.341      2.478      2.557       3.88      4.949      3.323       3.88      0.849      1.047      4.415      0.849      2.119      6.075      3.869      4.648       3.31      3.869      3.543      2.412      2.896      3.543      2.739      8.793      3.553      3.553      3.553          0          0          0 
     6.032          0      6.233     45.551     25.172      3.927      3.664      2.988     11.138      5.304       1.99      2.714      4.433      3.664      2.644      2.581      4.799      5.571      8.487      4.553      4.559      0.204      4.784     24.773      3.635      4.837      3.708      3.155      2.947      4.776      3.508      4.332      4.506      3.708      4.424        2.5      4.209      6.301       8.51      4.282      4.783      1.882      6.024      4.783      5.249      4.985       2.26      5.249      3.913      3.905      4.794      3.159      6.389      4.794      4.734       6.69      4.487      4.734      4.397      5.291      9.584      9.584      9.584          0          0          0 
     0.956      6.233          0     39.315     18.936      2.867      2.747      3.245      4.904      0.929      4.244      3.519        1.8      2.747      3.589      3.653      2.873      5.567      2.254       1.68      2.744      6.051      1.449     18.537      5.984      2.711      4.345      4.809      3.287      1.457      2.725      1.901      1.727      4.345      3.142      3.733       2.55      6.298      2.276      1.951      2.924       5.15      2.367      2.924      1.806      1.892      4.616      1.806       2.32      6.276      2.913      4.849      2.354      2.913      2.586      1.456      1.939      2.586      1.836      8.995      3.351      3.351      3.351          0          0          0 
    39.518     45.551     39.315          0     20.389     41.618     41.889     42.558     34.411     40.244     43.562     42.837     41.114     41.889     42.903      42.97     40.746     42.759     37.062     40.994     40.986     45.369     40.764      20.79     45.306     40.708     43.657     44.123     42.602     40.773      42.04     41.215      41.04     43.657      41.12     43.051     41.336     43.468      37.04     41.265     40.762     44.465     39.521     40.762     40.302     40.566     43.931     40.302     41.635     45.599     40.751     44.162     39.156     40.751     40.811     38.856     41.059     40.811     41.149      48.32     35.964     35.964     35.964          0          0          0 
    19.138     25.172     18.936     20.389          0     21.241     21.508     22.181     14.031     19.865     23.183     22.457     20.736     21.508     22.526     22.591     20.369     22.377     16.682     20.616     20.609      24.99     20.385      0.444     24.925     20.331     23.281     23.746     22.224     20.394     21.662     20.837     20.663     23.281     20.744     22.671     20.959     23.086      16.66     20.887     20.385     24.088     19.143     20.385     19.922     20.186     23.553     19.922     21.257     25.217     20.374     23.786     18.779     20.374     20.434     18.478     20.682     20.434     20.771     27.938     15.584     15.584     15.584          0          0          0 
     3.823      3.927      2.867     41.618     21.241          0      5.614      0.939      7.209      2.886      4.624      3.611      1.137      5.614      1.283      3.811      0.871      8.433      4.559      1.573      0.632      3.745      2.296     20.842      6.497       0.91      2.039      2.504      2.335      3.147      1.774      1.194      1.175      2.039      0.497      4.047      0.317      9.164      4.581      1.266      0.856      2.844      2.097      0.856      4.673      4.759      2.311      4.673      1.968      6.767      0.867      2.543      2.461      0.867      0.807      2.762      0.928      0.807      1.084      8.153      5.656      5.656      5.656          0          0          0 
     2.368      3.664      2.747     41.889     21.508      5.614          0      5.518      7.474      2.729      1.674      2.003      4.477          0      4.774      1.803       5.62      2.819      4.824      4.041      5.491      3.482      3.319     21.109      3.415      5.458       6.46      5.907      3.279      2.467       3.84       4.42      4.439       6.46      5.889      1.567      5.297       3.55      4.846      4.348      5.671      4.634      5.114      5.671      1.585      1.321      5.012      1.585      3.646      3.707       5.66      5.912      5.101       5.66      5.333      4.203      4.686      5.333       4.53      6.426      5.921      5.921      5.921          0          0          0 
     3.728      2.988      3.245     42.558     22.181      0.939      5.518          0      8.149       2.79      4.528      3.515      1.445      5.518      0.744      3.715      1.811      8.337      5.499      1.565      1.571      2.806        2.2     21.782      6.402      1.849        1.1      1.564      2.239      3.051      1.678      1.344      1.518        1.1      1.436      3.951      1.221      9.068      5.521      1.294      1.795      1.905      3.036      1.795      4.577      4.663      1.371      4.577      1.872      6.671      1.806      1.604        3.4      1.806      1.746      3.702      1.499      1.746      1.409      8.058      6.596      6.596      6.596          0          0          0 
     5.106     11.138      4.904     34.411     14.031      7.209      7.474      8.149          0      5.833      9.148      8.424      6.704      7.474      8.493      8.557      6.338      8.341       2.65      6.584      6.577     10.956      6.353     14.141     10.889      6.299      9.249      9.713      8.191      6.361      7.629      6.805      6.631      9.249      6.712      8.637      6.927      9.049      2.628      6.855      6.353     10.054      5.112      6.353      5.889      6.153       9.52      5.889      7.224     11.181      6.342      9.753      4.748      6.342      6.402      4.447       6.65      6.402      6.739       13.9      1.553      1.553      1.553          0          0          0 
     0.938      5.304      0.929     40.244     19.865      2.886      2.729       2.79      5.833          0      3.315      2.591      1.748      2.729       2.66      2.724      2.891      5.548      3.183      1.313      2.763      5.123       0.59     19.466      5.055       2.73      3.732      3.881      2.358      0.528      1.796      1.692       1.71      3.732      3.161      2.804      2.568      6.279      3.205      1.619      2.942      4.221      2.385      2.942      1.787      1.874      3.688      1.787      1.391      5.347      2.931       3.92      2.372      2.931      2.605      1.474      1.958      2.605      1.802      8.066       4.28       4.28       4.28          0          0          0 
     4.042       1.99      4.244     43.562     23.183      4.624      1.674      4.528      9.148      3.315          0      1.013      3.487      1.674      3.784      0.813       4.63      3.809      6.498      3.051      4.501      1.966      2.795     22.783      1.874      4.468       5.47      4.917      2.289      2.787       2.85       3.43      3.449       5.47      4.899      0.577      4.307       4.54       6.52      3.358       4.68      3.644      4.124       4.68      3.259      2.995      4.022      3.259      2.656      2.143      4.669      4.922      4.399      4.669      4.343        4.7      3.696      4.343       3.54      4.751      7.595      7.595      7.595          0          0          0 
     3.318      2.714      3.519     42.837     22.457      3.611      2.003      3.515      8.424      2.591      1.013          0      2.474      2.003      2.772        0.2      3.617      4.822      5.773      2.039      3.488      2.532      2.071     22.058      2.887      3.456      4.457      3.904      1.276      2.063      1.838      2.417      2.436      4.457      3.886      0.436      3.294      5.553      5.796      2.345      3.668      2.631      3.311      3.668      2.535      2.271       3.01      2.535      1.643      3.156      3.657      3.909      3.675      3.657       3.33      3.976      2.683       3.33      2.527      5.475       6.87       6.87       6.87          0          0          0 
     2.686      4.433        1.8     41.114     20.736      1.137      4.477      1.445      6.704      1.748      3.487      2.474          0      4.477      1.789      2.674      1.143      7.296      4.054      0.435      1.014      4.251      1.158     20.336      5.361      0.982      2.545      3.009      1.486       2.01      0.925      0.101      0.073      2.545      1.412       2.91       0.82      8.027      4.076      0.151      1.194       3.35      1.591      1.194      3.535      3.622      2.816      3.535      0.831       5.63      1.183      3.049      1.956      1.183      0.856      2.257      0.209      0.856      0.053      7.194      5.151      5.151      5.151          0          0          0 
     2.368      3.664      2.747     41.889     21.508      5.614          0      5.518      7.474      2.729      1.674      2.003      4.477          0      4.774      1.803       5.62      2.819      4.824      4.041      5.491      3.482      3.319     21.109      3.415      5.458       6.46      5.907      3.279      2.467       3.84       4.42      4.439       6.46      5.889      1.567      5.297       3.55      4.846      4.348      5.671      4.634      5.114      5.671      1.585      1.321      5.012      1.585      3.646      3.707       5.66      5.912      5.101       5.66      5.333      4.203      4.686      5.333       4.53      6.426      5.921      5.921      5.921          0          0          0 
     3.387      2.644      3.589     42.903     22.526      1.283      4.774      0.744      8.493       2.66      3.784      2.772      1.789      4.774          0      2.972      2.155      7.594      5.843      1.909      1.915      2.462       2.14     22.126      5.658      2.193      1.686       1.22      1.496      2.308      0.934      1.688      1.862      1.686       1.78      3.207      1.565      8.324      5.865      1.638      2.139      1.561       3.38      2.139      3.833       3.92      1.027      3.833      1.269      5.928       2.15       1.26      3.744       2.15       2.09      4.046      1.843       2.09      1.753      7.314       6.94       6.94       6.94          0          0          0 
     3.451      2.581      3.653      42.97     22.591      3.811      1.803      3.715      8.557      2.724      0.813        0.2      2.674      1.803      2.972          0      3.817      4.622      5.907      2.239      3.688      2.399      2.204     22.192      2.687      3.656      4.657      4.104      1.476      2.196      2.038      2.617      2.636      4.657      4.086      0.236      3.494      5.353      5.929      2.545      3.868      2.831      3.444      3.868      2.669      2.404       3.21      2.669      1.843      2.956      3.857      4.109      3.808      3.857       3.53      4.109      2.883       3.53      2.727      5.342      7.004      7.004      7.004          0          0          0 
     3.829      4.799      2.873     40.746     20.369      0.871       5.62      1.811      6.338      2.891       4.63      3.617      1.143       5.62      2.155      3.817          0      8.439       4.46      1.578       0.24      4.617      2.301      19.97      6.503      0.161      2.911      3.375      2.341      3.153      1.779        1.2      1.181      2.911      0.375      4.052      0.589       9.17      4.482      1.272      0.051      3.716      1.225      0.051      4.678      4.765      3.182      4.678      1.974      6.773       0.04      3.415       1.59       0.04      0.286      1.891      0.934      0.286       1.09      8.159      4.785      4.785      4.785          0          0          0 
     4.611      5.571      5.567     42.759     22.377      8.433      2.819      8.337      8.341      5.548      3.809      4.822      7.296      2.819      7.594      4.622      8.439          0       5.69      6.861       8.31      5.775      6.138     21.977      2.549      8.278      9.279      8.726      6.098      5.286       6.66       7.24      7.258      9.279      8.708      4.386      8.116      0.731      5.712      7.167       8.49      7.453      7.933       8.49      3.761      3.674      7.831      3.761      6.465      2.841      8.479      8.731       7.92      8.479      8.153      7.023      7.506      8.153      7.349       5.56      6.787      6.787      6.787          0          0          0 
     2.456      8.487      2.254     37.062     16.682      4.559      4.824      5.499       2.65      3.183      6.498      5.773      4.054      4.824      5.843      5.907       4.46       5.69          0      3.934      4.331      8.305      3.703     16.283      8.239      4.298      6.599      7.063       5.54      3.711      4.979      4.155      3.981      6.599      4.729      5.987      4.277      6.399      0.022      4.205      4.511      7.404      3.954      4.511      3.238      3.503       6.87      3.238      4.574      8.531      4.499      7.103      3.941      4.499      4.173      3.043          4      4.173      4.089      11.25      1.097      1.097      1.097          0          0          0 
     2.251      4.553       1.68     40.994     20.616      1.573      4.041      1.565      6.584      1.313      3.051      2.039      0.435      4.041      1.909      2.239      1.578      6.861      3.934          0       1.45      4.371      0.723     20.217      4.925      1.417      2.665      3.129      1.606      1.575      1.045      0.379      0.397      2.665      1.848      2.474      1.255      7.591      3.956      0.306      1.629       3.47      1.472      1.629        3.1      3.187      2.936        3.1       0.64      5.195      1.618      3.169      1.836      1.618      1.292      2.137      0.645      1.292      0.489      7.314      5.031      5.031      5.031          0          0          0 
       3.7      4.559      2.744     40.986     20.609      0.632      5.491      1.571      6.577      2.763      4.501      3.488      1.014      5.491      1.915      3.688       0.24       8.31      4.331       1.45          0      4.377      2.173      20.21      6.375      0.278      2.671      3.135      2.212      3.024      1.651      1.071      1.052      2.671      0.398      3.924       0.35      9.041      4.353      1.143      0.224      3.476      1.465      0.224       4.55      4.636      2.942       4.55      1.845      6.644      0.235      3.175      1.829      0.235      0.175       2.13      0.805      0.175      0.961      8.031      5.024      5.024      5.024          0          0          0 
      5.85      0.204      6.051     45.369      24.99      3.745      3.482      2.806     10.956      5.123      1.966      2.532      4.251      3.482      2.462      2.399      4.617      5.775      8.305      4.371      4.377          0      4.603     24.591       3.84      4.655      3.504      2.951      2.765      4.595      3.326       4.15      4.324      3.504      4.242      2.319      4.028      6.505      8.328        4.1      4.601      1.678      5.842      4.601      5.067      4.803      2.056      5.067      3.731      4.109      4.612      2.955      6.207      4.612      4.552      6.508      4.305      4.552      4.215      5.496      9.402      9.402      9.402          0          0          0 
     1.528      4.784      1.449     40.764     20.385      2.296      3.319        2.2      6.353       0.59      2.795      2.071      1.158      3.319       2.14      2.204      2.301      6.138      3.703      0.723      2.173      4.603          0     19.986      4.535       2.14      3.142      3.361      1.838      0.852      1.276      1.102       1.12      3.142       2.57      2.284      1.978      6.869      3.725      1.029      2.352      3.702      1.795      2.352      2.377      2.464      3.168      2.377      0.871      4.827      2.341        3.4      1.782      2.341      2.015      1.906      1.368      2.015      1.212      7.546        4.8        4.8        4.8          0          0          0 
    18.739     24.773     18.537      20.79      0.444     20.842     21.109     21.782     14.141     19.466     22.783     22.058     20.336     21.109     22.126     22.192      19.97     21.977     16.283     20.217      20.21     24.591     19.986          0     24.526     19.931     22.882     23.347     21.824     19.994     21.262     20.438     20.263     22.882     20.344     22.272     20.559     22.686      16.26     20.488     19.985     23.688     18.796     19.985     19.522     19.787     23.154     19.522     20.857     24.818     19.974     23.386     18.783     19.974     20.034     18.079     20.282     20.034     20.372     27.539     15.185     15.185     15.185          0          0          0 
     5.783      3.635      5.984     45.306     24.925      6.497      3.415      6.402     10.889      5.055      1.874      2.887      5.361      3.415      5.658      2.687      6.503      2.549      8.239      4.925      6.375       3.84      4.535     24.526          0      6.342      7.344       6.79      4.163      4.527      4.724      5.304      5.323      7.344      6.772      2.451       6.18      2.666      8.261      5.231      6.554      5.517      5.997      6.554          5      4.736      5.896          5       4.53      0.292      6.543      6.795       6.14      6.543      6.217      6.441       5.57      6.217      5.414      3.011      9.336      9.336      9.336          0          0          0 
     3.668      4.837      2.711     40.708     20.331       0.91      5.458      1.849      6.299       2.73      4.468      3.456      0.982      5.458      2.193      3.656      0.161      8.278      4.298      1.417      0.278      4.655       2.14     19.931      6.342          0      2.949      3.414      2.179      2.992      1.618      1.038       1.02      2.949      0.431      3.891      0.628      9.008      4.321      1.111      0.212      3.754      1.187      0.212      4.517      4.604      3.221      4.517      1.812      6.612      0.201      3.453      1.551      0.201      0.125      1.852      0.772      0.125      0.928      7.998      4.746      4.746      4.746          0          0          0 
      4.67      3.708      4.345     43.657     23.281      2.039       6.46        1.1      9.249      3.732       5.47      4.457      2.545       6.46      1.686      4.657      2.911      9.279      6.599      2.665      2.671      3.504      3.142     22.882      7.344      2.949          0      0.553      3.181      3.994       2.62      2.444      2.618          0      2.536      4.893      2.322      10.01      6.621      2.394      2.895      1.826      4.136      2.895      5.519      5.606      1.448      5.519      2.814      7.613      2.906      0.548        4.5      2.906      2.846      4.802      2.599      2.846      2.509      8.999      7.696      7.696      7.696          0          0          0 
     4.608      3.155      4.809     44.123     23.746      2.504      5.907      1.564      9.713      3.881      4.917      3.904      3.009      5.907       1.22      4.104      3.375      8.726      7.063      3.129      3.135      2.951      3.361     23.347       6.79      3.414      0.553          0      2.628       3.44      2.084      2.908      3.082      0.553      3.001       4.34      2.786      9.457      7.085      2.858      3.359      1.273      4.601      3.359      4.966      5.052      0.895      4.966      2.489       7.06       3.37       0.04      4.965       3.37      3.311      5.266      3.063      3.311      2.974      8.446       8.16       8.16       8.16          0          0          0 
     3.085      2.947      3.287     42.602     22.224      2.335      3.279      2.239      8.191      2.358      2.289      1.276      1.486      3.279      1.496      1.476      2.341      6.098       5.54      1.606      2.212      2.765      1.838     21.824      4.163      2.179      3.181      2.628          0       1.83      0.561      1.385      1.559      3.181       2.61      1.712      2.018      6.829      5.563      1.335      2.392      1.864      3.078      2.392      2.337      2.424      1.734      2.337      0.966      4.432       2.38      2.633      3.442       2.38      2.054      3.743       1.54      2.054      1.451      5.819      6.637      6.637      6.637          0          0          0 
     1.255      4.776      1.457     40.773     20.394      3.147      2.467      3.051      6.361      0.528      2.787      2.063       2.01      2.467      2.308      2.196      3.153      5.286      3.711      1.575      3.024      4.595      0.852     19.994      4.527      2.992      3.994       3.44       1.83          0      1.374      1.953      1.972      3.994      3.422      2.276       2.83      6.017      3.733      1.881      3.204      3.694      2.647      3.204      1.525      1.612       3.16      1.525      1.179      4.819      3.193      3.445      2.634      3.193      2.866      1.914      2.219      2.866      2.063      7.538      4.808      4.808      4.808          0          0          0 
     2.523      3.508      2.725      42.04     21.662      1.774       3.84      1.678      7.629      1.796       2.85      1.838      0.925       3.84      0.934      2.038      1.779       6.66      4.979      1.045      1.651      3.326      1.276     21.262      4.724      1.618       2.62      2.084      0.561      1.374          0      0.824      0.998       2.62      2.049      2.273      1.456       7.39      5.001      0.774       1.83      2.425      2.516       1.83      2.899      2.986      1.891      2.899      0.405      4.994      1.819      2.124      2.881      1.819      1.493      3.182      0.979      1.493      0.889       6.38      6.076      6.076      6.076          0          0          0 
     2.629      4.332      1.901     41.215     20.837      1.194       4.42      1.344      6.805      1.692       3.43      2.417      0.101       4.42      1.688      2.617        1.2       7.24      4.155      0.379      1.071       4.15      1.102     20.438      5.304      1.038      2.444      2.908      1.385      1.953      0.824          0      0.174      2.444      1.469      2.853      0.877       7.97      4.177      0.073       1.25      3.249      1.693       1.25      3.479      3.565      2.715      3.479      0.774      5.573      1.239      2.948      2.057      1.239      0.913      2.358      0.266      0.913       0.11      7.093      5.252      5.252      5.252          0          0          0 
     2.648      4.506      1.727      41.04     20.663      1.175      4.439      1.518      6.631       1.71      3.449      2.436      0.073      4.439      1.862      2.636      1.181      7.258      3.981      0.397      1.052      4.324       1.12     20.263      5.323       1.02      2.618      3.082      1.559      1.972      0.998      0.174          0      2.618       1.45      2.872      0.858      7.989      4.003      0.224      1.232      3.423      1.518      1.232      3.498      3.584      2.889      3.498      0.793      5.592      1.221      3.122      1.883      1.221      0.894      2.184      0.247      0.894      0.109      7.267      5.078      5.078      5.078          0          0          0 
      4.67      3.708      4.345     43.657     23.281      2.039       6.46        1.1      9.249      3.732       5.47      4.457      2.545       6.46      1.686      4.657      2.911      9.279      6.599      2.665      2.671      3.504      3.142     22.882      7.344      2.949          0      0.553      3.181      3.994       2.62      2.444      2.618          0      2.536      4.893      2.322      10.01      6.621      2.394      2.895      1.826      4.136      2.895      5.519      5.606      1.448      5.519      2.814      7.613      2.906      0.548        4.5      2.906      2.846      4.802      2.599      2.846      2.509      8.999      7.696      7.696      7.696          0          0          0 
     4.098      4.424      3.142      41.12     20.744      0.497      5.889      1.436      6.712      3.161      4.899      3.886      1.412      5.889       1.78      4.086      0.375      8.708      4.729      1.848      0.398      4.242       2.57     20.344      6.772      0.431      2.536      3.001       2.61      3.422      2.049      1.469       1.45      2.536          0      4.322      0.592      9.439      4.751      1.541      0.359      3.341        1.6      0.359      4.948      5.034      2.808      4.948      2.243      7.042       0.37       3.04      1.964       0.37      0.556      2.265      1.203      0.556      1.359      8.428      5.159      5.159      5.159          0          0          0 
     3.531        2.5      3.733     43.051     22.671      4.047      1.567      3.951      8.637      2.804      0.577      0.436       2.91      1.567      3.207      0.236      4.052      4.386      5.987      2.474      3.924      2.319      2.284     22.272      2.451      3.891      4.893       4.34      1.712      2.276      2.273      2.853      2.872      4.893      4.322          0      3.729      5.117      6.009       2.78      4.103      3.067      3.546      4.103      2.749      2.485      3.445      2.749      2.079      2.721      4.092      4.345      3.888      4.092      3.766       4.19      3.119      3.766      2.963      5.262      7.084      7.084      7.084          0          0          0 
     3.506      4.209       2.55     41.336     20.959      0.317      5.297      1.221      6.927      2.568      4.307      3.294       0.82      5.297      1.565      3.494      0.589      8.116      4.277      1.255       0.35      4.028      1.978     20.559       6.18      0.628      2.322      2.786      2.018       2.83      1.456      0.877      0.858      2.322      0.592      3.729          0      8.847      4.299      0.949      0.574      3.127      1.815      0.574      4.355      4.442      2.593      4.355      1.651       6.45      0.585      2.826      2.179      0.585      0.525       2.48      0.611      0.525      0.767      7.836      5.374      5.374      5.374          0          0          0 
     5.341      6.301      6.298     43.468     23.086      9.164       3.55      9.068      9.049      6.279       4.54      5.553      8.027       3.55      8.324      5.353       9.17      0.731      6.399      7.591      9.041      6.505      6.869     22.686      2.666      9.008      10.01      9.457      6.829      6.017       7.39       7.97      7.989      10.01      9.439      5.117      8.847          0      6.421      7.898      9.221      8.183      8.664      9.221      4.492      4.405      8.562      4.492      7.196      2.396      9.209      9.461      8.651      9.209      8.883      7.753      8.236      8.883       8.08      4.852      7.496      7.496      7.496          0          0          0 
     2.478       8.51      2.276      37.04      16.66      4.581      4.846      5.521      2.628      3.205       6.52      5.796      4.076      4.846      5.865      5.929      4.482      5.712      0.022      3.956      4.353      8.328      3.725      16.26      8.261      4.321      6.621      7.085      5.563      3.733      5.001      4.177      4.003      6.621      4.751      6.009      4.299      6.421          0      4.227      4.533      7.426      3.976      4.533      3.261      3.525      6.892      3.261      4.596      8.553      4.522      7.125      3.963      4.522      4.195      3.065      4.022      4.195      4.112     11.272      1.075      1.075      1.075          0          0          0 
     2.557      4.282      1.951     41.265     20.887      1.266      4.348      1.294      6.855      1.619      3.358      2.345      0.151      4.348      1.638      2.545      1.272      7.167      4.205      0.306      1.143        4.1      1.029     20.488      5.231      1.111      2.394      2.858      1.335      1.881      0.774      0.073      0.224      2.394      1.541       2.78      0.949      7.898      4.227          0      1.323      3.199      1.743      1.323      3.406      3.493      2.665      3.406      0.702      5.501      1.312      2.898      2.107      1.312      0.986      2.408      0.339      0.986      0.182      7.043      5.302      5.302      5.302          0          0          0 
      3.88      4.783      2.924     40.762     20.385      0.856      5.671      1.795      6.353      2.942       4.68      3.668      1.194      5.671      2.139      3.868      0.051       8.49      4.511      1.629      0.224      4.601      2.352     19.985      6.554      0.212      2.895      3.359      2.392      3.204       1.83       1.25      1.232      2.895      0.359      4.103      0.574      9.221      4.533      1.323          0        3.7      1.241          0      4.729      4.816      3.166      4.729      2.025      6.824      0.011      3.399      1.605      0.011      0.337      1.907      0.984      0.337      1.141       8.21        4.8        4.8        4.8          0          0          0 
     4.949      1.882       5.15     44.465     24.088      2.844      4.634      1.905     10.054      4.221      3.644      2.631       3.35      4.634      1.561      2.831      3.716      7.453      7.404       3.47      3.476      1.678      3.702     23.688      5.517      3.754      1.826      1.273      1.864      3.694      2.425      3.249      3.423      1.826      3.341      3.067      3.127      8.183      7.426      3.199        3.7          0      4.941        3.7      4.166      3.902      0.534      4.166       2.83      5.787      3.711      1.278      5.306      3.711      3.652      5.607      3.404      3.652      3.315      7.173      8.501      8.501      8.501          0          0          0 
     3.323      6.024      2.367     39.521     19.143      2.097      5.114      3.036      5.112      2.385      4.124      3.311      1.591      5.114       3.38      3.444      1.225      7.933      3.954      1.472      1.465      5.842      1.795     18.796      5.997      1.187      4.136      4.601      3.078      2.647      2.516      1.693      1.518      4.136        1.6      3.546      1.815      8.664      3.976      1.743      1.241      4.941          0      1.241      4.172      4.259      4.408      4.172      2.111      6.267       1.23       4.64      0.364       1.23       1.29      0.911      1.538       1.29      1.627      8.786      3.612      3.612      3.612          0          0          0 
      3.88      4.783      2.924     40.762     20.385      0.856      5.671      1.795      6.353      2.942       4.68      3.668      1.194      5.671      2.139      3.868      0.051       8.49      4.511      1.629      0.224      4.601      2.352     19.985      6.554      0.212      2.895      3.359      2.392      3.204       1.83       1.25      1.232      2.895      0.359      4.103      0.574      9.221      4.533      1.323          0        3.7      1.241          0      4.729      4.816      3.166      4.729      2.025      6.824      0.011      3.399      1.605      0.011      0.337      1.907      0.984      0.337      1.141       8.21        4.8        4.8        4.8          0          0          0 
     0.849      5.249      1.806     40.302     19.922      4.673      1.585      4.577      5.889      1.787      3.259      2.535      3.535      1.585      3.833      2.669      4.678      3.761      3.238        3.1       4.55      5.067      2.377     19.522          5      4.517      5.519      4.966      2.337      1.525      2.899      3.479      3.498      5.519      4.948      2.749      4.355      4.492      3.261      3.406      4.729      4.166      4.172      4.729          0      0.264      4.071          0      2.705      5.292      4.718       4.97      4.159      4.718      4.392      3.262      3.745      4.392      3.589      8.011      4.335      4.335      4.335          0          0          0 
     1.047      4.985      1.892     40.566     20.186      4.759      1.321      4.663      6.153      1.874      2.995      2.271      3.622      1.321       3.92      2.404      4.765      3.674      3.503      3.187      4.636      4.803      2.464     19.787      4.736      4.604      5.606      5.052      2.424      1.612      2.986      3.565      3.584      5.606      5.034      2.485      4.442      4.405      3.525      3.493      4.816      3.902      4.259      4.816      0.264          0      4.158      0.264      2.791      5.028      4.805      5.057      4.246      4.805      4.479      3.348      3.831      4.479      3.675      7.747        4.6        4.6        4.6          0          0          0 
     4.415       2.26      4.616     43.931     23.553      2.311      5.012      1.371       9.52      3.688      4.022       3.01      2.816      5.012      1.027       3.21      3.182      7.831       6.87      2.936      2.942      2.056      3.168     23.154      5.896      3.221      1.448      0.895      1.734       3.16      1.891      2.715      2.889      1.448      2.808      3.445      2.593      8.562      6.892      2.665      3.166      0.534      4.408      3.166      4.071      4.158          0      4.071      2.296      6.165      3.177      0.899      4.772      3.177      3.118      5.073       2.87      3.118      2.781      7.552      7.967      7.967      7.967          0          0          0 
     0.849      5.249      1.806     40.302     19.922      4.673      1.585      4.577      5.889      1.787      3.259      2.535      3.535      1.585      3.833      2.669      4.678      3.761      3.238        3.1       4.55      5.067      2.377     19.522          5      4.517      5.519      4.966      2.337      1.525      2.899      3.479      3.498      5.519      4.948      2.749      4.355      4.492      3.261      3.406      4.729      4.166      4.172      4.729          0      0.264      4.071          0      2.705      5.292      4.718       4.97      4.159      4.718      4.392      3.262      3.745      4.392      3.589      8.011      4.335      4.335      4.335          0          0          0 
     2.119      3.913       2.32     41.635     21.257      1.968      3.646      1.872      7.224      1.391      2.656      1.643      0.831      3.646      1.269      1.843      1.974      6.465      4.574       0.64      1.845      3.731      0.871     20.857       4.53      1.812      2.814      2.489      0.966      1.179      0.405      0.774      0.793      2.814      2.243      2.079      1.651      7.196      4.596      0.702      2.025       2.83      2.111      2.025      2.705      2.791      2.296      2.705          0      4.799      2.013      2.529      2.476      2.013      1.687      2.777       1.04      1.687      0.884      6.674      5.671      5.671      5.671          0          0          0 
     6.075      3.905      6.276     45.599     25.217      6.767      3.707      6.671     11.181      5.347      2.143      3.156       5.63      3.707      5.928      2.956      6.773      2.841      8.531      5.195      6.644      4.109      4.827     24.818      0.292      6.612      7.613       7.06      4.432      4.819      4.994      5.573      5.592      7.613      7.042      2.721       6.45      2.396      8.553      5.501      6.824      5.787      6.267      6.824      5.292      5.028      6.165      5.292      4.799          0      6.813      7.065      6.432      6.813      6.487      6.733      5.839      6.487      5.683      2.719      9.628      9.628      9.628          0          0          0 
     3.869      4.794      2.913     40.751     20.374      0.867       5.66      1.806      6.342      2.931      4.669      3.657      1.183       5.66       2.15      3.857       0.04      8.479      4.499      1.618      0.235      4.612      2.341     19.974      6.543      0.201      2.906       3.37       2.38      3.193      1.819      1.239      1.221      2.906       0.37      4.092      0.585      9.209      4.522      1.312      0.011      3.711       1.23      0.011      4.718      4.805      3.177      4.718      2.013      6.813          0       3.41      1.594          0      0.326      1.895      0.973      0.326      1.129      8.199      4.789      4.789      4.789          0          0          0 
     4.648      3.159      4.849     44.162     23.786      2.543      5.912      1.604      9.753       3.92      4.922      3.909      3.049      5.912       1.26      4.109      3.415      8.731      7.103      3.169      3.175      2.955        3.4     23.386      6.795      3.453      0.548       0.04      2.633      3.445      2.124      2.948      3.122      0.548       3.04      4.345      2.826      9.461      7.125      2.898      3.399      1.278       4.64      3.399       4.97      5.057      0.899       4.97      2.529      7.065       3.41          0      5.005       3.41       3.35      5.306      3.103       3.35      3.013      8.451        8.2        8.2        8.2          0          0          0 
      3.31      6.389      2.354     39.156     18.779      2.461      5.101        3.4      4.748      2.372      4.399      3.675      1.956      5.101      3.744      3.808       1.59       7.92      3.941      1.836      1.829      6.207      1.782     18.783       6.14      1.551        4.5      4.965      3.442      2.634      2.881      2.057      1.883        4.5      1.964      3.888      2.179      8.651      3.963      2.107      1.605      5.306      0.364      1.605      4.159      4.246      4.772      4.159      2.476      6.432      1.594      5.005          0      1.594      1.654      0.898      1.902      1.654      1.991       9.15      3.598      3.598      3.598          0          0          0 
     3.869      4.794      2.913     40.751     20.374      0.867       5.66      1.806      6.342      2.931      4.669      3.657      1.183       5.66       2.15      3.857       0.04      8.479      4.499      1.618      0.235      4.612      2.341     19.974      6.543      0.201      2.906       3.37       2.38      3.193      1.819      1.239      1.221      2.906       0.37      4.092      0.585      9.209      4.522      1.312      0.011      3.711       1.23      0.011      4.718      4.805      3.177      4.718      2.013      6.813          0       3.41      1.594          0      0.326      1.895      0.973      0.326      1.129      8.199      4.789      4.789      4.789          0          0          0 
     3.543      4.734      2.586     40.811     20.434      0.807      5.333      1.746      6.402      2.605      4.343       3.33      0.856      5.333       2.09       3.53      0.286      8.153      4.173      1.292      0.175      4.552      2.015     20.034      6.217      0.125      2.846      3.311      2.054      2.866      1.493      0.913      0.894      2.846      0.556      3.766      0.525      8.883      4.195      0.986      0.337      3.652       1.29      0.337      4.392      4.479      3.118      4.392      1.687      6.487      0.326       3.35      1.654      0.326          0      1.955      0.647          0      0.803      7.873      4.849      4.849      4.849          0          0          0 
     2.412       6.69      1.456     38.856     18.478      2.762      4.203      3.702      4.447      1.474        4.7      3.976      2.257      4.203      4.046      4.109      1.891      7.023      3.043      2.137       2.13      6.508      1.906     18.079      6.441      1.852      4.802      5.266      3.743      1.914      3.182      2.358      2.184      4.802      2.265       4.19       2.48      7.753      3.065      2.408      1.907      5.607      0.911      1.907      3.262      3.348      5.073      3.262      2.777      6.733      1.895      5.306      0.898      1.895      1.955          0      2.203      1.955      2.292      9.451      2.894      2.894      2.894          0          0          0 
     2.896      4.487      1.939     41.059     20.682      0.928      4.686      1.499       6.65      1.958      3.696      2.683      0.209      4.686      1.843      2.883      0.934      7.506          4      0.645      0.805      4.305      1.368     20.282       5.57      0.772      2.599      3.063       1.54      2.219      0.979      0.266      0.247      2.599      1.203      3.119      0.611      8.236      4.022      0.339      0.984      3.404      1.538      0.984      3.745      3.831       2.87      3.745       1.04      5.839      0.973      3.103      1.902      0.973      0.647      2.203          0      0.647      0.156      7.248      5.097      5.097      5.097          0          0          0 
     3.543      4.734      2.586     40.811     20.434      0.807      5.333      1.746      6.402      2.605      4.343       3.33      0.856      5.333       2.09       3.53      0.286      8.153      4.173      1.292      0.175      4.552      2.015     20.034      6.217      0.125      2.846      3.311      2.054      2.866      1.493      0.913      0.894      2.846      0.556      3.766      0.525      8.883      4.195      0.986      0.337      3.652       1.29      0.337      4.392      4.479      3.118      4.392      1.687      6.487      0.326       3.35      1.654      0.326          0      1.955      0.647          0      0.803      7.873      4.849      4.849      4.849          0          0          0 
     2.739      4.397      1.836     41.149     20.771      1.084       4.53      1.409      6.739      1.802       3.54      2.527      0.053       4.53      1.753      2.727       1.09      7.349      4.089      0.489      0.961      4.215      1.212     20.372      5.414      0.928      2.509      2.974      1.451      2.063      0.889       0.11      0.109      2.509      1.359      2.963      0.767       8.08      4.112      0.182      1.141      3.315      1.627      1.141      3.589      3.675      2.781      3.589      0.884      5.683      1.129      3.013      1.991      1.129      0.803      2.292      0.156      0.803          0      7.159      5.186      5.186      5.186          0          0          0 
     8.793      5.291      8.995      48.32     27.938      8.153      6.426      8.058       13.9      8.066      4.751      5.475      7.194      6.426      7.314      5.342      8.159       5.56      11.25      7.314      8.031      5.496      7.546     27.539      3.011      7.998      8.999      8.446      5.819      7.538       6.38      7.093      7.267      8.999      8.428      5.262      7.836      4.852     11.272      7.043       8.21      7.173      8.786       8.21      8.011      7.747      7.552      8.011      6.674      2.719      8.199      8.451       9.15      8.199      7.873      9.451      7.248      7.873      7.159          0     12.347     12.347     12.347          0          0          0 
     3.553      9.584      3.351     35.964     15.584      5.656      5.921      6.596      1.553       4.28      7.595       6.87      5.151      5.921       6.94      7.004      4.785      6.787      1.097      5.031      5.024      9.402        4.8     15.185      9.336      4.746      7.696       8.16      6.637      4.808      6.076      5.252      5.078      7.696      5.159      7.084      5.374      7.496      1.075      5.302        4.8      8.501      3.612        4.8      4.335        4.6      7.967      4.335      5.671      9.628      4.789        8.2      3.598      4.789      4.849      2.894      5.097      4.849      5.186     12.347          0          0          0          0          0          0 
     3.553      9.584      3.351     35.964     15.584      5.656      5.921      6.596      1.553       4.28      7.595       6.87      5.151      5.921       6.94      7.004      4.785      6.787      1.097      5.031      5.024      9.402        4.8     15.185      9.336      4.746      7.696       8.16      6.637      4.808      6.076      5.252      5.078      7.696      5.159      7.084      5.374      7.496      1.075      5.302        4.8      8.501      3.612        4.8      4.335        4.6      7.967      4.335      5.671      9.628      4.789        8.2      3.598      4.789      4.849      2.894      5.097      4.849      5.186     12.347          0          0          0          0          0          0 
     3.553      9.584      3.351     35.964     15.584      5.656      5.921      6.596      1.553       4.28      7.595       6.87      5.151      5.921       6.94      7.004      4.785      6.787      1.097      5.031      5.024      9.402        4.8     15.185      9.336      4.746      7.696       8.16      6.637      4.808      6.076      5.252      5.078      7.696      5.159      7.084      5.374      7.496      1.075      5.302        4.8      8.501      3.612        4.8      4.335        4.6      7.967      4.335      5.671      9.628      4.789        8.2      3.598      4.789      4.849      2.894      5.097      4.849      5.186     12.347          0          0          0          0          0          0 
         0          0          0          0          0          0          0          0          0          0          0          0          0          0          0          0          0          0          0          0          0          0          0          0          0          0          0          0          0          0          0          0          0          0          0          0          0          0          0          0          0          0          0          0          0          0          0          0          0          0          0          0          0          0          0          0          0          0          0          0          0          0          0          0          0          0 
         0          0          0          0          0          0          0          0          0          0          0          0          0          0          0          0          0          0          0          0          0          0          0          0          0          0          0          0          0          0          0          0          0          0          0          0          0          0          0          0          0          0          0          0          0          0          0          0          0          0          0          0          0          0          0          0          0          0          0          0          0          0          0          0          0          0 
         0          0          0          0          0          0          0          0          0          0          0          0          0          0          0          0          0          0          0          0          0          0          0          0          0          0          0          0          0          0          0          0          0          0          0          0          0          0          0          0          0          0          0          0          0          0          0          0          0          0          0          0          0          0          0          0          0          0          0          0          0          0          0          0          0          0 
Version identifier: 22.1.1.0 | 2022-11-28 | 9160aff4d
CPXPARAM_Threads                                 1
CPXPARAM_TimeLimit                               7200
Tried aggregator 2 times.
MIP Presolve eliminated 2379 rows and 6046 columns.
MIP Presolve modified 2093 coefficients.
Aggregator did 28 substitutions.
Reduced MIP has 463 rows, 1225 columns, and 3992 nonzeros.
Reduced MIP has 1208 binaries, 0 generals, 0 SOSs, and 0 indicators.
Presolve time = 0.01 sec. (14.14 ticks)
Probing time = 0.00 sec. (2.93 ticks)
Tried aggregator 2 times.
Detecting symmetries...
MIP Presolve eliminated 18 rows and 36 columns.
MIP Presolve modified 92 coefficients.
Aggregator did 2 substitutions.
Reduced MIP has 443 rows, 1187 columns, and 3845 nonzeros.
Reduced MIP has 1170 binaries, 0 generals, 0 SOSs, and 0 indicators.
Presolve time = 0.00 sec. (4.19 ticks)
Probing time = 0.00 sec. (2.85 ticks)
Clique table members: 2698.
MIP emphasis: balance optimality and feasibility.
MIP search method: dynamic search.
Parallel mode: none, using 1 thread.
Root relaxation solution time = 0.00 sec. (5.94 ticks)

        Nodes                                         Cuts/
   Node  Left     Objective  IInf  Best Integer    Best Bound    ItCnt     Gap

      0     0       56.5380    11                     56.5380      415         
*     0+    0                           56.5380       56.5380             0.00%
      0     0        cutoff             56.5380       56.5380      415    0.00%
Elapsed time = 0.04 sec. (44.04 ticks, tree = 0.01 MB, solutions = 1)

Root node processing (before b&c):
  Real time             =    0.04 sec. (44.26 ticks)
Sequential b&c:
  Real time             =    0.00 sec. (0.00 ticks)
                          ------------
Total (root+branch&cut) =    0.04 sec. (44.26 ticks)

Sol status: Optimal
 Total Time: 0.04
 LB: 56.538
 UB: 56.538
Initializing solStats

Obj Val: 56.53803

Solve Time: 0.04
b(0): 9.9
b(1): 13.2333333333333
b(2): 15.7166666666667
b(3): 16.5833333333333
b(4): 14.25
b(5): 9.85
b(6): 10.4166666666667
b(7): 15.8333333333333
b(8): 13.55
b(9): 15.95
b(10): 16.3166666666667
b(11): 12.2333333333333
b(12): 12.6833333333333
b(13): 10.4166666666667
b(14): 12.05
b(15): 14
b(16): 10.1
b(17): 13.2666666666667
b(18): 11.6666666666667
b(19): 14.9833333333333
b(20): 10.199406504065
b(21): 13.3216422788499
b(22): 15.8353414806544
b(23): 17.5106101271269
b(24): 15.1618906887272
b(25): 9.95552846611145
b(26): 10.8242277191355
b(27): 15.9548130267381
b(28): 13.8496708778882
b(29): 16.0462113883958
b(30): 16.636178895697
b(31): 12.3756179149356
b(32): 12.9351138220067
b(33): 10.7408943858021
b(34): 12.3434146553242
b(35): 14.2557561003688
b(36): 10.1976991939996
b(37): 13.3678292769899
b(38): 11.7505365856276
b(39): 15.0741300849415
b(40): 16.5333333333333
b(41): 15.95
b(42): 11.8166666666667
b(43): 15.6
b(44): 11.1166666666667
b(45): 12.9333333333333
b(46): 10.4166666666667
b(47): 11.05
b(48): 9.41666666666667
b(49): 10.8333333333333
b(50): 17.65
b(51): 17.05
b(52): 12.9166666666667
b(53): 16.8
b(54): 12.2833333333333
b(55): 14.1
b(56): 11.6166666666667
b(57): 12.1666666666667
b(58): 10.5666666666667
b(59): 12.05
b(60): 9
b(61): 9
b(62): 9
b(63): 19
b(64): 19
b(65): 19


Customer profit: 151.51055
Parcel profit: 0
Costs: 94.97252
Without fixed: 94.97252

Solution: 
Vehicle 0: 60 - 5 - 25 - 16 - 36 - 13 - 33 - 26 - 11 - 31 - 12 - 32 - 17 - 37 - 4 - 24 - 2 - 22 - 9 - 29 - 10 - 30 - 63 - Total time: 7.63617889569702
Vehicle 1: 61 - 18 - 38 - 8 - 28 - 15 - 35 - 19 - 39 - 3 - 23 - 64 - Total time: 8.51061012712689
Vehicle 2: 62 - 0 - 20 - 6 - 26 - 14 - 34 - 1 - 21 - 7 - 27 - 65 - Total time: 6.95481302673806

Vehicle 0: d - P - d - D - d - D - P - d - D - d - D - d - D - d - P - d - P - d - P - d - D - f
Vehicle 1: d - D - d - P - d - D - d - D - d - P - f
Vehicle 2: d - P - d - P - d - D - d - P - d - P - f

************************************
Final solution value: 56.53803
************************************

Total distance: 206.462

Total passenger distance: 84.185

Total parcel distance: 0

Total combined transportation distance: 0

Total idle distance: 122.277
File exists: 1
partial: 
CSV file 'TreatResults/FullResults/fip1ADsf_dataM.csv' generated successfully!
Instance Name: sfsarp-20-10-4

K: 4
Dist Matrix: 
         0      1.611      2.738      3.516      2.802     43.243      4.518      7.549      3.525      3.834      0.801      2.927      3.691      2.562      2.829       2.16      0.688      2.209      2.399      4.342      2.955      2.956      0.872      3.584      3.362     22.464       2.84       5.66      3.405      2.252      1.634      4.161      3.969      3.085      2.972      2.347      0.581      2.278      1.627      3.295      4.212     11.522      4.482      1.649       2.42      2.709      2.765        2.4      3.822      4.598      3.966      8.914      5.685      2.742      2.536      6.896      1.556      3.119      3.883      1.503      7.276      7.276      7.276      7.276          0          0          0          0 
     1.611          0      1.127      2.881      2.168      41.63      2.906      6.517       2.89      3.199       0.81      2.924      3.057      1.928      2.151      0.549      1.123      1.574       4.01      3.708      2.098      1.344      1.694      2.949      2.727     20.852      2.206      4.277       2.77      1.307          1      3.526      3.335      2.451      2.338      1.712      2.052      1.643      3.238      1.773      3.578      9.911      2.871       1.05      1.633      1.098       2.13      1.766      2.211      3.964      3.332      7.302      4.074      1.131      1.901      7.531      0.921      3.754      3.248      0.886      5.665      5.665      5.665      5.665          0          0          0          0 
     2.738      1.127          0      3.973      2.751     40.503      2.712      5.934      3.631      3.782      1.937      4.051       3.64      2.511      2.733      1.087       2.25      2.157      5.137      4.291      1.515      1.572      2.821      3.532       3.31     19.725      2.789      3.694      3.862       1.89      1.582      4.109      3.918      3.034       2.92      2.611      3.178      2.226      4.365      2.355       4.16      8.784      2.008      2.177      1.051      1.503      2.713      2.348      1.284      4.547      3.914      6.175      2.947      1.136      2.484      8.458      2.048      4.725      3.831      2.012      4.538      4.538      4.538      4.538          0          0          0          0 
     3.516      2.881      3.973          0      2.994     44.474      5.752      9.398      0.342      3.226      2.826      0.589      3.017      3.287      4.064      3.395      2.828      3.044      2.274      4.489      4.979       4.19      2.644      1.844      3.154     23.697      4.009      7.158      0.111      3.487      2.847      2.776      3.739      3.676       4.14      1.362      2.935      3.291      2.345       4.53      0.696     12.756      5.717      1.867      4.515      3.944      3.733      3.502      5.057      1.549       0.45     10.148       6.92      3.977      3.682     10.411       1.96      6.634      3.475      2.013       8.51       8.51       8.51       8.51          0          0          0          0 
     2.802      2.168      2.751      2.994          0     41.479      2.758      8.685      2.652      1.031      2.112      3.072      0.889      0.293       1.07      1.664      2.115      0.594      4.158       1.54      4.266      1.196       1.93       1.15      0.559     20.702      1.015      6.445      2.883      0.861      1.169      1.358      1.167      0.682      1.146      1.632      2.222      0.525      3.386      1.536      2.497      9.762      4.758      1.198      3.801      1.248      0.739      0.508      2.063      1.796      2.655      7.154      3.926      1.615      0.688      9.698      1.247      5.921       1.08        1.3      5.516      5.516      5.516      5.516          0          0          0          0 
    43.243      41.63     40.503     44.474     41.479          0     38.719     35.698     44.132     41.246      42.44     44.552     41.455     41.187     40.408      41.08     42.754      41.43     45.641     39.981     40.289     40.284     43.324     42.629     41.318      20.79     40.464     37.585     44.363     40.987     41.628     41.695     40.732     40.796     40.332     43.113     43.682     41.183     44.868     39.943     43.976     31.717     38.761     42.679     40.823      40.53     40.739     40.972     39.417     42.923     44.134     34.329     37.554     40.498     40.791     48.973      42.55     45.234     40.997     42.515     35.964     35.964     35.964     35.964          0          0          0          0 
     4.518      2.906      2.712      5.752      2.758     38.719          0      8.647       5.41      2.526      3.716       5.83      2.735      2.466      1.688      2.358       4.03      2.708      6.917      1.579      4.227      1.562        4.6      3.908      2.598     18.399      1.744      6.407      5.641      2.266      2.906      2.976      2.013      2.076      1.612       4.39      4.958      2.462      6.144      1.222      5.256      7.003       4.72      3.956      3.763      1.809      2.019      2.251      1.428      4.203      5.413      5.395      2.185      1.776      2.071     10.237      3.828      6.505      2.277      3.792      3.214      3.214      3.214      3.214          0          0          0          0 
     7.549      6.517      5.934      9.398      8.685     35.698      8.647          0      9.407      9.717      6.748      8.862      9.574      8.445      8.668      7.021      7.061      8.091      9.949     10.226      4.594      7.506      7.632      9.467      9.245     14.915      8.723       2.24      9.287      7.824      7.516     10.044      9.853      8.968      8.855      8.229       7.99       8.16      9.176       8.29     10.095      4.752      3.927      7.531      5.129      7.437      8.648      8.283      7.219     10.481      9.848      3.252      6.462      7.071      8.419     13.271      7.438      9.537      9.766      7.385      5.433      5.433      5.433      5.433          0          0          0          0 
     3.525       2.89      3.631      0.342      2.652     44.132       5.41      9.407          0      2.884      2.835      0.597      2.675      2.945      3.722      3.053      2.837      2.702      2.283      4.147      4.988      3.849      2.653      1.502      2.812     23.355      3.667      7.167      0.231      3.145      2.505      2.434      3.397      3.334      3.798      1.178      2.944      2.949      2.354      4.188      0.687     12.414      5.481      1.876      4.524      3.602      3.391       3.16      4.715      1.207      0.441      9.806      6.578      3.635       3.34      10.42      1.969      6.643      3.133      2.022      8.169      8.169      8.169      8.169          0          0          0          0 
     3.834      3.199      3.782      3.226      1.031     41.246      2.526      9.717      2.884          0      3.143      3.304      0.209      1.271      1.049      2.695      3.146      1.625       4.39      1.263      5.297       2.21      2.961      1.382      0.472     20.469      0.993      7.476      3.115      1.892        2.2       0.45      0.513      0.749      0.914      1.864      3.253      1.556      3.617      1.427      2.729       9.53       5.79      2.184      4.833      2.279      1.069      1.434      2.498      1.677      2.887      6.921      3.694      2.646      1.298     10.729      2.278      6.952      0.249      2.331      5.284      5.284      5.284      5.284          0          0          0          0 
     0.801       0.81      1.937      2.826      2.112      42.44      3.716      6.748      2.835      3.143          0      2.237      3.001      1.872      2.095      1.359      0.313      1.519        3.2      3.652      2.153      2.155      0.884      2.894      2.672     21.662       2.15      4.859      2.715      1.451      0.944      3.471      3.279      2.395      2.282      1.657      1.242      1.588      2.428      2.494      3.522     10.721      3.681      0.959      1.689      1.908      2.075       1.71      3.021      3.908      3.276      8.112      4.884      1.941      1.846      7.586      0.866      3.809      3.193      0.812      6.475      6.475      6.475      6.475          0          0          0          0 
     2.927      2.924      4.051      0.589      3.072     44.552       5.83      8.862      0.597      3.304      2.237          0      3.095      3.365      4.142      3.473      2.239      3.122      1.685      4.567       4.39      4.268      2.055      1.922      3.232     23.776      4.087      6.973      0.478      3.565      2.925      2.854      3.817      3.754      4.218       1.44      2.346      3.369      1.756      4.608      1.285     12.834      5.795      1.874      3.926      4.022      3.811       3.58      5.135      1.671      1.039     10.226      6.998      4.055       3.76      9.822      2.003      6.046      3.553      2.039      8.589      8.589      8.589      8.589          0          0          0          0 
     3.691      3.057       3.64      3.017      0.889     41.455      2.735      9.574      2.675      0.209      3.001      3.095          0      1.129      1.047      2.553      3.004      1.483      4.181      1.472      5.155      2.068      2.819      1.173       0.33     20.678      0.991      7.334      2.906       1.75      2.058      0.469      0.722      0.659      1.123      1.655      3.111      1.414      3.409      1.513      2.521      9.739      5.648      2.042      4.691      2.137      0.927      1.292      2.356      1.468      2.678       7.13      3.902      2.504      1.156     10.587      2.136       6.81      0.458      2.189      5.493      5.493      5.493      5.493          0          0          0          0 
     2.562      1.928      2.511      3.287      0.293     41.187      2.466      8.445      2.945      1.271      1.872      3.365      1.129          0      0.778      1.424      1.875      0.354      4.451       1.78      4.026      0.939      2.134      1.443        0.8     20.409      0.722      6.205      3.176      0.621      0.928      1.598      1.407      0.523      0.854      1.925      2.492      0.285      3.678      1.243       2.79      9.469      4.518       1.49      3.561      1.008      0.447      0.215       1.77      2.036      2.947      6.861      3.633      1.374      0.395      9.458      1.362      5.681       1.32      1.326      5.224      5.224      5.224      5.224          0          0          0          0 
     2.829      2.151      2.733      4.064       1.07     40.408      1.688      8.668      3.722      1.049      2.095      4.142      1.047      0.778          0      1.646      2.341       1.02      5.228      1.557      4.248      1.161      2.912       2.22       0.91     19.631      0.055      6.428      3.953      0.844      1.218      1.376      1.185      0.388      0.187      2.702       3.27      0.774      4.456      0.466      3.568      8.692      4.741      2.268      3.784       1.23      0.331      0.563      1.449      2.515      3.725      6.083      2.855      1.597      0.382      9.681      2.139      5.904      1.098      2.104      4.446      4.446      4.446      4.446          0          0          0          0 
      2.16      0.549      1.087      3.395      1.664      41.08      2.358      7.021      3.053      2.695      1.359      3.473      2.553      1.424      1.646          0      1.672       1.07      4.559      3.204      2.602      0.796      2.242      2.445      2.223     20.302      1.702      4.781      3.284      0.803      0.548      3.022      2.831      1.947      1.833      2.033        2.6      1.139      3.786      1.268      3.074      9.362      3.094      1.598      2.138      0.549      1.626      1.261      1.663       3.46      3.056      6.753      3.525      0.582      1.397      8.035       1.47      4.258      2.744      1.434      5.116      5.116      5.116      5.116          0          0          0          0 
     0.688      1.123       2.25      2.828      2.115     42.754       4.03      7.061      2.837      3.146      0.313      2.239      3.004      1.875      2.341      1.672          0      1.521      2.887      3.655      2.467      2.468       0.57      2.896      2.674     21.975      2.286      5.172      2.717      1.764      1.124      3.473      3.282      2.397      2.418      1.659      0.928       1.59      2.114      2.807      3.524     11.034      3.995      0.962      1.932      2.221      2.077      1.779      3.335      3.911      3.278      8.426      5.197      2.254      1.959      7.583      0.868      3.807      3.195      0.815      6.788      6.788      6.788      6.788          0          0          0          0 
     2.209      1.574      2.157      3.044      0.594      41.43      2.708      8.091      2.702      1.625      1.519      3.122      1.483      0.354       1.02       1.07      1.521          0      4.208      2.134      3.672      1.147      1.892      1.375      1.153     20.653      0.965      5.851      2.933      0.443      0.575      1.952      1.761      0.876      1.096      1.682      2.249      0.247      3.436      1.486      2.547      9.712      4.165      1.248      3.208        0.9      0.689      0.458      2.013       2.39      2.705      7.104      3.876      1.021      0.638      9.104      1.119      5.328      1.674      1.083      5.466      5.466      5.466      5.466          0          0          0          0 
     2.399       4.01      5.137      2.274      4.158     45.641      6.917      9.949      2.283       4.39        3.2      1.685      4.181      4.451      5.228      4.559      2.887      4.208          0      5.653      5.354      5.355      2.317      3.008      4.318     24.864      5.173      8.059      2.163      4.651      4.011       3.94      4.903       4.84      5.304      2.526      1.959      4.455      0.773      5.694       2.97     13.921      6.882      2.961      4.819      5.108      4.898      4.666      6.222      3.356      2.724     11.313      8.084      5.141      4.846      8.137      3.089       4.36      4.639      3.125      9.675      9.675      9.675      9.675          0          0          0          0 
     4.342      3.708      4.291      4.489       1.54     39.981      1.579     10.226      4.147      1.263      3.652      4.567      1.472       1.78      1.557      3.204      3.655      2.134      5.653          0      5.806      2.719       3.47      2.645      1.335     19.978      1.502      7.985      4.378      2.401      2.708      1.713       0.75      1.257       1.37      3.127      3.761      2.064      4.881      1.935      3.993      8.266      6.299      2.693      5.341      2.788      1.577      1.942      3.007       2.94       4.15      6.974      3.764      3.154      1.807     11.238      2.786      7.461      1.014       2.84      4.793      4.793      4.793      4.793          0          0          0          0 
     2.955      2.098      1.515      4.979      4.266     40.289      4.227      4.594      4.988      5.297      2.153       4.39      5.155      4.026      4.248      2.602      2.467      3.672      5.354      5.806          0      3.087      3.037      5.047      4.825     19.509      4.304      2.705      4.868      3.405      3.097      5.624      5.433      4.549      4.436       3.81      3.395      3.741      4.581      3.871      5.675      8.568      1.528      3.113      0.535      3.018      4.228      3.864        2.8      6.062      5.429      5.959      2.731      2.651      3.999      8.675      3.019      4.942      5.346      2.966      4.322      4.322      4.322      4.322          0          0          0          0 
     2.956      1.344      1.572       4.19      1.196     40.284      1.562      7.506      3.849       2.21      2.155      4.268      2.068      0.939      1.161      0.796      2.468      1.147      5.355      2.719      3.087          0      3.038      2.346      1.738     19.506      1.217      5.266      4.079      0.704      1.344      2.537      2.346      1.462      1.348      2.829      3.396        0.9      4.582      0.783      3.694      8.566       3.58      2.394      2.623      0.247      1.141      0.776      0.867      2.975      3.851      5.957      2.729      0.436      0.912      8.675      2.266      4.943      2.259       2.23       4.32       4.32       4.32       4.32          0          0          0          0 
     0.872      1.694      2.821      2.644       1.93     43.324        4.6      7.632      2.653      2.961      0.884      2.055      2.819      2.134      2.912      2.242       0.57      1.892      2.317       3.47      3.037      3.038          0      2.712       2.49     22.546      2.856      5.742      2.533      2.335      1.694      3.288      3.097      2.524      2.988      1.475      0.358      2.138      1.544      3.378       3.34     11.604      4.565      0.777      2.503      2.791      2.581      2.349      3.905      3.726      3.094      8.996      5.768      2.825      2.529      7.768      0.772      3.991      3.011      0.808      7.358      7.358      7.358      7.358          0          0          0          0 
     3.584      2.949      3.532      1.844       1.15     42.629      3.908      9.467      1.502      1.382      2.894      1.922      1.173      1.443       2.22      2.445      2.896      1.375      3.008      2.645      5.047      2.346      2.712          0       1.31     21.852      2.165      7.226      1.733      1.643       1.95      0.932      1.895      1.832      2.296      1.237      3.003      1.447      2.413      2.686      1.347     10.912       5.54      1.935      4.583        2.1      1.889      1.658      3.213      1.014      1.505      8.304      5.076      2.396      1.838     10.479      2.028      6.703      1.631      2.081      6.666      6.666      6.666      6.666          0          0          0          0 
     3.362      2.727       3.31      3.154      0.559     41.318      2.598      9.245      2.812      0.472      2.672      3.232       0.33        0.8       0.91      2.223      2.674      1.153      4.318      1.335      4.825      1.738       2.49       1.31          0     20.542      0.855      7.004      3.043      1.421      1.728      0.799      0.608      0.522      0.986      1.792      2.781      1.084      3.545      1.376      2.657      9.602      5.318      1.713      4.361      1.807      0.597      0.962      2.026      1.605      2.815      6.994      3.766      2.174      0.826     10.258      1.806      6.481      0.521      1.859      5.356      5.356      5.356      5.356          0          0          0          0 
    22.464     20.852     19.725     23.697     20.702      20.79     18.399     14.915     23.355     20.469     21.662     23.776     20.678     20.409     19.631     20.302     21.975     20.653     24.864     19.978     19.509     19.506     22.546     21.852     20.542          0     19.687     16.804     23.586      20.21      20.85     20.919     19.956     20.019     19.555     22.336     22.904     20.406     24.091     19.166       23.2     14.504     17.981     21.901     20.044     19.753     19.962     20.194     18.639     22.147     23.358     13.548     16.776      19.72     20.014     28.191     21.773     24.454      20.22     21.737     15.185     15.185     15.185     15.185          0          0          0          0 
      2.84      2.206      2.789      4.009      1.015     40.464      1.744      8.723      3.667      0.993       2.15      4.087      0.991      0.722      0.055      1.702      2.286      0.965      5.173      1.502      4.304      1.217      2.856      2.165      0.855     19.687          0      6.483      3.898      0.899      1.206       1.32      1.129      0.332      0.132      2.647      3.214      0.718        4.4      0.521      3.512      8.747      4.797      2.212       3.84      1.286      0.275      0.507      1.505       2.46      3.669      6.139      2.911      1.652      0.327      9.736      2.084      5.959      1.042      2.048      4.502      4.502      4.502      4.502          0          0          0          0 
      5.66      4.277      3.694      7.158      6.445     37.585      6.407       2.24      7.167      7.476      4.859      6.973      7.334      6.205      6.428      4.781      5.172      5.851      8.059      7.985      2.705      5.266      5.742      7.226      7.004     16.804      6.483          0      7.047      5.584      5.276      7.803      7.612      6.728      6.615      5.989        6.1       5.92      7.287       6.05      7.854      5.863      1.686      5.291       3.24      5.197      6.407      6.042      4.979      8.241      7.608      3.254      4.222       4.83      6.178     11.381      5.198      7.648      7.526      5.145      3.193      3.193      3.193      3.193          0          0          0          0 
     3.405       2.77      3.862      0.111      2.883     44.363      5.641      9.287      0.231      3.115      2.715      0.478      2.906      3.176      3.953      3.284      2.717      2.933      2.163      4.378      4.868      4.079      2.533      1.733      3.043     23.586      3.898      7.047          0      3.376      2.736      2.665      3.628      3.565      4.029      1.251      2.824       3.18      2.234      4.419      0.807     12.645      5.606      1.756      4.404      3.833      3.622      3.391      4.946      1.438      0.561     10.037      6.809      3.866      3.571       10.3      1.849      6.523      3.364      1.902      8.399      8.399      8.399      8.399          0          0          0          0 
     2.252      1.307       1.89      3.487      0.861     40.987      2.266      7.824      3.145      1.892      1.451      3.565       1.75      0.621      0.844      0.803      1.764      0.443      4.651      2.401      3.405      0.704      2.335      1.643      1.421      20.21      0.899      5.584      3.376          0       0.64       2.22      2.028      1.144      1.031      2.125      2.692      0.337      3.878      1.043       2.99      9.269      3.897      1.691       2.94      0.457      0.824      0.459       1.57      2.657      3.148      6.661      3.433      0.753      0.595      8.837      1.562       5.06      1.942      1.526      5.024      5.024      5.024      5.024          0          0          0          0 
     1.634          1      1.582      2.847      1.169     41.628      2.906      7.516      2.505        2.2      0.944      2.925      2.058      0.928      1.218      0.548      1.124      0.575      4.011      2.708      3.097      1.344      1.694       1.95      1.728      20.85      1.206      5.276      2.736       0.64          0      2.527      2.336      1.451      1.338      1.485      2.052      0.644      3.238      1.683      2.578       9.91       3.59       1.05      2.633      1.097      1.131      0.766      2.211      2.964      2.508      7.301      4.073       1.13      0.902       8.53      0.922      4.753      2.249      0.886      5.664      5.664      5.664      5.664          0          0          0          0 
     4.161      3.526      4.109      2.776      1.358     41.695      2.976     10.044      2.434       0.45      3.471      2.854      0.469      1.598      1.376      3.022      3.473      1.952       3.94      1.713      5.624      2.537      3.288      0.932      0.799     20.919       1.32      7.803      2.665       2.22      2.527          0      0.963      1.076      1.364      1.814       3.58      1.883      3.167      1.754      2.279       9.98      6.117      2.511       5.16      2.606      1.396      1.761      2.825      1.227      2.437      7.371      4.144      2.973      1.625     11.056      2.605      7.279      0.699      2.658      5.734      5.734      5.734      5.734          0          0          0          0 
     3.969      3.335      3.918      3.739      1.167     40.732      2.013      9.853      3.397      0.513      3.279      3.817      0.722      1.407      1.185      2.831      3.282      1.761      4.903       0.75      5.433      2.346      3.097      1.895      0.608     19.956      1.129      7.612      3.628      2.028      2.336      0.963          0      0.884      0.998      2.377      3.389      1.692      4.131      1.563      3.242      9.017      5.926       2.32      4.969      2.415      1.205       1.57      2.634       2.19        3.4      6.601      3.391      2.782      1.434     10.865      2.414      7.088      0.264      2.467      4.771      4.771      4.771      4.771          0          0          0          0 
     3.085      2.451      3.034      3.676      0.682     40.796      2.076      8.968      3.334      0.749      2.395      3.754      0.659      0.523      0.388      1.947      2.397      0.876       4.84      1.257      4.549      1.462      2.524      1.832      0.522     20.019      0.332      6.728      3.565      1.144      1.451      1.076      0.884          0      0.464      2.314      2.882      0.807      4.068      0.854       3.18       9.08      5.041       1.88      4.084      1.531       0.32      0.685      1.749      2.127      3.337      6.471      3.243      1.897      0.549      9.981      1.751      6.204      0.798      1.716      4.834      4.834      4.834      4.834          0          0          0          0 
     2.972      2.338       2.92       4.14      1.146     40.332      1.612      8.855      3.798      0.914      2.282      4.218      1.123      0.854      0.187      1.833      2.418      1.096      5.304       1.37      4.436      1.348      2.988      2.296      0.986     19.555      0.132      6.615      4.029      1.031      1.338      1.364      0.998      0.464          0      2.778      3.346       0.85      4.532      0.565      3.644      8.616      4.928      2.344      3.971      1.418      0.407      0.639      1.636      2.591      3.801      6.007      2.779      1.784      0.458      9.868      2.215      6.091      0.911       2.18       4.37       4.37       4.37       4.37          0          0          0          0 
     2.347      1.712      2.611      1.362      1.632     43.113       4.39      8.229      1.178      1.864      1.657       1.44      1.655      1.925      2.702      2.033      1.659      1.682      2.526      3.127       3.81      2.829      1.475      1.237      1.792     22.336      2.647      5.989      1.251      2.125      1.485      1.814      2.377      2.314      2.778          0      1.766      1.929      1.753      3.168      1.865     11.395      4.355      0.698      3.346      2.582      2.371       2.14      3.695      2.251      1.619      8.786      5.558      2.615       2.32      9.242      0.791      5.466      2.113      0.844      7.149      7.149      7.149      7.149          0          0          0          0 
     0.581      2.052      3.178      2.935      2.222     43.682      4.958       7.99      2.944      3.253      1.242      2.346      3.111      2.492       3.27        2.6      0.928      2.249      1.959      3.761      3.395      3.396      0.358      3.003      2.781     22.904      3.214        6.1      2.824      2.692      2.052       3.58      3.389      2.882      3.346      1.766          0      2.496      1.186      3.735      3.631     11.962      4.923      1.068       2.86      3.149      2.939      2.707      4.263      4.017      3.385      9.354      6.126      3.182      2.887      7.476       1.13        3.7      3.302      1.166      7.716      7.716      7.716      7.716          0          0          0          0 
     2.278      1.643      2.226      3.291      0.525     41.183      2.462       8.16      2.949      1.556      1.588      3.369      1.414      0.285      0.774      1.139       1.59      0.247      4.455      2.064      3.741        0.9      2.138      1.447      1.084     20.406      0.718       5.92       3.18      0.337      0.644      1.883      1.692      0.807       0.85      1.929      2.496          0      3.682      1.239      2.794      9.466      4.234      1.494      3.277      0.723      0.487      0.211      1.767      2.321      2.951      6.857      3.629       1.09      0.391      9.174      1.366      5.397      1.605       1.33       5.22       5.22       5.22       5.22          0          0          0          0 
     1.627      3.238      4.365      2.345      3.386     44.868      6.144      9.176      2.354      3.617      2.428      1.756      3.409      3.678      4.456      3.786      2.114      3.436      0.773      4.881      4.581      4.582      1.544      2.413      3.545     24.091        4.4      7.287      2.234      3.878      3.238      3.167      4.131      4.068      4.532      1.753      1.186      3.682          0      4.922      3.041     13.149      6.109      2.188      4.047      4.335      4.125      3.893      5.449      3.427      2.795      10.54      7.312      4.369      4.073      8.066      2.316      4.289      3.866      2.352      8.902      8.902      8.902      8.902          0          0          0          0 
     3.295      1.773      2.355       4.53      1.536     39.943      1.222       8.29      4.188      1.427      2.494      4.608      1.513      1.243      0.466      1.268      2.807      1.486      5.694      1.935      3.871      0.783      3.378      2.686      1.376     19.166      0.521       6.05      4.419      1.043      1.683      1.754      1.563      0.854      0.565      3.168      3.735      1.239      4.922          0      4.033      8.226      4.363      2.734      3.406      0.853      0.797      1.028      1.071      2.981      4.191      5.618       2.39      1.219      0.848      9.303      2.605      5.526      1.476      2.569       3.98       3.98       3.98       3.98          0          0          0          0 
     4.212      3.578       4.16      0.696      2.497     43.976      5.256     10.095      0.687      2.729      3.522      1.285      2.521       2.79      3.568      3.074      3.524      2.547       2.97      3.993      5.675      3.694       3.34      1.347      2.657       23.2      3.512      7.854      0.807       2.99      2.578      2.279      3.242       3.18      3.644      1.865      3.631      2.794      3.041      4.033          0     12.259      6.168      2.563      5.211      3.447      3.237      3.005      4.561      1.052      0.246      9.651      6.423       3.48      3.185     11.107      2.656      7.331      2.978       2.71      8.014      8.014      8.014      8.014          0          0          0          0 
    11.522      9.911      8.784     12.756      9.762     31.717      7.003      4.752     12.414       9.53     10.721     12.834      9.739      9.469      8.692      9.362     11.034      9.712     13.921      8.266      8.568      8.566     11.604     10.912      9.602     14.504      8.747      5.863     12.645      9.269       9.91       9.98      9.017       9.08      8.616     11.395     11.962      9.466     13.149      8.226     12.259          0       7.04      10.96      9.102      8.813      9.023      9.254      7.699     11.207     12.417      2.609      5.837       8.78      9.074     17.244     10.832      13.51      9.281     10.796      4.246      4.246      4.246      4.246          0          0          0          0 
     4.482      2.871      2.008      5.717      4.758     38.761       4.72      3.927      5.481       5.79      3.681      5.795      5.648      4.518      4.741      3.094      3.995      4.165      6.882      6.299      1.528       3.58      4.565       5.54      5.318     17.981      4.797      1.686      5.606      3.897       3.59      6.117      5.926      5.041      4.928      4.355      4.923      4.234      6.109      4.363      6.168       7.04          0      3.921      2.062       3.51      4.721      4.356      3.292      6.554      5.922      4.431      2.535      3.144      4.492     10.203      3.792       6.47      5.839      3.757      2.794      2.794      2.794      2.794          0          0          0          0 
     1.649       1.05      2.177      1.867      1.198     42.679      3.956      7.531      1.876      2.184      0.959      1.874      2.042       1.49      2.268      1.598      0.962      1.248      2.961      2.693      3.113      2.394      0.777      1.935      1.713     21.901      2.212      5.291      1.756      1.691       1.05      2.511       2.32       1.88      2.344      0.698      1.068      1.494      2.188      2.734      2.563      10.96      3.921          0      2.648      2.147      1.937      1.705      3.261      2.949      2.317      8.352      5.124      2.181      1.885      8.545      0.129      4.768      2.234      0.164      6.714      6.714      6.714      6.714          0          0          0          0 
      2.42      1.633      1.051      4.515      3.801     40.823      3.763      5.129      4.524      4.833      1.689      3.926      4.691      3.561      3.784      2.138      1.932      3.208      4.819      5.341      0.535      2.623      2.503      4.583      4.361     20.044       3.84       3.24      4.404       2.94      2.633       5.16      4.969      4.084      3.971      3.346       2.86      3.277      4.047      3.406      5.211      9.102      2.062      2.648          0      2.554      3.764      3.399      2.335      5.597      4.965      6.494      3.265      2.187      3.535       8.14      2.555      4.407      4.882      2.501      4.856      4.856      4.856      4.856          0          0          0          0 
     2.709      1.098      1.503      3.944      1.248      40.53      1.809      7.437      3.602      2.279      1.908      4.022      2.137      1.008       1.23      0.549      2.221        0.9      5.108      2.788      3.018      0.247      2.791        2.1      1.807     19.753      1.286      5.197      3.833      0.457      1.097      2.606      2.415      1.531      1.418      2.582      3.149      0.723      4.335      0.853      3.447      8.813       3.51      2.147      2.554          0       1.21      0.846      1.113      3.044      3.605      6.204      2.976      0.366      0.981      8.451      2.019      4.696      2.328      1.983      4.567      4.567      4.567      4.567          0          0          0          0 
     2.765       2.13      2.713      3.733      0.739     40.739      2.019      8.648      3.391      1.069      2.075      3.811      0.927      0.447      0.331      1.626      2.077      0.689      4.898      1.577      4.228      1.141      2.581      1.889      0.597     19.962      0.275      6.407      3.622      0.824      1.131      1.396      1.205       0.32      0.407      2.371      2.939      0.487      4.125      0.797      3.237      9.023      4.721      1.937      3.764       1.21          0      0.365      1.429      2.185      3.394      6.414      3.186      1.577      0.229      9.661      1.808      5.884      1.118      1.773      4.777      4.777      4.777      4.777          0          0          0          0 
       2.4      1.766      2.348      3.502      0.508     40.972      2.251      8.283       3.16      1.434       1.71       3.58      1.292      0.215      0.563      1.261      1.779      0.458      4.666      1.942      3.864      0.776      2.349      1.658      0.962     20.194      0.507      6.042      3.391      0.459      0.766      1.761       1.57      0.685      0.639       2.14      2.707      0.211      3.893      1.028      3.005      9.254      4.356      1.705      3.399      0.846      0.365          0      1.555      2.198      3.162      6.646      3.418      1.212       0.18      9.296      1.577      5.519      1.483      1.541      5.009      5.009      5.009      5.009          0          0          0          0 
     3.822      2.211      1.284      5.057      2.063     39.417      1.428      7.219      4.715      2.498      3.021      5.135      2.356       1.77      1.449      1.663      3.335      2.013      6.222      3.007        2.8      0.867      3.905      3.213      2.026     18.639      1.505      4.979      4.946       1.57      2.211      2.825      2.634      1.749      1.636      3.695      4.263      1.767      5.449      1.071      4.561      7.699      3.292      3.261      2.335      1.113      1.429      1.555          0      3.508      4.718       5.09      1.863       1.08      1.375      9.542      3.132      5.809      2.547      3.097      3.453      3.453      3.453      3.453          0          0          0          0 
     4.598      3.964      4.547      1.549      1.796     42.923      4.203     10.481      1.207      1.677      3.908      1.671      1.468      2.036      2.515       3.46      3.911       2.39      3.356       2.94      6.062      2.975      3.726      1.014      1.605     22.147       2.46      8.241      1.438      2.657      2.964      1.227       2.19      2.127      2.591      2.251      4.017      2.321      3.427      2.981      1.052     11.207      6.554      2.949      5.597      3.044      2.185      2.198      3.508          0      1.209      8.599      5.371      3.411      2.133     11.493      3.043      7.717      1.926      3.096      6.961      6.961      6.961      6.961          0          0          0          0 
     3.966      3.332      3.914       0.45      2.655     44.134      5.413      9.848      0.441      2.887      3.276      1.039      2.678      2.947      3.725      3.056      3.278      2.705      2.724       4.15      5.429      3.851      3.094      1.505      2.815     23.358      3.669      7.608      0.561      3.148      2.508      2.437        3.4      3.337      3.801      1.619      3.385      2.951      2.795      4.191      0.246     12.417      5.922      2.317      4.965      3.605      3.394      3.162      4.718      1.209          0      9.809       6.58      3.638      3.343     10.861       2.41      7.084      3.136      2.463      8.171      8.171      8.171      8.171          0          0          0          0 
     8.914      7.302      6.175     10.148      7.154     34.329      5.395      3.252      9.806      6.921      8.112     10.226       7.13      6.861      6.083      6.753      8.426      7.104     11.313      6.974      5.959      5.957      8.996      8.304      6.994     13.548      6.139      3.254     10.037      6.661      7.301      7.371      6.601      6.471      6.007      8.786      9.354      6.857      10.54      5.618      9.651      2.609      4.431      8.352      6.494      6.204      6.414      6.646       5.09      8.599      9.809          0      3.228      6.171      6.466     14.635      8.223     10.901      6.672      8.188      2.181      2.181      2.181      2.181          0          0          0          0 
     5.685      4.074      2.947       6.92      3.926     37.554      2.185      6.462      6.578      3.694      4.884      6.998      3.902      3.633      2.855      3.525      5.197      3.876      8.084      3.764      2.731      2.729      5.768      5.076      3.766     16.776      2.911      4.222      6.809      3.433      4.073      4.144      3.391      3.243      2.779      5.558      6.126      3.629      7.312       2.39      6.423      5.837      2.535      5.124      3.265      2.976      3.186      3.418      1.863      5.371       6.58      3.228          0      2.943      3.238     11.406      4.995      7.672      3.445      4.959      1.591      1.591      1.591      1.591          0          0          0          0 
     2.742      1.131      1.136      3.977      1.615     40.498      1.776      7.071      3.635      2.646      1.941      4.055      2.504      1.374      1.597      0.582      2.254      1.021      5.141      3.154      2.651      0.436      2.825      2.396      2.174      19.72      1.652       4.83      3.866      0.753       1.13      2.973      2.782      1.897      1.784      2.615      3.182       1.09      4.369      1.219       3.48       8.78      3.144      2.181      2.187      0.366      1.577      1.212       1.08      3.411      3.638      6.171      2.943          0      1.348      8.462      2.052      4.729      2.695      2.016      4.534      4.534      4.534      4.534          0          0          0          0 
     2.536      1.901      2.484      3.682      0.688     40.791      2.071      8.419       3.34      1.298      1.846       3.76      1.156      0.395      0.382      1.397      1.959      0.638      4.846      1.807      3.999      0.912      2.529      1.838      0.826     20.014      0.327      6.178      3.571      0.595      0.902      1.625      1.434      0.549      0.458       2.32      2.887      0.391      4.073      0.848      3.185      9.074      4.492      1.885      3.535      0.981      0.229       0.18      1.375      2.133      3.343      6.466      3.238      1.348          0      9.432      1.757      5.655      1.347      1.721      4.829      4.829      4.829      4.829          0          0          0          0 
     6.896      7.531      8.458     10.411      9.698     48.973     10.237     13.271      10.42     10.729      7.586      9.822     10.587      9.458      9.681      8.035      7.583      9.104      8.137     11.238      8.675      8.675      7.768     10.479     10.258     28.191      9.736     11.381       10.3      8.837       8.53     11.056     10.865      9.981      9.868      9.242      7.476      9.174      8.066      9.303     11.107     17.244     10.203      8.545       8.14      8.451      9.661      9.296      9.542     11.493     10.861     14.635     11.406      8.462      9.432          0      8.451      3.777     10.778      8.398     12.997     12.997     12.997     12.997          0          0          0          0 
     1.556      0.921      2.048       1.96      1.247      42.55      3.828      7.438      1.969      2.278      0.866      2.003      2.136      1.362      2.139       1.47      0.868      1.119      3.089      2.786      3.019      2.266      0.772      2.028      1.806     21.773      2.084      5.198      1.849      1.562      0.922      2.605      2.414      1.751      2.215      0.791       1.13      1.366      2.316      2.605      2.656     10.832      3.792      0.129      2.555      2.019      1.808      1.577      3.132      3.043       2.41      8.223      4.995      2.052      1.757      8.451          0      4.675      2.327      0.053      6.586      6.586      6.586      6.586          0          0          0          0 
     3.119      3.754      4.725      6.634      5.921     45.234      6.505      9.537      6.643      6.952      3.809      6.046       6.81      5.681      5.904      4.258      3.807      5.328       4.36      7.461      4.942      4.943      3.991      6.703      6.481     24.454      5.959      7.648      6.523       5.06      4.753      7.279      7.088      6.204      6.091      5.466        3.7      5.397      4.289      5.526      7.331      13.51       6.47      4.768      4.407      4.696      5.884      5.519      5.809      7.717      7.084     10.901      7.672      4.729      5.655      3.777      4.675          0      7.002      4.621      9.264      9.264      9.264      9.264          0          0          0          0 
     3.883      3.248      3.831      3.475       1.08     40.997      2.277      9.766      3.133      0.249      3.193      3.553      0.458       1.32      1.098      2.744      3.195      1.674      4.639      1.014      5.346      2.259      3.011      1.631      0.521      20.22      1.042      7.526      3.364      1.942      2.249      0.699      0.264      0.798      0.911      2.113      3.302      1.605      3.866      1.476      2.978      9.281      5.839      2.234      4.882      2.328      1.118      1.483      2.547      1.926      3.136      6.672      3.445      2.695      1.347     10.778      2.327      7.002          0       2.38      5.035      5.035      5.035      5.035          0          0          0          0 
     1.503      0.886      2.012      2.013        1.3     42.515      3.792      7.385      2.022      2.331      0.812      2.039      2.189      1.326      2.104      1.434      0.815      1.083      3.125       2.84      2.966       2.23      0.808      2.081      1.859     21.737      2.048      5.145      1.902      1.526      0.886      2.658      2.467      1.716       2.18      0.844      1.166       1.33      2.352      2.569       2.71     10.796      3.757      0.164      2.501      1.983      1.773      1.541      3.097      3.096      2.463      8.188      4.959      2.016      1.721      8.398      0.053      4.621       2.38          0       6.55       6.55       6.55       6.55          0          0          0          0 
     7.276      5.665      4.538       8.51      5.516     35.964      3.214      5.433      8.169      5.284      6.475      8.589      5.493      5.224      4.446      5.116      6.788      5.466      9.675      4.793      4.322       4.32      7.358      6.666      5.356     15.185      4.502      3.193      8.399      5.024      5.664      5.734      4.771      4.834       4.37      7.149      7.716       5.22      8.902       3.98      8.014      4.246      2.794      6.714      4.856      4.567      4.777      5.009      3.453      6.961      8.171      2.181      1.591      4.534      4.829     12.997      6.586      9.264      5.035       6.55          0          0          0          0          0          0          0          0 
     7.276      5.665      4.538       8.51      5.516     35.964      3.214      5.433      8.169      5.284      6.475      8.589      5.493      5.224      4.446      5.116      6.788      5.466      9.675      4.793      4.322       4.32      7.358      6.666      5.356     15.185      4.502      3.193      8.399      5.024      5.664      5.734      4.771      4.834       4.37      7.149      7.716       5.22      8.902       3.98      8.014      4.246      2.794      6.714      4.856      4.567      4.777      5.009      3.453      6.961      8.171      2.181      1.591      4.534      4.829     12.997      6.586      9.264      5.035       6.55          0          0          0          0          0          0          0          0 
     7.276      5.665      4.538       8.51      5.516     35.964      3.214      5.433      8.169      5.284      6.475      8.589      5.493      5.224      4.446      5.116      6.788      5.466      9.675      4.793      4.322       4.32      7.358      6.666      5.356     15.185      4.502      3.193      8.399      5.024      5.664      5.734      4.771      4.834       4.37      7.149      7.716       5.22      8.902       3.98      8.014      4.246      2.794      6.714      4.856      4.567      4.777      5.009      3.453      6.961      8.171      2.181      1.591      4.534      4.829     12.997      6.586      9.264      5.035       6.55          0          0          0          0          0          0          0          0 
     7.276      5.665      4.538       8.51      5.516     35.964      3.214      5.433      8.169      5.284      6.475      8.589      5.493      5.224      4.446      5.116      6.788      5.466      9.675      4.793      4.322       4.32      7.358      6.666      5.356     15.185      4.502      3.193      8.399      5.024      5.664      5.734      4.771      4.834       4.37      7.149      7.716       5.22      8.902       3.98      8.014      4.246      2.794      6.714      4.856      4.567      4.777      5.009      3.453      6.961      8.171      2.181      1.591      4.534      4.829     12.997      6.586      9.264      5.035       6.55          0          0          0          0          0          0          0          0 
         0          0          0          0          0          0          0          0          0          0          0          0          0          0          0          0          0          0          0          0          0          0          0          0          0          0          0          0          0          0          0          0          0          0          0          0          0          0          0          0          0          0          0          0          0          0          0          0          0          0          0          0          0          0          0          0          0          0          0          0          0          0          0          0          0          0          0          0 
         0          0          0          0          0          0          0          0          0          0          0          0          0          0          0          0          0          0          0          0          0          0          0          0          0          0          0          0          0          0          0          0          0          0          0          0          0          0          0          0          0          0          0          0          0          0          0          0          0          0          0          0          0          0          0          0          0          0          0          0          0          0          0          0          0          0          0          0 
         0          0          0          0          0          0          0          0          0          0          0          0          0          0          0          0          0          0          0          0          0          0          0          0          0          0          0          0          0          0          0          0          0          0          0          0          0          0          0          0          0          0          0          0          0          0          0          0          0          0          0          0          0          0          0          0          0          0          0          0          0          0          0          0          0          0          0          0 
         0          0          0          0          0          0          0          0          0          0          0          0          0          0          0          0          0          0          0          0          0          0          0          0          0          0          0          0          0          0          0          0          0          0          0          0          0          0          0          0          0          0          0          0          0          0          0          0          0          0          0          0          0          0          0          0          0          0          0          0          0          0          0          0          0          0          0          0 
Version identifier: 22.1.1.0 | 2022-11-28 | 9160aff4d
CPXPARAM_Threads                                 1
CPXPARAM_TimeLimit                               7200
Tried aggregator 2 times.
MIP Presolve eliminated 2456 rows and 8099 columns.
MIP Presolve modified 2216 coefficients.
Aggregator did 30 substitutions.
Reduced MIP has 498 rows, 1611 columns, and 5158 nonzeros.
Reduced MIP has 1593 binaries, 0 generals, 0 SOSs, and 0 indicators.
Presolve time = 0.02 sec. (17.97 ticks)
Probing time = 0.00 sec. (2.81 ticks)
Cover probing fixed 0 vars, tightened 9 bounds.
Tried aggregator 2 times.
Detecting symmetries...
MIP Presolve eliminated 18 rows and 54 columns.
MIP Presolve modified 36 coefficients.
Aggregator did 3 substitutions.
Reduced MIP has 477 rows, 1554 columns, and 4954 nonzeros.
Reduced MIP has 1536 binaries, 0 generals, 0 SOSs, and 0 indicators.
Presolve time = 0.00 sec. (4.87 ticks)
Probing time = 0.00 sec. (2.74 ticks)
Cover probing fixed 0 vars, tightened 9 bounds.
Clique table members: 3396.
Tightened 9 constraints.
MIP emphasis: balance optimality and feasibility.
MIP search method: dynamic search.
Parallel mode: none, using 1 thread.
Root relaxation solution time = 0.01 sec. (8.82 ticks)

        Nodes                                         Cuts/
   Node  Left     Objective  IInf  Best Integer    Best Bound    ItCnt     Gap

*     0     0      integral     0       48.8911       48.8911      522    0.00%
Elapsed time = 0.05 sec. (54.76 ticks, tree = 0.00 MB, solutions = 1)

Root node processing (before b&c):
  Real time             =    0.05 sec. (55.05 ticks)
Sequential b&c:
  Real time             =    0.00 sec. (0.00 ticks)
                          ------------
Total (root+branch&cut) =    0.05 sec. (55.05 ticks)

Sol status: Optimal
 Total Time: 0.05
 LB: 48.8911
 UB: 48.8911
Initializing solStats

Obj Val: 48.89112

Solve Time: 0.05
b(0): 9.85
b(1): 14.65
b(2): 12.0833333333333
b(3): 16.4833333333333
b(4): 9.53333333333333
b(5): 16.5833333333333
b(6): 16.0666666666667
b(7): 14.6166666666667
b(8): 11.9333333333333
b(9): 16.0833333333333
b(10): 9.55
b(11): 15.1
b(12): 11.5333333333333
b(13): 15.4333333333333
b(14): 15.35
b(15): 14.85
b(16): 11.85
b(17): 14.8666666666667
b(18): 15.7333333333333
b(19): 15.1333333333333
b(20): 10.1720732058894
b(21): 14.7661138371287
b(22): 12.2354715782788
b(23): 16.7783089650288
b(24): 9.7969674863256
b(25): 17.5106101271269
b(26): 16.1925366061154
b(27): 14.7546341729923
b(28): 12.0223008157565
b(29): 16.2128130306405
b(30): 9.72681300813008
b(31): 15.4196097900536
b(32): 11.6342764313544
b(33): 15.6960894371168
b(34): 15.437894311168
b(35): 14.982918723375
b(36): 11.9559674907158
b(37): 14.9560243931826
b(38): 15.8355203344002
b(39): 15.2638618116399
b(40): 11.5833333333333
b(41): 14.6166666666667
b(42): 9.63333333333333
b(43): 14.05
b(44): 10.65
b(45): 11.5833333333333
b(46): 10.05
b(47): 12.4833333333333
b(48): 13.5666666666667
b(49): 10.2166666666667
b(50): 12.7333333333333
b(51): 15.7666666666667
b(52): 10.7833333333333
b(53): 15.2333333333333
b(54): 11.95
b(55): 12.7166666666667
b(56): 11.2833333333333
b(57): 13.6333333333333
b(58): 14.7333333333333
b(59): 11.5
b(60): 9
b(61): 9
b(62): 9
b(63): 9
b(64): 19
b(65): 19
b(66): 19
b(67): 19


Customer profit: 113.79298
Parcel profit: 0
Costs: 64.90186
Without fixed: 64.90186

Solution: 
Vehicle 0: 60 - 2 - 22 - 15 - 35 - 14 - 34 - 6 - 26 - 64 - Total time: 7.19253660611542
Vehicle 1: 61 - 4 - 24 - 12 - 32 - 8 - 28 - 17 - 37 - 19 - 39 - 13 - 33 - 9 - 29 - 65 - Total time: 7.2128130306405
Vehicle 2: 62 - 10 - 30 - 0 - 20 - 16 - 36 - 22 - 1 - 21 - 11 - 31 - 18 - 38 - 3 - 23 - 66 - Total time: 7.77830896502876
Vehicle 3: 63 - 7 - 27 - 5 - 25 - 67 - Total time: 8.51061012712689

Vehicle 0: d - P - d - D - d - D - d - P - f
Vehicle 1: d - P - d - D - d - P - d - D - d - D - d - D - d - P - f
Vehicle 2: d - D - d - P - d - D - P - d - P - d - D - d - D - d - P - f
Vehicle 3: d - P - d - P - f

************************************
Final solution value: 48.89112
************************************

Total distance: 140.733

Total passenger distance: 47.566

Total parcel distance: 0

Total combined transportation distance: 0

Total idle distance: 93.167
File exists: 1
partial: 
CSV file 'TreatResults/FullResults/fip1ADsf_dataM.csv' generated successfully!
Instance Name: sfsarp-20-10-5

K: 3
Dist Matrix: 
         0      1.724      4.639     16.776          0      0.809      2.771      4.373      4.056     23.179      2.799      1.289      2.798       1.64      2.732      2.257     23.294       2.09      4.246      20.31      1.048      5.152      4.621      4.533      1.048      0.672      2.762      4.607      2.827      4.432      3.459      1.303      3.104      1.664       4.86      1.028      21.42      1.879      5.732     10.881      2.364      3.278      5.168      3.001      5.996      2.402       1.59      4.417        2.3      5.307      2.346      3.656      4.135      4.028       4.25      3.286      1.604      4.209      1.967      2.211      7.585      7.585      7.585          0          0          0 
     1.724          0      6.363     18.499      1.724      2.393      4.495      3.965      4.492     24.903      4.523      1.593      4.277      3.031      4.167       3.84     25.018      0.366       5.97     22.034      2.483      6.876      6.345      6.257      2.483      2.396      4.486      3.889      1.932      6.155      3.318      1.562      4.006      3.077      6.584      1.924     23.144      0.406      7.456     12.604      2.711      4.446      4.538      2.372       7.72      3.638      3.174      4.587      3.003      3.723      2.694       5.38      2.551      3.976      4.264      4.122      3.328      4.445      3.691      2.758      9.309      9.309      9.309          0          0          0 
     4.639      6.363          0     12.137      4.639      4.338      3.727      6.239      5.923      18.54      4.155       4.77      4.664      3.507      4.599      6.207     18.655      6.729      5.691      15.67      3.879      3.067      0.772      5.334      3.879      3.967      4.473      6.474      4.694      5.699      5.325      4.801       4.97      3.531      5.306      5.667     16.781      5.956      1.093      6.242       4.23      5.144      7.035      4.868      4.311      4.269      4.364      6.284      4.167      7.174      4.212       4.79      6.002      5.895      6.116      5.153      3.034      6.075      3.812      4.077      2.947      2.947      2.947          0          0          0 
    16.776     18.499     12.137          0     16.776     16.475     14.003     14.531     14.004      6.402     13.974     16.906      14.22     15.467      14.33     18.346      6.517     18.866     12.526      5.325     16.016     11.622     12.155     12.239     16.016     16.104     14.011     14.608     16.566     12.341      15.18     16.937     14.491     15.421      11.93     17.804      6.102     18.093     11.044      5.894     15.787     14.051     13.958     16.126     10.935      14.86     16.502     13.909     15.495      16.15     15.804     13.117     17.611     14.521     14.233     14.375     15.171     14.051     14.807      15.74      9.188      9.188      9.188          0          0          0 
         0      1.724      4.639     16.776          0      0.809      2.771      4.373      4.056     23.179      2.799      1.289      2.798       1.64      2.732      2.257     23.294       2.09      4.246      20.31      1.048      5.152      4.621      4.533      1.048      0.672      2.762      4.607      2.827      4.432      3.459      1.303      3.104      1.664       4.86      1.028      21.42      1.879      5.732     10.881      2.364      3.278      5.168      3.001      5.996      2.402       1.59      4.417        2.3      5.307      2.346      3.656      4.135      4.028       4.25      3.286      1.604      4.209      1.967      2.211      7.585      7.585      7.585          0          0          0 
     0.809      2.393      4.338     16.475      0.809          0       2.67      5.182      4.866     22.879      3.098      2.099      3.607       2.45      3.542      1.869     22.994      2.759      4.634      20.01      1.857      4.851      4.321      4.277      1.857      0.371      3.416      5.416      3.637      4.642      4.268      2.112      3.913      2.474       4.56      1.329      21.12      2.688      5.431      10.58      3.173      4.087      5.977      3.811      5.696      3.212      0.781      5.227       3.11      6.116      3.156      3.733      4.945      4.838      5.059      4.096      1.304      5.018      2.755      3.021      7.285      7.285      7.285          0          0          0 
     2.771      4.495      3.727     14.003      2.771       2.67          0      2.512      2.195     20.406      0.428      2.902      0.937      1.464      0.871       4.34      20.52      4.861      1.964     17.536      2.012      2.381        4.5      1.762      2.012       2.41      0.746      2.746      2.563      1.971      1.598      2.933      1.243      1.418      2.089      3.799     18.647      4.089      4.188      8.109      1.784      1.417      3.307      2.123      3.225      0.857      3.451      2.557      1.492      3.446      1.801      1.063      3.608      2.168      2.389      1.425      2.588      2.348      0.804      1.736      4.814      4.814      4.814          0          0          0 
     4.373      3.965      6.239     14.531      4.373      5.182      2.512          0      0.527     20.934      2.084      3.083      1.575      2.732      1.641      6.629     21.048      4.331      2.005     18.188      3.325      3.173      7.012      2.291      3.325      4.922      1.766      0.234      2.034       2.19      0.914       3.07      1.269      2.708      2.618      4.713     19.175      3.559      6.701      8.638      2.009      1.095      0.795      1.593      3.754      1.971      5.963      0.622      2.073      1.619      2.026      1.449      3.078      0.344      0.299      1.087        5.1       0.48      2.428      2.161      5.343      5.343      5.343          0          0          0 
     4.056      4.492      5.923     14.004      4.056      4.866      2.195      0.527          0     20.407      1.768        2.9      1.259      2.416      1.324      6.313     20.521      4.859      1.478     17.871      3.008      2.856      6.695      1.764      3.008      4.605       1.45      0.604      2.561      1.663      1.175      2.931      0.952      2.392      2.091      4.396     18.648      4.086      6.384       8.11      1.781      0.779      1.112       2.12      3.227      1.654      5.647      0.361      1.756      2.146      1.799      1.133      3.606      0.516      0.228       0.77      4.783      0.153      2.111      1.845      4.816      4.816      4.816          0          0          0 
    23.179     24.903      18.54      6.402     23.179     22.879     20.406     20.934     20.407          0     20.377      23.31     20.623      21.87     20.733      24.75      0.448     25.269     18.929       2.87     22.419     18.024     18.558     18.642     22.419     22.508     20.414      21.01      22.97     18.743     21.582     23.341     20.894     21.824     18.315     24.209       1.76     24.496     17.447     12.296      22.19     20.453      20.36     22.529     17.179     21.263     22.906     20.312     21.898     22.553     22.208      19.52     24.014     20.923     20.635     20.778     21.575     20.454      21.21     22.143     15.591     15.591     15.591          0          0          0 
     2.799      4.523      4.155     13.974      2.799      3.098      0.428      2.084      1.768     20.377          0      2.931      0.509      1.492      0.443      4.545     20.492      4.889      1.536     17.508       2.04      2.352      4.928      1.734       2.04      2.838      0.318      2.318      2.591      1.632      1.205      2.962      0.815      1.446      2.061      3.828     18.618      4.117      4.616       8.08      1.812      0.989      2.879      2.151      3.196      0.885      3.879      2.129       1.52      3.018       1.83      0.857      3.636       1.74      1.961      0.998      3.016       1.92      0.832      1.765      4.785      4.785      4.785          0          0          0 
     1.289      1.593       4.77     16.906      1.289      2.099      2.902      3.083        2.9      23.31      2.931          0      2.685      1.439      2.575      3.546     23.425      1.959      4.378     20.441      0.891      5.283      4.752      4.664      0.891      1.838      2.893      3.317      1.538      4.563      2.169      0.031      2.414      1.485      4.991      1.629     21.551      1.186      5.863     11.012      1.119      2.854      3.878      1.712      6.127      2.045       2.88      3.128       1.41      4.017      1.101      3.787      2.846      2.739       2.96       2.53      2.016      2.919      2.099      1.166      7.716      7.716      7.716          0          0          0 
     2.798      4.277      4.664      14.22      2.798      3.607      0.937      1.575      1.259     20.623      0.509      2.685          0      1.246       0.11      5.054     20.737      4.644      1.693     17.754      1.794      2.598      5.436       1.98      1.794      3.347      0.209      1.809      2.346      1.878      0.959      2.716      0.306        1.2      2.306      3.582     18.864      3.871      5.125      8.326      1.566       0.48       2.37      1.905      3.442       0.64      4.388       1.62      1.274      2.509      1.584      1.102      3.391      1.231      1.452      0.489      3.525      1.411      0.853      1.519      5.031      5.031      5.031          0          0          0 
      1.64      3.031      3.507     15.467       1.64       2.45      1.464      2.732      2.416      21.87      1.492      1.439      1.246          0      1.136      3.897     21.985      3.397      2.939     19.001      0.592      3.844      4.279      3.226      0.592      2.189      1.455      2.967      1.187      3.124      1.819       1.47      1.464      0.046      3.553      2.336     20.112      2.625      4.424      9.573      0.723      1.637      3.528      1.361      4.689      0.762      3.231      2.777       0.66      3.667      0.706      2.349      2.495      2.388      2.609      1.646      2.367      2.568       0.66      0.571      6.278      6.278      6.278          0          0          0 
     2.732      4.167      4.599      14.33      2.732      3.542      0.871      1.641      1.324     20.733      0.443      2.575       0.11      1.136          0      4.989     20.847      4.534      1.803     17.864      1.684      2.708      5.371       2.09      1.684      3.281      0.318      1.875      2.236      1.988       0.85      2.606      0.372       1.09      2.416      3.472     18.974      3.761       5.06      8.436      1.456      0.546      2.436      1.795      3.552       0.53      4.323      1.685      1.165      2.575      1.474      1.212      3.281      1.296      1.517      0.554      3.459      1.477      0.787      1.409      5.141      5.141      5.141          0          0          0 
     2.257       3.84      6.207     18.346      2.257      1.869       4.34      6.629      6.313      24.75      4.545      3.546      5.054      3.897      4.989          0     24.865      4.206      6.081      21.88      3.304      6.721       6.19      6.102      3.304       2.24      4.863      6.863      5.084      6.089      5.715      3.559       5.36      3.921      6.429      1.916     22.991      4.135        7.3      12.45       4.62      5.534      7.424      5.258      7.565      4.659      1.843      6.674      4.557      7.563      4.603      5.225      6.392      6.285      6.506      5.543      3.173      6.465      4.202      4.468      9.154      9.154      9.154          0          0          0 
    23.294     25.018     18.655      6.517     23.294     22.994      20.52     21.048     20.521      0.448     20.492     23.425     20.737     21.985     20.847     24.865          0     25.384     19.043      2.985     22.534     18.139     18.673     18.756     22.534     22.622     20.529     21.125     23.084     18.858     21.697     23.456     21.008     21.939     18.429     24.323      1.875     24.611     17.562     12.411     22.305     20.568     20.474     22.644     17.294     21.378     23.021     20.426     22.013     22.667     22.322     19.634     24.129     21.038      20.75     20.892      21.69     20.569     21.324     22.257     15.705     15.705     15.705          0          0          0 
      2.09      0.366      6.729     18.866       2.09      2.759      4.861      4.331      4.859     25.269      4.889      1.959      4.644      3.397      4.534      4.206     25.384          0      6.336       22.4       2.85      7.242      6.711      6.623       2.85      2.762      4.852      4.255      2.298      6.522      3.684      1.928      4.372      3.444       6.95       2.29     23.511      0.773      7.822     12.971      3.077      4.813      4.905      2.738      8.086      4.004       3.54      4.953      3.369      3.356       3.06      5.746      2.185      4.342       4.63      4.488      3.694      4.811      4.058      3.125      9.675      9.675      9.675          0          0          0 
     4.246       5.97      5.691     12.526      4.246      4.634      1.964      2.005      1.478     18.929      1.536      4.378      1.693      2.939      1.803      6.081     19.043      6.336          0      17.64      3.487      2.625      6.464      0.357      3.487      4.374      1.484      2.081      4.038      0.185      2.652      4.409      1.964      2.893      0.614      5.275     18.417      5.564      6.153      7.265      3.259      1.524      1.431      3.598      1.749      2.332      5.415      1.383      2.967      3.623      3.276      0.901      5.083      1.994      1.706      1.848      4.552      1.525      2.279      3.212      3.566      3.566      3.566          0          0          0 
     20.31     22.034      15.67      5.325      20.31      20.01     17.536     18.188     17.871       2.87     17.508     20.441     17.754     19.001     17.864      21.88      2.985       22.4      17.64          0      19.55     15.155     15.688     17.283      19.55     19.638     17.545     18.422       20.1     17.648     18.713     20.472     18.025     18.955     17.255     21.339      1.111     21.627     14.577     10.376     19.321     17.584     18.984      19.66      16.26     18.394     20.036     18.233     19.029     19.684     19.338     16.738     21.145     18.054     18.065     17.909     18.706     18.024     18.341     19.274     14.074     14.074     14.074          0          0          0 
     1.048      2.483      3.879     16.016      1.048      1.857      2.012      3.325      3.008     22.419       2.04      0.891      1.794      0.592      1.684      3.304     22.534       2.85      3.487      19.55          0      4.392      3.862      3.774          0      1.597      2.003      3.559       1.78      3.672      2.411      0.922      2.056      0.616      4.101      1.788      20.66      2.077      4.972     10.121      1.316       2.23       4.12      1.953      5.237      1.354      2.638       3.37      1.252      4.259      1.298      2.897      3.088      2.981      3.202      2.238      1.775      3.161      1.208      1.163      6.826      6.826      6.826          0          0          0 
     5.152      6.876      3.067     11.622      5.152      4.851      2.381      3.173      2.856     18.024      2.352      5.283      2.598      3.844      2.708      6.721     18.139      7.242      2.625     15.155      4.392          0      3.839      2.268      4.392       4.48      2.389      3.407      4.944      2.632      3.557      5.314      2.869      3.798      2.239       6.18     16.266      6.469      3.528      5.728      4.164      2.429      3.968      4.503      1.244      3.238      4.878      3.218      3.873      4.528      4.182      1.724      5.989      2.899       3.05      2.753      3.548      3.009      3.184      4.117      2.433      2.433      2.433          0          0          0 
     4.621      6.345      0.772     12.155      4.621      4.321        4.5      7.012      6.695     18.558      4.928      4.752      5.436      4.279      5.371       6.19     18.673      6.711      6.464     15.688      3.862      3.839          0      6.107      3.862      3.949      5.245      7.246      5.466      6.471      6.098      4.783      5.743      4.303      6.078       5.65     16.799      5.939      1.111       6.26      5.002      5.917      7.807       5.64      5.083      5.041      4.347      7.056      4.939      7.946      4.985      5.562      6.774      6.667      6.888      5.925      3.017      6.848      4.584       4.85      2.965      2.965      2.965          0          0          0 
     4.533      6.257      5.334     12.239      4.533      4.277      1.762      2.291      1.764     18.642      1.734      4.664       1.98      3.226       2.09      6.102     18.756      6.623      0.357     17.283      3.774      2.268      6.107          0      3.774      4.017      1.771      2.368      4.325      0.365      2.939      4.695      2.251       3.18      0.327      5.562      18.06      5.851      5.796      6.908      3.546       1.81      1.718      3.885      1.463      2.619      5.058      1.669      3.254       3.91      3.563      0.877       5.37       2.28      1.993      2.135      4.195      1.812      2.566      3.498      3.209      3.209      3.209          0          0          0 
     1.048      2.483      3.879     16.016      1.048      1.857      2.012      3.325      3.008     22.419       2.04      0.891      1.794      0.592      1.684      3.304     22.534       2.85      3.487      19.55          0      4.392      3.862      3.774          0      1.597      2.003      3.559       1.78      3.672      2.411      0.922      2.056      0.616      4.101      1.788      20.66      2.077      4.972     10.121      1.316       2.23       4.12      1.953      5.237      1.354      2.638       3.37      1.252      4.259      1.298      2.897      3.088      2.981      3.202      2.238      1.775      3.161      1.208      1.163      6.826      6.826      6.826          0          0          0 
     0.672      2.396      3.967     16.104      0.672      0.371       2.41      4.922      4.605     22.508      2.838      1.838      3.347      2.189      3.281       2.24     22.622      2.762      4.374     19.638      1.597       4.48      3.949      4.017      1.597          0      3.156      5.156      3.376      4.381      4.008      1.852      3.653      2.213      4.188        1.7     20.749      2.428       5.06     10.209      2.913      3.827      5.717       3.55      5.324      2.951      1.041      4.967      2.849      5.856      2.895      3.473      4.685      4.578      4.799      3.835      0.932      4.758      2.494       2.76      6.913      6.913      6.913          0          0          0 
     2.762      4.486      4.473     14.011      2.762      3.416      0.746      1.766       1.45     20.414      0.318      2.893      0.209      1.455      0.318      4.863     20.529      4.852      1.484     17.545      2.003      2.389      5.245      1.771      2.003      3.156          0          2      2.554       1.67      1.168      2.924      0.497      1.409      2.098       3.79     18.655       4.08      4.934      8.117      1.775      0.671      2.561      2.114      3.234      0.848      4.197      1.811      1.483        2.7      1.792      0.894      3.599      1.422      1.643       0.68      3.334      1.602      0.795      1.727      4.823      4.823      4.823          0          0          0 
     4.607      3.889      6.474     14.608      4.607      5.416      2.746      0.234      0.604      21.01      2.318      3.317      1.809      2.967      1.875      6.863     21.125      4.255      2.081     18.422      3.559      3.407      7.246      2.368      3.559      5.156          2          0      1.957      2.266      1.148      3.304      1.503      2.943      2.695      4.947     19.252      3.482      6.935      8.714      2.243      1.329       0.65      1.606       3.83      2.205      6.197      0.698      2.307      1.542      2.261      1.684      3.002      0.579      0.375      1.321      5.334      0.556      2.662      2.396      5.419      5.419      5.419          0          0          0 
     2.827      1.932      4.694     16.566      2.827      3.637      2.563      2.034      2.561      22.97      2.591      1.538      2.346      1.187      2.236      5.084     23.084      2.298      4.038       20.1       1.78      4.944      5.466      4.325       1.78      3.376      2.554      1.957          0      4.224      1.386      1.525      2.075      1.163      4.652      3.167     21.211      1.525      5.523     10.672      0.779      2.515      2.607       0.44      5.788      1.706      4.418      2.655      1.071      2.479      0.762      3.448      1.308      2.045      2.332       2.19      3.554      2.513      1.759      0.827      7.377      7.377      7.377          0          0          0 
     4.432      6.155      5.699     12.341      4.432      4.642      1.971       2.19      1.663     18.743      1.632      4.563      1.878      3.124      1.988      6.089     18.858      6.522      0.185     17.648      3.672      2.632      6.471      0.365      3.672      4.381       1.67      2.266      4.224          0      2.837      4.594      2.149      3.078      0.428       5.46     18.425      5.749       6.16      7.272      3.444      1.709      1.617      3.783      1.564      2.518      5.423      1.568      3.153      3.808      3.462      0.909      5.268      2.179      1.891      2.033      4.559       1.71      2.464      3.397      3.574      3.574      3.574          0          0          0 
     3.459      3.318      5.325      15.18      3.459      4.268      1.598      0.914      1.175     21.582      1.205      2.169      0.959      1.819       0.85      5.715     21.697      3.684      2.652     18.713      2.411      3.557      6.098      2.939      2.411      4.008      1.168      1.148      1.386      2.837          0      2.156      0.688      1.795      3.266      3.799     19.824      2.911      5.786      9.285      1.095      1.129      1.709      0.946      4.402      1.057      5.049      1.269      1.159      1.848      1.113      2.062      2.431      0.658      0.946      0.804      4.186      1.127      1.514      1.248       5.99       5.99       5.99          0          0          0 
     1.303      1.562      4.801     16.937      1.303      2.112      2.933       3.07      2.931     23.341      2.962      0.031      2.716       1.47      2.606      3.559     23.456      1.928      4.409     20.472      0.922      5.314      4.783      4.695      0.922      1.852      2.924      3.304      1.525      4.594      2.156          0      2.445      1.516      5.022      1.643     21.582      1.155      5.894     11.043       1.15      2.885      3.865      1.698      6.158      2.076      2.893      3.115      1.441      4.004      1.132      3.818      2.833      2.726      2.947      2.561       2.03      2.906       2.13      1.197      7.747      7.747      7.747          0          0          0 
     3.104      4.006       4.97     14.491      3.104      3.913      1.243      1.269      0.952     20.894      0.815      2.414      0.306      1.464      0.372       5.36     21.008      4.372      1.964     18.025      2.056      2.869      5.743      2.251      2.056      3.653      0.497      1.503      2.075      2.149      0.688      2.445          0       1.44      2.577      3.444     19.135        3.6      5.432      8.597      1.295       0.44      2.064      1.634      3.713      0.702      4.694      1.314      1.003      2.203      1.313      1.374      3.119      0.925      1.146      0.182      3.831      1.105      1.159      1.248      5.302      5.302      5.302          0          0          0 
     1.664      3.077      3.531     15.421      1.664      2.474      1.418      2.708      2.392     21.824      1.446      1.485        1.2      0.046       1.09      3.921     21.939      3.444      2.893     18.955      0.616      3.798      4.303       3.18      0.616      2.213      1.409      2.943      1.163      3.078      1.795      1.516       1.44          0      3.506      2.382     20.065      2.671      4.378      9.527      0.699      1.613      3.504      1.337      4.642      0.738      3.255      2.753      0.636      3.643      0.682      2.303      2.471      2.364      2.585      1.622      2.391      2.544      0.614      0.547      6.231      6.231      6.231          0          0          0 
      4.86      6.584      5.306      11.93       4.86       4.56      2.089      2.618      2.091     18.315      2.061      4.991      2.306      3.553      2.416      6.429     18.429       6.95      0.614     17.255      4.101      2.239      6.078      0.327      4.101      4.188      2.098      2.695      4.652      0.428      3.266      5.022      2.577      3.506          0      5.888     18.032      6.177      5.767      6.879      3.872      2.137      2.045      4.212      1.136      2.946       5.03      1.996      3.581      4.237       3.89      1.204      5.697      2.607       2.32      2.462      4.166      2.138      2.893      3.825      3.181      3.181      3.181          0          0          0 
     1.028      1.924      5.667     17.804      1.028      1.329      3.799      4.713      4.396     24.209      3.828      1.629      3.582      2.336      3.472      1.916     24.323       2.29      5.275     21.339      1.788       6.18       5.65      5.562      1.788        1.7       3.79      4.947      3.167       5.46      3.799      1.643      3.444      2.382      5.888          0     22.449      2.219       6.76     11.909      2.704      3.751      5.508      3.341      7.024      2.942      1.303      4.757       2.64      5.647      2.686      4.684      4.475      4.368       4.59      3.626      2.633      4.549      2.996      2.551      8.614      8.614      8.614          0          0          0 
     21.42     23.144     16.781      6.102      21.42      21.12     18.647     19.175     18.648       1.76     18.618     21.551     18.864     20.112     18.974     22.991      1.875     23.511     18.417      1.111      20.66     16.266     16.799      18.06      20.66     20.749     18.655     19.252     21.211     18.425     19.824     21.582     19.135     20.065     18.032     22.449          0     22.738     15.688     11.152     20.431     18.694      19.76      20.77     17.036     19.504     21.147      19.01     20.139     20.794     20.449     17.761     22.256     19.164     18.876     19.019     19.816     18.801     19.451     20.384     14.851     14.851     14.851          0          0          0 
     1.879      0.406      5.956     18.093      1.879      2.688      4.089      3.559      4.086     24.496      4.117      1.186      3.871      2.625      3.761      4.135     24.611      0.773      5.564     21.627      2.077      6.469      5.939      5.851      2.077      2.428       4.08      3.482      1.525      5.749      2.911      1.155        3.6      2.671      6.177      2.219     22.738          0      7.049     12.198      2.305       4.04      4.132      1.966      7.313      3.231      3.469      4.181      2.596      3.427      2.287      4.973      2.256       3.57      3.857      3.716      2.922      4.039      3.285      2.352      8.902      8.902      8.902          0          0          0 
     5.732      7.456      1.093     11.044      5.732      5.431      4.188      6.701      6.384     17.447      4.616      5.863      5.125      4.424       5.06        7.3     17.562      7.822      6.153     14.577      4.972      3.528      1.111      5.796      4.972       5.06      4.934      6.935      5.523       6.16      5.786      5.894      5.432      4.378      5.767       6.76     15.688      7.049          0      5.149      4.744      5.605      7.496      5.329      4.772       4.73      5.457      6.745      4.628      7.635      4.761      5.251      6.568      6.356      6.577      5.614      4.127      6.537      4.273      4.697      2.587      2.587      2.587          0          0          0 
    10.881     12.604      6.242      5.894     10.881      10.58      8.109      8.638       8.11     12.296       8.08     11.012      8.326      9.573      8.436      12.45     12.411     12.971      7.265     10.376     10.121      5.728       6.26      6.908     10.121     10.209      8.117      8.714     10.672      7.272      9.285     11.043      8.597      9.527      6.879     11.909     11.152     12.198      5.149          0      9.893      8.157      8.608     10.232      5.884      8.966     10.607      8.015      9.601     10.256       9.91      7.223     11.717      8.627      8.339      8.481      9.277      8.158      8.912      9.845      3.698      3.698      3.698          0          0          0 
     2.364      2.711       4.23     15.787      2.364      3.173      1.784      2.009      1.781      22.19      1.812      1.119      1.566      0.723      1.456       4.62     22.305      3.077      3.259     19.321      1.316      4.164      5.002      3.546      1.316      2.913      1.775      2.243      0.779      3.444      1.095       1.15      1.295      0.699      3.872      2.704     20.431      2.305      4.744      9.893          0      1.735      2.804      0.638      5.008      0.926      3.954      2.054      0.292      2.943      0.018      2.669      1.825      1.665      1.886      1.411      3.091      1.845       0.98      0.153      6.597      6.597      6.597          0          0          0 
     3.278      4.446      5.144     14.051      3.278      4.087      1.417      1.095      0.779     20.453      0.989      2.854       0.48      1.637      0.546      5.534     20.568      4.813      1.524     17.584       2.23      2.429      5.917       1.81       2.23      3.827      0.671      1.329      2.515      1.709      1.129      2.885       0.44      1.613      2.137      3.751     18.694       4.04      5.605      8.157      1.735          0       1.89      2.075      3.273      0.875      4.868       1.14      1.444        2.1      1.753      0.933       3.56      0.751      0.972      0.324      4.005      0.931      1.333      1.688      4.862      4.862      4.862          0          0          0 
     5.168      4.538      7.035     13.958      5.168      5.977      3.307      0.795      1.112      20.36      2.879      3.878       2.37      3.528      2.436      7.424     20.474      4.905      1.431     18.984       4.12      3.968      7.807      1.718       4.12      5.717      2.561       0.65      2.607      1.617      1.709      3.865      2.064      3.504      2.045      5.508      19.76      4.132      7.496      8.608      2.804       1.89          0      2.167      3.181      2.766      6.758       0.75      2.868      2.192      2.822      2.245      3.652      1.139      0.918      1.882      5.895      0.959      3.223      2.957       4.91       4.91       4.91          0          0          0 
     3.001      2.372      4.868     16.126      3.001      3.811      2.123      1.593       2.12     22.529      2.151      1.712      1.905      1.361      1.795      5.258     22.644      2.738      3.598      19.66      1.953      4.503       5.64      3.885      1.953       3.55      2.114      1.606       0.44      3.783      0.946      1.698      1.634      1.337      4.212      3.341      20.77      1.966      5.329     10.232      0.638      2.075      2.167          0      5.348      1.266      4.592      2.215      0.701      2.306      0.655      3.008      1.485      1.604      1.892       1.75      3.728      2.073      1.319       0.79      6.937      6.937      6.937          0          0          0 
     5.996       7.72      4.311     10.935      5.996      5.696      3.225      3.754      3.227     17.179      3.196      6.127      3.442      4.689      3.552      7.565     17.294      8.086      1.749      16.26      5.237      1.244      5.083      1.463      5.237      5.324      3.234       3.83      5.788      1.564      4.402      6.158      3.713      4.642      1.136      7.024     17.036      7.313      4.772      5.884      5.008      3.273      3.181      5.348          0      4.082      5.722      3.132      4.717      5.373      5.026       2.34      6.833      3.743      3.455      3.597      4.392      3.274      4.028      4.961      2.185      2.185      2.185          0          0          0 
     2.402      3.638      4.269      14.86      2.402      3.212      0.857      1.971      1.654     21.263      0.885      2.045       0.64      0.762       0.53      4.659     21.378      4.004      2.332     18.394      1.354      3.238      5.041      2.619      1.354      2.951      0.848      2.205      1.706      2.518      1.057      2.076      0.702      0.738      2.946      2.942     19.504      3.231       4.73      8.966      0.926      0.875      2.766      1.266      4.082          0      3.993      2.015      0.635      2.905      0.944      1.742      2.751      1.626      1.847      0.884      3.129      1.807      0.457      0.879      5.671      5.671      5.671          0          0          0 
      1.59      3.174      4.364     16.502       1.59      0.781      3.451      5.963      5.647     22.906      3.879       2.88      4.388      3.231      4.323      1.843     23.021       3.54      5.415     20.036      2.638      4.878      4.347      5.058      2.638      1.041      4.197      6.197      4.418      5.423      5.049      2.893      4.694      3.255       5.03      1.303     21.147      3.469      5.457     10.607      3.954      4.868      6.758      4.592      5.722      3.993          0      6.008      3.891      6.897      3.937      4.514      5.726      5.619       5.84      4.877       1.33      5.799      3.536      3.802      7.311      7.311      7.311          0          0          0 
     4.417      4.587      6.284     13.909      4.417      5.227      2.557      0.622      0.361     20.312      2.129      3.128       1.62      2.777      1.685      6.674     20.426      4.953      1.383     18.233       3.37      3.218      7.056      1.669       3.37      4.967      1.811      0.698      2.655      1.568      1.269      3.115      1.314      2.753      1.996      4.757      19.01      4.181      6.745      8.015      2.054       1.14       0.75      2.215      3.132      2.015      6.008          0      2.117       2.24      2.071      1.494        3.7      0.611      0.323      1.131      5.145      0.209      2.472      2.206      4.721      4.721      4.721          0          0          0 
       2.3      3.003      4.167     15.495        2.3       3.11      1.492      2.073      1.756     21.898       1.52       1.41      1.274       0.66      1.165      4.557     22.013      3.369      2.967     19.029      1.252      3.873      4.939      3.254      1.252      2.849      1.483      2.307      1.071      3.153      1.159      1.441      1.003      0.636      3.581       2.64     20.139      2.596      4.628      9.601      0.292      1.444      2.868      0.701      4.717      0.635      3.891      2.117          0      3.007      0.309      2.377      2.116      1.728      1.949      1.119      3.027      1.909      0.688      0.244      6.306      6.306      6.306          0          0          0 
     5.307      3.723      7.174      16.15      5.307      6.116      3.446      1.619      2.146     22.553      3.018      4.017      2.509      3.667      2.575      7.563     22.667      3.356      3.623     19.684      4.259      4.528      7.946       3.91      4.259      5.856        2.7      1.542      2.479      3.808      1.848      4.004      2.203      3.643      4.237      5.647     20.794      3.427      7.635     10.256      2.943        2.1      2.192      2.306      5.373      2.905      6.897       2.24      3.007          0      2.961      3.033       1.46       1.63      1.917      2.021      6.034      2.098      3.362      3.096      6.961      6.961      6.961          0          0          0 
     2.346      2.694      4.212     15.804      2.346      3.156      1.801      2.026      1.799     22.208       1.83      1.101      1.584      0.706      1.474      4.603     22.322       3.06      3.276     19.338      1.298      4.182      4.985      3.563      1.298      2.895      1.792      2.261      0.762      3.462      1.113      1.132      1.313      0.682       3.89      2.686     20.449      2.287      4.761       9.91      0.018      1.753      2.822      0.655      5.026      0.944      3.937      2.071      0.309      2.961          0      2.686      1.807      1.682      1.903      1.428      3.073      1.862      0.998      0.135      6.615      6.615      6.615          0          0          0 
     3.656       5.38       4.79     13.117      3.656      3.733      1.063      1.449      1.133      19.52      0.857      3.787      1.102      2.349      1.212      5.225     19.634      5.746      0.901     16.738      2.897      1.724      5.562      0.877      2.897      3.473      0.894      1.684      3.448      0.909      2.062      3.818      1.374      2.303      1.204      4.684     17.761      4.973      5.251      7.223      2.669      0.933      2.245      3.008       2.34      1.742      4.514      1.494      2.377      3.033      2.686          0      4.493      1.403      1.326      1.258      3.651      1.285      1.689      2.621      3.928      3.928      3.928          0          0          0 
     4.135      2.551      6.002     17.611      4.135      4.945      3.608      3.078      3.606     24.014      3.636      2.846      3.391      2.495      3.281      6.392     24.129      2.185      5.083     21.145      3.088      5.989      6.774       5.37      3.088      4.685      3.599      3.002      1.308      5.268      2.431      2.833      3.119      2.471      5.697      4.475     22.256      2.256      6.568     11.717      1.825       3.56      3.652      1.485      6.833      2.751      5.726        3.7      2.116       1.46      1.807      4.493          0      3.089      3.377      3.235      4.862      3.558      2.804      1.924      8.422      8.422      8.422          0          0          0 
     4.028      3.976      5.895     14.521      4.028      4.838      2.168      0.344      0.516     20.923       1.74      2.739      1.231      2.388      1.296      6.285     21.038      4.342      1.994     18.054      2.981      2.899      6.667       2.28      2.981      4.578      1.422      0.579      2.045      2.179      0.658      2.726      0.925      2.364      2.607      4.368     19.164       3.57      6.356      8.627      1.665      0.751      1.139      1.604      3.743      1.626      5.619      0.611      1.728       1.63      1.682      1.403      3.089          0      0.288      0.742      4.755      0.469      2.083      1.817      5.332      5.332      5.332          0          0          0 
      4.25      4.264      6.116     14.233       4.25      5.059      2.389      0.299      0.228     20.635      1.961       2.96      1.452      2.609      1.517      6.506      20.75       4.63      1.706     18.065      3.202       3.05      6.888      1.993      3.202      4.799      1.643      0.375      2.332      1.891      0.946      2.947      1.146      2.585       2.32       4.59     18.876      3.857      6.577      8.339      1.886      0.972      0.918      1.892      3.455      1.847       5.84      0.323      1.949      1.917      1.903      1.326      3.377      0.288          0      0.963      4.977      0.181      2.304      2.038      5.044      5.044      5.044          0          0          0 
     3.286      4.122      5.153     14.375      3.286      4.096      1.425      1.087       0.77     20.778      0.998       2.53      0.489      1.646      0.554      5.543     20.892      4.488      1.848     17.909      2.238      2.753      5.925      2.135      2.238      3.835       0.68      1.321       2.19      2.033      0.804      2.561      0.182      1.622      2.462      3.626     19.019      3.716      5.614      8.481      1.411      0.324      1.882       1.75      3.597      0.884      4.877      1.131      1.119      2.021      1.428      1.258      3.235      0.742      0.963          0      4.013      0.923      1.341      1.364      5.186      5.186      5.186          0          0          0 
     1.604      3.328      3.034     15.171      1.604      1.304      2.588        5.1      4.783     21.575      3.016      2.016      3.525      2.367      3.459      3.173      21.69      3.694      4.552     18.706      1.775      3.548      3.017      4.195      1.775      0.932      3.334      5.334      3.554      4.559      4.186       2.03      3.831      2.391      4.166      2.633     19.816      2.922      4.127      9.277      3.091      4.005      5.895      3.728      4.392      3.129       1.33      5.145      3.027      6.034      3.073      3.651      4.862      4.755      4.977      4.013          0      4.936      2.672      2.938      5.981      5.981      5.981          0          0          0 
     4.209      4.445      6.075     14.051      4.209      5.018      2.348       0.48      0.153     20.454       1.92      2.919      1.411      2.568      1.477      6.465     20.569      4.811      1.525     18.024      3.161      3.009      6.848      1.812      3.161      4.758      1.602      0.556      2.513       1.71      1.127      2.906      1.105      2.544      2.138      4.549     18.801      4.039      6.537      8.158      1.845      0.931      0.959      2.073      3.274      1.807      5.799      0.209      1.909      2.098      1.862      1.285      3.558      0.469      0.181      0.923      4.936          0      2.264      1.997      4.863      4.863      4.863          0          0          0 
     1.967      3.691      3.812     14.807      1.967      2.755      0.804      2.428      2.111      21.21      0.832      2.099      0.853       0.66      0.787      4.202     21.324      4.058      2.279     18.341      1.208      3.184      4.584      2.566      1.208      2.494      0.795      2.662      1.759      2.464      1.514       2.13      1.159      0.614      2.893      2.996     19.451      3.285      4.273      8.912       0.98      1.333      3.223      1.319      4.028      0.457      3.536      2.472      0.688      3.362      0.998      1.689      2.804      2.083      2.304      1.341      2.672      2.264          0      0.933      5.617      5.617      5.617          0          0          0 
     2.211      2.758      4.077      15.74      2.211      3.021      1.736      2.161      1.845     22.143      1.765      1.166      1.519      0.571      1.409      4.468     22.257      3.125      3.212     19.274      1.163      4.117       4.85      3.498      1.163       2.76      1.727      2.396      0.827      3.397      1.248      1.197      1.248      0.547      3.825      2.551     20.384      2.352      4.697      9.845      0.153      1.688      2.957       0.79      4.961      0.879      3.802      2.206      0.244      3.096      0.135      2.621      1.924      1.817      2.038      1.364      2.938      1.997      0.933          0       6.55       6.55       6.55          0          0          0 
     7.585      9.309      2.947      9.188      7.585      7.285      4.814      5.343      4.816     15.591      4.785      7.716      5.031      6.278      5.141      9.154     15.705      9.675      3.566     14.074      6.826      2.433      2.965      3.209      6.826      6.913      4.823      5.419      7.377      3.574       5.99      7.747      5.302      6.231      3.181      8.614     14.851      8.902      2.587      3.698      6.597      4.862       4.91      6.937      2.185      5.671      7.311      4.721      6.306      6.961      6.615      3.928      8.422      5.332      5.044      5.186      5.981      4.863      5.617       6.55          0          0          0          0          0          0 
     7.585      9.309      2.947      9.188      7.585      7.285      4.814      5.343      4.816     15.591      4.785      7.716      5.031      6.278      5.141      9.154     15.705      9.675      3.566     14.074      6.826      2.433      2.965      3.209      6.826      6.913      4.823      5.419      7.377      3.574       5.99      7.747      5.302      6.231      3.181      8.614     14.851      8.902      2.587      3.698      6.597      4.862       4.91      6.937      2.185      5.671      7.311      4.721      6.306      6.961      6.615      3.928      8.422      5.332      5.044      5.186      5.981      4.863      5.617       6.55          0          0          0          0          0          0 
     7.585      9.309      2.947      9.188      7.585      7.285      4.814      5.343      4.816     15.591      4.785      7.716      5.031      6.278      5.141      9.154     15.705      9.675      3.566     14.074      6.826      2.433      2.965      3.209      6.826      6.913      4.823      5.419      7.377      3.574       5.99      7.747      5.302      6.231      3.181      8.614     14.851      8.902      2.587      3.698      6.597      4.862       4.91      6.937      2.185      5.671      7.311      4.721      6.306      6.961      6.615      3.928      8.422      5.332      5.044      5.186      5.981      4.863      5.617       6.55          0          0          0          0          0          0 
         0          0          0          0          0          0          0          0          0          0          0          0          0          0          0          0          0          0          0          0          0          0          0          0          0          0          0          0          0          0          0          0          0          0          0          0          0          0          0          0          0          0          0          0          0          0          0          0          0          0          0          0          0          0          0          0          0          0          0          0          0          0          0          0          0          0 
         0          0          0          0          0          0          0          0          0          0          0          0          0          0          0          0          0          0          0          0          0          0          0          0          0          0          0          0          0          0          0          0          0          0          0          0          0          0          0          0          0          0          0          0          0          0          0          0          0          0          0          0          0          0          0          0          0          0          0          0          0          0          0          0          0          0 
         0          0          0          0          0          0          0          0          0          0          0          0          0          0          0          0          0          0          0          0          0          0          0          0          0          0          0          0          0          0          0          0          0          0          0          0          0          0          0          0          0          0          0          0          0          0          0          0          0          0          0          0          0          0          0          0          0          0          0          0          0          0          0          0          0          0 
Version identifier: 22.1.1.0 | 2022-11-28 | 9160aff4d
CPXPARAM_Threads                                 1
CPXPARAM_TimeLimit                               7200
Tried aggregator 2 times.
MIP Presolve eliminated 2399 rows and 6093 columns.
MIP Presolve modified 2077 coefficients.
Aggregator did 29 substitutions.
Reduced MIP has 444 rows, 1180 columns, and 3827 nonzeros.
Reduced MIP has 1163 binaries, 0 generals, 0 SOSs, and 0 indicators.
Presolve time = 0.01 sec. (14.31 ticks)
Probing time = 0.00 sec. (2.88 ticks)
Tried aggregator 2 times.
Detecting symmetries...
MIP Presolve eliminated 19 rows and 35 columns.
MIP Presolve modified 103 coefficients.
Aggregator did 2 substitutions.
Reduced MIP has 423 rows, 1143 columns, and 3667 nonzeros.
Reduced MIP has 1127 binaries, 0 generals, 0 SOSs, and 0 indicators.
Presolve time = 0.01 sec. (4.27 ticks)
Probing time = 0.00 sec. (2.85 ticks)
Clique table members: 2625.
MIP emphasis: balance optimality and feasibility.
MIP search method: dynamic search.
Parallel mode: none, using 1 thread.
Root relaxation solution time = 0.00 sec. (5.21 ticks)

        Nodes                                         Cuts/
   Node  Left     Objective  IInf  Best Integer    Best Bound    ItCnt     Gap

      0     0       50.9576    29                     50.9576      343         
      0     0       50.9576     2                     Cuts: 3      346         
*     0+    0                           50.9576       50.9576             0.00%
      0     0        cutoff             50.9576       50.9576      346    0.00%
Elapsed time = 0.05 sec. (55.95 ticks, tree = 0.01 MB, solutions = 1)

Implied bound cuts applied:  1

Root node processing (before b&c):
  Real time             =    0.05 sec. (56.17 ticks)
Sequential b&c:
  Real time             =    0.00 sec. (0.00 ticks)
                          ------------
Total (root+branch&cut) =    0.05 sec. (56.17 ticks)

Sol status: Optimal
 Total Time: 0.05
 LB: 50.9576
 UB: 50.9576
Initializing solStats

Obj Val: 50.95757

Solve Time: 0.05
b(0): 11.5
b(1): 10.8166666666667
b(2): 14.1833333333333
b(3): 14.5333333333333
b(4): 11.5
b(5): 16.6833333333333
b(6): 13.4666666666667
b(7): 10.8166666666667
b(8): 10.3333333333333
b(9): 15.9833333333333
b(10): 13.6666666666667
b(11): 12.8666666666667
b(12): 14.9833333333333
b(13): 14.9166666666667
b(14): 13.1333333333333
b(15): 11.6666666666667
b(16): 16.9666666666667
b(17): 15.7333333333333
b(18): 12.7333333333333
b(19): 13.6833333333333
b(20): 11.6088943214119
b(21): 11.0682277649892
b(22): 14.2854959441444
b(23): 14.9811018444399
b(24): 11.7755609880785
b(25): 16.9423821182352
b(26): 13.5681951308269
b(27): 10.9057073198572
b(28): 10.4791301117708
b(29): 16.7296748190561
b(30): 13.7793902582392
b(31): 12.9507560979298
b(32): 15.0741300849415
b(33): 15.0011219517668
b(34): 13.2755935246798
b(35): 11.796731730113
b(36): 17.2623983962919
b(37): 15.8355203344002
b(38): 12.9667399106048
b(39): 14.0629432746065
b(40): 14.9833333333333
b(41): 14.2166666666667
b(42): 16.5833333333333
b(43): 12.75
b(44): 11.8
b(45): 11.05
b(46): 10.1666666666667
b(47): 12.5333333333333
b(48): 16.7
b(49): 15.5166666666667
b(50): 16.1
b(51): 15.4
b(52): 17.7166666666667
b(53): 13.9333333333333
b(54): 12.9166666666667
b(55): 12.1666666666667
b(56): 11.2666666666667
b(57): 13.6333333333333
b(58): 17.8666666666667
b(59): 16.7666666666667
b(60): 9
b(61): 9
b(62): 9
b(63): 19
b(64): 19
b(65): 19


Customer profit: 136.62705
Parcel profit: 0
Costs: 85.66948
Without fixed: 85.66948

Solution: 
Vehicle 0: 60 - 0 - 20 - 18 - 38 - 19 - 39 - 3 - 23 - 9 - 29 - 63 - Total time: 7.72967481905611
Vehicle 1: 61 - 7 - 27 - 4 - 24 - 14 - 34 - 6 - 26 - 10 - 30 - 12 - 32 - 16 - 36 - 64 - Total time: 8.2623983962919
Vehicle 2: 62 - 8 - 28 - 1 - 21 - 15 - 35 - 11 - 31 - 2 - 22 - 13 - 33 - 17 - 37 - 5 - 25 - 65 - Total time: 7.94238211823518

Vehicle 0: d - P - d - D - d - D - d - P - d - P - f
Vehicle 1: d - P - d - P - d - D - d - P - d - D - d - D - d - D - f
Vehicle 2: d - P - d - P - d - D - d - D - d - P - d - D - d - D - d - P - f

************************************
Final solution value: 50.95757
************************************

Total distance: 186.238

Total passenger distance: 69.735

Total parcel distance: 0

Total combined transportation distance: 0

Total idle distance: 116.503
File exists: 1
partial: 
CSV file 'TreatResults/FullResults/fip1ADsf_dataM.csv' generated successfully!
