Instance Name: sarp-16-8-A-1

K: 3
Dist Matrix: 
         0       15.3       11.2         14        8.7        4.2       16.7       23.6       16.1       18.5       15.4        6.8       13.2        7.7        8.4       12.2          3       11.5       10.2       12.6        7.5        6.4       15.1       23.7       15.5       16.7       11.7        9.1       13.5       11.1        9.2       12.5        9.8       18.2       18.9       26.4       20.1        3.2       14.4       11.6        9.6       14.2       19.9       23.9       16.3        5.1       11.1       12.2       10.2        5.1        4.1          0          0          0 
      15.3          0       20.2       18.1       15.3       14.7       21.8       22.4       24.5       19.5        2.2       18.8        7.8       10.6         22       21.1       18.2        3.8       19.4       15.7       15.4       17.2       21.4       19.6       25.6       16.1        3.9       21.6        7.5       10.4       21.8       20.7       21.5       28.2         10       21.6       11.8       16.3       18.2        7.8         20       25.6       10.2       20.2       10.7         18       18.6        4.1        5.2       17.9         13          0          0          0 
      11.2       20.2          0        5.5        4.9        7.6        6.2       15.3          5       10.2       21.5        4.7       13.6        9.7        6.4          1       12.3       17.3          1        6.4          5        4.7        4.4       17.2        5.3       10.4       16.5        4.6       14.1       10.3        4.8        1.4        3.4          8       17.7       19.8       17.8       14.3        5.9       12.8        1.9        5.6       18.8         17       14.2       15.8          2       16.1       15.7       15.8       14.9          0          0          0 
        14       18.1        5.5          0        5.3        9.8        3.6       10.1        7.1        4.8       19.8        9.2       10.5          9       11.7        5.4         16       16.1        5.7        2.4        6.5        8.2        3.4       11.7        9.2          5       14.8         10       10.9        7.7       10.2        4.6        8.9       11.1       13.2       14.3         13       17.2        0.4       10.3        7.1       10.4       14.3       11.5        9.8       19.1        3.7       14.1       14.6       19.1       16.8          0          0          0 
       8.7       15.3        4.9        5.3          0        4.5        8.4         15        9.5        9.8       16.5        5.3        8.9        4.7        8.6        5.8       10.9       12.4        4.1          4        1.3        3.7        7.1       15.6       10.3        8.4       11.5        7.4        9.3        5.6        7.6        5.5        6.8       12.9       13.6       18.3       14.1       11.9        5.7        7.9          5       10.4       14.8       15.6       10.3       13.8        3.4       11.1       10.7       13.8       11.5          0          0          0 
       4.2       14.7        7.6        9.8        4.5          0       12.6       19.5       12.6       14.3       15.4        4.3       10.5        4.8        7.3        8.6        6.6       11.1        6.6        8.4        3.3          3       11.1       19.7       12.5       12.6       10.8        7.1       10.9        7.7        7.2        8.8        7.3       15.2         16       22.5       16.9        7.4       10.2          9        6.4       11.7       17.1       19.8       13.1        9.3        7.1       10.9        9.5        9.3        7.3          0          0          0 
      16.7       21.8        6.2        3.6        8.4       12.6          0        9.6        4.9        5.1       23.5       10.9       14.1       12.5       12.6        5.5       18.3       19.7        6.9          6        9.3       10.4        1.8       12.4        7.5        7.2       18.5       10.8       14.4       11.4       10.9        4.8        9.6        8.7       16.1       14.8       15.7       19.9        3.5       13.9        8.2        9.4       17.2         12       12.9       21.6        5.5       17.7       18.2       21.6       19.9          0          0          0 
      23.6       22.4       15.3       10.1         15       19.5        9.6          0       14.3        5.2       24.5       19.3       14.9         17       21.8       14.9         26         22       15.7         11       16.3       18.3       11.3        4.3         17        7.2       20.4         20       15.1       14.1       20.1         14       18.8       17.7       13.3        5.6       11.9       26.8        9.7       15.8       17.1         19       13.8        3.6       11.6       28.8       13.8       19.3       20.9       28.8       25.7          0          0          0 
      16.1       24.5          5        7.1        9.5       12.6        4.9       14.3          0         10         26        9.4       17.3       14.3        9.8        3.9         17       21.9          6        9.2        9.9        9.7        3.7       17.3        2.6       11.8       20.9        8.1       17.7       14.2        8.1          4        6.9          4       20.4       19.6       20.1       19.1        7.3       16.8        6.5        4.8       21.5       16.9         17       20.5          6       20.4       20.3       20.5       19.9          0          0          0 
      18.5       19.5       10.2        4.8        9.8       14.3        5.1        5.2         10          0       21.5       14.1       11.6       12.4       16.5        9.8       20.8       18.3       10.5        5.9       11.1         13        6.6        7.3       12.6        3.3       16.9       14.8       11.9         10         15          9       13.6       13.8       12.1        9.7       11.3       21.7        4.4       12.1       11.9       14.3         13          7        9.3       23.7        8.6       15.9         17       23.6       20.9          0          0          0 
      15.4        2.2       21.5       19.8       16.5       15.4       23.5       24.5         26       21.5          0       19.7        9.8       11.8       22.7       22.4       18.1        4.2       20.6       17.4       16.5       18.1         23       21.8       26.9       18.2          5       22.5        9.6       12.1       22.6         22       22.5       29.5       12.2       23.8         14         16       19.9        9.5       21.1       26.7       12.5       22.5       12.9       17.5         20        5.7        5.9       17.4       12.6          0          0          0 
       6.8       18.8        4.7        9.2        5.3        4.3       10.9       19.3        9.4       14.1       19.7          0       13.8        8.4        3.3        5.7        7.6       15.4        3.9        8.9        4.2        1.7        9.1       20.6        8.7       13.4       14.9        2.8       14.2       10.6        2.9        6.2        3.1       11.4       18.8       23.3       19.4        9.7        9.6       12.5        2.9        7.6         20       20.5       15.6       11.1        5.5       14.9       13.8       11.1       10.8          0          0          0 
      13.2        7.8       13.6       10.5        8.9       10.5       14.1       14.9       17.3       11.6        9.8       13.8          0        5.7       17.1       14.3       16.3          7         13        8.2        9.6         12       13.9       12.9       18.8        8.3        5.4       16.2        0.4        3.3       16.4       13.7       15.8       21.2        5.6       15.3        6.9       15.6       10.5        1.6         14       19.2        6.7       13.4        3.8       17.7       11.7        4.3        6.1       17.6       13.2          0          0          0 
       7.7       10.6        9.7          9        4.7        4.8       12.5         17       14.3       12.4       11.8        8.4        5.7          0       11.7       10.6       10.7        7.6        8.8        6.8        4.7        6.7       11.6       16.4       15.1        9.8        6.8       11.1          6        3.3       11.3       10.3       10.9       17.7       11.3         19       12.3       10.5        9.2        4.2        9.4       14.9       12.4       16.6        8.6       12.6        8.2        6.5          6       12.5        8.8          0          0          0 
       8.4         22        6.4       11.7        8.6        7.3       12.6       21.8        9.8       16.5       22.7        3.3       17.1       11.7          0        7.1        7.9       18.4          6       11.9        7.6        5.1       10.8       23.4        8.2       16.3       18.1        1.8       17.5       13.9        1.7        7.8          3       10.6       22.1       26.1       22.7       10.6       12.2       15.8        4.6        6.3       23.3       23.3       18.9       11.4        7.9       18.1       16.8       11.5       12.6          0          0          0 
      12.2       21.1          1        5.4        5.8        8.6        5.5       14.9        3.9        9.8       22.4        5.7       14.3       10.6        7.1          0       13.3       18.2          2        6.6          6        5.8        3.6         17        4.5       10.4       17.3        5.2       14.7         11        5.4        0.8          4        7.1         18       19.6       18.1       15.3        5.8       13.5        2.8        5.1       19.2       16.8       14.6       16.8        2.5       16.9       16.6       16.8         16          0          0          0 
         3       18.2       12.3         16       10.9        6.6       18.3         26         17       20.8       18.1        7.6       16.3       10.7        7.9       13.3          0       14.4       11.5         15        9.6        7.9       16.6       26.4       15.9       19.3       14.7        9.2       16.6         14        9.2       13.8       10.2       18.4       21.9       29.1       23.1        2.9       16.5       14.7       10.5       14.2         23       26.5       19.3        3.5       12.8       15.2       13.1        3.6        5.8          0          0          0 
      11.5        3.8       17.3       16.1       12.4       11.1       19.7         22       21.9       18.3        4.2       15.4          7        7.6       18.4       18.2       14.4          0       16.4       13.7       12.3       13.9       19.1       19.9       22.7       15.1        1.5       18.2        6.9        8.5       18.4         18       18.2       25.4       11.2       22.2       12.9       12.5       16.3        6.2       16.9       22.5       11.8       20.4       10.7       14.3       15.9        2.8        1.6       14.2        9.3          0          0          0 
      10.2       19.4          1        5.7        4.1        6.6        6.9       15.7          6       10.5       20.6        3.9         13        8.8          6          2       11.5       16.4          0        6.1        4.1        3.7        5.1       17.4        6.3       10.4       15.6        4.3       13.4        9.7        4.5        2.3        3.3        8.9       17.2         20       17.5       13.3        6.1       12.1        1.4        6.2       18.4       17.2       13.8       14.9        1.9       15.2       14.7       14.9       13.9          0          0          0 
      12.6       15.7        6.4        2.4          4        8.4          6         11        9.2        5.9       17.4        8.9        8.2        6.8       11.9        6.6         15       13.7        6.1          0        5.3        7.5        5.7       11.6       10.9        4.5       12.4       10.4        8.6        5.3       10.6        5.9        9.4       13.1       11.4       14.4       11.4       15.8        2.5        7.9        7.5       11.8       12.5       11.6          8       17.8        4.3       11.7       12.2       17.8         15          0          0          0 
       7.5       15.4          5        6.5        1.3        3.3        9.3       16.3        9.9       11.1       16.5        4.2        9.6        4.7        7.6          6        9.6       12.3        4.1        5.3          0        2.5          8       16.9       10.4        9.7       11.5        6.6         10        6.3        6.8        5.9        6.2       13.1       14.5       19.6       15.1       10.7        6.9        8.4        4.6       10.2       15.7       16.9       11.3       12.6          4       11.3       10.6       12.6       10.5          0          0          0 
       6.4       17.2        4.7        8.2        3.7          3       10.4       18.3        9.7         13       18.1        1.7         12        6.7        5.1        5.8        7.9       13.9        3.7        7.5        2.5          0        8.7       19.2        9.5         12       13.3        4.4       12.4        8.8        4.6        6.1        4.3       12.2         17         22       17.7        9.6        8.6       10.7        3.3        8.7       18.2       19.2       13.8       11.2        4.8       13.2       12.2       11.2       10.1          0          0          0 
      15.1       21.4        4.4        3.4        7.1       11.1        1.8       11.3        3.7        6.6         23        9.1       13.9       11.6       10.8        3.6       16.6       19.1        5.1        5.7          8        8.7          0       13.9        6.1          8       17.9        8.9       14.3       10.9          9        2.9        7.7        7.7       16.6       16.3       16.4       18.3        3.6       13.6        6.3        7.7       17.7       13.6       13.3         20        3.9       17.3       17.5         20       18.5          0          0          0 
      23.7       19.6       17.2       11.7       15.6       19.7       12.4        4.3       17.3        7.3       21.8       20.6       12.9       16.4       23.4         17       26.4       19.9       17.4       11.6       16.9       19.2       13.9          0       19.9        7.1       18.3       21.8       12.9       13.1       21.9       16.2       20.7         21        9.9        2.7        8.2       26.7       11.3       14.1       18.8       21.7       10.1        0.7        9.2       28.8       15.4       17.1       19.1       28.8       25.2          0          0          0 
      15.5       25.6        5.3        9.2       10.3       12.5        7.5         17        2.6       12.6       26.9        8.7       18.8       15.1        8.2        4.5       15.9       22.7        6.3       10.9       10.4        9.5        6.1       19.9          0       14.1       21.9        6.7       19.2       15.6        6.7          5        5.7        2.7       22.3       22.3       22.2       18.3        9.4       18.1        6.1        2.3       23.5       19.5       18.9       19.5        7.1       21.4         21       19.5       19.5          0          0          0 
      16.7       16.1       10.4          5        8.4       12.6        7.2        7.2       11.8        3.3       18.2       13.4        8.3        9.8       16.3       10.4       19.3       15.1       10.4        4.5        9.7         12          8        7.1       14.1          0       13.6       14.8        8.5          7       14.9        9.6       13.7       15.8          9        9.9        8.4       19.8        4.7        8.9       11.9       15.4        9.9        7.2          6       21.8        8.5       12.6       13.9       21.8       18.6          0          0          0 
      11.7        3.9       16.5       14.8       11.5       10.8       18.5       20.4       20.9       16.9          5       14.9        5.4        6.8       18.1       17.3       14.7        1.5       15.6       12.4       11.5       13.3       17.9       18.3       21.9       13.6          0       17.7        5.3        7.1       17.9         17       17.6       24.4        9.7       20.6       11.4       13.1         15        4.7       16.2       21.7       10.4       18.8        9.1         15       14.9        1.2        1.6       14.9         10          0          0          0 
       9.1       21.6        4.6         10        7.4        7.1       10.8         20        8.1       14.8       22.5        2.8       16.2       11.1        1.8        5.2        9.2       18.2        4.3       10.4        6.6        4.4        8.9       21.8        6.7       14.8       17.7          0       16.6         13        0.2          6        1.2        9.2         21       24.4       21.5       11.7       10.5       15.1        2.9        5.1       22.2       21.6       17.7       12.7        6.3       17.6       16.6       12.8       13.2          0          0          0 
      13.5        7.5       14.1       10.9        9.3       10.9       14.4       15.1       17.7       11.9        9.6       14.2        0.4          6       17.5       14.7       16.6        6.9       13.4        8.6         10       12.4       14.3       12.9       19.2        8.5        5.3       16.6          0        3.7       16.8       14.1       16.2       21.6        5.4       15.3        6.7       15.9       10.9        1.8       14.4       19.6        6.4       13.4        3.7       17.9       12.1        4.2        6.1       17.9       13.4          0          0          0 
      11.1       10.4       10.3        7.7        5.6        7.7       11.4       14.1       14.2         10       12.1       10.6        3.3        3.3       13.9         11         14        8.5        9.7        5.3        6.3        8.8       10.9       13.1       15.6          7        7.1         13        3.7          0       13.2       10.5       12.5         18        8.2       15.8        9.1       13.8        7.8        2.6       10.7       15.9        9.4       13.4        5.3       15.9        8.4        6.3        7.1       15.9         12          0          0          0 
       9.2       21.8        4.8       10.2        7.6        7.2       10.9       20.1        8.1         15       22.6        2.9       16.4       11.3        1.7        5.4        9.2       18.4        4.5       10.6        6.8        4.6          9       21.9        6.7       14.9       17.9        0.2       16.8       13.2          0        6.1        1.3        9.2       21.2       24.6       21.7       11.7       10.6       15.3          3          5       22.4       21.8       17.9       12.8        6.5       17.8       16.7       12.8       13.4          0          0          0 
      12.5       20.7        1.4        4.6        5.5        8.8        4.8         14          4          9         22        6.2       13.7       10.3        7.8        0.8       13.8         18        2.3        5.9        5.9        6.1        2.9       16.2          5        9.6         17          6       14.1       10.5        6.1          0        4.7        7.5       17.3       18.7       17.4       15.7        4.9         13        3.4        5.9       18.5       15.9       13.9       17.2          2       16.5       16.3       17.2       16.1          0          0          0 
       9.8       21.5        3.4        8.9        6.8        7.3        9.6       18.8        6.9       13.6       22.5        3.1       15.8       10.9          3          4       10.2       18.2        3.3        9.4        6.2        4.3        7.7       20.7        5.7       13.7       17.6        1.2       16.2       12.5        1.3        4.7          0        8.3       20.3       23.3       20.7       12.5        9.4       14.7        1.9        4.5       21.5       20.5         17       13.7        5.2       17.4       16.5       13.8       13.9          0          0          0 
      18.2       28.2          8       11.1       12.9       15.2        8.7       17.7          4       13.8       29.5       11.4       21.2       17.7       10.6        7.1       18.4       25.4        8.9       13.1       13.1       12.2        7.7         21        2.7       15.8       24.4        9.2       21.6         18        9.2        7.5        8.3          0       24.4       23.2       24.1       20.9       11.3       20.6        8.8        4.2       25.5       20.5         21         22        9.6         24       23.7         22       22.2          0          0          0 
      18.9         10       17.7       13.2       13.6         16       16.1       13.3       20.4       12.1       12.2       18.8        5.6       11.3       22.1         18       21.9       11.2       17.2       11.4       14.5         17       16.6        9.9       22.3          9        9.7         21        5.4        8.2       21.2       17.3       20.3       24.4          0       11.6        1.8       21.3         13        7.2       18.4       23.2        1.1       10.6        3.4       23.3       15.6        8.5         11       23.3       18.8          0          0          0 
      26.4       21.6       19.8       14.3       18.3       22.5       14.8        5.6       19.6        9.7       23.8       23.3       15.3         19       26.1       19.6       29.1       22.2         20       14.4       19.6         22       16.3        2.7       22.3        9.9       20.6       24.4       15.3       15.8       24.6       18.7       23.3       23.2       11.6          0        9.8       29.5       13.9       16.6       21.5       24.1       11.6        2.8       11.5       31.5       18.1       19.4       21.5       31.5       27.8          0          0          0 
      20.1       11.8       17.8         13       14.1       16.9       15.7       11.9       20.1       11.3         14       19.4        6.9       12.3       22.7       18.1       23.1       12.9       17.5       11.4       15.1       17.7       16.4        8.2       22.2        8.4       11.4       21.5        6.7        9.1       21.7       17.4       20.7       24.1        1.8        9.8          0       22.6       12.8        8.5       18.8       23.3        1.9          9        3.8       24.7       15.8       10.2       12.6       24.6       20.2          0          0          0 
       3.2       16.3       14.3       17.2       11.9        7.4       19.9       26.8       19.1       21.7         16        9.7       15.6       10.5       10.6       15.3        2.9       12.5       13.3       15.8       10.7        9.6       18.3       26.7       18.3       19.8       13.1       11.7       15.9       13.8       11.7       15.7       12.5       20.9       21.3       29.5       22.6          0       17.6         14       12.6       16.8       22.3       26.9         19        2.1       14.3       13.8       11.5          2        3.3          0          0          0 
      14.4       18.2        5.9        0.4        5.7       10.2        3.5        9.7        7.3        4.4       19.9        9.6       10.5        9.2       12.2        5.8       16.5       16.3        6.1        2.5        6.9        8.6        3.6       11.3        9.4        4.7         15       10.5       10.9        7.8       10.6        4.9        9.4       11.3         13       13.9       12.8       17.6          0       10.4        7.6       10.7       14.1       11.1        9.7       19.5        4.2       14.2       14.7       19.5       17.2          0          0          0 
      11.6        7.8       12.8       10.3        7.9          9       13.9       15.8       16.8       12.1        9.5       12.5        1.6        4.2       15.8       13.5       14.7        6.2       12.1        7.9        8.4       10.7       13.6       14.1       18.1        8.9        4.7       15.1        1.8        2.6       15.3         13       14.7       20.6        7.2       16.6        8.5         14       10.4          0         13       18.3        8.3       14.5        5.2       16.1         11        3.8        5.1         16       11.7          0          0          0 
       9.6         20        1.9        7.1          5        6.4        8.2       17.1        6.5       11.9       21.1        2.9         14        9.4        4.6        2.8       10.5       16.9        1.4        7.5        4.6        3.3        6.3       18.8        6.1       11.9       16.2        2.9       14.4       10.7          3        3.4        1.9        8.8       18.4       21.5       18.8       12.6        7.6         13          0        5.5       19.6       18.7       15.1         14        3.4       15.9       15.2         14       13.5          0          0          0 
      14.2       25.6        5.6       10.4       10.4       11.7        9.4         19        4.8       14.3       26.7        7.6       19.2       14.9        6.3        5.1       14.2       22.5        6.2       11.8       10.2        8.7        7.7       21.7        2.3       15.4       21.7        5.1       19.6       15.9          5        5.9        4.5        4.2       23.2       24.1       23.3       16.8       10.7       18.3        5.5          0       24.4       21.3       19.8       17.8        7.6       21.5       20.8       17.9       18.4          0          0          0 
      19.9       10.2       18.8       14.3       14.8       17.1       17.2       13.8       21.5         13       12.5         20        6.7       12.4       23.3       19.2         23       11.8       18.4       12.5       15.7       18.2       17.7       10.1       23.5        9.9       10.4       22.2        6.4        9.4       22.4       18.5       21.5       25.5        1.1       11.6        1.9       22.3       14.1        8.3       19.6       24.4          0       10.9        4.5       24.3       16.8        9.2       11.7       24.3       19.7          0          0          0 
      23.9       20.2         17       11.5       15.6       19.8         12        3.6       16.9          7       22.5       20.5       13.4       16.6       23.3       16.8       26.5       20.4       17.2       11.6       16.9       19.2       13.6        0.7       19.5        7.2       18.8       21.6       13.4       13.4       21.8       15.9       20.5       20.5       10.6        2.8          9       26.9       11.1       14.5       18.7       21.3       10.9          0        9.7         29       15.3       17.6       19.6       28.9       25.4          0          0          0 
      16.3       10.7       14.2        9.8       10.3       13.1       12.9       11.6         17        9.3       12.9       15.6        3.8        8.6       18.9       14.6       19.3       10.7       13.8          8       11.3       13.8       13.3        9.2       18.9          6        9.1       17.7        3.7        5.3       17.9       13.9         17         21        3.4       11.5        3.8         19        9.7        5.2       15.1       19.8        4.5        9.7          0       21.1       12.2        7.9        9.9         21       16.8          0          0          0 
       5.1         18       15.8       19.1       13.8        9.3       21.6       28.8       20.5       23.7       17.5       11.1       17.7       12.6       11.4       16.8        3.5       14.3       14.9       17.8       12.6       11.2         20       28.8       19.5       21.8         15       12.7       17.9       15.9       12.8       17.2       13.7         22       23.3       31.5       24.7        2.1       19.5       16.1         14       17.8       24.3         29       21.1          0         16       15.8       13.4        0.1          5          0          0          0 
      11.1       18.6          2        3.7        3.4        7.1        5.5       13.8          6        8.6         20        5.5       11.7        8.2        7.9        2.5       12.8       15.9        1.9        4.3          4        4.8        3.9       15.4        7.1        8.5       14.9        6.3       12.1        8.4        6.5          2        5.2        9.6       15.6       18.1       15.8       14.3        4.2         11        3.4        7.6       16.8       15.3       12.2         16          0       14.4       14.2       16.1       14.5          0          0          0 
      12.2        4.1       16.1       14.1       11.1       10.9       17.7       19.3       20.4       15.9        5.7       14.9        4.3        6.5       18.1       16.9       15.2        2.8       15.2       11.7       11.3       13.2       17.3       17.1       21.4       12.6        1.2       17.6        4.2        6.3       17.8       16.5       17.4         24        8.5       19.4       10.2       13.8       14.2        3.8       15.9       21.5        9.2       17.6        7.9       15.8       14.4          0        2.5       15.7       10.9          0          0          0 
      10.2        5.2       15.7       14.6       10.7        9.5       18.2       20.9       20.3         17        5.9       13.8        6.1          6       16.8       16.6       13.1        1.6       14.7       12.2       10.6       12.2       17.5       19.1         21       13.9        1.6       16.6        6.1        7.1       16.7       16.3       16.5       23.7         11       21.5       12.6       11.5       14.7        5.1       15.2       20.8       11.7       19.6        9.9       13.4       14.2        2.5          0       13.3        8.4          0          0          0 
       5.1       17.9       15.8       19.1       13.8        9.3       21.6       28.8       20.5       23.6       17.4       11.1       17.6       12.5       11.5       16.8        3.6       14.2       14.9       17.8       12.6       11.2         20       28.8       19.5       21.8       14.9       12.8       17.9       15.9       12.8       17.2       13.8         22       23.3       31.5       24.6          2       19.5         16         14       17.9       24.3       28.9         21        0.1       16.1       15.7       13.3          0        4.9          0          0          0 
       4.1         13       14.9       16.8       11.5        7.3       19.9       25.7       19.9       20.9       12.6       10.8       13.2        8.8       12.6         16        5.8        9.3       13.9         15       10.5       10.1       18.5       25.2       19.5       18.6         10       13.2       13.4         12       13.4       16.1       13.9       22.2       18.8       27.8       20.2        3.3       17.2       11.7       13.5       18.4       19.7       25.4       16.8          5       14.5       10.9        8.4        4.9          0          0          0          0 
         0          0          0          0          0          0          0          0          0          0          0          0          0          0          0          0          0          0          0          0          0          0          0          0          0          0          0          0          0          0          0          0          0          0          0          0          0          0          0          0          0          0          0          0          0          0          0          0          0          0          0          0          0          0 
         0          0          0          0          0          0          0          0          0          0          0          0          0          0          0          0          0          0          0          0          0          0          0          0          0          0          0          0          0          0          0          0          0          0          0          0          0          0          0          0          0          0          0          0          0          0          0          0          0          0          0          0          0          0 
         0          0          0          0          0          0          0          0          0          0          0          0          0          0          0          0          0          0          0          0          0          0          0          0          0          0          0          0          0          0          0          0          0          0          0          0          0          0          0          0          0          0          0          0          0          0          0          0          0          0          0          0          0          0 
Version identifier: 22.1.1.0 | 2022-11-28 | 9160aff4d
CPXPARAM_Threads                                 1
CPXPARAM_TimeLimit                               7200
Tried aggregator 2 times.
MIP Presolve eliminated 1573 rows and 3836 columns.
MIP Presolve modified 1299 coefficients.
Aggregator did 24 substitutions.
Reduced MIP has 302 rows, 775 columns, and 2490 nonzeros.
Reduced MIP has 761 binaries, 0 generals, 0 SOSs, and 0 indicators.
Presolve time = 0.01 sec. (8.76 ticks)
Probing time = 0.00 sec. (2.77 ticks)
Tried aggregator 1 time.
Detecting symmetries...
Reduced MIP has 302 rows, 775 columns, and 2490 nonzeros.
Reduced MIP has 761 binaries, 0 generals, 0 SOSs, and 0 indicators.
Presolve time = 0.00 sec. (1.54 ticks)
Probing time = 0.00 sec. (2.76 ticks)
Clique table members: 1755.
MIP emphasis: balance optimality and feasibility.
MIP search method: dynamic search.
Parallel mode: none, using 1 thread.
Root relaxation solution time = 0.00 sec. (2.95 ticks)

        Nodes                                         Cuts/
   Node  Left     Objective  IInf  Best Integer    Best Bound    ItCnt     Gap

*     0     0      integral     0       11.0770       11.0770      189    0.00%
Elapsed time = 0.03 sec. (25.51 ticks, tree = 0.00 MB, solutions = 1)

Root node processing (before b&c):
  Real time             =    0.03 sec. (25.65 ticks)
Sequential b&c:
  Real time             =    0.00 sec. (0.00 ticks)
                          ------------
Total (root+branch&cut) =    0.03 sec. (25.65 ticks)

Sol status: Optimal
 Total Time: 0.02
 LB: 11.077
 UB: 11.077
Initializing solStats

Obj Val: 11.077

Solve Time: 0.02
b(0): 10.7833333333333
b(1): 10.4333333333333
b(2): 14.3166666666667
b(3): 17.1333333333333
b(4): 16.2166666666667
b(5): 13.9333333333333
b(6): 13.0166666666667
b(7): 10.7333333333333
b(8): 16
b(9): 12.8
b(10): 13.0833333333333
b(11): 9.41666666666667
b(12): 16.05
b(13): 12.3666666666667
b(14): 13.6833333333333
b(15): 9.7
b(16): 11.1065041007337
b(17): 10.6093496387071
b(18): 14.4243902558001
b(19): 17.4418699472536
b(20): 16.3317073325402
b(21): 14.2565041007337
b(22): 13.3105691271069
b(23): 10.9215447666072
b(24): 16.1467479984137
b(25): 12.9638211774737
b(26): 13.2886179456673
b(27): 9.56829271624035
b(28): 16.1430894356534
b(29): 12.6552845528455
b(30): 13.8081301015269
b(31): 9.80284553797343
b(32): 11.7166666666667
b(33): 9.46666666666667
b(34): 14.8666666666667
b(35): 16.4166666666667
b(36): 10.7166666666667
b(37): 10.9666666666667
b(38): 13.4333333333333
b(39): 16.6333333333333
b(40): 12.85
b(41): 10.6666666666667
b(42): 15.9833333333333
b(43): 17.5833333333333
b(44): 11.9
b(45): 12.1166666666667
b(46): 14.6333333333333
b(47): 17.8166666666667
b(48): 9
b(49): 9
b(50): 9
b(51): 19
b(52): 19
b(53): 19


Customer profit: 93.555
Parcel profit: 0
Costs: 82.478
Without fixed: 82.478

Solution: 
Vehicle 0: 48 - 1 - 17 - 10 - 26 - 12 - 28 - 51 - Total time: 7.14308943565338
Vehicle 1: 49 - 11 - 27 - 0 - 16 - 13 - 29 - 6 - 22 - 14 - 30 - 2 - 18 - 8 - 24 - 52 - Total time: 7.14674799841366
Vehicle 2: 50 - 15 - 31 - 7 - 23 - 9 - 25 - 5 - 21 - 4 - 20 - 3 - 19 - 53 - Total time: 8.44186994725363

Vehicle 0: d - P - d - D - d - D - f
Vehicle 1: d - D - d - P - d - D - d - P - d - D - d - P - d - D - f
Vehicle 2: d - D - d - P - d - D - d - P - d - P - d - P - f

************************************
Final solution value: 11.077
************************************

Total distance: 179.3

Total passenger distance: 40.5

Total parcel distance: 0

Total combined transportation distance: 0

Total idle distance: 138.8
File exists: 0
CSV file 'TreatResults/FullResults/fip1ADcsarpM.csv' generated successfully!
Instance Name: sarp-16-8-A-2

K: 3
Dist Matrix: 
         0       11.4       14.3       21.1       10.8        5.6       16.2       14.4        4.1         14       13.2       24.7       17.2          9       19.6       17.3        0.9       11.5       15.9       23.5       12.9        7.8       18.9       12.7        1.4         13       10.2       24.1       17.8         10       19.1       20.5       22.5        4.4       15.5       11.4         14        5.2       24.8       17.2       22.6        2.8       17.6       14.3       11.5        3.1         24         12       17.6       23.1         16          0          0          0 
      11.4          0       15.1       14.1        4.1       13.9        5.9       14.6       15.2       11.6       15.6       13.9         15        3.1        8.5       10.7       11.1        1.2       15.9       16.5        2.3       16.1        8.3       14.9        9.9       11.6       14.2       13.2       17.2        6.7        8.1       14.4       19.9        9.1        4.6        7.5        7.5       11.2       14.3       12.6       18.6       14.1        6.4        6.9        1.5        8.5       14.6       12.7       17.1       14.8       16.7          0          0          0 
      14.3       15.1          0       11.7         11         10       14.6        0.8       14.3        4.4          2       20.7        4.3         16       18.1        9.5       13.4       14.1        1.6       13.3       14.3         10       16.4          2       13.8        3.7        4.7       20.9        3.5       19.8       17.6       10.4        8.6         17       19.2        7.7       22.3        9.2         20          7        9.6       14.4       20.2       10.3       16.6       12.6       17.3        2.6        3.3       14.7        1.7          0          0          0 
      21.1       14.1       11.7          0       11.2       19.3        9.2       10.9       23.1        8.1       13.6       10.5        7.6       16.9       10.6        3.8       20.3         13       10.8        2.4       11.9       20.3        8.9       13.4       19.8        9.4       15.3       11.2       10.3       20.8       10.3        1.4        8.8       21.4       15.6        9.7       21.3       17.1        9.4        4.7        6.2       22.6       15.3        7.4       15.6       18.1          6       11.6       10.4          3         12          0          0          0 
      10.8        4.1         11       11.2          0       11.6        5.5       10.5       13.9        7.4       11.6         14       10.9        5.9        9.2        7.4       10.3          3       11.8       13.6        3.4       13.5        8.2         11        9.4        7.4       10.7       13.5       13.1         10        8.7       11.1       15.9       10.2        8.2        3.4       11.6        8.8         14        8.8       14.8       13.1        9.4        3.8        5.6        7.7       13.2        8.7         13       12.6       12.6          0          0          0 
       5.6       13.9         10       19.3       11.6          0       17.1       10.4        4.3       11.3        8.5       25.3       13.8       12.5       20.8       15.9        4.8       13.5       11.6       21.5       14.6        2.3       19.7        8.1          6       10.1        5.3         25       13.6       14.8       20.3       18.5       18.6        9.8       18.4       10.3       18.6        2.7       25.1       14.8       19.3        4.6       20.3         14       14.6        6.1       23.5        8.3       13.4       21.8       11.4          0          0          0 
      16.2        5.9       14.6        9.2        5.5       17.1          0       13.8       19.5       10.1       15.7        8.5       12.7          9        3.8        6.7       15.7          5       14.7       11.3        3.6         19        2.7       15.1       14.7       10.8       15.5          8       15.5       12.4        3.2        9.9       16.7       14.7        6.4        7.4       12.2       14.3        8.7        9.5       14.7       18.5        6.3        4.2          7         13        8.7       12.7       15.4        9.2       15.8          0          0          0 
      14.4       14.6        0.8       10.9       10.5       10.4       13.8          0       14.7        3.6        2.8       19.9        3.6       15.5       17.3        8.7       13.5       13.5        1.5       12.5       13.6       10.5       15.6        2.6       13.8          3        5.2       20.1        3.4       19.4       16.8        9.6        8.2       16.9       18.5          7       21.8        9.3       19.2        6.2          9       14.7       19.5        9.6         16       12.5       16.4        2.4        3.2       13.8        2.1          0          0          0 
       4.1       15.2       14.3       23.1       13.9        4.3       19.5       14.7          0       15.3       12.8         28         18         13         23       19.4          4       15.2         16       25.3       16.5        5.3       22.2       12.4        5.4       14.1        9.6       27.5       17.9       14.1       22.6       22.3       22.9        8.4       19.5       13.6       18.2        5.9       27.9       18.7       23.5        1.2       21.5         17       15.5        6.6       26.7       12.5       17.7       25.4       15.7          0          0          0 
        14       11.6        4.4        8.1        7.4       11.3       10.1        3.6       15.3          0          6       16.3        3.6         13       13.6        5.3       13.2       10.4        4.6       10.2       10.3       12.1       11.9        5.5         13        1.2        7.2       16.5        5.6       17.1       13.1        7.1        8.9       15.5       15.2          4         19        9.4       15.7        3.5        8.5         15         16        5.9       13.1       11.5       13.2        3.5        5.5       10.9        5.6          0          0          0 
      13.2       15.6          2       13.6       11.6        8.5       15.7        2.8       12.8          6          0       22.4        6.4         16       19.4       11.3       12.3       14.7        3.5       15.3         15        8.1       17.8        0.6       12.8          5        3.1       22.5        5.3       19.6       18.9       12.4       10.4       16.3       19.9        8.4       22.5          8       21.7        8.9       11.6         13         21       11.6       16.9       11.8       19.1          3          5       16.6        2.9          0          0          0 
      24.7       13.9       20.7       10.5         14       25.3        8.5       19.9         28       16.3       22.4          0       17.4       17.1        5.5       11.1       24.3       13.3       20.3       10.9       11.9         27        5.8       21.9       23.2       17.4         23        1.2       20.3       19.8        5.8       11.8       19.3         23         12       15.1       18.2       22.6        1.3       13.9       16.6       27.1       10.3       11.4       14.6       21.6        4.8       19.6       20.3          8       21.5          0          0          0 
      17.2         15        4.3        7.6       10.9       13.8       12.7        3.6         18        3.6        6.4       17.4          0       16.6       15.7        6.4       16.3       13.8        3.2          9       13.5       14.1         14        6.3       16.4        4.2        8.8       17.9        2.8       20.7       15.3        6.3        5.3       19.1       18.3        7.6       22.5       12.3       16.6        3.5        5.5       17.9       18.9        8.7       16.5       14.9       13.5        5.4        2.9       10.7        4.3          0          0          0 
         9        3.1         16       16.9        5.9       12.5          9       15.5         13         13         16       17.1       16.6          0       11.6       13.3          9          4         17       19.3        5.4       14.9       11.5       15.3        7.6       12.8       14.1       16.3       18.5          4       11.2         17       21.8          6        6.5          9        6.4       10.1       17.5       14.8       20.8       11.8        8.6        9.5        2.6        6.5       17.7       13.4       18.4       17.8       17.6          0          0          0 
      19.6        8.5       18.1       10.6        9.2       20.8        3.8       17.3         23       13.6       19.4        5.5       15.7       11.6          0        9.3       19.2          8       18.1       12.2        6.6       22.7        1.7       18.8       18.1       14.4       19.3        4.7       18.6       14.3        0.5       11.7         19       17.6        6.6       11.2       12.9         18        6.2       12.3       16.8       22.1        5.3        7.8        9.1       16.5        7.7       16.4       18.6        9.5       19.2          0          0          0 
      17.3       10.7        9.5        3.8        7.4       15.9        6.7        8.7       19.4        5.3       11.3       11.1        6.4       13.3        9.3          0       16.5        9.5        9.1        6.2        8.7       17.1        7.6       10.8         16        6.5       12.4       11.4        9.3       17.3        8.9        3.6        9.9       17.6       12.9        5.9       18.1       13.5       10.4        2.9          8       18.9       13.1        3.8       12.3       14.3        7.9        8.8        9.3        5.9       10.3          0          0          0 
       0.9       11.1       13.4       20.3       10.3        4.8       15.7       13.5          4       13.2       12.3       24.3       16.3          9       19.2       16.5          0       11.2         15       22.7       12.6        7.1       18.5       11.8        1.4       12.1        9.3       23.7       16.9       10.4       18.8       19.8       21.6        4.9       15.4       10.6       14.3        4.2       24.3       16.4       21.7        2.9       17.4       13.7       11.4        2.7       23.4       11.1       16.7       22.4         15          0          0          0 
      11.5        1.2       14.1         13          3       13.5          5       13.5       15.2       10.4       14.7       13.3       13.8          4          8        9.5       11.2          0       14.8       15.3        1.4       15.7        7.6         14       10.1       10.5       13.5       12.7       16.1        7.8        7.6       13.2       18.7        9.7        5.2        6.4        8.7       10.8       13.7       11.4       17.4       14.1        6.8        5.7        2.7        8.5       13.6       11.7         16       13.8       15.7          0          0          0 
      15.9       15.9        1.6       10.8       11.8       11.6       14.7        1.5         16        4.6        3.5       20.3        3.2         17       18.1        9.1         15       14.8          0       12.2       14.8       11.5       16.4        3.6       15.2        4.3        6.3       20.6        1.9       20.9       17.6        9.5          7       18.4       19.7        8.3       23.2       10.7       19.5        6.4        8.1         16       20.6       10.5       17.4         14       16.6        3.9        1.7       13.8        1.1          0          0          0 
      23.5       16.5       13.3        2.4       13.6       21.5       11.3       12.5       25.3       10.2       15.3       10.9          9       19.3       12.2        6.2       22.7       15.3       12.2          0       14.2       22.4       10.6       15.1       22.2       11.5       17.3       11.9       11.4       23.2       11.9          3        8.7       23.8       17.7       12.1       23.5       19.4        9.7        6.7        5.9       24.9       17.2        9.8       17.9       20.5        6.1       13.6       11.5        2.9       13.3          0          0          0 
      12.9        2.3       14.3       11.9        3.4       14.6        3.6       13.6       16.5       10.3         15       11.9       13.5        5.4        6.6        8.7       12.6        1.4       14.8       14.2          0       16.7        6.1       14.4       11.5       10.6       14.1       11.2         16          9        6.2       12.3       18.2       11.2        4.9        6.6        9.4       11.9       12.2       10.8       16.7       15.5          6          5        3.6        9.9       12.2         12       15.9       12.5       15.8          0          0          0 
       7.8       16.1         10       20.3       13.5        2.3         19       10.5        5.3       12.1        8.1         27       14.1       14.9       22.7       17.1        7.1       15.7       11.5       22.4       16.7          0       21.6        7.9        8.3       10.9        5.2       26.8       13.4       17.2       22.2       19.3       18.5       12.1       20.7       11.9         21        4.9       26.7       15.7       19.6        6.1       22.5       15.6       16.9        8.5       24.9        8.8       13.2         23       11.1          0          0          0 
      18.9        8.3       16.4        8.9        8.2       19.7        2.7       15.6       22.2       11.9       17.8        5.8         14       11.5        1.7        7.6       18.5        7.6       16.4       10.6        6.1       21.6          0       17.2       17.4       12.8       17.9        5.3       16.8       14.6        1.3        9.9       17.3       17.3        7.5        9.8       13.7         17          6       10.5         15       21.3        6.6        6.2        9.2       15.8        6.7       14.9       16.8        8.1       17.5          0          0          0 
      12.7       14.9          2       13.4         11        8.1       15.1        2.6       12.4        5.5        0.6       21.9        6.3       15.3       18.8       10.8       11.8         14        3.6       15.1       14.4        7.9       17.2          0       12.3        4.4        2.7         22        5.5       18.9       18.3       12.2       10.6       15.7       19.2        7.8       21.8        7.5       21.3        8.6       11.7       12.6       20.4         11       16.3       11.2       18.7        2.3        5.3       16.3        3.3          0          0          0 
       1.4        9.9       13.8       19.8        9.4          6       14.7       13.8        5.4         13       12.8       23.2       16.4        7.6       18.1         16        1.4       10.1       15.2       22.2       11.5        8.3       17.4       12.3          0       12.1        9.9       22.7       17.2          9       17.6       19.3       21.7        3.7       14.1       10.1       12.9        4.8       23.4       16.1       21.6        4.2       16.1       12.9       10.1        1.7       22.6       11.3         17       21.7       15.4          0          0          0 
        13       11.6        3.7        9.4        7.4       10.1       10.8          3       14.1        1.2          5       17.4        4.2       12.8       14.4        6.5       12.1       10.5        4.3       11.5       10.6       10.9       12.8        4.4       12.1          0        5.9       17.5        5.7       16.7       13.9        8.4        9.6       14.8       15.5          4       18.9        8.2       16.8        4.7        9.5       13.9       16.4        6.6       13.1       10.6       14.4        2.2        5.6       12.2        5.1          0          0          0 
      10.2       14.2        4.7       15.3       10.7        5.3       15.5        5.2        9.6        7.2        3.1         23        8.8       14.1       19.3       12.4        9.3       13.5        6.3       17.3       14.1        5.2       17.9        2.7        9.9        5.9          0       22.9        8.3       17.4       18.8       14.2       13.3       13.5       18.7        8.1       20.5        5.1       22.5       10.6       14.3        9.8       20.2       11.6       15.4        9.1       20.3        3.7        8.1       18.1          6          0          0          0 
      24.1       13.2       20.9       11.2       13.5         25          8       20.1       27.5       16.5       22.5        1.2       17.9       16.3        4.7       11.4       23.7       12.7       20.6       11.9       11.2       26.8        5.3         22       22.7       17.5       22.9          0       20.7       18.8          5       12.5         20       22.3       10.9         15         17       22.3        2.6       14.3       17.4       26.6        9.2       11.3       13.8         21        5.9       19.7       20.8        8.9       21.8          0          0          0 
      17.8       17.2        3.5       10.3       13.1       13.6       15.5        3.4       17.9        5.6        5.3       20.3        2.8       18.5       18.6        9.3       16.9       16.1        1.9       11.4         16       13.4       16.8        5.5       17.2        5.7        8.3       20.7          0       22.5       18.1        8.9        5.1       20.2       20.8        9.7       24.7       12.7       19.4        6.4        6.6         18       21.5       11.4       18.8       15.9       16.3        5.8        0.2       13.3        2.3          0          0          0 
        10        6.7       19.8       20.8         10       14.8       12.4       19.4       14.1       17.1       19.6       19.8       20.7          4       14.3       17.3       10.4        7.8       20.9       23.2          9       17.2       14.6       18.9          9       16.7       17.4       18.8       22.5          0         14         21       25.9        5.8          8         13          4       12.8       20.4       18.9       24.9       12.8         10       13.5        5.4        8.7       21.1       17.2       22.3       21.6       21.5          0          0          0 
      19.1        8.1       17.6       10.3        8.7       20.3        3.2       16.8       22.6       13.1       18.9        5.8       15.3       11.2        0.5        8.9       18.8        7.6       17.6       11.9        6.2       22.2        1.3       18.3       17.6       13.9       18.8          5       18.1         14          0       11.3       18.6       17.2        6.6       10.7       12.8       17.6        6.3       11.8       16.4       21.6        5.4        7.2        8.8         16        7.6       15.9       18.1        9.3       18.7          0          0          0 
      20.5       14.4       10.4        1.4       11.1       18.5        9.9        9.6       22.3        7.1       12.4       11.8        6.3         17       11.7        3.6       19.8       13.2        9.5          3       12.3       19.3        9.9       12.2       19.3        8.4       14.2       12.5        8.9         21       11.3          0        7.5       21.1       16.3        9.2       21.7       16.4       10.8        3.6          5       21.9       16.1        7.4       15.9       17.6        7.4       10.5          9        4.4       10.6          0          0          0 
      22.5       19.9        8.6        8.8       15.9       18.6       16.7        8.2       22.9        8.9       10.4       19.3        5.3       21.8         19        9.9       21.6       18.7          7        8.7       18.2       18.5       17.3       10.6       21.7        9.6       13.3         20        5.1       25.9       18.6        7.5          0       24.4       22.8       12.8       27.5       17.4       18.2        7.3        2.8       22.9         23       13.1       21.5       20.2       14.7       10.5        5.3       11.4        7.5          0          0          0 
       4.4        9.1         17       21.4       10.2        9.8       14.7       16.9        8.4       15.5       16.3         23       19.1          6       17.6       17.6        4.9        9.7       18.4       23.8       11.2       12.1       17.3       15.7        3.7       14.8       13.5       22.3       20.2        5.8       17.2       21.1       24.4          0       12.4         12        9.9        8.4       23.4       18.2         24        7.1       14.6         14        8.7        4.4       23.2       14.4         20       22.8       18.7          0          0          0 
      15.5        4.6       19.2       15.6        8.2       18.4        6.4       18.5       19.5       15.2       19.9         12       18.3        6.5        6.6       12.9       15.4        5.2       19.7       17.7        4.9       20.7        7.5       19.2       14.1       15.5       18.7       10.9       20.8          8        6.6       16.3       22.8       12.4          0       11.5        6.2       15.8       12.8       15.4         21       18.3        2.1        9.6        3.9       12.8       14.2       16.9       20.8       15.4       20.7          0          0          0 
      11.4        7.5        7.7        9.7        3.4       10.3        7.4          7       13.6          4        8.4       15.1        7.6          9       11.2        5.9       10.6        6.4        8.3       12.1        6.6       11.9        9.8        7.8       10.1          4        8.1         15        9.7         13       10.7        9.2       12.8         12       11.5          0         15        7.8       14.8        6.2       12.1         13       12.5        3.7          9        8.4       13.2        5.4        9.5       11.7        9.2          0          0          0 
        14        7.5       22.3       21.3       11.6       18.6       12.2       21.8       18.2         19       22.5       18.2       22.5        6.4       12.9       18.1       14.3        8.7       23.2       23.5        9.4         21       13.7       21.8       12.9       18.9       20.5         17       24.7          4       12.8       21.7       27.5        9.9        6.2         15          0       16.3         19       20.2       26.1       16.9        7.8       14.4          6       12.4       20.4       19.8       24.5       21.4         24          0          0          0 
       5.2       11.2        9.2       17.1        8.8        2.7       14.3        9.3        5.9        9.4          8       22.6       12.3       10.1         18       13.5        4.2       10.8       10.7       19.4       11.9        4.9         17        7.5        4.8        8.2        5.1       22.3       12.7       12.8       17.6       16.4       17.4        8.4       15.8        7.8       16.3          0       22.5       12.8       17.8        5.6       17.5       11.3         12        4.2         21        6.9       12.5       19.5       10.7          0          0          0 
      24.8       14.3         20        9.4         14       25.1        8.7       19.2       27.9       15.7       21.7        1.3       16.6       17.5        6.2       10.4       24.3       13.7       19.5        9.7       12.2       26.7          6       21.3       23.4       16.8       22.5        2.6       19.4       20.4        6.3       10.8       18.2       23.4       12.8       14.8         19       22.5          0       13.1       15.5       27.1       11.3       11.1       15.2       21.7        3.6       19.1       19.5        6.8       20.7          0          0          0 
      17.2       12.6          7        4.7        8.8       14.8        9.5        6.2       18.7        3.5        8.9       13.9        3.5       14.8       12.3        2.9       16.4       11.4        6.4        6.7       10.8       15.7       10.5        8.6       16.1        4.7       10.6       14.3        6.4       18.9       11.8        3.6        7.3       18.2       15.4        6.2       20.2       12.8       13.1          0          6       18.4       15.8        5.8       14.2       14.4       10.2        6.9        6.4        7.6        7.5          0          0          0 
      22.6       18.6        9.6        6.2       14.8       19.3       14.7          9       23.5        8.5       11.6       16.6        5.5       20.8       16.8          8       21.7       17.4        8.1        5.9       16.7       19.6         15       11.7       21.6        9.5       14.3       17.4        6.6       24.9       16.4          5        2.8         24         21       12.1       26.1       17.8       15.5          6          0       23.4         21       11.6       20.1       20.1       11.9         11        6.8        8.7        8.9          0          0          0 
       2.8       14.1       14.4       22.6       13.1        4.6       18.5       14.7        1.2         15         13       27.1       17.9       11.8       22.1       18.9        2.9       14.1         16       24.9       15.5        6.1       21.3       12.6        4.2       13.9        9.8       26.6         18       12.8       21.6       21.9       22.9        7.1       18.3         13       16.9        5.6       27.1       18.4       23.4          0       20.3       16.3       14.3        5.6         26       12.5       17.8       24.8       15.9          0          0          0 
      17.6        6.4       20.2       15.3        9.4       20.3        6.3       19.5       21.5         16         21       10.3       18.9        8.6        5.3       13.1       17.4        6.8       20.6       17.2          6       22.5        6.6       20.4       16.1       16.4       20.2        9.2       21.5         10        5.4       16.1         23       14.6        2.1       12.5        7.8       17.5       11.3       15.8         21       20.3          0       10.1          6       14.8       13.1         18       21.5       14.7       21.6          0          0          0 
      14.3        6.9       10.3        7.4        3.8         14        4.2        9.6         17        5.9       11.6       11.4        8.7        9.5        7.8        3.8       13.7        5.7       10.5        9.8          5       15.6        6.2         11       12.9        6.6       11.6       11.3       11.4       13.5        7.2        7.4       13.1         14        9.6        3.7       14.4       11.3       11.1        5.8       11.6       16.3       10.1          0        8.5       11.2        9.7        8.6       11.3        8.8       11.6          0          0          0 
      11.5        1.5       16.6       15.6        5.6       14.6          7         16       15.5       13.1       16.9       14.6       16.5        2.6        9.1       12.3       11.4        2.7       17.4       17.9        3.6       16.9        9.2       16.3       10.1       13.1       15.4       13.8       18.8        5.4        8.8       15.9       21.5        8.7        3.9          9          6         12       15.2       14.2       20.1       14.3          6        8.5          0        8.9       15.7       14.1       18.6       16.2       18.2          0          0          0 
       3.1        8.5       12.6       18.1        7.7        6.1         13       12.5        6.6       11.5       11.8       21.6       14.9        6.5       16.5       14.3        2.7        8.5         14       20.5        9.9        8.5       15.8       11.2        1.7       10.6        9.1         21       15.9        8.7         16       17.6       20.2        4.4       12.8        8.4       12.4        4.2       21.7       14.4       20.1        5.6       14.8       11.2        8.9          0       20.9         10       15.7         20       14.3          0          0          0 
        24       14.6       17.3          6       13.2       23.5        8.7       16.4       26.7       13.2       19.1        4.8       13.5       17.7        7.7        7.9       23.4       13.6       16.6        6.1       12.2       24.9        6.7       18.7       22.6       14.4       20.3        5.9       16.3       21.1        7.6        7.4       14.7       23.2       14.2       13.2       20.4         21        3.6       10.2       11.9         26       13.1        9.7       15.7       20.9          0       16.7       16.3        3.2       17.8          0          0          0 
        12       12.7        2.6       11.6        8.7        8.3       12.7        2.4       12.5        3.5          3       19.6        5.4       13.4       16.4        8.8       11.1       11.7        3.9       13.6         12        8.8       14.9        2.3       11.3        2.2        3.7       19.7        5.8       17.2       15.9       10.5       10.5       14.4       16.9        5.4       19.8        6.9       19.1        6.9         11       12.5         18        8.6       14.1         10       16.7          0        5.6       14.4        4.3          0          0          0 
      17.6       17.1        3.3       10.4         13       13.4       15.4        3.2       17.7        5.5          5       20.3        2.9       18.4       18.6        9.3       16.7         16        1.7       11.5       15.9       13.2       16.8        5.3         17        5.6        8.1       20.8        0.2       22.3       18.1          9        5.3         20       20.8        9.5       24.5       12.5       19.5        6.4        6.8       17.8       21.5       11.3       18.6       15.7       16.3        5.6          0       13.4        2.1          0          0          0 
      23.1       14.8       14.7          3       12.6       21.8        9.2       13.8       25.4       10.9       16.6          8       10.7       17.8        9.5        5.9       22.4       13.8       13.8        2.9       12.5         23        8.1       16.3       21.7       12.2       18.1        8.9       13.3       21.6        9.3        4.4       11.4       22.8       15.4       11.7       21.4       19.5        6.8        7.6        8.7       24.8       14.7        8.8       16.2         20        3.2       14.4       13.4          0         15          0          0          0 
        16       16.7        1.7         12       12.6       11.4       15.8        2.1       15.7        5.6        2.9       21.5        4.3       17.6       19.2       10.3         15       15.7        1.1       13.3       15.8       11.1       17.5        3.3       15.4        5.1          6       21.8        2.3       21.5       18.7       10.6        7.5       18.7       20.7        9.2         24       10.7       20.7        7.5        8.9       15.9       21.6       11.6       18.2       14.3       17.8        4.3        2.1         15          0          0          0          0 
         0          0          0          0          0          0          0          0          0          0          0          0          0          0          0          0          0          0          0          0          0          0          0          0          0          0          0          0          0          0          0          0          0          0          0          0          0          0          0          0          0          0          0          0          0          0          0          0          0          0          0          0          0          0 
         0          0          0          0          0          0          0          0          0          0          0          0          0          0          0          0          0          0          0          0          0          0          0          0          0          0          0          0          0          0          0          0          0          0          0          0          0          0          0          0          0          0          0          0          0          0          0          0          0          0          0          0          0          0 
         0          0          0          0          0          0          0          0          0          0          0          0          0          0          0          0          0          0          0          0          0          0          0          0          0          0          0          0          0          0          0          0          0          0          0          0          0          0          0          0          0          0          0          0          0          0          0          0          0          0          0          0          0          0 
Version identifier: 22.1.1.0 | 2022-11-28 | 9160aff4d
CPXPARAM_Threads                                 1
CPXPARAM_TimeLimit                               7200
Tried aggregator 2 times.
MIP Presolve eliminated 1575 rows and 3844 columns.
MIP Presolve modified 1293 coefficients.
Aggregator did 25 substitutions.
Reduced MIP has 294 rows, 751 columns, and 2387 nonzeros.
Reduced MIP has 738 binaries, 0 generals, 0 SOSs, and 0 indicators.
Presolve time = 0.01 sec. (8.70 ticks)
Found incumbent of value -25.991000 after 0.02 sec. (12.71 ticks)
Probing time = 0.00 sec. (2.81 ticks)
Tried aggregator 1 time.
Detecting symmetries...
Reduced MIP has 294 rows, 751 columns, and 2387 nonzeros.
Reduced MIP has 738 binaries, 0 generals, 0 SOSs, and 0 indicators.
Presolve time = 0.00 sec. (1.51 ticks)
Probing time = 0.00 sec. (2.81 ticks)
Clique table members: 1629.
MIP emphasis: balance optimality and feasibility.
MIP search method: dynamic search.
Parallel mode: none, using 1 thread.
Root relaxation solution time = 0.00 sec. (2.63 ticks)

        Nodes                                         Cuts/
   Node  Left     Objective  IInf  Best Integer    Best Bound    ItCnt     Gap

*     0+    0                          -25.9910       64.8590           349.54%
*     0     0      integral     0       19.0890       19.0890      172    0.00%
Elapsed time = 0.03 sec. (24.76 ticks, tree = 0.00 MB, solutions = 2)

Root node processing (before b&c):
  Real time             =    0.03 sec. (24.92 ticks)
Sequential b&c:
  Real time             =    0.00 sec. (0.00 ticks)
                          ------------
Total (root+branch&cut) =    0.03 sec. (24.92 ticks)

Sol status: Optimal
 Total Time: 0.03
 LB: 19.089
 UB: 19.089
Initializing solStats

Obj Val: 19.089

Solve Time: 0.03
b(0): 15.9
b(1): 12.3833333333333
b(2): 15.0333333333333
b(3): 14.5666666666667
b(4): 10.8666666666667
b(5): 15.3833333333333
b(6): 10.9166666666667
b(7): 10.7666666666667
b(8): 12.7
b(9): 13.5
b(10): 12.7833333333333
b(11): 15.6833333333333
b(12): 10
b(13): 10.3166666666667
b(14): 17.0166666666667
b(15): 12.9666666666667
b(16): 16.0052845635534
b(17): 12.6516260162602
b(18): 15.1556910759469
b(19): 14.7085366139203
b(20): 11.1995935363871
b(21): 15.522764255007
b(22): 11.232520357327
b(23): 11.080081331747
b(24): 13.0817073813207
b(25): 13.6126016402935
b(26): 13.1089431263137
b(27): 15.7959349736268
b(28): 10.1516260495737
b(29): 10.4975610232005
b(30): 17.2788617945667
b(31): 13.1378049208805
b(32): 15.5166666666667
b(33): 13.9
b(34): 12.45
b(35): 11.8666666666667
b(36): 13.05
b(37): 10.0833333333333
b(38): 13.0833333333333
b(39): 16.6
b(40): 16.65
b(41): 15.0166666666667
b(42): 13.6166666666667
b(43): 13.0166666666667
b(44): 14.1666666666667
b(45): 11.4166666666667
b(46): 14.2333333333333
b(47): 17.75
b(48): 9
b(49): 9
b(50): 9
b(51): 19
b(52): 19
b(53): 19


Customer profit: 91.907
Parcel profit: 0
Costs: 72.818
Without fixed: 72.818

Solution: 
Vehicle 0: 48 - 12 - 28 - 7 - 23 - 10 - 26 - 9 - 25 - 2 - 18 - 51 - Total time: 6.15569107594687
Vehicle 1: 49 - 6 - 22 - 8 - 24 - 5 - 21 - 0 - 16 - 52 - Total time: 7.00528456355345
Vehicle 2: 50 - 13 - 29 - 4 - 20 - 1 - 17 - 15 - 31 - 3 - 19 - 11 - 27 - 14 - 30 - 53 - Total time: 8.27886179456673

Vehicle 0: d - D - d - P - d - D - d - D - d - P - f
Vehicle 1: d - P - d - D - d - P - d - P - f
Vehicle 2: d - D - d - P - d - P - d - D - d - P - d - D - d - D - f

************************************
Final solution value: 19.089
************************************

Total distance: 158.3

Total passenger distance: 38.9

Total parcel distance: 0

Total combined transportation distance: 0

Total idle distance: 119.4
File exists: 1
partial: 
CSV file 'TreatResults/FullResults/fip1ADcsarpM.csv' generated successfully!
Instance Name: sarp-16-8-B-1

K: 3
Dist Matrix: 
         0       10.2        5.2       15.7       14.6       10.7       12.2       13.3        9.5       18.2       20.9         17        5.9       13.8        6.1          6        1.6       11.5        1.6       16.5       14.2       10.6       17.5       13.4       12.2       20.3       19.1       13.9        2.5       15.7        5.1        6.1       16.8       16.6       13.1       23.7       21.5       20.8       14.7       11.7       13.4       21.1       16.6       14.7       16.5       16.7         21        6.8         11       12.6       16.3          0          0          0 
      10.2          0       15.3       11.2         14        8.7       12.6        5.1        4.2       16.7       23.6       18.5       15.4        6.8       13.2        7.7       11.7        3.2       11.5        9.8       11.1        7.5       15.1        5.1        6.4       16.1       23.7       16.7       12.2        8.8       11.6       13.5        8.4       12.2          3       18.2       26.4       14.2       14.4       19.9        3.7         16        9.1       10.2       19.8        9.2       15.5       15.9       18.9       20.1       12.5          0          0          0 
       5.2       15.3          0       20.2       18.1       15.3       15.7       17.9       14.7       21.8       22.4       19.5        2.2       18.8        7.8       10.6        3.9       16.3        3.8       21.5       18.6       15.4       21.4         18       17.2       24.5       19.6       16.1        4.1       20.7        7.8        7.5         22       21.1       18.2       28.2       21.6       25.6       18.2       10.2       18.7       25.6       21.6       19.4       18.2       21.8       25.6        5.6         10       11.8       20.7          0          0          0 
      15.7       11.2       20.2          0        5.5        4.9        6.4       15.8        7.6        6.2       15.3       10.2       21.5        4.7       13.6        9.7       16.5       14.3       17.3        3.4          2          5        4.4       15.8        4.7          5       17.2       10.4       16.1        3.8       12.8       14.1        6.4          1       12.3          8       19.8        5.6        5.9       18.8        9.4        5.4        4.6          1       12.8        4.8        5.3       17.4       17.7       17.8        1.4          0          0          0 
      14.6         14       18.1        5.5          0        5.3        2.4       19.1        9.8        3.6       10.1        4.8       19.8        9.2       10.5          9       14.8       17.2       16.1        8.9        3.7        6.5        3.4       19.1        8.2        7.1       11.7          5       14.1        9.1       10.3       10.9       11.7        5.4         16       11.1       14.3       10.4        0.4       14.3       13.5        8.8         10        5.7        7.3       10.2        9.2       14.1       13.2         13        4.6          0          0          0 
      10.7        8.7       15.3        4.9        5.3          0          4       13.8        4.5        8.4         15        9.8       16.5        5.3        8.9        4.7       11.5       11.9       12.4        6.8        3.4        1.3        7.1       13.8        3.7        9.5       15.6        8.4       11.1        6.3        7.9        9.3        8.6        5.8       10.9       12.9       18.3       10.4        5.7       14.8        8.7       10.3        7.4        4.1       11.4        7.6       10.3       12.7       13.6       14.1        5.5          0          0          0 
      12.2       12.6       15.7        6.4        2.4          4          0       17.8        8.4          6         11        5.9       17.4        8.9        8.2        6.8       12.4       15.8       13.7        9.4        4.3        5.3        5.7       17.8        7.5        9.2       11.6        4.5       11.7        9.3        7.9        8.6       11.9        6.6         15       13.1       14.4       11.8        2.5       12.5       12.7       10.6       10.4        6.1        7.4       10.6       10.9       11.8       11.4       11.4        5.9          0          0          0 
      13.3        5.1       17.9       15.8       19.1       13.8       17.8          0        9.3       21.6       28.8       23.6       17.4       11.1       17.6       12.5       14.9          2       14.2       13.8       16.1       12.6         20        0.1       11.2       20.5       28.8       21.8       15.7       12.8         16       17.9       11.5       16.8        3.6         22       31.5       17.9       19.5       24.3        6.7       20.1       12.8       14.9       24.9       12.8       19.5       19.8       23.3       24.6       17.2          0          0          0 
       9.5        4.2       14.7        7.6        9.8        4.5        8.4        9.3          0       12.6       19.5       14.3       15.4        4.3       10.5        4.8       10.8        7.4       11.1        7.3        7.1        3.3       11.1        9.3          3       12.6       19.7       12.6       10.9        6.3          9       10.9        7.3        8.6        6.6       15.2       22.5       11.7       10.2       17.1        4.9       12.8        7.1        6.6       15.7        7.2       12.5       13.8         16       16.9        8.8          0          0          0 
      18.2       16.7       21.8        6.2        3.6        8.4          6       21.6       12.6          0        9.6        5.1       23.5       10.9       14.1       12.5       18.5       19.9       19.7        9.6        5.5        9.3        1.8       21.6       10.4        4.9       12.4        7.2       17.7       10.1       13.9       14.4       12.6        5.5       18.3        8.7       14.8        9.4        3.5       17.2       15.5        6.8       10.8        6.9        8.3       10.9        7.5       17.5       16.1       15.7        4.8          0          0          0 
      20.9       23.6       22.4       15.3       10.1         15         11       28.8       19.5        9.6          0        5.2       24.5       19.3       14.9         17       20.4       26.8         22       18.8       13.8       16.3       11.3       28.8       18.3       14.3        4.3        7.2       19.3       19.1       15.8       15.1       21.8       14.9         26       17.7        5.6         19        9.7       13.8       23.6       16.2         20       15.7        4.3       20.1         17       16.8       13.3       11.9         14          0          0          0 
        17       18.5       19.5       10.2        4.8        9.8        5.9       23.6       14.3        5.1        5.2          0       21.5       14.1       11.6       12.4       16.9       21.7       18.3       13.6        8.6       11.1        6.6       23.7         13         10        7.3        3.3       15.9       13.9       12.1       11.9       16.5        9.8       20.8       13.8        9.7       14.3        4.4         13       18.3         12       14.8       10.5        3.2         15       12.6       14.5       12.1       11.3          9          0          0          0 
       5.9       15.4        2.2       21.5       19.8       16.5       17.4       17.4       15.4       23.5       24.5       21.5          0       19.7        9.8       11.8          5         16        4.2       22.5         20       16.5         23       17.5       18.1         26       21.8       18.2        5.7       21.6        9.5        9.6       22.7       22.4       18.1       29.5       23.8       26.7       19.9       12.5         19       26.9       22.5       20.6       20.3       22.6       26.9        7.8       12.2         14         22          0          0          0 
      13.8        6.8       18.8        4.7        9.2        5.3        8.9       11.1        4.3       10.9       19.3       14.1       19.7          0       13.8        8.4       14.9        9.7       15.4        3.1        5.5        4.2        9.1       11.1        1.7        9.4       20.6       13.4       14.9          2       12.5       14.2        3.3        5.7        7.6       11.4       23.3        7.6        9.6         20        4.6        9.1        2.8        3.9       16.2        2.9        8.7       17.3       18.8       19.4        6.2          0          0          0 
       6.1       13.2        7.8       13.6       10.5        8.9        8.2       17.6       10.5       14.1       14.9       11.6        9.8       13.8          0        5.7        5.4       15.6          7       15.8       11.7        9.6       13.9       17.7         12       17.3       12.9        8.3        4.3       15.2        1.6        0.4       17.1       14.3       16.3       21.2       15.3       19.2       10.5        6.7       15.4       18.6       16.2         13       10.6       16.4       18.8        3.7        5.6        6.9       13.7          0          0          0 
         6        7.7       10.6        9.7          9        4.7        6.8       12.5        4.8       12.5         17       12.4       11.8        8.4        5.7          0        6.8       10.5        7.6       10.9        8.2        4.7       11.6       12.6        6.7       14.3       16.4        9.8        6.5       10.1        4.2          6       11.7       10.6       10.7       17.7         19       14.9        9.2       12.4        9.7       15.1       11.1        8.8       12.8       11.3       15.1          9       11.3       12.3       10.3          0          0          0 
       1.6       11.7        3.9       16.5       14.8       11.5       12.4       14.9       10.8       18.5       20.4       16.9          5       14.9        5.4        6.8          0       13.1        1.5       17.6       14.9       11.5       17.9         15       13.3       20.9       18.3       13.6        1.2       16.8        4.7        5.3       18.1       17.3       14.7       24.4       20.6       21.7         15       10.4       14.9       21.9       17.7       15.6         16       17.9       21.9        5.4        9.7       11.4         17          0          0          0 
      11.5        3.2       16.3       14.3       17.2       11.9       15.8          2        7.4       19.9       26.8       21.7         16        9.7       15.6       10.5       13.1          0       12.5       12.5       14.3       10.7       18.3        2.1        9.6       19.1       26.7       19.8       13.8       11.5         14       15.9       10.6       15.3        2.9       20.9       29.5       16.8       17.6       22.3        5.6       18.8       11.7       13.3       22.9       11.7       18.3       17.9       21.3       22.6       15.7          0          0          0 
       1.6       11.5        3.8       17.3       16.1       12.4       13.7       14.2       11.1       19.7         22       18.3        4.2       15.4          7        7.6        1.5       12.5          0       18.2       15.9       12.3       19.1       14.3       13.9       21.9       19.9       15.1        2.8       17.4        6.2        6.9       18.4       18.2       14.4       25.4       22.2       22.5       16.3       11.8       14.9       22.8       18.2       16.4       17.6       18.4       22.7        6.8       11.2       12.9         18          0          0          0 
      16.5        9.8       21.5        3.4        8.9        6.8        9.4       13.8        7.3        9.6       18.8       13.6       22.5        3.1       15.8       10.9       17.6       12.5       18.2          0        5.2        6.2        7.7       13.7        4.3        6.9       20.7       13.7       17.4          1       14.7       16.2          3          4       10.2        8.3       23.3        4.5        9.4       21.5        7.1        6.3        1.2        3.3       16.2        1.3        5.7       19.5       20.3       20.7        4.7          0          0          0 
      14.2       11.1       18.6          2        3.7        3.4        4.3       16.1        7.1        5.5       13.8        8.6         20        5.5       11.7        8.2       14.9       14.3       15.9        5.2          0          4        3.9         16        4.8          6       15.4        8.5       14.4        5.3         11       12.1        7.9        2.5       12.8        9.6       18.1        7.6        4.2       16.8         10          7        6.3        1.9         11        6.5        7.1       15.5       15.6       15.8          2          0          0          0 
      10.6        7.5       15.4          5        6.5        1.3        5.3       12.6        3.3        9.3       16.3       11.1       16.5        4.2        9.6        4.7       11.5       10.7       12.3        6.2          4          0          8       12.6        2.5        9.9       16.9        9.7       11.3        5.6        8.4         10        7.6          6        9.6       13.1       19.6       10.2        6.9       15.7        7.4       10.5        6.6        4.1       12.7        6.8       10.4       13.2       14.5       15.1        5.9          0          0          0 
      17.5       15.1       21.4        4.4        3.4        7.1        5.7         20       11.1        1.8       11.3        6.6         23        9.1       13.9       11.6       17.9       18.3       19.1        7.7        3.9          8          0         20        8.7        3.7       13.9          8       17.3        8.2       13.6       14.3       10.8        3.6       16.6        7.7       16.3        7.7        3.6       17.7       13.7        5.5        8.9        5.1        9.6          9        6.1       17.5       16.6       16.4        2.9          0          0          0 
      13.4        5.1         18       15.8       19.1       13.8       17.8        0.1        9.3       21.6       28.8       23.7       17.5       11.1       17.7       12.6         15        2.1       14.3       13.7         16       12.6         20          0       11.2       20.5       28.8       21.8       15.8       12.7       16.1       17.9       11.4       16.8        3.5         22       31.5       17.8       19.5       24.3        6.6         20       12.7       14.9       24.9       12.8       19.5       19.9       23.3       24.7       17.2          0          0          0 
      12.2        6.4       17.2        4.7        8.2        3.7        7.5       11.2          3       10.4       18.3         13       18.1        1.7         12        6.7       13.3        9.6       13.9        4.3        4.8        2.5        8.7       11.2          0        9.7       19.2         12       13.2        3.5       10.7       12.4        5.1        5.8        7.9       12.2         22        8.7        8.6       18.2        5.2        9.8        4.4        3.7       14.9        4.6        9.5       15.6         17       17.7        6.1          0          0          0 
      20.3       16.1       24.5          5        7.1        9.5        9.2       20.5       12.6        4.9       14.3         10         26        9.4       17.3       14.3       20.9       19.1       21.9        6.9          6        9.9        3.7       20.5        9.7          0       17.3       11.8       20.4        7.8       16.8       17.7        9.8        3.9         17          4       19.6        4.8        7.3       21.5       13.9        1.9        8.1          6       13.2        8.1        2.6         21       20.4       20.1          4          0          0          0 
      19.1       23.7       19.6       17.2       11.7       15.6       11.6       28.8       19.7       12.4        4.3        7.3       21.8       20.6       12.9       16.4       18.3       26.7       19.9       20.7       15.4       16.9       13.9       28.8       19.2       17.3          0        7.1       17.1       20.7       14.1       12.9       23.4         17       26.4         21        2.7       21.7       11.3       10.1       24.3       19.3       21.8       17.4        4.4       21.9       19.9         14        9.9        8.2       16.2          0          0          0 
      13.9       16.7       16.1       10.4          5        8.4        4.5       21.8       12.6        7.2        7.2        3.3       18.2       13.4        8.3        9.8       13.6       19.8       15.1       13.7        8.5        9.7          8       21.8         12       11.8        7.1          0       12.6       13.7        8.9        8.5       16.3       10.4       19.3       15.8        9.9       15.4        4.7        9.9       17.1       13.6       14.8       10.4          3       14.9       14.1       11.1          9        8.4        9.6          0          0          0 
       2.5       12.2        4.1       16.1       14.1       11.1       11.7       15.7       10.9       17.7       19.3       15.9        5.7       14.9        4.3        6.5        1.2       13.8        2.8       17.4       14.4       11.3       17.3       15.8       13.2       20.4       17.1       12.6          0       16.7        3.8        4.2       18.1       16.9       15.2         24       19.4       21.5       14.2        9.2       15.3       21.4       17.6       15.2       14.9       17.8       21.4        4.3        8.5       10.2       16.5          0          0          0 
      15.7        8.8       20.7        3.8        9.1        6.3        9.3       12.8        6.3       10.1       19.1       13.9       21.6          2       15.2       10.1       16.8       11.5       17.4          1        5.3        5.6        8.2       12.7        3.5        7.8       20.7       13.7       16.7          0         14       15.6        2.6        4.5        9.2        9.4       23.4        5.5        9.5       21.1        6.1        7.3          1        3.4       16.3        1.2        6.7       18.8       19.9       20.4        5.2          0          0          0 
       5.1       11.6        7.8       12.8       10.3        7.9        7.9         16          9       13.9       15.8       12.1        9.5       12.5        1.6        4.2        4.7         14        6.2       14.7         11        8.4       13.6       16.1       10.7       16.8       14.1        8.9        3.8         14          0        1.8       15.8       13.5       14.7       20.6       16.6       18.3       10.4        8.3       13.9         18       15.1       12.1       11.4       15.3       18.1        4.8        7.2        8.5         13          0          0          0 
       6.1       13.5        7.5       14.1       10.9        9.3        8.6       17.9       10.9       14.4       15.1       11.9        9.6       14.2        0.4          6        5.3       15.9        6.9       16.2       12.1         10       14.3       17.9       12.4       17.7       12.9        8.5        4.2       15.6        1.8          0       17.5       14.7       16.6       21.6       15.3       19.6       10.9        6.4       15.8         19       16.6       13.4       10.8       16.8       19.2        3.3        5.4        6.7       14.1          0          0          0 
      16.8        8.4         22        6.4       11.7        8.6       11.9       11.5        7.3       12.6       21.8       16.5       22.7        3.3       17.1       11.7       18.1       10.6       18.4          3        7.9        7.6       10.8       11.4        5.1        9.8       23.4       16.3       18.1        2.6       15.8       17.5          0        7.1        7.9       10.6       26.1        6.3       12.2       23.3          5        8.9        1.8          6         19        1.7        8.2       20.7       22.1       22.7        7.8          0          0          0 
      16.6       12.2       21.1          1        5.4        5.8        6.6       16.8        8.6        5.5       14.9        9.8       22.4        5.7       14.3       10.6       17.3       15.3       18.2          4        2.5          6        3.6       16.8        5.8        3.9         17       10.4       16.9        4.5       13.5       14.7        7.1          0       13.3        7.1       19.6        5.1        5.8       19.2       10.3        4.5        5.2          2       12.6        5.4        4.5         18         18       18.1        0.8          0          0          0 
      13.1          3       18.2       12.3         16       10.9         15        3.6        6.6       18.3         26       20.8       18.1        7.6       16.3       10.7       14.7        2.9       14.4       10.2       12.8        9.6       16.6        3.5        7.9         17       26.4       19.3       15.2        9.2       14.7       16.6        7.9       13.3          0       18.4       29.1       14.2       16.5         23          3       16.5        9.2       11.5       22.3        9.2       15.9         19       21.9       23.1       13.8          0          0          0 
      23.7       18.2       28.2          8       11.1       12.9       13.1         22       15.2        8.7       17.7       13.8       29.5       11.4       21.2       17.7       24.4       20.9       25.4        8.3        9.6       13.1        7.7         22       12.2          4         21       15.8         24        9.4       20.6       21.6       10.6        7.1       18.4          0       23.2        4.2       11.3       25.5       15.3        2.5        9.2        8.9         17        9.2        2.7       24.9       24.4       24.1        7.5          0          0          0 
      21.5       26.4       21.6       19.8       14.3       18.3       14.4       31.5       22.5       14.8        5.6        9.7       23.8       23.3       15.3         19       20.6       29.5       22.2       23.3       18.1       19.6       16.3       31.5         22       19.6        2.7        9.9       19.4       23.4       16.6       15.3       26.1       19.6       29.1       23.2          0       24.1       13.9       11.6       27.1       21.6       24.4         20        7.1       24.6       22.3         16       11.6        9.8       18.7          0          0          0 
      20.8       14.2       25.6        5.6       10.4       10.4       11.8       17.9       11.7        9.4         19       14.3       26.7        7.6       19.2       14.9       21.7       16.8       22.5        4.5        7.6       10.2        7.7       17.8        8.7        4.8       21.7       15.4       21.5        5.5       18.3       19.6        6.3        5.1       14.2        4.2       24.1          0       10.7       24.4       11.2        3.1        5.1        6.2       17.4          5        2.3         23       23.2       23.3        5.9          0          0          0 
      14.7       14.4       18.2        5.9        0.4        5.7        2.5       19.5       10.2        3.5        9.7        4.4       19.9        9.6       10.5        9.2         15       17.6       16.3        9.4        4.2        6.9        3.6       19.5        8.6        7.3       11.3        4.7       14.2        9.5       10.4       10.9       12.2        5.8       16.5       11.3       13.9       10.7          0       14.1       13.9          9       10.5        6.1        6.8       10.6        9.4         14         13       12.8        4.9          0          0          0 
      11.7       19.9       10.2       18.8       14.3       14.8       12.5       24.3       17.1       17.2       13.8         13       12.5         20        6.7       12.4       10.4       22.3       11.8       21.5       16.8       15.7       17.7       24.3       18.2       21.5       10.1        9.9        9.2       21.1        8.3        6.4       23.3       19.2         23       25.5       11.6       24.4       14.1          0       22.1       23.1       22.2       18.4       10.4       22.4       23.5          5        1.1        1.9       18.5          0          0          0 
      13.4        3.7       18.7        9.4       13.5        8.7       12.7        6.7        4.9       15.5       23.6       18.3         19        4.6       15.4        9.7       14.9        5.6       14.9        7.1         10        7.4       13.7        6.6        5.2       13.9       24.3       17.1       15.3        6.1       13.9       15.8          5       10.3          3       15.3       27.1       11.2       13.9       22.1          0       13.4        6.1        8.5       20.1        6.1       12.8       18.6       20.9       21.9       10.8          0          0          0 
      21.1         16       25.6        5.4        8.8       10.3       10.6       20.1       12.8        6.8       16.2         12       26.9        9.1       18.6       15.1       21.9       18.8       22.8        6.3          7       10.5        5.5         20        9.8        1.9       19.3       13.6       21.4        7.3         18         19        8.9        4.5       16.5        2.5       21.6        3.1          9       23.1       13.4          0        7.3        6.4       15.1        7.3        0.8       22.4         22       21.8        4.9          0          0          0 
      16.6        9.1       21.6        4.6         10        7.4       10.4       12.8        7.1       10.8         20       14.8       22.5        2.8       16.2       11.1       17.7       11.7       18.2        1.2        6.3        6.6        8.9       12.7        4.4        8.1       21.8       14.8       17.6          1       15.1       16.6        1.8        5.2        9.2        9.2       24.4        5.1       10.5       22.2        6.1        7.3          0        4.3       17.3        0.2        6.7       19.9         21       21.5          6          0          0          0 
      14.7       10.2       19.4          1        5.7        4.1        6.1       14.9        6.6        6.9       15.7       10.5       20.6        3.9         13        8.8       15.6       13.3       16.4        3.3        1.9        4.1        5.1       14.9        3.7          6       17.4       10.4       15.2        3.4       12.1       13.4          6          2       11.5        8.9         20        6.2        6.1       18.4        8.5        6.4        4.3          0       12.9        4.5        6.3       16.7       17.2       17.5        2.3          0          0          0 
      16.5       19.8       18.2       12.8        7.3       11.4        7.4       24.9       15.7        8.3        4.3        3.2       20.3       16.2       10.6       12.8         16       22.9       17.6       16.2         11       12.7        9.6       24.9       14.9       13.2        4.4          3       14.9       16.3       11.4       10.8         19       12.6       22.3         17        7.1       17.4        6.8       10.4       20.1       15.1       17.3       12.9          0       17.5       15.7       12.8        9.7        8.6       11.8          0          0          0 
      16.7        9.2       21.8        4.8       10.2        7.6       10.6       12.8        7.2       10.9       20.1         15       22.6        2.9       16.4       11.3       17.9       11.7       18.4        1.3        6.5        6.8          9       12.8        4.6        8.1       21.9       14.9       17.8        1.2       15.3       16.8        1.7        5.4        9.2        9.2       24.6          5       10.6       22.4        6.1        7.3        0.2        4.5       17.5          0        6.7       20.1       21.2       21.7        6.1          0          0          0 
        21       15.5       25.6        5.3        9.2       10.3       10.9       19.5       12.5        7.5         17       12.6       26.9        8.7       18.8       15.1       21.9       18.3       22.7        5.7        7.1       10.4        6.1       19.5        9.5        2.6       19.9       14.1       21.4        6.7       18.1       19.2        8.2        4.5       15.9        2.7       22.3        2.3        9.4       23.5       12.8        0.8        6.7        6.3       15.7        6.7          0       22.6       22.3       22.2          5          0          0          0 
       6.8       15.9        5.6       17.4       14.1       12.7       11.8       19.8       13.8       17.5       16.8       14.5        7.8       17.3        3.7          9        5.4       17.9        6.8       19.5       15.5       13.2       17.5       19.9       15.6         21         14       11.1        4.3       18.8        4.8        3.3       20.7         18         19       24.9         16         23         14          5       18.6       22.4       19.9       16.7       12.8       20.1       22.6          0        4.5        6.3       17.5          0          0          0 
        11       18.9         10       17.7       13.2       13.6       11.4       23.3         16       16.1       13.3       12.1       12.2       18.8        5.6       11.3        9.7       21.3       11.2       20.3       15.6       14.5       16.6       23.3         17       20.4        9.9          9        8.5       19.9        7.2        5.4       22.1         18       21.9       24.4       11.6       23.2         13        1.1       20.9         22         21       17.2        9.7       21.2       22.3        4.5          0        1.8       17.3          0          0          0 
      12.6       20.1       11.8       17.8         13       14.1       11.4       24.6       16.9       15.7       11.9       11.3         14       19.4        6.9       12.3       11.4       22.6       12.9       20.7       15.8       15.1       16.4       24.7       17.7       20.1        8.2        8.4       10.2       20.4        8.5        6.7       22.7       18.1       23.1       24.1        9.8       23.3       12.8        1.9       21.9       21.8       21.5       17.5        8.6       21.7       22.2        6.3        1.8          0       17.4          0          0          0 
      16.3       12.5       20.7        1.4        4.6        5.5        5.9       17.2        8.8        4.8         14          9         22        6.2       13.7       10.3         17       15.7         18        4.7          2        5.9        2.9       17.2        6.1          4       16.2        9.6       16.5        5.2         13       14.1        7.8        0.8       13.8        7.5       18.7        5.9        4.9       18.5       10.8        4.9          6        2.3       11.8        6.1          5       17.5       17.3       17.4          0          0          0          0 
         0          0          0          0          0          0          0          0          0          0          0          0          0          0          0          0          0          0          0          0          0          0          0          0          0          0          0          0          0          0          0          0          0          0          0          0          0          0          0          0          0          0          0          0          0          0          0          0          0          0          0          0          0          0 
         0          0          0          0          0          0          0          0          0          0          0          0          0          0          0          0          0          0          0          0          0          0          0          0          0          0          0          0          0          0          0          0          0          0          0          0          0          0          0          0          0          0          0          0          0          0          0          0          0          0          0          0          0          0 
         0          0          0          0          0          0          0          0          0          0          0          0          0          0          0          0          0          0          0          0          0          0          0          0          0          0          0          0          0          0          0          0          0          0          0          0          0          0          0          0          0          0          0          0          0          0          0          0          0          0          0          0          0          0 
Version identifier: 22.1.1.0 | 2022-11-28 | 9160aff4d
CPXPARAM_Threads                                 1
CPXPARAM_TimeLimit                               7200
Tried aggregator 2 times.
MIP Presolve eliminated 1577 rows and 3854 columns.
MIP Presolve modified 1305 coefficients.
Aggregator did 22 substitutions.
Reduced MIP has 303 rows, 771 columns, and 2473 nonzeros.
Reduced MIP has 757 binaries, 0 generals, 0 SOSs, and 0 indicators.
Presolve time = 0.01 sec. (8.71 ticks)
Found incumbent of value -27.962000 after 0.02 sec. (14.03 ticks)
Probing time = 0.00 sec. (2.80 ticks)
Tried aggregator 2 times.
Detecting symmetries...
MIP Presolve eliminated 14 rows and 28 columns.
MIP Presolve modified 86 coefficients.
Aggregator did 3 substitutions.
Reduced MIP has 286 rows, 740 columns, and 2342 nonzeros.
Reduced MIP has 727 binaries, 0 generals, 0 SOSs, and 0 indicators.
Presolve time = 0.00 sec. (3.30 ticks)
Probing time = 0.00 sec. (2.76 ticks)
Clique table members: 1626.
MIP emphasis: balance optimality and feasibility.
MIP search method: dynamic search.
Parallel mode: none, using 1 thread.
Root relaxation solution time = 0.00 sec. (1.62 ticks)

        Nodes                                         Cuts/
   Node  Left     Objective  IInf  Best Integer    Best Bound    ItCnt     Gap

*     0+    0                          -27.9620       76.9180           375.08%
*     0     0      integral     0       27.8820       27.8820      112    0.00%
Elapsed time = 0.03 sec. (26.77 ticks, tree = 0.00 MB, solutions = 2)

Root node processing (before b&c):
  Real time             =    0.03 sec. (26.94 ticks)
Sequential b&c:
  Real time             =    0.00 sec. (0.00 ticks)
                          ------------
Total (root+branch&cut) =    0.03 sec. (26.94 ticks)

Sol status: Optimal
 Total Time: 0.02
 LB: 27.882
 UB: 27.882
Initializing solStats

Obj Val: 27.882

Solve Time: 0.02
b(0): 11.5666666666667
b(1): 11.8
b(2): 13.4166666666667
b(3): 12.7666666666667
b(4): 11.4333333333333
b(5): 13.6833333333333
b(6): 16.65
b(7): 13.7333333333333
b(8): 14.1666666666667
b(9): 16.6333333333333
b(10): 9.41666666666667
b(11): 14.3333333333333
b(12): 15.4333333333333
b(13): 14.6
b(14): 12.6
b(15): 15.9166666666667
b(16): 11.6890244092802
b(17): 12.1280488185604
b(18): 13.5926829720405
b(19): 13.0995935363871
b(20): 11.7735772797938
b(21): 13.9650406658735
b(22): 17.0390244580607
b(23): 13.8191056922467
b(24): 14.3231707674004
b(25): 17.0028455867539
b(26): 9.60487809994054
b(27): 14.4971545108071
b(28): 15.6556911247274
b(29): 14.7321138449336
b(30): 12.8890244092802
b(31): 16.1463415348007
b(32): 11.5833333333333
b(33): 12.6833333333333
b(34): 15.2833333333333
b(35): 15.15
b(36): 12.3833333333333
b(37): 12.8166666666667
b(38): 15.9
b(39): 10.1833333333333
b(40): 12.7166666666667
b(41): 13.8
b(42): 16.45
b(43): 16.3
b(44): 13.5
b(45): 14.15
b(46): 17.05
b(47): 11.3333333333333
b(48): 9
b(49): 9
b(50): 9
b(51): 19
b(52): 19
b(53): 19


Customer profit: 107.048
Parcel profit: 0
Costs: 79.166
Without fixed: 79.166

Solution: 
Vehicle 0: 48 - 0 - 16 - 14 - 30 - 2 - 18 - 12 - 28 - 15 - 31 - 51 - Total time: 7.14634153480075
Vehicle 1: 49 - 10 - 26 - 4 - 20 - 3 - 19 - 5 - 21 - 11 - 27 - 6 - 22 - 52 - Total time: 8.03902445806071
Vehicle 2: 50 - 1 - 17 - 7 - 23 - 8 - 24 - 13 - 29 - 9 - 25 - 53 - Total time: 8.00284558675395

Vehicle 0: d - P - d - D - d - P - d - D - d - D - f
Vehicle 1: d - D - d - P - d - P - d - P - d - D - d - P - f
Vehicle 2: d - P - d - P - d - D - d - D - d - D - f

************************************
Final solution value: 27.882
************************************

Total distance: 172.1

Total passenger distance: 53.6

Total parcel distance: 0

Total combined transportation distance: 0

Total idle distance: 118.5
File exists: 1
partial: 
CSV file 'TreatResults/FullResults/fip1ADcsarpM.csv' generated successfully!
Instance Name: sarp-16-8-B-2

K: 3
Dist Matrix: 
         0       11.4       14.3       23.1       21.1       10.8        5.6       16.2       14.4         14       13.2       24.7       10.2       17.2          9       19.6        4.4       12.9       12.7       23.4       17.2       14.3        7.8       18.9       17.6       11.4        8.8         24        9.4       15.9       11.5       24.8       17.3       19.1       22.5        1.4         14        5.2        0.9       20.8       23.5       15.5       22.6        3.1       20.3        2.8       11.5         12         16        4.1       20.9          0          0          0 
      11.4          0       15.1       14.8       14.1        4.1       13.9        5.9       14.6       11.6       15.6       13.9       14.2         15        3.1        8.5        9.1        2.3       14.9       14.3       12.6        6.9       16.1        8.3       17.1        7.5       13.8       14.6       12.4       15.9        1.5       14.3       10.7        8.1       19.9        9.9        7.5       11.2       11.1         20       16.5        4.6       18.6        8.5        9.2       14.1        1.2       12.7       16.7       15.2       20.5          0          0          0 
      14.3       15.1          0       14.7       11.7         11         10       14.6        0.8        4.4          2       20.7        4.7        4.3         16       18.1         17       14.3          2       16.3          7       10.3         10       16.4        3.3        7.7        6.1       17.3        4.9        1.6       16.6         20        9.5       17.6        8.6       13.8       22.3        9.2       13.4        6.4       13.3       19.2        9.6       12.6       18.6       14.4       14.1        2.6        1.7       14.3        6.5          0          0          0 
      23.1       14.8       14.7          0          3       12.6       21.8        9.2       13.8       10.9       16.6          8       18.1       10.7       17.8        9.5       22.8       12.5       16.3        2.3        7.6        8.8         23        8.1       13.4       11.7         19        3.2       16.9       13.8       16.2        6.8        5.9        9.3       11.4       21.7       21.4       19.5       22.4         14        2.9       15.4        8.7         20        9.5       24.8       13.8       14.4         15       25.4       14.9          0          0          0 
      21.1       14.1       11.7          3          0       11.2       19.3        9.2       10.9        8.1       13.6       10.5       15.3        7.6       16.9       10.6       21.4       11.9       13.4          5        4.7        7.4       20.3        8.9       10.4        9.7       16.3          6       14.2       10.8       15.6        9.4        3.8       10.3        8.8       19.8       21.3       17.1       20.3       11.1        2.4       15.6        6.2       18.1       10.8       22.6         13       11.6         12       23.1       12.1          0          0          0 
      10.8        4.1         11       12.6       11.2          0       11.6        5.5       10.5        7.4       11.6         14       10.7       10.9        5.9        9.2       10.2        3.4         11       12.6        8.8        3.8       13.5        8.2         13        3.4       10.6       13.2        8.9       11.8        5.6         14        7.4        8.7       15.9        9.4       11.6        8.8       10.3       15.8       13.6        8.2       14.8        7.7        9.9       13.1          3        8.7       12.6       13.9       16.4          0          0          0 
       5.6       13.9         10       21.8       19.3       11.6          0       17.1       10.4       11.3        8.5       25.3        5.3       13.8       12.5       20.8        9.8       14.6        8.1       22.7       14.8         14        2.3       19.7       13.4       10.3        3.9       23.5        5.4       11.6       14.6       25.1       15.9       20.3       18.6          6       18.6        2.7        4.8       16.4       21.5       18.4       19.3        6.1       21.5        4.6       13.5        8.3       11.4        4.3       16.3          0          0          0 
      16.2        5.9       14.6        9.2        9.2        5.5       17.1          0       13.8       10.1       15.7        8.5       15.5       12.7          9        3.8       14.7        3.6       15.1        8.4        9.5        4.2         19        2.7       15.4        7.4       15.7        8.7       13.8       14.7          7        8.7        6.7        3.2       16.7       14.7       12.2       14.3       15.7       17.7       11.3        6.4       14.7         13        4.4       18.5          5       12.7       15.8       19.5       18.4          0          0          0 
      14.4       14.6        0.8       13.8       10.9       10.5       10.4       13.8          0        3.6        2.8       19.9        5.2        3.6       15.5       17.3       16.9       13.6        2.6       15.5        6.2        9.6       10.5       15.6        3.2          7        6.5       16.4        5.1        1.5         16       19.2        8.7       16.8        8.2       13.8       21.8        9.3       13.5        6.3       12.5       18.5          9       12.5       17.8       14.7       13.5        2.4        2.1       14.7        6.5          0          0          0 
        14       11.6        4.4       10.9        8.1        7.4       11.3       10.1        3.6          0          6       16.3        7.2        3.6         13       13.6       15.5       10.3        5.5       12.3        3.5        5.9       12.1       11.9        5.5          4        8.1       13.2          6        4.6       13.1       15.7        5.3       13.1        8.9         13         19        9.4       13.2        8.4       10.2       15.2        8.5       11.5       14.1         15       10.4        3.5        5.6       15.3        8.9          0          0          0 
      13.2       15.6          2       16.6       13.6       11.6        8.5       15.7        2.8          6          0       22.4        3.1        6.4         16       19.4       16.3         15        0.6       18.2        8.9       11.6        8.1       17.8          5        8.4        4.5       19.1        3.9        3.5       16.9       21.7       11.3       18.9       10.4       12.8       22.5          8       12.3        7.9       15.3       19.9       11.6       11.8       19.9         13       14.7          3        2.9       12.8        7.7          0          0          0 
      24.7       13.9       20.7          8       10.5         14       25.3        8.5       19.9       16.3       22.4          0         23       17.4       17.1        5.5         23       11.9       21.9        5.7       13.9       11.4         27        5.8       20.3       15.1       23.4        4.8       21.4       20.3       14.6        1.3       11.1        5.8       19.3       23.2       18.2       22.6       24.3       21.6       10.9         12       16.6       21.6        4.9       27.1       13.3       19.6       21.5         28       22.5          0          0          0 
      10.2       14.2        4.7       18.1       15.3       10.7        5.3       15.5        5.2        7.2        3.1         23          0        8.8       14.1       19.3       13.5       14.1        2.7       19.4       10.6       11.6        5.2       17.9        8.1        8.1        1.4       20.3        1.8        6.3       15.4       22.5       12.4       18.8       13.3        9.9       20.5        5.1        9.3         11       17.3       18.7       14.3        9.1       19.9        9.8       13.5        3.7          6        9.6       10.9          0          0          0 
      17.2         15        4.3       10.7        7.6       10.9       13.8       12.7        3.6        3.6        6.4       17.4        8.8          0       16.6       15.7       19.1       13.5        6.3       12.5        3.5        8.7       14.1         14        2.9        7.6       10.1       13.5        8.4        3.2       16.5       16.6        6.4       15.3        5.3       16.4       22.5       12.3       16.3          5          9       18.3        5.5       14.9       16.1       17.9       13.8        5.4        4.3         18        5.7          0          0          0 
         9        3.1         16       17.8       16.9        5.9       12.5          9       15.5         13         16       17.1       14.1       16.6          0       11.6          6        5.4       15.3       17.4       14.8        9.5       14.9       11.5       18.4          9       13.4       17.7       12.4         17        2.6       17.5       13.3       11.2       21.8        7.6        6.4       10.1          9       21.4       19.3        6.5       20.8        6.5       12.3       11.8          4       13.4       17.6         13       21.9          0          0          0 
      19.6        8.5       18.1        9.5       10.6        9.2       20.8        3.8       17.3       13.6       19.4        5.5       19.3       15.7       11.6          0       17.6        6.6       18.8        7.9       12.3        7.8       22.7        1.7       18.6       11.2       19.5        7.7       17.6       18.1        9.1        6.2        9.3        0.5         19       18.1       12.9         18       19.2       20.5       12.2        6.6       16.8       16.5        0.7       22.1          8       16.4       19.2         23       21.3          0          0          0 
       4.4        9.1         17       22.8       21.4       10.2        9.8       14.7       16.9       15.5       16.3         23       13.5       19.1          6       17.6          0       11.2       15.7       22.8       18.2         14       12.1       17.3         20         12       12.3       23.2       12.3       18.4        8.7       23.4       17.6       17.2       24.4        3.7        9.9        8.4        4.9       23.2       23.8       12.4         24        4.4       18.3        7.1        9.7       14.4       18.7        8.4       23.5          0          0          0 
      12.9        2.3       14.3       12.5       11.9        3.4       14.6        3.6       13.6       10.3         15       11.9       14.1       13.5        5.4        6.6       11.2          0       14.4       11.9       10.8          5       16.7        6.1       15.9        6.6         14       12.2       12.3       14.8        3.6       12.2        8.7        6.2       18.2       11.5        9.4       11.9       12.6       18.5       14.2        4.9       16.7        9.9        7.3       15.5        1.4         12       15.8       16.5       19.2          0          0          0 
      12.7       14.9          2       16.3       13.4         11        8.1       15.1        2.6        5.5        0.6       21.9        2.7        6.3       15.3       18.8       15.7       14.4          0       17.8        8.6         11        7.9       17.2        5.3        7.8        4.2       18.7        3.3        3.6       16.3       21.3       10.8       18.3       10.6       12.3       21.8        7.5       11.8        8.2       15.1       19.2       11.7       11.2       19.4       12.6         14        2.3        3.3       12.4        8.2          0          0          0 
      23.4       14.3       16.3        2.3          5       12.6       22.7        8.4       15.5       12.3       18.2        5.7       19.4       12.5       17.4        7.9       22.8       11.9       17.8          0        9.3        9.1       24.1        6.7       15.4       12.4       20.1        0.9         18       15.7       15.4        4.4          7        7.7       13.7         22       20.3       20.2       22.8       16.2        5.2       14.2         11       20.3        7.7       25.3       13.3       15.8       16.8         26       17.1          0          0          0 
      17.2       12.6          7        7.6        4.7        8.8       14.8        9.5        6.2        3.5        8.9       13.9       10.6        3.5       14.8       12.3       18.2       10.8        8.6        9.3          0        5.8       15.7       10.5        6.4        6.2       11.6       10.2        9.6        6.4       14.2       13.1        2.9       11.8        7.3       16.1       20.2       12.8       16.4        8.2        6.7       15.4          6       14.4       12.7       18.4       11.4        6.9        7.5       18.7          9          0          0          0 
      14.3        6.9       10.3        8.8        7.4        3.8         14        4.2        9.6        5.9       11.6       11.4       11.6        8.7        9.5        7.8         14          5         11        9.1        5.8          0       15.6        6.2       11.3        3.7         12        9.7         10       10.5        8.5       11.1        3.8        7.2       13.1       12.9       14.4       11.3       13.7       13.7        9.8        9.6       11.6       11.2        8.3       16.3        5.7        8.6       11.6         17       14.4          0          0          0 
       7.8       16.1         10         23       20.3       13.5        2.3         19       10.5       12.1        8.1         27        5.2       14.1       14.9       22.7       12.1       16.7        7.9       24.1       15.7       15.6          0       21.6       13.2       11.9          4       24.9        6.1       11.5       16.9       26.7       17.1       22.2       18.5        8.3         21        4.9        7.1       15.9       22.4       20.7       19.6        8.5       23.4        6.1       15.7        8.8       11.1        5.3       15.7          0          0          0 
      18.9        8.3       16.4        8.1        8.9        8.2       19.7        2.7       15.6       11.9       17.8        5.8       17.9         14       11.5        1.7       17.3        6.1       17.2        6.7       10.5        6.2       21.6          0       16.8        9.8       18.2        6.7       16.2       16.4        9.2          6        7.6        1.3       17.3       17.4       13.7         17       18.5       18.7       10.6        7.5         15       15.8        2.1       21.3        7.6       14.9       17.5       22.2       19.6          0          0          0 
      17.6       17.1        3.3       13.4       10.4         13       13.4       15.4        3.2        5.5          5       20.3        8.1        2.9       18.4       18.6         20       15.9        5.3       15.4        6.4       11.3       13.2       16.8          0        9.5        9.5       16.3        8.2        1.7       18.6       19.5        9.3       18.1        5.3         17       24.5       12.5       16.7        3.1       11.5       20.8        6.8       15.7         19       17.8         16        5.6        2.1       17.7        3.4          0          0          0 
      11.4        7.5        7.7       11.7        9.7        3.4       10.3        7.4          7          4        8.4       15.1        8.1        7.6          9       11.2         12        6.6        7.8       12.4        6.2        3.7       11.9        9.8        9.5          0        8.3       13.2        6.3        8.3          9       14.8        5.9       10.7       12.8       10.1         15        7.8       10.6       12.5       12.1       11.5       12.1        8.4       11.8         13        6.4        5.4        9.2       13.6         13          0          0          0 
       8.8       13.8        6.1         19       16.3       10.6        3.9       15.7        6.5        8.1        4.5       23.4        1.4       10.1       13.4       19.5       12.3         14        4.2       20.1       11.6         12          4       18.2        9.5        8.3          0         21          2        7.7       14.9         23       13.1         19       14.7        8.7       19.8        3.8        7.9       12.4       18.3       18.4       15.6          8       20.1        8.4       13.2        4.7        7.5        8.2       12.3          0          0          0 
        24       14.6       17.3        3.2          6       13.2       23.5        8.7       16.4       13.2       19.1        4.8       20.3       13.5       17.7        7.7       23.2       12.2       18.7        0.9       10.2        9.7       24.9        6.7       16.3       13.2         21          0       18.9       16.6       15.7        3.6        7.9        7.6       14.7       22.6       20.4         21       23.4       17.2        6.1       14.2       11.9       20.9        7.4         26       13.6       16.7       17.8       26.7       18.1          0          0          0 
       9.4       12.4        4.9       16.9       14.2        8.9        5.4       13.8        5.1          6        3.9       21.4        1.8        8.4       12.4       17.6       12.3       12.3        3.3         18        9.6         10        6.1       16.2        8.2        6.3          2       18.9          0        6.5       13.6         21         11         17       13.3        8.9       18.8        4.2        8.5       11.3       16.3       16.9       13.9        7.8       18.2        9.6       11.6        2.9        6.5        9.6       11.4          0          0          0 
      15.9       15.9        1.6       13.8       10.8       11.8       11.6       14.7        1.5        4.6        3.5       20.3        6.3        3.2         17       18.1       18.4       14.8        3.6       15.7        6.4       10.5       11.5       16.4        1.7        8.3        7.7       16.6        6.5          0       17.4       19.5        9.1       17.6          7       15.2       23.2       10.7         15        4.8       12.2       19.7        8.1         14       18.6         16       14.8        3.9        1.1         16          5          0          0          0 
      11.5        1.5       16.6       16.2       15.6        5.6       14.6          7         16       13.1       16.9       14.6       15.4       16.5        2.6        9.1        8.7        3.6       16.3       15.4       14.2        8.5       16.9        9.2       18.6          9       14.9       15.7       13.6       17.4          0       15.2       12.3        8.8       21.5       10.1          6         12       11.4       21.5       17.9        3.9       20.1        8.9        9.7       14.3        2.7       14.1       18.2       15.5       22.1          0          0          0 
      24.8       14.3         20        6.8        9.4         14       25.1        8.7       19.2       15.7       21.7        1.3       22.5       16.6       17.5        6.2       23.4       12.2       21.3        4.4       13.1       11.1       26.7          6       19.5       14.8         23        3.6         21       19.5       15.2          0       10.4        6.3       18.2       23.4         19       22.5       24.3       20.5        9.7       12.8       15.5       21.7        5.6       27.1       13.7       19.1       20.7       27.9       21.5          0          0          0 
      17.3       10.7        9.5        5.9        3.8        7.4       15.9        6.7        8.7        5.3       11.3       11.1       12.4        6.4       13.3        9.3       17.6        8.7       10.8          7        2.9        3.8       17.1        7.6        9.3        5.9       13.1        7.9         11        9.1       12.3       10.4          0        8.9        9.9         16       18.1       13.5       16.5       11.1        6.2       12.9          8       14.3        9.7       18.9        9.5        8.8       10.3       19.4         12          0          0          0 
      19.1        8.1       17.6        9.3       10.3        8.7       20.3        3.2       16.8       13.1       18.9        5.8       18.8       15.3       11.2        0.5       17.2        6.2       18.3        7.7       11.8        7.2       22.2        1.3       18.1       10.7         19        7.6         17       17.6        8.8        6.3        8.9          0       18.6       17.6       12.8       17.6       18.8       20.1       11.9        6.6       16.4         16        1.1       21.6        7.6       15.9       18.7       22.6       20.9          0          0          0 
      22.5       19.9        8.6       11.4        8.8       15.9       18.6       16.7        8.2        8.9       10.4       19.3       13.3        5.3       21.8         19       24.4       18.2       10.6       13.7        7.3       13.1       18.5       17.3        5.3       12.8       14.7       14.7       13.3          7       21.5       18.2        9.9       18.6          0       21.7       27.5       17.4       21.6        3.3        8.7       22.8        2.8       20.2       19.3       22.9       18.7       10.5        7.5       22.9        4.2          0          0          0 
       1.4        9.9       13.8       21.7       19.8        9.4          6       14.7       13.8         13       12.8       23.2        9.9       16.4        7.6       18.1        3.7       11.5       12.3         22       16.1       12.9        8.3       17.4         17       10.1        8.7       22.6        8.9       15.2       10.1       23.4         16       17.6       21.7          0       12.9        4.8        1.4       20.1       22.2       14.1       21.6        1.7       18.8        4.2       10.1       11.3       15.4        5.4       20.3          0          0          0 
        14        7.5       22.3       21.4       21.3       11.6       18.6       12.2       21.8         19       22.5       18.2       20.5       22.5        6.4       12.9        9.9        9.4       21.8       20.3       20.2       14.4         21       13.7       24.5         15       19.8       20.4       18.8       23.2          6         19       18.1       12.8       27.5       12.9          0       16.3       14.3       27.5       23.5        6.2       26.1       12.4       13.4       16.9        8.7       19.8         24       18.2         28          0          0          0 
       5.2       11.2        9.2       19.5       17.1        8.8        2.7       14.3        9.3        9.4          8       22.6        5.1       12.3       10.1         18        8.4       11.9        7.5       20.2       12.8       11.3        4.9         17       12.5        7.8        3.8         21        4.2       10.7         12       22.5       13.5       17.6       17.4        4.8       16.3          0        4.2       15.6       19.4       15.8       17.8        4.2       18.7        5.6       10.8        6.9       10.7        5.9       15.6          0          0          0 
       0.9       11.1       13.4       22.4       20.3       10.3        4.8       15.7       13.5       13.2       12.3       24.3        9.3       16.3          9       19.2        4.9       12.6       11.8       22.8       16.4       13.7        7.1       18.5       16.7       10.6        7.9       23.4        8.5         15       11.4       24.3       16.5       18.8       21.6        1.4       14.3        4.2          0       19.8       22.7       15.4       21.7        2.7       19.9        2.9       11.2       11.1         15          4       19.9          0          0          0 
      20.8         20        6.4         14       11.1       15.8       16.4       17.7        6.3        8.4        7.9       21.6         11          5       21.4       20.5       23.2       18.5        8.2       16.2        8.2       13.7       15.9       18.7        3.1       12.5       12.4       17.2       11.3        4.8       21.5       20.5       11.1       20.1        3.3       20.1       27.5       15.6       19.8          0       11.6       23.4        5.9       18.9       20.9       20.8       18.8        8.8        4.9       20.7        0.9          0          0          0 
      23.5       16.5       13.3        2.9        2.4       13.6       21.5       11.3       12.5       10.2       15.3       10.9       17.3          9       19.3       12.2       23.8       14.2       15.1        5.2        6.7        9.8       22.4       10.6       11.5       12.1       18.3        6.1       16.3       12.2       17.9        9.7        6.2       11.9        8.7       22.2       23.5       19.4       22.7       11.6          0       17.7        5.9       20.5       12.2       24.9       15.3       13.6       13.3       25.3       12.5          0          0          0 
      15.5        4.6       19.2       15.4       15.6        8.2       18.4        6.4       18.5       15.2       19.9         12       18.7       18.3        6.5        6.6       12.4        4.9       19.2       14.2       15.4        9.6       20.7        7.5       20.8       11.5       18.4       14.2       16.9       19.7        3.9       12.8       12.9        6.6       22.8       14.1        6.2       15.8       15.4       23.4       17.7          0         21       12.8        7.2       18.3        5.2       16.9       20.7       19.5         24          0          0          0 
      22.6       18.6        9.6        8.7        6.2       14.8       19.3       14.7          9        8.5       11.6       16.6       14.3        5.5       20.8       16.8         24       16.7       11.7         11          6       11.6       19.6         15        6.8       12.1       15.6       11.9       13.9        8.1       20.1       15.5          8       16.4        2.8       21.6       26.1       17.8       21.7        5.9        5.9         21          0       20.1         17       23.4       17.4         11        8.9       23.5        6.8          0          0          0 
       3.1        8.5       12.6         20       18.1        7.7        6.1         13       12.5       11.5       11.8       21.6        9.1       14.9        6.5       16.5        4.4        9.9       11.2       20.3       14.4       11.2        8.5       15.8       15.7        8.4          8       20.9        7.8         14        8.9       21.7       14.3         16       20.2        1.7       12.4        4.2        2.7       18.9       20.5       12.8       20.1          0       17.2        5.6        8.5         10       14.3        6.6         19          0          0          0 
      20.3        9.2       18.6        9.5       10.8        9.9       21.5        4.4       17.8       14.1       19.9        4.9       19.9       16.1       12.3        0.7       18.3        7.3       19.4        7.7       12.7        8.3       23.4        2.1         19       11.8       20.1        7.4       18.2       18.6        9.7        5.6        9.7        1.1       19.3       18.8       13.4       18.7       19.9       20.9       12.2        7.2         17       17.2          0       22.8        8.7         17       19.7       23.7       21.7          0          0          0 
       2.8       14.1       14.4       24.8       22.6       13.1        4.6       18.5       14.7         15         13       27.1        9.8       17.9       11.8       22.1        7.1       15.5       12.6       25.3       18.4       16.3        6.1       21.3       17.8         13        8.4         26        9.6         16       14.3       27.1       18.9       21.6       22.9        4.2       16.9        5.6        2.9       20.8       24.9       18.3       23.4        5.6       22.8          0       14.1       12.5       15.9        1.2       20.8          0          0          0 
      11.5        1.2       14.1       13.8         13          3       13.5          5       13.5       10.4       14.7       13.3       13.5       13.8          4          8        9.7        1.4         14       13.3       11.4        5.7       15.7        7.6         16        6.4       13.2       13.6       11.6       14.8        2.7       13.7        9.5        7.6       18.7       10.1        8.7       10.8       11.2       18.8       15.3        5.2       17.4        8.5        8.7       14.1          0       11.7       15.7       15.2       19.4          0          0          0 
        12       12.7        2.6       14.4       11.6        8.7        8.3       12.7        2.4        3.5          3       19.6        3.7        5.4       13.4       16.4       14.4         12        2.3       15.8        6.9        8.6        8.8       14.9        5.6        5.4        4.7       16.7        2.9        3.9       14.1       19.1        8.8       15.9       10.5       11.3       19.8        6.9       11.1        8.8       13.6       16.9         11         10         17       12.5       11.7          0        4.3       12.5          9          0          0          0 
        16       16.7        1.7         15         12       12.6       11.4       15.8        2.1        5.6        2.9       21.5          6        4.3       17.6       19.2       18.7       15.8        3.3       16.8        7.5       11.6       11.1       17.5        2.1        9.2        7.5       17.8        6.5        1.1       18.2       20.7       10.3       18.7        7.5       15.4         24       10.7         15        4.9       13.3       20.7        8.9       14.3       19.7       15.9       15.7        4.3          0       15.7        4.9          0          0          0 
       4.1       15.2       14.3       25.4       23.1       13.9        4.3       19.5       14.7       15.3       12.8         28        9.6         18         13         23        8.4       16.5       12.4         26       18.7         17        5.3       22.2       17.7       13.6        8.2       26.7        9.6         16       15.5       27.9       19.4       22.6       22.9        5.4       18.2        5.9          4       20.7       25.3       19.5       23.5        6.6       23.7        1.2       15.2       12.5       15.7          0       20.6          0          0          0 
      20.9       20.5        6.5       14.9       12.1       16.4       16.3       18.4        6.5        8.9        7.7       22.5       10.9        5.7       21.9       21.3       23.5       19.2        8.2       17.1          9       14.4       15.7       19.6        3.4         13       12.3       18.1       11.4          5       22.1       21.5         12       20.9        4.2       20.3         28       15.6       19.9        0.9       12.5         24        6.8         19       21.7       20.8       19.4          9        4.9       20.6          0          0          0          0 
         0          0          0          0          0          0          0          0          0          0          0          0          0          0          0          0          0          0          0          0          0          0          0          0          0          0          0          0          0          0          0          0          0          0          0          0          0          0          0          0          0          0          0          0          0          0          0          0          0          0          0          0          0          0 
         0          0          0          0          0          0          0          0          0          0          0          0          0          0          0          0          0          0          0          0          0          0          0          0          0          0          0          0          0          0          0          0          0          0          0          0          0          0          0          0          0          0          0          0          0          0          0          0          0          0          0          0          0          0 
         0          0          0          0          0          0          0          0          0          0          0          0          0          0          0          0          0          0          0          0          0          0          0          0          0          0          0          0          0          0          0          0          0          0          0          0          0          0          0          0          0          0          0          0          0          0          0          0          0          0          0          0          0          0 
Version identifier: 22.1.1.0 | 2022-11-28 | 9160aff4d
CPXPARAM_Threads                                 1
CPXPARAM_TimeLimit                               7200
Tried aggregator 2 times.
MIP Presolve eliminated 1576 rows and 3874 columns.
MIP Presolve modified 1390 coefficients.
Aggregator did 26 substitutions.
Reduced MIP has 293 rows, 726 columns, and 2295 nonzeros.
Reduced MIP has 714 binaries, 0 generals, 0 SOSs, and 0 indicators.
Presolve time = 0.01 sec. (8.44 ticks)
Found incumbent of value -23.598000 after 0.01 sec. (13.68 ticks)
Probing fixed 28 vars, tightened 0 bounds.
Probing time = 0.00 sec. (4.61 ticks)
Cover probing fixed 0 vars, tightened 12 bounds.
Tried aggregator 2 times.
Detecting symmetries...
MIP Presolve eliminated 14 rows and 55 columns.
MIP Presolve modified 71 coefficients.
Aggregator did 3 substitutions.
Reduced MIP has 276 rows, 668 columns, and 2126 nonzeros.
Reduced MIP has 656 binaries, 0 generals, 0 SOSs, and 0 indicators.
Presolve time = 0.00 sec. (2.79 ticks)
Probing fixed 14 vars, tightened 0 bounds.
Probing time = 0.00 sec. (3.80 ticks)
Clique table members: 1496.
MIP emphasis: balance optimality and feasibility.
MIP search method: dynamic search.
Parallel mode: none, using 1 thread.
Root relaxation solution time = 0.00 sec. (1.74 ticks)

        Nodes                                         Cuts/
   Node  Left     Objective  IInf  Best Integer    Best Bound    ItCnt     Gap

*     0+    0                          -23.5980       66.1520           380.33%
*     0     0      integral     0       12.2820       12.2820      103    0.00%
Elapsed time = 0.03 sec. (28.90 ticks, tree = 0.00 MB, solutions = 2)

Root node processing (before b&c):
  Real time             =    0.03 sec. (29.07 ticks)
Sequential b&c:
  Real time             =    0.00 sec. (0.00 ticks)
                          ------------
Total (root+branch&cut) =    0.03 sec. (29.07 ticks)

Sol status: Optimal
 Total Time: 0.02
 LB: 12.282
 UB: 12.282
Initializing solStats

Obj Val: 12.282

Solve Time: 0.02
b(0): 16.0333333333333
b(1): 14.4833333333333
b(2): 11.9166666666667
b(3): 11.8166666666667
b(4): 16.8666666666667
b(5): 17.2
b(6): 11.5
b(7): 9.55
b(8): 14.1166666666667
b(9): 16.1666666666667
b(10): 16.0833333333333
b(11): 9.73333333333333
b(12): 14.9666666666667
b(13): 9.4
b(14): 13.8833333333333
b(15): 14.9166666666667
b(16): 16.2239837921872
b(17): 14.6723577235772
b(18): 12.2154471782669
b(19): 12.122764255007
b(20): 17.2313008689273
b(21): 17.5426829720405
b(22): 11.8060975883403
b(23): 9.69918702399367
b(24): 14.2780488185604
b(25): 16.3475610232005
b(26): 16.2764228177672
b(27): 9.93373989450727
b(28): 15.0939024604402
b(29): 9.56138215189373
b(30): 14.030081331747
b(31): 15.1512195859608
b(32): 12.8666666666667
b(33): 13.3333333333333
b(34): 14.0666666666667
b(35): 14.6833333333333
b(36): 13.65
b(37): 14.1666666666667
b(38): 15.1833333333333
b(39): 12.9833333333333
b(40): 14
b(41): 14.45
b(42): 15.2333333333333
b(43): 15.8333333333333
b(44): 14.7666666666667
b(45): 15.5
b(46): 16.3333333333333
b(47): 14.1333333333333
b(48): 9
b(49): 9
b(50): 9
b(51): 19
b(52): 19
b(53): 19


Customer profit: 108.284
Parcel profit: 0
Costs: 96.002
Without fixed: 96.002

Solution: 
Vehicle 0: 48 - 13 - 29 - 2 - 18 - 8 - 24 - 10 - 26 - 4 - 20 - 51 - Total time: 8.23130086892725
Vehicle 1: 49 - 7 - 23 - 6 - 22 - 12 - 28 - 0 - 16 - 52 - Total time: 7.22398379218722
Vehicle 2: 50 - 11 - 27 - 3 - 19 - 14 - 30 - 1 - 17 - 15 - 31 - 9 - 25 - 5 - 21 - 53 - Total time: 8.54268297204047

Vehicle 0: d - D - d - P - d - D - d - D - d - P - f
Vehicle 1: d - P - d - P - d - D - d - P - f
Vehicle 2: d - D - d - P - d - D - d - P - d - D - d - D - d - P - f

************************************
Final solution value: 12.282
************************************

Total distance: 208.7

Total passenger distance: 54.8

Total parcel distance: 0

Total combined transportation distance: 0

Total idle distance: 153.9
File exists: 1
partial: 
CSV file 'TreatResults/FullResults/fip1ADcsarpM.csv' generated successfully!
Instance Name: sarp-16-8-C-1

K: 4
Dist Matrix: 
         0        5.2       15.7       14.6       10.7       12.2       13.3        9.5       18.2       20.9         17       19.1        5.9       13.8        6.1          6       11.5       17.5       12.5       20.3       13.4       16.3          5        8.4       16.5        1.6        7.1       20.8       16.8       11.7       10.6        6.1       16.6       12.2       23.7         11       21.5       12.6       14.7       14.7        1.6       13.1        5.6       10.6        6.8       15.2       14.2       21.1       13.9        9.9         21       10.2          0          0          0          0 
       5.2          0       20.2       18.1       15.3       15.7       17.9       14.7       21.8       22.4       19.5       19.6        2.2       18.8        7.8       10.6       16.3       21.4       17.5       24.5       18.7       20.7        8.9         13       21.5        3.8       10.4       25.6         22       10.2       11.6        7.5       21.1       17.2       28.2         10       21.6       11.8       18.2       19.4        3.9       18.2        9.8       15.4        5.6         20       18.6       25.6       16.1       10.7       25.6       15.3          0          0          0          0 
      15.7       20.2          0        5.5        4.9        6.4       15.8        7.6        6.2       15.3       10.2       17.2       21.5        4.7       13.6        9.7       14.3        4.4          4          5        9.4        1.4       11.3       14.9        3.4       17.3       10.3        5.6        6.4       18.8       13.8       14.1          1        4.7          8       17.7       19.8       17.8        5.9          1       16.5       12.3       16.1          5       17.4        1.9          2        5.4       10.4       14.2        5.3       11.2          0          0          0          0 
      14.6       18.1        5.5          0        5.3        2.4       19.1        9.8        3.6       10.1        4.8       11.7       19.8        9.2       10.5          9       17.2        3.4        7.5        7.1       13.5        4.6        9.5       16.8        8.9       16.1        7.7       10.4       11.7       14.3        9.2       10.9        5.4        8.2       11.1       13.2       14.3         13        0.4        5.7       14.8         16       16.9        6.5       14.1        7.1        3.7        8.8          5        9.8        9.2         14          0          0          0          0 
      10.7       15.3        4.9        5.3          0          4       13.8        4.5        8.4         15        9.8       15.6       16.5        5.3        8.9        4.7       11.9        7.1        3.3        9.5        8.7        5.5        6.4       11.5        6.8       12.4        5.6       10.4        8.6       14.8         10        9.3        5.8        3.7       12.9       13.6       18.3       14.1        5.7        4.1       11.5       10.9         12        1.3       12.7          5        3.4       10.3        8.4       10.3       10.3        8.7          0          0          0          0 
      12.2       15.7        6.4        2.4          4          0       17.8        8.4          6         11        5.9       11.6       17.4        8.9        8.2        6.8       15.8        5.7        6.9        9.2       12.7        5.9        7.2         15        9.4       13.7        5.3       11.8       11.9       12.5        7.4        8.6        6.6        7.5       13.1       11.4       14.4       11.4        2.5        6.1       12.4         15       14.9        5.3       11.8        7.5        4.3       10.6        4.5          8       10.9       12.6          0          0          0          0 
      13.3       17.9       15.8       19.1       13.8       17.8          0        9.3       21.6       28.8       23.6       28.8       17.4       11.1       17.6       12.5          2         20         12       20.5        6.7       17.2       14.3        4.9       13.8       14.2       15.9       17.9       11.5       24.3       21.3       17.9       16.8       11.2         22       23.3       31.5       24.6       19.5       14.9       14.9        3.6        8.1       12.6       19.8         14       16.1       20.1       21.8         21       19.5        5.1          0          0          0          0 
       9.5       14.7        7.6        9.8        4.5        8.4        9.3          0       12.6       19.5       14.3       19.7       15.4        4.3       10.5        4.8        7.4       11.1        3.6       12.6        4.9        8.8        7.1        7.3        7.3       11.1        7.7       11.7        7.3       17.1       13.1       10.9        8.6          3       15.2         16       22.5       16.9       10.2        6.6       10.8        6.6        8.6        3.3       13.8        6.4        7.1       12.8       12.6       13.1       12.5        4.2          0          0          0          0 
      18.2       21.8        6.2        3.6        8.4          6       21.6       12.6          0        9.6        5.1       12.4       23.5       10.9       14.1       12.5       19.9        1.8        9.6        4.9       15.5        4.8       13.2       19.9        9.6       19.7       11.4        9.4       12.6       17.2       12.2       14.4        5.5       10.4        8.7       16.1       14.8       15.7        3.5        6.9       18.5       18.3       20.3        9.3       17.5        8.2        5.5        6.8        7.2       12.9        7.5       16.7          0          0          0          0 
      20.9       22.4       15.3       10.1         15         11       28.8       19.5        9.6          0        5.2        4.3       24.5       19.3       14.9         17       26.8       11.3       17.6       14.3       23.6         14       16.3       25.7       18.8         22       14.1         19       21.8       13.8       10.7       15.1       14.9       18.3       17.7       13.3        5.6       11.9        9.7       15.7       20.4         26         25       16.3       16.8       17.1       13.8       16.2        7.2       11.6         17       23.6          0          0          0          0 
        17       19.5       10.2        4.8        9.8        5.9       23.6       14.3        5.1        5.2          0        7.3       21.5       14.1       11.6       12.4       21.7        6.6       12.3         10       18.3          9       12.1       20.9       13.6       18.3         10       14.3       16.5         13        8.4       11.9        9.8         13       13.8       12.1        9.7       11.3        4.4       10.5       16.9       20.8       20.5       11.1       14.5       11.9        8.6         12        3.3        9.3       12.6       18.5          0          0          0          0 
      19.1       19.6       17.2       11.7       15.6       11.6       28.8       19.7       12.4        4.3        7.3          0       21.8       20.6       12.9       16.4       26.7       13.9       18.6       17.3       24.3       16.2       15.1       25.2       20.7       19.9       13.1       21.7       23.4       10.1        8.4       12.9         17       19.2         21        9.9        2.7        8.2       11.3       17.4       18.3       26.4       23.8       16.9         14       18.8       15.4       19.3        7.1        9.2       19.9       23.7          0          0          0          0 
       5.9        2.2       21.5       19.8       16.5       17.4       17.4       15.4       23.5       24.5       21.5       21.8          0       19.7        9.8       11.8         16         23       18.4         26         19         22       10.4       12.6       22.5        4.2       12.1       26.7       22.7       12.5       13.7        9.6       22.4       18.1       29.5       12.2       23.8         14       19.9       20.6          5       18.1        9.3       16.5        7.8       21.1         20       26.9       18.2       12.9       26.9       15.4          0          0          0          0 
      13.8       18.8        4.7        9.2        5.3        8.9       11.1        4.3       10.9       19.3       14.1       20.6       19.7          0       13.8        8.4        9.7        9.1          2        9.4        4.6        6.2       10.6       10.8        3.1       15.4       10.6        7.6        3.3         20       15.4       14.2        5.7        1.7       11.4       18.8       23.3       19.4        9.6        3.9       14.9        7.6       12.7        4.2       17.3        2.9        5.5        9.1       13.4       15.6        8.7        6.8          0          0          0          0 
       6.1        7.8       13.6       10.5        8.9        8.2       17.6       10.5       14.1       14.9       11.6       12.9        9.8       13.8          0        5.7       15.6       13.9       11.9       17.3       15.4       13.7        3.4       13.2       15.8          7        3.3       19.2       17.1        6.7        4.4        0.4       14.3         12       21.2        5.6       15.3        6.9       10.5         13        5.4       16.3       11.2        9.6        3.7         14       11.7       18.6        8.3        3.8       18.8       13.2          0          0          0          0 
         6       10.6        9.7          9        4.7        6.8       12.5        4.8       12.5         17       12.4       16.4       11.8        8.4        5.7          0       10.5       11.6        6.8       14.3        9.7       10.3        2.3        8.8       10.9        7.6        3.3       14.9       11.7       12.4        8.8          6       10.6        6.7       17.7       11.3         19       12.3        9.2        8.8        6.8       10.7        8.1        4.7          9        9.4        8.2       15.1        9.8        8.6       15.1        7.7          0          0          0          0 
      11.5       16.3       14.3       17.2       11.9       15.8          2        7.4       19.9       26.8       21.7       26.7         16        9.7       15.6       10.5          0       18.3       10.4       19.1        5.6       15.7       12.3        3.3       12.5       12.5       13.8       16.8       10.6       22.3       19.3       15.9       15.3        9.6       20.9       21.3       29.5       22.6       17.6       13.3       13.1        2.9        6.6       10.7       17.9       12.6       14.3       18.8       19.8         19       18.3        3.2          0          0          0          0 
      17.5       21.4        4.4        3.4        7.1        5.7         20       11.1        1.8       11.3        6.6       13.9         23        9.1       13.9       11.6       18.3          0        7.9        3.7       13.7        2.9       12.6       18.5        7.7       19.1       10.9        7.7       10.8       17.7       12.6       14.3        3.6        8.7        7.7       16.6       16.3       16.4        3.6        5.1       17.9       16.6       19.1          8       17.5        6.3        3.9        5.5          8       13.3        6.1       15.1          0          0          0          0 
      12.5       17.5          4        7.5        3.3        6.9         12        3.6        9.6       17.6       12.3       18.6       18.4          2       11.9        6.8       10.4        7.9          0          9          6        5.3        8.9       10.9          4       14.2        8.7        8.3        5.3         18       13.4       12.3          5        0.8       11.6       16.8       21.4       17.4        7.9          3       13.6        8.7       12.3        2.3       15.6        2.7          4        9.2       11.4       13.6        8.9        7.2          0          0          0          0 
      20.3       24.5          5        7.1        9.5        9.2       20.5       12.6        4.9       14.3         10       17.3         26        9.4       17.3       14.3       19.1        3.7          9          0       13.9          4       15.6       19.9        6.9       21.9       14.2        4.8        9.8       21.5       16.3       17.7        3.9        9.7          4       20.4       19.6       20.1        7.3          6       20.9         17       21.1        9.9         21        6.5          6        1.9       11.8         17        2.6       16.1          0          0          0          0 
      13.4       18.7        9.4       13.5        8.7       12.7        6.7        4.9       15.5       23.6       18.3       24.3         19        4.6       15.4        9.7        5.6       13.7          6       13.9          0       10.8         12        7.7        7.1       14.9       12.7       11.2          5       22.1       18.1       15.8       10.3        5.2       15.3       20.9       27.1       21.9       13.9        8.5       14.9          3       10.5        7.4       18.6        7.5         10       13.4       17.1         18       12.8        3.7          0          0          0          0 
      16.3       20.7        1.4        4.6        5.5        5.9       17.2        8.8        4.8         14          9       16.2         22        6.2       13.7       10.3       15.7        2.9        5.3          4       10.8          0       11.7       16.1        4.7         18       10.5        5.9        7.8       18.5       13.4       14.1        0.8        6.1        7.5       17.3       18.7       17.4        4.9        2.3         17       13.8       17.2        5.9       17.5        3.4          2        4.9        9.6       13.9          5       12.5          0          0          0          0 
         5        8.9       11.3        9.5        6.4        7.2       14.3        7.1       13.2       16.3       12.1       15.1       10.4       10.6        3.4        2.3       12.3       12.6        8.9       15.6         12       11.7          0       10.2       12.9        6.5        2.1       16.8         14       10.1          7        3.8       12.1        8.9       19.2        9.1       17.7       10.2        9.7       10.5        5.3       12.8        8.8        6.7        6.7       11.3        9.6       16.6        9.1        6.7       16.7        9.8          0          0          0          0 
       8.4         13       14.9       16.8       11.5         15        4.9        7.3       19.9       25.7       20.9       25.2       12.6       10.8       13.2        8.8        3.3       18.5       10.9       19.9        7.7       16.1       10.2          0       13.9        9.3         12       18.4       12.6       19.7       17.3       13.4         16       10.1       22.2       18.8       27.8       20.2       17.2       13.9         10        5.8        3.3       10.5       15.1       13.5       14.5       19.9       18.6       16.8       19.5        4.1          0          0          0          0 
      16.5       21.5        3.4        8.9        6.8        9.4       13.8        7.3        9.6       18.8       13.6       20.7       22.5        3.1       15.8       10.9       12.5        7.7          4        6.9        7.1        4.7       12.9       13.9          0       18.2       12.5        4.5          3       21.5       16.6       16.2          4        4.3        8.3       20.3       23.3       20.7        9.4        3.3       17.6       10.2       15.8        6.2       19.5        1.9        5.2        6.3       13.7         17        5.7        9.8          0          0          0          0 
       1.6        3.8       17.3       16.1       12.4       13.7       14.2       11.1       19.7         22       18.3       19.9        4.2       15.4          7        7.6       12.5       19.1       14.2       21.9       14.9         18        6.5        9.3       18.2          0        8.5       22.5       18.4       11.8       11.4        6.9       18.2       13.9       25.4       11.2       22.2       12.9       16.3       16.4        1.5       14.4        6.2       12.3        6.8       16.9       15.9       22.8       15.1       10.7       22.7       11.5          0          0          0          0 
       7.1       10.4       10.3        7.7        5.6        5.3       15.9        7.7       11.4       14.1         10       13.1       12.1       10.6        3.3        3.3       13.8       10.9        8.7       14.2       12.7       10.5        2.1         12       12.5        8.5          0       15.9       13.9        9.4        5.4        3.7         11        8.8         18        8.2       15.8        9.1        7.8        9.7        7.1         14       10.8        6.3          7       10.7        8.4       15.4          7        5.3       15.6       11.1          0          0          0          0 
      20.8       25.6        5.6       10.4       10.4       11.8       17.9       11.7        9.4         19       14.3       21.7       26.7        7.6       19.2       14.9       16.8        7.7        8.3        4.8       11.2        5.9       16.8       18.4        4.5       22.5       15.9          0        6.3       24.4       19.3       19.6        5.1        8.7        4.2       23.2       24.1       23.3       10.7        6.2       21.7       14.2       20.3       10.2         23        5.5        7.6        3.1       15.4       19.8        2.3       14.2          0          0          0          0 
      16.8         22        6.4       11.7        8.6       11.9       11.5        7.3       12.6       21.8       16.5       23.4       22.7        3.3       17.1       11.7       10.6       10.8        5.3        9.8          5        7.8         14       12.6          3       18.4       13.9        6.3          0       23.3       18.7       17.5        7.1        5.1       10.6       22.1       26.1       22.7       12.2          6       18.1        7.9         15        7.6       20.7        4.6        7.9        8.9       16.3       18.9        8.2        8.4          0          0          0          0 
      11.7       10.2       18.8       14.3       14.8       12.5       24.3       17.1       17.2       13.8         13       10.1       12.5         20        6.7       12.4       22.3       17.7         18       21.5       22.1       18.5       10.1       19.7       21.5       11.8        9.4       24.4       23.3          0        5.1        6.4       19.2       18.2       25.5        1.1       11.6        1.9       14.1       18.4       10.4         23       17.3       15.7          5       19.6       16.8       23.1        9.9        4.5       23.5       19.9          0          0          0          0 
      10.6       11.6       13.8        9.2         10        7.4       21.3       13.1       12.2       10.7        8.4        8.4       13.7       15.4        4.4        8.8       19.3       12.6       13.4       16.3       18.1       13.4          7       17.3       16.6       11.4        5.4       19.3       18.7        5.1          0        4.5       14.1       13.7       20.3          4       10.8          4          9       13.4        9.9       19.5       15.6       11.1        6.2       14.7       11.7         18        5.1        0.9       18.3       16.5          0          0          0          0 
       6.1        7.5       14.1       10.9        9.3        8.6       17.9       10.9       14.4       15.1       11.9       12.9        9.6       14.2        0.4          6       15.9       14.3       12.3       17.7       15.8       14.1        3.8       13.4       16.2        6.9        3.7       19.6       17.5        6.4        4.5          0       14.7       12.4       21.6        5.4       15.3        6.7       10.9       13.4        5.3       16.6       11.4         10        3.3       14.4       12.1         19        8.5        3.7       19.2       13.5          0          0          0          0 
      16.6       21.1          1        5.4        5.8        6.6       16.8        8.6        5.5       14.9        9.8         17       22.4        5.7       14.3       10.6       15.3        3.6          5        3.9       10.3        0.8       12.1         16          4       18.2         11        5.1        7.1       19.2       14.1       14.7          0        5.8        7.1         18       19.6       18.1        5.8          2       17.3       13.3       17.2          6         18        2.8        2.5        4.5       10.4       14.6        4.5       12.2          0          0          0          0 
      12.2       17.2        4.7        8.2        3.7        7.5       11.2          3       10.4       18.3         13       19.2       18.1        1.7         12        6.7        9.6        8.7        0.8        9.7        5.2        6.1        8.9       10.1        4.3       13.9        8.8        8.7        5.1       18.2       13.7       12.4        5.8          0       12.2         17         22       17.7        8.6        3.7       13.3        7.9       11.6        2.5       15.6        3.3        4.8        9.8         12       13.8        9.5        6.4          0          0          0          0 
      23.7       28.2          8       11.1       12.9       13.1         22       15.2        8.7       17.7       13.8         21       29.5       11.4       21.2       17.7       20.9        7.7       11.6          4       15.3        7.5       19.2       22.2        8.3       25.4         18        4.2       10.6       25.5       20.3       21.6        7.1       12.2          0       24.4       23.2       24.1       11.3        8.9       24.4       18.4       23.9       13.1       24.9        8.8        9.6        2.5       15.8         21        2.7       18.2          0          0          0          0 
        11         10       17.7       13.2       13.6       11.4       23.3         16       16.1       13.3       12.1        9.9       12.2       18.8        5.6       11.3       21.3       16.6       16.8       20.4       20.9       17.3        9.1       18.8       20.3       11.2        8.2       23.2       22.1        1.1          4        5.4         18         17       24.4          0       11.6        1.8         13       17.2        9.7       21.9       16.5       14.5        4.5       18.4       15.6         22          9        3.4       22.3       18.9          0          0          0          0 
      21.5       21.6       19.8       14.3       18.3       14.4       31.5       22.5       14.8        5.6        9.7        2.7       23.8       23.3       15.3         19       29.5       16.3       21.4       19.6       27.1       18.7       17.7       27.8       23.3       22.2       15.8       24.1       26.1       11.6       10.8       15.3       19.6         22       23.2       11.6          0        9.8       13.9         20       20.6       29.1       26.4       19.6         16       21.5       18.1       21.6        9.9       11.5       22.3       26.4          0          0          0          0 
      12.6       11.8       17.8         13       14.1       11.4       24.6       16.9       15.7       11.9       11.3        8.2         14       19.4        6.9       12.3       22.6       16.4       17.4       20.1       21.9       17.4       10.2       20.2       20.7       12.9        9.1       23.3       22.7        1.9          4        6.7       18.1       17.7       24.1        1.8        9.8          0       12.8       17.5       11.4       23.1       18.1       15.1        6.3       18.8       15.8       21.8        8.4        3.8       22.2       20.1          0          0          0          0 
      14.7       18.2        5.9        0.4        5.7        2.5       19.5       10.2        3.5        9.7        4.4       11.3       19.9        9.6       10.5        9.2       17.6        3.6        7.9        7.3       13.9        4.9        9.7       17.2        9.4       16.3        7.8       10.7       12.2       14.1          9       10.9        5.8        8.6       11.3         13       13.9       12.8          0        6.1         15       16.5       17.2        6.9         14        7.6        4.2          9        4.7        9.7        9.4       14.4          0          0          0          0 
      14.7       19.4          1        5.7        4.1        6.1       14.9        6.6        6.9       15.7       10.5       17.4       20.6        3.9         13        8.8       13.3        5.1          3          6        8.5        2.3       10.5       13.9        3.3       16.4        9.7        6.2          6       18.4       13.4       13.4          2        3.7        8.9       17.2         20       17.5        6.1          0       15.6       11.5       15.1        4.1       16.7        1.4        1.9        6.4       10.4       13.8        6.3       10.2          0          0          0          0 
       1.6        3.9       16.5       14.8       11.5       12.4       14.9       10.8       18.5       20.4       16.9       18.3          5       14.9        5.4        6.8       13.1       17.9       13.6       20.9       14.9         17        5.3         10       17.6        1.5        7.1       21.7       18.1       10.4        9.9        5.3       17.3       13.3       24.4        9.7       20.6       11.4         15       15.6          0       14.7        7.1       11.5        5.4       16.2       14.9       21.9       13.6        9.1       21.9       11.7          0          0          0          0 
      13.1       18.2       12.3         16       10.9         15        3.6        6.6       18.3         26       20.8       26.4       18.1        7.6       16.3       10.7        2.9       16.6        8.7         17          3       13.8       12.8        5.8       10.2       14.4         14       14.2        7.9         23       19.5       16.6       13.3        7.9       18.4       21.9       29.1       23.1       16.5       11.5       14.7          0          9        9.6         19       10.5       12.8       16.5       19.3       19.3       15.9          3          0          0          0          0 
       5.6        9.8       16.1       16.9         12       14.9        8.1        8.6       20.3         25       20.5       23.8        9.3       12.7       11.2        8.1        6.6       19.1       12.3       21.1       10.5       17.2        8.8        3.3       15.8        6.2       10.8       20.3         15       17.3       15.6       11.4       17.2       11.6       23.9       16.5       26.4       18.1       17.2       15.1        7.1          9          0       11.2       12.5         15       15.3       21.5       17.8         15       21.2        6.8          0          0          0          0 
      10.6       15.4          5        6.5        1.3        5.3       12.6        3.3        9.3       16.3       11.1       16.9       16.5        4.2        9.6        4.7       10.7          8        2.3        9.9        7.4        5.9        6.7       10.5        6.2       12.3        6.3       10.2        7.6       15.7       11.1         10          6        2.5       13.1       14.5       19.6       15.1        6.9        4.1       11.5        9.6       11.2          0       13.2        4.6          4       10.5        9.7       11.3       10.4        7.5          0          0          0          0 
       6.8        5.6       17.4       14.1       12.7       11.8       19.8       13.8       17.5       16.8       14.5         14        7.8       17.3        3.7          9       17.9       17.5       15.6         21       18.6       17.5        6.7       15.1       19.5        6.8          7         23       20.7          5        6.2        3.3         18       15.6       24.9        4.5         16        6.3         14       16.7        5.4         19       12.5       13.2          0       17.7       15.5       22.4       11.1        5.2       22.6       15.9          0          0          0          0 
      15.2         20        1.9        7.1          5        7.5         14        6.4        8.2       17.1       11.9       18.8       21.1        2.9         14        9.4       12.6        6.3        2.7        6.5        7.5        3.4       11.3       13.5        1.9       16.9       10.7        5.5        4.6       19.6       14.7       14.4        2.8        3.3        8.8       18.4       21.5       18.8        7.6        1.4       16.2       10.5         15        4.6       17.7          0        3.4        6.4       11.9       15.1        6.1        9.6          0          0          0          0 
      14.2       18.6          2        3.7        3.4        4.3       16.1        7.1        5.5       13.8        8.6       15.4         20        5.5       11.7        8.2       14.3        3.9          4          6         10          2        9.6       14.5        5.2       15.9        8.4        7.6        7.9       16.8       11.7       12.1        2.5        4.8        9.6       15.6       18.1       15.8        4.2        1.9       14.9       12.8       15.3          4       15.5        3.4          0          7        8.5       12.2        7.1       11.1          0          0          0          0 
      21.1       25.6        5.4        8.8       10.3       10.6       20.1       12.8        6.8       16.2         12       19.3       26.9        9.1       18.6       15.1       18.8        5.5        9.2        1.9       13.4        4.9       16.6       19.9        6.3       22.8       15.4        3.1        8.9       23.1         18         19        4.5        9.8        2.5         22       21.6       21.8          9        6.4       21.9       16.5       21.5       10.5       22.4        6.4          7          0       13.6       18.6        0.8         16          0          0          0          0 
      13.9       16.1       10.4          5        8.4        4.5       21.8       12.6        7.2        7.2        3.3        7.1       18.2       13.4        8.3        9.8       19.8          8       11.4       11.8       17.1        9.6        9.1       18.6       13.7       15.1          7       15.4       16.3        9.9        5.1        8.5       10.4         12       15.8          9        9.9        8.4        4.7       10.4       13.6       19.3       17.8        9.7       11.1       11.9        8.5       13.6          0          6       14.1       16.7          0          0          0          0 
       9.9       10.7       14.2        9.8       10.3          8         21       13.1       12.9       11.6        9.3        9.2       12.9       15.6        3.8        8.6         19       13.3       13.6         17         18       13.9        6.7       16.8         17       10.7        5.3       19.8       18.9        4.5        0.9        3.7       14.6       13.8         21        3.4       11.5        3.8        9.7       13.8        9.1       19.3         15       11.3        5.2       15.1       12.2       18.6          6          0       18.9       16.3          0          0          0          0 
        21       25.6        5.3        9.2       10.3       10.9       19.5       12.5        7.5         17       12.6       19.9       26.9        8.7       18.8       15.1       18.3        6.1        8.9        2.6       12.8          5       16.7       19.5        5.7       22.7       15.6        2.3        8.2       23.5       18.3       19.2        4.5        9.5        2.7       22.3       22.3       22.2        9.4        6.3       21.9       15.9       21.2       10.4       22.6        6.1        7.1        0.8       14.1       18.9          0       15.5          0          0          0          0 
      10.2       15.3       11.2         14        8.7       12.6        5.1        4.2       16.7       23.6       18.5       23.7       15.4        6.8       13.2        7.7        3.2       15.1        7.2       16.1        3.7       12.5        9.8        4.1        9.8       11.5       11.1       14.2        8.4       19.9       16.5       13.5       12.2        6.4       18.2       18.9       26.4       20.1       14.4       10.2       11.7          3        6.8        7.5       15.9        9.6       11.1         16       16.7       16.3       15.5          0          0          0          0          0 
         0          0          0          0          0          0          0          0          0          0          0          0          0          0          0          0          0          0          0          0          0          0          0          0          0          0          0          0          0          0          0          0          0          0          0          0          0          0          0          0          0          0          0          0          0          0          0          0          0          0          0          0          0          0          0          0 
         0          0          0          0          0          0          0          0          0          0          0          0          0          0          0          0          0          0          0          0          0          0          0          0          0          0          0          0          0          0          0          0          0          0          0          0          0          0          0          0          0          0          0          0          0          0          0          0          0          0          0          0          0          0          0          0 
         0          0          0          0          0          0          0          0          0          0          0          0          0          0          0          0          0          0          0          0          0          0          0          0          0          0          0          0          0          0          0          0          0          0          0          0          0          0          0          0          0          0          0          0          0          0          0          0          0          0          0          0          0          0          0          0 
         0          0          0          0          0          0          0          0          0          0          0          0          0          0          0          0          0          0          0          0          0          0          0          0          0          0          0          0          0          0          0          0          0          0          0          0          0          0          0          0          0          0          0          0          0          0          0          0          0          0          0          0          0          0          0          0 
Version identifier: 22.1.1.0 | 2022-11-28 | 9160aff4d
CPXPARAM_Threads                                 1
CPXPARAM_TimeLimit                               7200
Tried aggregator 2 times.
MIP Presolve eliminated 1646 rows and 5186 columns.
MIP Presolve modified 1646 coefficients.
Aggregator did 34 substitutions.
Reduced MIP has 308 rows, 960 columns, and 2988 nonzeros.
Reduced MIP has 948 binaries, 0 generals, 0 SOSs, and 0 indicators.
Presolve time = 0.01 sec. (11.60 ticks)
Found incumbent of value 79.400000 after 0.02 sec. (18.54 ticks)
Probing time = 0.00 sec. (2.93 ticks)
Tried aggregator 2 times.
Detecting symmetries...
MIP Presolve eliminated 12 rows and 39 columns.
MIP Presolve modified 90 coefficients.
Aggregator did 3 substitutions.
Reduced MIP has 293 rows, 918 columns, and 2842 nonzeros.
Reduced MIP has 906 binaries, 0 generals, 0 SOSs, and 0 indicators.
Presolve time = 0.00 sec. (3.18 ticks)
Probing time = 0.00 sec. (2.86 ticks)
Clique table members: 2033.
MIP emphasis: balance optimality and feasibility.
MIP search method: dynamic search.
Parallel mode: none, using 1 thread.
Root relaxation solution time = 0.00 sec. (2.81 ticks)

        Nodes                                         Cuts/
   Node  Left     Objective  IInf  Best Integer    Best Bound    ItCnt     Gap

*     0+    0                           79.4000      168.9360           112.77%
*     0     0      integral     0      111.6920      111.6920      200    0.00%
Elapsed time = 0.03 sec. (33.28 ticks, tree = 0.00 MB, solutions = 2)

Root node processing (before b&c):
  Real time             =    0.03 sec. (33.51 ticks)
Sequential b&c:
  Real time             =    0.00 sec. (0.00 ticks)
                          ------------
Total (root+branch&cut) =    0.03 sec. (33.51 ticks)

Sol status: Optimal
 Total Time: 0.03
 LB: 111.692
 UB: 111.692
Initializing solStats

Obj Val: 111.692

Solve Time: 0.03
b(0): 9.93333333333333
b(1): 10.9333333333333
b(2): 13.2833333333333
b(3): 9.45
b(4): 10.5
b(5): 9.61666666666667
b(6): 15.95
b(7): 14.8666666666667
b(8): 13.4
b(9): 14.7666666666667
b(10): 15.1166666666667
b(11): 12.2166666666667
b(12): 15.8833333333333
b(13): 11.0833333333333
b(14): 15.6833333333333
b(15): 11.9333333333333
b(16): 10.3540652458855
b(17): 11.7162605445173
b(18): 13.6308943565338
b(19): 9.70975622427133
b(20): 10.8182928381916
b(21): 10.0105691758874
b(22): 16.6398376535793
b(23): 15.133739967678
b(24): 13.7512196835218
b(25): 15.5715451080708
b(26): 15.4825205036685
b(27): 13.0105694929607
b(28): 16.8804882099942
b(29): 11.8150410073371
b(30): 16.0406504588539
b(31): 12.3296748681341
b(32): 11.2
b(33): 13.7
b(34): 10
b(35): 14.0833333333333
b(36): 11.9166666666667
b(37): 9.4
b(38): 12.8666666666667
b(39): 14.2
b(40): 12.3833333333333
b(41): 14.9
b(42): 11.1333333333333
b(43): 15.3
b(44): 13.05
b(45): 10.7666666666667
b(46): 14.0333333333333
b(47): 15.4166666666667
b(48): 9
b(49): 9
b(50): 9
b(51): 9
b(52): 19
b(53): 19
b(54): 19
b(55): 19


Customer profit: 254.338
Parcel profit: 0
Costs: 142.646
Without fixed: 142.646

Solution: 
Vehicle 0: 48 - 5 - 21 - 4 - 20 - 13 - 29 - 11 - 27 - 2 - 18 - 7 - 23 - 6 - 22 - 52 - Total time: 7.63983765357934
Vehicle 1: 49 - 1 - 17 - 10 - 26 - 14 - 30 - 53 - Total time: 7.04065045885388
Vehicle 2: 50 - 3 - 19 - 8 - 24 - 54 - Total time: 4.7512196835218
Vehicle 3: 51 - 0 - 16 - 15 - 31 - 9 - 25 - 12 - 28 - 55 - Total time: 7.88048820999425

Vehicle 0: d - P - d - P - d - D - d - D - d - P - d - P - d - P - f
Vehicle 1: d - P - d - D - d - D - f
Vehicle 2: d - P - d - D - f
Vehicle 3: d - P - d - D - d - D - d - D - f

************************************
Final solution value: 111.692
************************************

Total distance: 310.1

Total passenger distance: 196.6

Total parcel distance: 0

Total combined transportation distance: 0

Total idle distance: 113.5
File exists: 1
partial: 
CSV file 'TreatResults/FullResults/fip1ADcsarpM.csv' generated successfully!
Instance Name: sarp-16-8-C-2

K: 3
Dist Matrix: 
         0       13.1        7.2       12.3         10        3.2        8.8        9.8       12.3        5.4       12.1        2.4        7.6       15.3       12.3        9.4       15.3        5.5        7.6        8.2       14.1        2.5       11.9       13.3         16       12.3       12.8       14.1       10.6       13.2        8.7        3.1       11.5        7.1        7.4       19.5       13.6          5       11.4        3.6        9.9        8.3          7        8.7        5.3       16.5        5.7        4.5        6.6        5.5        6.7          0          0          0 
      13.1          0       18.4        4.3       18.6       15.8       16.3         22        0.8       15.8        2.8       14.9       18.3        2.5       22.2       16.6       10.3        8.7       19.2       16.4       14.8       12.8       24.7         20       27.4         14        8.1       13.6       22.8       21.4       12.6       12.9       21.8        9.5       16.8       17.1       25.8       15.5       20.3       15.7        7.4       11.2       18.7        9.7       13.1       18.2       11.5       16.7         14       14.5       11.8          0          0          0 
       7.2       18.4          0       16.2       15.4        7.9       14.9        3.8       17.9        2.5       16.5        7.9       12.2       20.2        5.2       15.6       22.5       12.4        0.9        4.1       21.2        9.5       11.9         19       17.7       19.4       14.8       21.3       12.1       18.2        8.2         10       15.3       14.3        2.6       26.7       14.5        2.8        4.9        8.7       12.6        8.9       10.5       10.3        5.5       23.3       12.9        8.9        5.2       11.9       13.8          0          0          0 
      12.3        4.3       16.2          0       19.9       15.5       17.8       19.9        4.6       13.6        1.4       14.6       18.9        4.6       19.2       18.2       14.3        9.6       17.1       13.4       17.9       12.9       24.3         22       27.9       16.9        3.8       16.9       22.9         23        9.1       13.2       22.7       11.2       14.2       20.9       25.9       13.4       17.1       15.6        3.8        7.8       18.9        6.3       10.6       21.4       12.8       16.6       11.2       15.3       13.4          0          0          0 
        10       18.6       15.4       19.9          0        7.6        2.3         16       17.7       14.8         19        7.9        3.2       21.1       20.4        2.2       14.2       10.3       15.3       17.8        9.2        7.8       10.1        3.6        9.5        7.8       21.6       10.2        7.4        3.2       18.7        7.3        3.7        9.1       16.7       14.6        9.4       14.4       20.3        6.8       18.8       18.2        5.2       18.3       15.4        9.5        7.2        6.4       16.6        4.8        6.7          0          0          0 
       3.2       15.8        7.9       15.5        7.6          0          7        9.3         15        7.1       15.1        0.9        4.7       18.2       13.1        7.7       16.2        7.4          8       10.2       13.7        3.1        8.8       11.1       12.7       11.9       16.1         14        7.3       10.6       11.7        3.2        8.4        8.2        9.1       19.4       10.4        6.8       12.7        0.8       13.2       11.4        3.7         12        8.1       15.6        6.1        1.3        9.2        4.2        6.8          0          0          0 
       8.8       16.3       14.9       17.8        2.3          7          0         16       15.4       13.9       16.9        7.1        3.9       18.8       20.1        0.6       12.2        8.2         15       16.9        7.6        6.3       11.5        4.6       11.7        6.1       19.7        8.4        8.9        5.1       17.3        5.8        5.9        6.8       15.9       13.3       11.3       13.5       19.7        6.2       16.9       16.6        5.8       16.6       14.1        8.7          5        6.2       15.4        3.2        4.4          0          0          0 
       9.8         22        3.8       19.9         16        9.3         16          0       21.4        6.3       20.2        9.6       12.7       23.9        5.3       16.7       25.1       15.3        2.8        7.6         23       11.8        9.9       19.6       16.1       21.2       18.6       23.3         11       18.3       11.9       12.2         15       16.9        6.3       28.7       12.7        6.5        6.6         10       16.4       12.7       10.7       14.1        9.3       24.8       15.1        9.8          9       13.5       15.9          0          0          0 
      12.3        0.8       17.9        4.6       17.7         15       15.4       21.4          0       15.3        3.1       14.1       17.4        3.3       21.8       15.7        9.8        7.8       18.7         16         14         12       23.9       19.2       26.5       13.2        8.3       12.9         22       20.5       12.3       12.1       20.9        8.6       16.4       16.5         25         15       19.9       14.9        7.3       10.9       17.9        9.5       12.6       17.5       10.6       15.9       13.6       13.6         11          0          0          0 
       5.4       15.8        2.5       13.6       14.8        7.1       13.9        6.3       15.3          0       13.9        6.8       11.8       17.6          7       14.6       20.3       10.3        3.4        3.1       19.6          8       13.1       18.3       18.5       17.8       12.4       19.5       12.8       17.8          6        8.5       15.3       12.3          2       24.9       15.5        0.4        5.9        7.9       10.1        6.6       10.4        7.9          3         22       11.2        8.4        2.9       10.7       12.1          0          0          0 
      12.1        2.8       16.5        1.4         19       15.1       16.9       20.2        3.1       13.9          0       14.2       18.2        3.7       19.9       17.3       12.8        8.7       17.4         14       16.6       12.4         24         21       27.3       15.6        5.2       15.5       22.4         22         10       12.6         22       10.2       14.7       19.5       25.4       13.7       17.9       15.2        4.7        8.6       18.4        7.1         11         20       11.8       16.2       11.8       14.6       12.4          0          0          0 
       2.4       14.9        7.9       14.6        7.9        0.9        7.1        9.6       14.1        6.8       14.2          0        5.3       17.2       13.1        7.8       15.6        6.5        8.1        9.8       13.4        2.3        9.8       11.4       13.6       11.6       15.2       13.6        8.3       11.1         11        2.6        9.1        7.5        8.8         19       11.3        6.4       12.6        1.2       12.3       10.7        4.5       11.2        7.5       15.4        5.5        2.1        8.6          4        6.3          0          0          0 
       7.6       18.3       12.2       18.9        3.2        4.7        3.9       12.7       17.4       11.8       18.2        5.3          0       20.8       17.2        4.4       15.8        9.6       12.1         15       11.6          6        7.6        6.8        9.1         10       20.1       12.4        5.1        5.9       16.4        5.6        3.8        9.1       13.8       17.3        7.8       11.5       17.2          4       17.2         16        1.9       16.4       12.9       12.5        6.9        3.4       13.9        3.8        6.9          0          0          0 
      15.3        2.5       20.2        4.6       21.1       18.2       18.8       23.9        3.3       17.6        3.7       17.2       20.8          0       23.7       19.1         12       11.1       21.1       17.8         17       15.2         27       22.5       29.9       16.3        8.1       15.7       25.3       23.8       13.7       15.4       24.3         12       18.4       18.8       28.3       17.3       21.6       18.1        8.3       12.3       21.2       10.8       14.7       20.4         14       19.1       15.5         17       14.3          0          0          0 
      12.3       22.2        5.2       19.2       20.4       13.1       20.1        5.3       21.8          7       19.9       13.1       17.2       23.7          0       20.8       27.4       17.3        5.1        5.8       26.4       14.7       15.3       24.1       21.5       24.6         17       26.4       16.3       23.1       10.2       15.3         20       19.4        5.4       31.9       18.1        7.4        2.3       13.9       15.5       11.4       15.4       12.9        9.2       28.6       18.1         14        8.1       17.1         19          0          0          0 
       9.4       16.6       15.6       18.2        2.2        7.7        0.6       16.7       15.7       14.6       17.3        7.8        4.4       19.1       20.8          0         12        8.6       15.7       17.6        7.2          7       11.9          4       11.7        5.7       20.2        8.1        9.3        4.7       17.9        6.4        5.9        7.1       16.6       12.8       11.5       14.2       20.4        6.9       17.4       17.2        6.3       17.2       14.8        8.1        5.5        6.8       16.1        3.9        4.8          0          0          0 
      15.3       10.3       22.5       14.3       14.2       16.2       12.2       25.1        9.8       20.3       12.8       15.6       15.8         12       27.4         12          0         10         23       22.2        6.2       13.3       23.5       13.8       23.7        6.6       17.9        4.7         21       15.8       19.9         13       17.9        8.2         22        6.7       23.5       19.9         26       15.7       16.2       18.7       17.3       17.6       18.6        9.1       10.1       16.3       19.9       12.6        9.5          0          0          0 
       5.5        8.7       12.4        9.6       10.3        7.4        8.2       15.3        7.8       10.3        8.7        6.5        9.6       11.1       17.3        8.6         10          0         13       12.3       10.2        4.3       16.1       12.5       18.7        8.6       11.6        9.8       14.1       13.3       10.8        4.3       13.2        2.3         12         15       17.1        9.8         16        7.2        8.9        9.7         10        9.2        8.7       13.3        3.1        8.1       10.1        5.8        3.8          0          0          0 
       7.6       19.2        0.9       17.1       15.3          8         15        2.8       18.7        3.4       17.4        8.1       12.1       21.1        5.1       15.7         23         13          0        4.9       21.5        9.9       11.2       18.9       17.2       19.7       15.8       21.6       11.7         18        9.1       10.4         15       14.8        3.5         27       13.9        3.7        5.2        8.8       13.5        9.8       10.4       11.2        6.4       23.5       13.3        8.9        6.1       12.1       14.2          0          0          0 
       8.2       16.4        4.1       13.4       17.8       10.2       16.9        7.6         16        3.1         14        9.8         15       17.8        5.8       17.6       22.2       12.3        4.9          0       22.1       10.7       15.8       21.3       21.5       20.4       11.4       21.9       15.8       20.9        4.5       11.3       18.4       14.5        1.4       27.3       18.4        3.4        3.9         11        9.6        5.6       13.6        7.1        3.6       24.7       13.7       11.5        2.3       13.6       14.7          0          0          0 
      14.1       14.8       21.2       17.9        9.2       13.7        7.6         23         14       19.6       16.6       13.4       11.6         17       26.4        7.2        6.2       10.2       21.5       22.1          0       11.6       19.2        7.8       18.3        1.8         21        1.4       16.5         10       21.1       11.1       12.7        7.8       21.5        5.7       18.6       19.1       25.6         13       18.7         20       13.4       19.4       18.7        3.4        8.4       13.3       20.1        9.5        7.4          0          0          0 
       2.5       12.8        9.5       12.9        7.8        3.1        6.3       11.8         12          8       12.4        2.3          6       15.2       14.7          7       13.3        4.3        9.9       10.7       11.6          0       11.8       10.9       14.9        9.8       14.1       11.7         10         11       10.9        0.5        9.9        5.2         10       17.1         13        7.5       13.9        2.9       11.2       10.3          6       10.5        7.8         14        3.3        3.8        9.1        3.1        4.2          0          0          0 
      11.9       24.7       11.9       24.3       10.1        8.8       11.5        9.9       23.9       13.1         24        9.8        7.6         27       15.3       11.9       23.5       16.1       11.2       15.8       19.2       11.8          0       12.9        6.2       17.6       24.5         20        2.6       10.9         19       11.8        7.2       16.3       14.4       24.7        2.8       12.9       16.3        8.9       21.7       19.2        6.2       20.1       15.5       19.6         14        7.9         16         11       14.2          0          0          0 
      13.3         20         19         22        3.6       11.1        4.6       19.6       19.2       18.3         21       11.4        6.8       22.5       24.1          4       13.8       12.5       18.9       21.3        7.8       10.9       12.9          0       10.6        7.1       24.2        9.1       10.3        2.2       21.9       10.4        5.7       10.7       20.3       12.5       11.6       17.9       23.9       10.3       21.4       21.2        8.8       21.2       18.7        6.9        9.4         10       19.9        7.8        8.6          0          0          0 
        16       27.4       17.7       27.9        9.5       12.7       11.7       16.1       26.5       18.5       27.3       13.6        9.1       29.9       21.5       11.7       23.7       18.7       17.2       21.5       18.3       14.9        6.2       10.6          0       17.2       28.8       19.5        5.6        8.4       24.1       14.6        5.8       18.1       20.1       23.2        3.4       18.3       22.4       12.3       25.9         24          9       24.7       20.5       17.5       15.9       11.4       21.2       12.8       15.7          0          0          0 
      12.3         14       19.4       16.9        7.8       11.9        6.1       21.2       13.2       17.8       15.6       11.6         10       16.3       24.6        5.7        6.6        8.6       19.7       20.4        1.8        9.8       17.6        7.1       17.2          0       19.7        2.3         15        9.1       19.4        9.3       11.5        6.3       19.7        7.4       17.2       17.4       23.8       11.2       17.3       18.4       11.8       17.9         17        4.6        6.6       11.5       18.4        7.7        5.6          0          0          0 
      12.8        8.1       14.8        3.8       21.6       16.1       19.7       18.6        8.3       12.4        5.2       15.2       20.1        8.1         17       20.2       17.9       11.6       15.8       11.4         21       14.1       24.5       24.2       28.8       19.7          0       20.1       23.4       24.8        6.9       14.5         24       13.7       12.4       24.4       26.4       12.3       14.7       16.4        2.8        5.9       19.7        4.5        9.4       24.4       14.7       17.3        9.6       16.9       15.5          0          0          0 
      14.1       13.6       21.3       16.9       10.2         14        8.4       23.3       12.9       19.5       15.5       13.6       12.4       15.7       26.4        8.1        4.7        9.8       21.6       21.9        1.4       11.7         20        9.1       19.5        2.3       20.1          0       17.4       11.3       20.6       11.2       13.8        7.4       21.4        5.4       19.6       19.1       25.5       13.3       17.9       19.5       14.1       18.8       18.5        4.7        8.3       13.8       19.8        9.9        7.4          0          0          0 
      10.6       22.8       12.1       22.9        7.4        7.3        8.9         11         22       12.8       22.4        8.3        5.1       25.3       16.3        9.3         21       14.1       11.7       15.8       16.5         10        2.6       10.3        5.6         15       23.4       17.4          0        8.4       18.4        9.8        4.6       14.1       14.4         22          3       12.6       16.9        7.2       20.6       18.5          4       19.2       14.9       16.9       11.8        6.2       15.6        8.7       11.9          0          0          0 
      13.2       21.4       18.2         23        3.2       10.6        5.1       18.3       20.5       17.8         22       11.1        5.9       23.8       23.1        4.7       15.8       13.3         18       20.9         10         11       10.9        2.2        8.4        9.1       24.8       11.3        8.4          0       21.9       10.5        3.7       11.9       19.7       14.8        9.4       17.4       23.2        9.9         22       21.4        7.6       21.5       18.6        9.2       10.2        9.4       19.7          8        9.6          0          0          0 
       8.7       12.6        8.2        9.1       18.7       11.7       17.3       11.9       12.3          6         10         11       16.4       13.7       10.2       17.9       19.9       10.8        9.1        4.5       21.1       10.9         19       21.9       24.1       19.4        6.9       20.6       18.4       21.9          0       11.5       20.2       13.2        5.6       25.7       21.3        6.1          8       12.3        5.3        1.3       15.4        2.8        3.5         24       13.1         13          3         14       14.1          0          0          0 
       3.1       12.9         10       13.2        7.3        3.2        5.8       12.2       12.1        8.5       12.6        2.6        5.6       15.4       15.3        6.4         13        4.3       10.4       11.3       11.1        0.5       11.8       10.4       14.6        9.3       14.5       11.2        9.8       10.5       11.5          0        9.5        4.9       10.5       16.6       12.9        8.1       14.5        2.9       11.6       10.9        5.8         11        8.3       13.4        2.9        3.8        9.6        2.5        3.7          0          0          0 
      11.5       21.8       15.3       22.7        3.7        8.4        5.9         15       20.9       15.3         22        9.1        3.8       24.3         20        5.9       17.9       13.2         15       18.4       12.7        9.9        7.2        5.7        5.8       11.5         24       13.8        4.6        3.7       20.2        9.5          0       12.4       17.2         18        5.9         15       20.3        7.9       21.1       19.9        4.8       20.3       16.6       12.6       10.2        7.1       17.6        7.3         10          0          0          0 
       7.1        9.5       14.3       11.2        9.1        8.2        6.8       16.9        8.6       12.3       10.2        7.5        9.1         12       19.4        7.1        8.2        2.3       14.8       14.5        7.8        5.2       16.3       10.7       18.1        6.3       13.7        7.4       14.1       11.9       13.2        4.9       12.4          0       14.1       12.7       16.9       11.9       18.2        7.8       11.1       12.1         10       11.6         11       10.9        2.3        8.6       12.4        5.4        2.3          0          0          0 
       7.4       16.8        2.6       14.2       16.7        9.1       15.9        6.3       16.4          2       14.7        8.8       13.8       18.4        5.4       16.6         22         12        3.5        1.4       21.5         10       14.4       20.3       20.1       19.7       12.4       21.4       14.4       19.7        5.6       10.5       17.2       14.1          0       26.8       16.9        2.4          4        9.9       10.5        6.5       12.3          8        3.7         24       13.1       10.3        2.9       12.7       14.1          0          0          0 
      19.5       17.1       26.7       20.9       14.6       19.4       13.3       28.7       16.5       24.9       19.5         19       17.3       18.8       31.9       12.8        6.7         15         27       27.3        5.7       17.1       24.7       12.5       23.2        7.4       24.4        5.4         22       14.8       25.7       16.6         18       12.7       26.8          0       23.9       24.5       30.9       18.6       22.5       24.5       19.1       23.7       23.8        5.7       13.7         19       25.1       15.2       12.8          0          0          0 
      13.6       25.8       14.5       25.9        9.4       10.4       11.3       12.7         25       15.5       25.4       11.3        7.8       28.3       18.1       11.5       23.5       17.1       13.9       18.4       18.6         13        2.8       11.6        3.4       17.2       26.4       19.6          3        9.4       21.3       12.9        5.9       16.9       16.9       23.9          0       15.3       19.1       10.2       23.6       21.4          7       22.2       17.7       18.5       14.6        9.2       18.3       11.5       14.7          0          0          0 
         5       15.5        2.8       13.4       14.4        6.8       13.5        6.5         15        0.4       13.7        6.4       11.5       17.3        7.4       14.2       19.9        9.8        3.7        3.4       19.1        7.5       12.9       17.9       18.3       17.4       12.3       19.1       12.6       17.4        6.1        8.1         15       11.9        2.4       24.5       15.3          0        6.4        7.5        9.9        6.5       10.1        7.8        2.8       21.6       10.7          8          3       10.3       11.7          0          0          0 
      11.4       20.3        4.9       17.1       20.3       12.7       19.7        6.6       19.9        5.9       17.9       12.6       17.2       21.6        2.3       20.4         26         16        5.2        3.9       25.6       13.9       16.3       23.9       22.4       23.8       14.7       25.5       16.9       23.2          8       14.5       20.3       18.2          4       30.9       19.1        6.4          0       13.5       13.3        9.2       15.5       10.8        7.5       27.9       17.1       13.8        6.3       16.6       18.1          0          0          0 
       3.6       15.7        8.7       15.6        6.8        0.8        6.2         10       14.9        7.9       15.2        1.2          4       18.1       13.9        6.9       15.7        7.2        8.8         11         13        2.9        8.9       10.3       12.3       11.2       16.4       13.3        7.2        9.9       12.3        2.9        7.9        7.8        9.9       18.6       10.2        7.5       13.5          0       13.5         12        3.3       12.4        8.8       14.8        5.6        0.9        9.8        3.4        6.2          0          0          0 
       9.9        7.4       12.6        3.8       18.8       13.2       16.9       16.4        7.3       10.1        4.7       12.3       17.2        8.3       15.5       17.4       16.2        8.9       13.5        9.6       18.7       11.2       21.7       21.4       25.9       17.3        2.8       17.9       20.6         22        5.3       11.6       21.1       11.1       10.5       22.5       23.6        9.9       13.3       13.5          0          4       16.9        2.5        7.1         22         12       14.5        7.6         14       12.8          0          0          0 
       8.3       11.2        8.9        7.8       18.2       11.4       16.6       12.7       10.9        6.6        8.6       10.7         16       12.3       11.4       17.2       18.7        9.7        9.8        5.6         20       10.3       19.2       21.2         24       18.4        5.9       19.5       18.5       21.4        1.3       10.9       19.9       12.1        6.5       24.5       21.4        6.5        9.2         12          4          0       15.2        1.5        3.7       23.1       12.2       12.8        3.7       13.4       13.2          0          0          0 
         7       18.7       10.5       18.9        5.2        3.7        5.8       10.7       17.9       10.4       18.4        4.5        1.9       21.2       15.4        6.3       17.3         10       10.4       13.6       13.4          6        6.2        8.8          9       11.8       19.7       14.1          4        7.6       15.4        5.8        4.8         10       12.3       19.1          7       10.1       15.5        3.3       16.9       15.2          0       15.7       11.8       14.5        7.7        2.4       12.8        4.7        7.9          0          0          0 
       8.7        9.7       10.3        6.3       18.3         12       16.6       14.1        9.5        7.9        7.1       11.2       16.4       10.8       12.9       17.2       17.6        9.2       11.2        7.1       19.4       10.5       20.1       21.2       24.7       17.9        4.5       18.8       19.2       21.5        2.8         11       20.3       11.6          8       23.7       22.2        7.8       10.8       12.4        2.5        1.5       15.7          0        4.9       22.6         12       13.3        5.1       13.5       12.9          0          0          0 
       5.3       13.1        5.5       10.6       15.4        8.1       14.1        9.3       12.6          3         11        7.5       12.9       14.7        9.2       14.8       18.6        8.7        6.4        3.6       18.7        7.8       15.5       18.7       20.5         17        9.4       18.5       14.9       18.6        3.5        8.3       16.6         11        3.7       23.8       17.7        2.8        7.5        8.8        7.1        3.7       11.8        4.9          0       21.5       10.4        9.5        1.3       10.9       11.4          0          0          0 
      16.5       18.2       23.3       21.4        9.5       15.6        8.7       24.8       17.5         22         20       15.4       12.5       20.4       28.6        8.1        9.1       13.3       23.5       24.7        3.4         14       19.6        6.9       17.5        4.6       24.4        4.7       16.9        9.2         24       13.4       12.6       10.9         24        5.7       18.5       21.6       27.9       14.8         22       23.1       14.5       22.6       21.5          0         11       14.9       22.8       11.4         10          0          0          0 
       5.7       11.5       12.9       12.8        7.2        6.1          5       15.1       10.6       11.2       11.8        5.5        6.9         14       18.1        5.5       10.1        3.1       13.3       13.7        8.4        3.3         14        9.4       15.9        6.6       14.7        8.3       11.8       10.2       13.1        2.9       10.2        2.3       13.1       13.7       14.6       10.7       17.1        5.6         12       12.2        7.7         12       10.4         11          0        6.3       11.8        3.1        0.9          0          0          0 
       4.5       16.7        8.9       16.6        6.4        1.3        6.2        9.8       15.9        8.4       16.2        2.1        3.4       19.1         14        6.8       16.3        8.1        8.9       11.5       13.3        3.8        7.9         10       11.4       11.5       17.3       13.8        6.2        9.4         13        3.8        7.1        8.6       10.3         19        9.2          8       13.8        0.9       14.5       12.8        2.4       13.3        9.5       14.9        6.3          0       10.5        3.8        6.8          0          0          0 
       6.6         14        5.2       11.2       16.6        9.2       15.4          9       13.6        2.9       11.8        8.6       13.9       15.5        8.1       16.1       19.9       10.1        6.1        2.3       20.1        9.1         16       19.9       21.2       18.4        9.6       19.8       15.6       19.7          3        9.6       17.6       12.4        2.9       25.1       18.3          3        6.3        9.8        7.6        3.7       12.8        5.1        1.3       22.8       11.8       10.5          0       12.1       12.8          0          0          0 
       5.5       14.5       11.9       15.3        4.8        4.2        3.2       13.5       13.6       10.7       14.6          4        3.8         17       17.1        3.9       12.6        5.8       12.1       13.6        9.5        3.1         11        7.8       12.8        7.7       16.9        9.9        8.7          8         14        2.5        7.3        5.4       12.7       15.2       11.5       10.3       16.6        3.4         14       13.4        4.7       13.5       10.9       11.4        3.1        3.8       12.1          0        3.2          0          0          0 
       6.7       11.8       13.8       13.4        6.7        6.8        4.4       15.9         11       12.1       12.4        6.3        6.9       14.3         19        4.8        9.5        3.8       14.2       14.7        7.4        4.2       14.2        8.6       15.7        5.6       15.5        7.4       11.9        9.6       14.1        3.7         10        2.3       14.1       12.8       14.7       11.7       18.1        6.2       12.8       13.2        7.9       12.9       11.4         10        0.9        6.8       12.8        3.2          0          0          0          0 
         0          0          0          0          0          0          0          0          0          0          0          0          0          0          0          0          0          0          0          0          0          0          0          0          0          0          0          0          0          0          0          0          0          0          0          0          0          0          0          0          0          0          0          0          0          0          0          0          0          0          0          0          0          0 
         0          0          0          0          0          0          0          0          0          0          0          0          0          0          0          0          0          0          0          0          0          0          0          0          0          0          0          0          0          0          0          0          0          0          0          0          0          0          0          0          0          0          0          0          0          0          0          0          0          0          0          0          0          0 
         0          0          0          0          0          0          0          0          0          0          0          0          0          0          0          0          0          0          0          0          0          0          0          0          0          0          0          0          0          0          0          0          0          0          0          0          0          0          0          0          0          0          0          0          0          0          0          0          0          0          0          0          0          0 
Version identifier: 22.1.1.0 | 2022-11-28 | 9160aff4d
CPXPARAM_Threads                                 1
CPXPARAM_TimeLimit                               7200
Tried aggregator 2 times.
MIP Presolve eliminated 1594 rows and 3897 columns.
MIP Presolve modified 1431 coefficients.
Aggregator did 30 substitutions.
Reduced MIP has 277 rows, 720 columns, and 2272 nonzeros.
Reduced MIP has 708 binaries, 0 generals, 0 SOSs, and 0 indicators.
Presolve time = 0.01 sec. (9.50 ticks)
Found incumbent of value 56.213000 after 0.01 sec. (13.52 ticks)
Probing time = 0.00 sec. (2.85 ticks)
Tried aggregator 1 time.
Detecting symmetries...
Reduced MIP has 277 rows, 720 columns, and 2272 nonzeros.
Reduced MIP has 708 binaries, 0 generals, 0 SOSs, and 0 indicators.
Presolve time = 0.00 sec. (1.48 ticks)
Probing time = 0.00 sec. (2.84 ticks)
Clique table members: 1577.
MIP emphasis: balance optimality and feasibility.
MIP search method: dynamic search.
Parallel mode: none, using 1 thread.
Root relaxation solution time = 0.00 sec. (2.60 ticks)

        Nodes                                         Cuts/
   Node  Left     Objective  IInf  Best Integer    Best Bound    ItCnt     Gap

*     0+    0                           56.2130      167.7450           198.41%
*     0     0      integral     0       79.9490       79.9490      194    0.00%
Elapsed time = 0.02 sec. (25.48 ticks, tree = 0.00 MB, solutions = 2)

Root node processing (before b&c):
  Real time             =    0.02 sec. (25.65 ticks)
Sequential b&c:
  Real time             =    0.00 sec. (0.00 ticks)
                          ------------
Total (root+branch&cut) =    0.02 sec. (25.65 ticks)

Sol status: Optimal
 Total Time: 0.02
 LB: 79.949
 UB: 79.949
Initializing solStats

Obj Val: 79.949

Solve Time: 0.02
b(0): 10.7
b(1): 14.4333333333333
b(2): 10.0833333333333
b(3): 10.8666666666667
b(4): 15.3666666666667
b(5): 14.8
b(6): 17.1166666666667
b(7): 10.1666666666667
b(8): 11.9
b(9): 9.43333333333333
b(10): 14.45
b(11): 11.7166666666667
b(12): 12.45
b(13): 15.75
b(14): 17.0833333333333
b(15): 12.8666666666667
b(16): 11.4264230372795
b(17): 14.751626171525
b(18): 10.1886178968868
b(19): 11.3569108082492
b(20): 15.7032521967084
b(21): 14.9589431263137
b(22): 17.7040652458855
b(23): 10.8837401871903
b(24): 12.869512668055
b(25): 10.0845531631967
b(26): 14.660162663494
b(27): 12.2142278849892
b(28): 12.8243903045806
b(29): 16.6207321320645
b(30): 17.6231709137419
b(31): 13.1060976371208
b(32): 9.35
b(33): 9.43333333333333
b(34): 15.6833333333333
b(35): 15.4
b(36): 16.8
b(37): 13.3666666666667
b(38): 11.0833333333333
b(39): 10.4833333333333
b(40): 10.5166666666667
b(41): 10.5833333333333
b(42): 16.8
b(43): 16.7333333333333
b(44): 17.9333333333333
b(45): 14.6
b(46): 12.25
b(47): 11.6166666666667
b(48): 9
b(49): 9
b(50): 9
b(51): 19
b(52): 19
b(53): 19


Customer profit: 247.849
Parcel profit: 0
Costs: 167.9
Without fixed: 167.9

Solution: 
Vehicle 0: 48 - 9 - 25 - 3 - 19 - 11 - 27 - 15 - 31 - 10 - 26 - 13 - 29 - 6 - 22 - 51 - Total time: 8.70406524588548
Vehicle 1: 49 - 7 - 23 - 12 - 28 - 5 - 21 - 14 - 30 - 52 - Total time: 8.62317091374191
Vehicle 2: 50 - 2 - 18 - 0 - 16 - 8 - 24 - 1 - 17 - 4 - 20 - 53 - Total time: 6.70325219670839

Vehicle 0: d - D - d - P - d - D - d - D - d - D - d - D - d - P - f
Vehicle 1: d - P - d - D - d - P - d - D - f
Vehicle 2: d - P - d - P - d - D - d - P - d - P - f

************************************
Final solution value: 79.949
************************************

Total distance: 365

Total passenger distance: 190.3

Total parcel distance: 0

Total combined transportation distance: 0

Total idle distance: 174.7
File exists: 1
partial: 
CSV file 'TreatResults/FullResults/fip1ADcsarpM.csv' generated successfully!
Instance Name: sarp-20-10-A-1

K: 3
Dist Matrix: 
         0        5.9       27.7       10.6        6.7        8.2       16.3       16.5       11.9       16.9        2.3         17       10.7       22.3       22.7       16.1       12.8       22.7       10.9       13.3        1.6        5.1       22.9         12        8.8        9.6       15.5       14.9       13.1       15.5        6.8       18.5       11.6       21.6       20.6       15.4       14.4         19        7.4        9.7       17.5       19.6       15.9       14.6       20.9        7.9       10.5         19       20.4        7.5       19.1       20.5       18.5       15.5       22.3       13.1       10.6       20.2       18.5        9.5       18.8       11.6       13.5          0          0          0 
       5.9          0       32.5       16.5       11.8       11.2       20.2       21.1       16.5       22.6        4.8       22.2       16.4       23.2         28       21.8       16.1       28.2       13.6       13.5        4.3        0.9       27.5       17.9         14       11.6       19.8       19.2       17.6       21.3        5.6       23.7       17.3         23       25.8       21.2       18.1       24.4       10.5       10.8       17.7       20.8         17       18.9       24.8        9.5       16.4       23.9       24.9       12.6       19.5       22.6       20.8       20.6       26.4       14.6       16.4       24.7       23.9       14.9       24.7       17.4       19.2          0          0          0 
      27.7       32.5          0       20.1         21       21.6       12.7       11.3         16       13.8         30       11.2       24.2         21        7.4       23.1       17.1        8.6       19.8       24.2       28.7       32.1        4.9       18.9         19         22       12.7       13.3       14.8       16.1       28.3        9.7       24.1       18.9        8.3         22         15       10.3       22.1       23.7       23.4         20         21       13.6        8.9         24       20.6        8.7        7.7       20.2       22.5       16.3       16.5       12.3        7.1       21.1       18.4        7.7       10.6       18.4       18.9       17.8       15.8          0          0          0 
      10.6       16.5       20.1          0        6.6       11.1       12.7         11        8.2          7       12.2        8.9        4.3       23.7       13.6        7.1       12.1       13.2       12.4         18       12.1       15.7       15.9        1.5        5.4       13.2       10.9       10.7        9.3        5.1       15.4       10.5        4.7       22.2       11.9          6       12.2         10       10.9       14.6         21       20.9       18.3       10.5       16.2       13.3        0.5         12       14.4        6.3       21.8       19.9       18.1        8.5       16.8       15.8        2.3         14        9.6        4.7        8.3        2.5        4.3          0          0          0 
       6.7       11.8         21        6.6          0        4.5        9.8        9.8        5.1       11.1          9       10.4        9.5       18.3       16.2       13.7        7.2       16.4        6.4       11.5        7.8       11.3       16.1        7.5        2.2        6.7        8.8        8.3        6.5       10.2        9.3       11.9       10.2       17.1         14       12.7        8.3       12.6        4.2          8       14.8       15.5       12.4        7.9       14.4        6.6        6.9       12.3       13.7        0.7       15.9       15.4       13.4        8.8       15.6        9.7        5.3       13.5         12        3.1       14.7        6.2        7.7          0          0          0 
       8.2       11.2       21.6       11.1        4.5          0          9       10.3        6.1       14.4       10.4       12.5         14       14.4       18.2       18.3        4.9       18.7        2.7        6.9        8.4         11       16.7       11.8        5.9        2.1        8.9        8.2        6.8       14.1        6.7       13.7       14.8       13.5       15.9       17.2        6.8         15        0.7        3.5       10.3       11.6        8.2          8       13.6        2.6       11.4       13.3       13.9        4.7       11.6       12.3       10.3       10.6       15.2        5.4        9.4       13.8       14.4        6.9       18.9       10.3       11.3          0          0          0 
      16.3       20.2       12.7       12.7        9.8          9          0        2.9        4.9       10.9       18.6          7         17       12.3       11.2       18.9        4.3       12.2          7       11.7       16.9       19.9          8       12.3        8.6        9.3        1.9        1.9        3.5         12       15.6        7.2       17.4       10.4        9.1       17.7        2.2        9.3        9.7       10.9       12.1         10        9.3        2.2        4.6       11.3       13.2        5.6        5.1        9.2       11.9        7.7        6.4        5.5        6.1        8.5       10.3        5.1        8.8        8.6       17.1       10.4        9.6          0          0          0 
      16.5       21.1       11.3         11        9.8       10.3        2.9          0        4.6          8       18.8          4       15.4       15.3        8.4       16.6        6.4        9.4        8.9       14.3       17.4       20.7        6.4       10.3          8       11.1        1.5        2.1        3.5        9.4         17        4.2       15.7       13.3        6.3       15.4        4.5        6.3       10.8       12.9         15         13       12.2        2.3        5.2       12.9       11.5          3        3.9          9       14.9       10.6        9.3        2.8          6       11.1        8.7        3.7        5.8        7.7       14.4        8.5        7.3          0          0          0 
      11.9       16.5         16        8.2        5.1        6.1        4.9        4.6          0        8.7       14.2        6.3       12.3       15.6         12       14.9        4.2       12.5        5.6       11.6       12.8       16.1       11.1        8.1        3.7        7.5        3.6        3.1        1.3          9       12.7        7.5       12.8         14        9.7       13.7          4        8.9        6.5        9.3       13.6       12.9       10.8        2.8        9.2        8.8        8.6        7.4        8.5        4.4       14.1       11.7        9.9        4.4       10.4        8.8        5.8        8.3        8.3        3.7       14.2        6.2        6.2          0          0          0 
      16.9       22.6       13.8          7       11.1       14.4       10.9          8        8.7          0       18.9        4.1       10.5       23.2        6.8        9.5       12.8        6.2       14.4       20.4       18.3         22       10.3        5.5        8.9       16.1          9        9.2        8.9        2.3       20.3        4.9       10.4       21.3        5.4        8.4       11.7        3.4       14.5       17.8       22.2       20.8       19.3        9.1       12.5         17        7.4        7.1        9.9       10.4       22.4       18.6       17.3        5.3       12.4       17.5        6.2        9.5        3.3        7.9        6.4        5.3        3.4          0          0          0 
       2.3        4.8         30       12.2          9       10.4       18.6       18.8       14.2       18.9          0       19.2       11.6       24.2       24.8       17.1       15.1       24.8       13.1         15        2.2        3.9       25.2       13.7         11       11.7       17.8       17.2       15.4       17.3        7.8       20.7       12.5       23.6       22.7       16.5       16.7       21.1        9.6       11.5       19.2       21.5       17.9       16.9       23.2        9.8       12.1       21.3       22.7        9.8       20.9       22.7       20.7       17.7       24.6       15.1       12.6       22.6       20.6       11.7       20.2       13.6       15.5          0          0          0 
        17       22.2       11.2        8.9       10.4       12.5          7          4        6.3        4.1       19.2          0       13.1       19.4        5.8       13.3        9.7        6.2       11.8       17.6       18.2       21.7        6.9        7.8        8.2       13.8        5.3        5.7        5.9        5.9         19        1.5       13.2       17.4        3.5       12.1        8.2        2.5       12.8       15.6       18.8         17         16        5.6        8.4       15.2        9.4        3.2        5.9        9.6       18.9       14.6       13.4        1.9        8.4       14.5        7.1        5.5        1.9        7.4       10.5        6.5        4.7          0          0          0 
      10.7       16.4       24.2        4.3        9.5         14         17       15.4       12.3       10.5       11.6       13.1          0       27.5       17.3        5.4         16       16.7       15.8       20.9       12.3       15.5       20.1        5.3          9       16.1       15.3       15.1       13.5        8.3       16.8       14.6        0.9       26.1       15.8          5       16.3       13.8       13.6       17.3       24.3       24.7       21.8       14.7       20.6       15.7        3.8       16.3       18.7        9.5       25.3         24       22.2       12.8       21.2       19.2        6.6       18.4       13.5        8.6        9.1        6.8        8.4          0          0          0 
      22.3       23.2         21       23.7       18.3       14.4       12.3       15.3       15.6       23.2       24.2       19.4       27.5          0       22.7       30.6       11.5         24       11.9        9.7         22       23.4       17.8       23.7       18.5       12.6       14.2         14       14.8       24.2       17.5       19.4       28.2        2.1         21       29.4       11.7       21.6       15.1       12.7        5.6        2.8        6.3       14.1       12.9       14.4       24.2       17.4       15.5       18.1        3.8        4.9        5.9       17.8       14.3        9.1       21.4       15.8       21.1         19       29.4       21.8       21.6          0          0          0 
      22.7         28        7.4       13.6       16.2       18.2       11.2        8.4         12        6.8       24.8        5.8       17.3       22.7          0       15.7       14.9        1.4       17.2       22.7       23.9       27.5        5.6       12.2         14       19.3         10       10.6       11.4          9       24.8        4.5       17.2       20.6        2.2       14.7         13        3.7       18.6       21.1       23.3       20.8       20.5       10.7         10       20.9       14.1        5.5        7.2       15.4         23       17.7         17        7.6        8.9       19.6       12.4        6.8        4.2       13.1       11.5       11.5        9.5          0          0          0 
      16.1       21.8       23.1        7.1       13.7       18.3       18.9       16.6       14.9        9.5       17.1       13.3        5.4       30.6       15.7          0       19.1       14.7       19.6       25.1       17.7       20.9       19.8        6.8       12.5       20.4         17         17       15.9        7.4         22       14.4        4.5         29       14.9        1.2       18.9       12.9         18       21.7       28.1       27.9       25.5       16.8       21.6       20.3        6.8       16.5       19.2       13.5       28.9       26.5       24.9       13.8       21.8         23        9.2       18.8       12.8       11.8        4.9        8.7        9.3          0          0          0 
      12.8       16.1       17.1       12.1        7.2        4.9        4.3        6.4        4.2       12.8       15.1        9.7         16       11.5       14.9       19.1          0       15.7        2.6        7.9       13.2       15.9       12.3       12.2        6.9        4.9        4.8        4.2        3.8       13.2       11.3       10.5       16.6       10.1       12.6       17.9        2.1       12.3        5.6        6.6        9.4        8.8        6.5        4.1        8.8        6.9       12.6        9.5        9.4        6.8        9.8        8.2        6.2        7.8       10.4        4.8        9.9        9.4       11.7        7.4       18.4       10.3       10.4          0          0          0 
      22.7       28.2        8.6       13.2       16.4       18.7       12.2        9.4       12.5        6.2       24.8        6.2       16.7         24        1.4       14.7       15.7          0       17.9       23.6         24       27.6          7       11.8       14.1         20       10.9       11.4       12.1        8.4       25.2        5.1       16.4       21.9          3       13.8       13.9        3.7       19.1       21.8       24.4         22       21.5       11.5       11.3       21.4       13.6        6.6        8.5       15.6       24.1         19       18.2        8.1       10.4       20.4       12.2        8.1        4.3       13.2       10.2       11.3        9.3          0          0          0 
      10.9       13.6       19.8       12.4        6.4        2.7          7        8.9        5.6       14.4       13.1       11.8       15.8       11.9       17.2       19.6        2.6       17.9          0        5.9       11.1       13.5         15       12.8          7        2.2        7.3        6.7        5.8       14.5        8.6       12.8       16.6       10.9         15       18.4        4.7       14.4        3.4        3.9        8.5        9.1          6        6.5       11.4        4.3       12.8         12       12.1        6.3        9.4        9.6        7.6        9.8       13.1        3.4       10.4       12.1       13.8        7.8       19.6       11.1       11.6          0          0          0 
      13.3       13.5       24.2         18       11.5        6.9       11.7       14.3       11.6       20.4         15       17.6       20.9        9.7       22.7       25.1        7.9       23.6        5.9          0       12.7       13.7       19.7       18.6       12.7        4.7       12.7       12.1       11.6       20.5        7.8       18.4       21.7        9.8       20.5       24.1        9.7       20.2        7.3        3.7        4.3        7.4        3.9         12       15.3        5.5       18.3       17.3       16.8       11.6          6       10.1        8.7       15.6       17.1        3.1       16.2       16.9       19.6       13.5       25.5       16.9       17.6          0          0          0 
       1.6        4.3       28.7       12.1        7.8        8.4       16.9       17.4       12.8       18.3        2.2       18.2       12.3         22       23.9       17.7       13.2         24       11.1       12.7          0        3.6       23.9       13.5        9.9        9.5       16.3       15.7         14         17        5.7       19.7       13.2       21.5       21.8         17         15       20.3        7.6        9.3         17       19.4       15.7       15.4       21.6        7.6       12.1       20.1       21.3        8.5       18.6       20.6       18.6       16.6         23         13       12.1       21.1       19.7       10.8       20.4       13.1       14.9          0          0          0 
       5.1        0.9       32.1       15.7       11.3         11       19.9       20.7       16.1         22        3.9       21.7       15.5       23.4       27.5       20.9       15.9       27.6       13.5       13.7        3.6          0       27.2       17.1       13.5       11.6       19.5       18.9       17.2       20.6        5.9       23.2       16.4       23.2       25.3       20.4       17.8       23.9       10.2       10.9         18         21       17.2       18.6       24.6        9.5       15.6       23.4       24.5         12       19.8       22.7       20.8       20.1       26.1       14.7       15.7       24.4       23.3       14.3       23.9       16.7       18.5          0          0          0 
      22.9       27.5        4.9       15.9       16.1       16.7          8        6.4       11.1       10.3       25.2        6.9       20.1       17.8        5.6       19.8       12.3          7         15       19.7       23.9       27.2          0       14.7       14.2       17.2        7.8        8.4        9.9       12.5       23.4        5.5       20.2       15.7          5       18.7       10.2        6.9       17.2       18.9       19.4       16.3       16.8        8.7        4.9       19.1       16.4        3.9        2.9       15.4       18.7       12.9       12.6        7.6        3.5       16.5       13.9        2.8        6.9       13.6       16.2       13.4       11.6          0          0          0 
        12       17.9       18.9        1.5        7.5       11.8       12.3       10.3        8.1        5.5       13.7        7.8        5.3       23.7       12.2        6.8       12.2       11.8       12.8       18.6       13.5       17.1       14.7          0        5.9       13.8       10.4       10.3          9        3.6       16.6        9.3        5.4       22.1       10.6        5.6         12        8.6       11.6       15.4       21.3         21       18.6         10       15.5       14.1        1.8         11       13.5        7.1         22       19.7         18        7.6       15.9       16.2        2.4       13.1        8.2          5        7.2        1.9        3.1          0          0          0 
       8.8         14         19        5.4        2.2        5.9        8.6          8        3.7        8.9         11        8.2          9       18.5         14       12.5        6.9       14.1          7       12.7        9.9       13.5       14.2        5.9          0        7.9        7.3        6.8          5        8.2       11.4        9.7        9.7       17.1       11.8       11.4        7.5       10.4        5.8        9.5       15.6       15.7         13        6.5       12.9        8.4        5.7       10.3       11.9        1.5       16.4       15.1       13.2        6.7         14       10.4        3.5       11.7        9.8          1       12.9        4.3        5.6          0          0          0 
       9.6       11.6         22       13.2        6.7        2.1        9.3       11.1        7.5       16.1       11.7       13.8       16.1       12.6       19.3       20.4        4.9         20        2.2        4.7        9.5       11.6       17.2       13.8        7.9          0        9.5        8.9        7.9       15.9        6.4       14.8         17       11.9       17.1       19.3          7       16.4        2.6        1.8        8.3        9.9        6.3        8.7       13.6        2.2       13.5       14.2       14.3        6.8        9.6       11.1        9.1       11.8       15.3        3.5       11.5       14.3       15.8        8.9       20.9       12.2       13.1          0          0          0 
      15.5       19.8       12.7       10.9        8.8        8.9        1.9        1.5        3.6          9       17.8        5.3       15.3       14.2         10         17        4.8       10.9        7.3       12.7       16.3       19.5        7.8       10.4        7.3        9.5          0        0.6        2.3       10.1       15.6        5.7       15.7       12.3        7.8       15.8          3        7.7        9.4       11.3       13.6       11.8       10.7        0.8        5.6       11.4       11.4        4.6          5        8.1       13.6        9.6        8.2        3.6        6.8        9.5        8.6        4.9        7.2        7.1       15.2        8.6        7.7          0          0          0 
      14.9       19.2       13.3       10.7        8.3        8.2        1.9        2.1        3.1        9.2       17.2        5.7       15.1         14       10.6         17        4.2       11.4        6.7       12.1       15.7       18.9        8.4       10.3        6.8        8.9        0.6          0        1.8       10.2         15        6.2       15.5       12.1        8.3       15.8        2.5        8.1        8.8       10.7       13.1       11.5       10.3        0.3        6.1       10.7       11.3        5.2        5.6        7.6       13.2        9.5          8        3.9        7.3          9        8.4        5.5        7.6        6.7       15.4        8.4        7.7          0          0          0 
      13.1       17.6       14.8        9.3        6.5        6.8        3.5        3.5        1.3        8.9       15.4        5.9       13.5       14.8       11.4       15.9        3.8       12.1        5.8       11.6         14       17.2        9.9          9          5        7.9        2.3        1.8          0        9.5       13.6        6.9         14         13        9.1       14.6          3        8.5        7.3        9.7       13.2       12.1       10.3        1.4        7.9        9.5        9.8        6.4        7.3        5.8       13.5       10.6          9          4        9.1        8.6        6.9        7.1        7.9          5       14.7        7.1        6.8          0          0          0 
      15.5       21.3       16.1        5.1       10.2       14.1         12        9.4          9        2.3       17.3        5.9        8.3       24.2          9        7.4       13.2        8.4       14.5       20.5         17       20.6       12.5        3.6        8.2       15.9       10.1       10.2        9.5          0       19.5          7        8.1       22.4        7.7        6.2       12.5        5.7       14.1       17.6       22.7       21.7       19.8       10.1       14.2       16.6        5.4        9.1       11.8        9.7       23.1       19.8       18.3        6.6       14.3       17.8          5       11.4        5.5        7.2        5.1          4        2.8          0          0          0 
       6.8        5.6       28.3       15.4        9.3        6.7       15.6         17       12.7       20.3        7.8         19       16.8       17.5       24.8         22       11.3       25.2        8.6        7.8        5.7        5.9       23.4       16.6       11.4        6.4       15.6         15       13.6       19.5          0       20.3       17.8       17.4       22.5       21.1       13.4       21.5        6.2        5.2       12.1       15.1       11.4       14.7       20.1        4.3       15.5         20       20.5        9.9       13.9       17.1       15.3       17.1       21.7        9.1       14.5       20.5       20.9       12.4       23.8       15.5         17          0          0          0 
      18.5       23.7        9.7       10.5       11.9       13.7        7.2        4.2        7.5        4.9       20.7        1.5       14.6       19.4        4.5       14.4       10.5        5.1       12.8       18.4       19.7       23.2        5.5        9.3        9.7       14.8        5.7        6.2        6.9          7       20.3          0       14.7       17.3        2.2       13.3        8.8        2.2       14.1       16.6       19.3       17.2       16.5        6.3        7.6       16.3         11        2.2        4.9       11.1       19.2       14.5       13.5        3.1        7.4       15.3        8.7        4.5        1.8          9       11.2        8.1        6.2          0          0          0 
      11.6       17.3       24.1        4.7       10.2       14.8       17.4       15.7       12.8       10.4       12.5       13.2        0.9       28.2       17.2        4.5       16.6       16.4       16.6       21.7       13.2       16.4       20.2        5.4        9.7         17       15.7       15.5         14        8.1       17.8       14.7          0       26.7       15.8        4.2       16.9       13.7       14.4       18.2       25.1       25.4       22.6       15.2       20.9       16.6        4.2       16.4       18.9       10.2         26       24.6       22.8       13.1       21.4       19.9        7.1       18.6       13.5        9.2        8.4        7.1        8.6          0          0          0 
      21.6         23       18.9       22.2       17.1       13.5       10.4       13.3         14       21.3       23.6       17.4       26.1        2.1       20.6         29       10.1       21.9       10.9        9.8       21.5       23.2       15.7       22.1       17.1       11.9       12.3       12.1         13       22.4       17.4       17.3       26.7          0       18.9       27.7         10       19.5       14.3       12.3        6.3        2.3        5.9       12.3       10.7       13.9       22.6       15.3       13.4       16.9        4.6        2.8        4.1       15.9       12.2        8.5       19.9       13.7       19.1       17.5       27.6       20.2       19.8          0          0          0 
      20.6       25.8        8.3       11.9         14       15.9        9.1        6.3        9.7        5.4       22.7        3.5       15.8         21        2.2       14.9       12.6          3         15       20.5       21.8       25.3          5       10.6       11.8       17.1        7.8        8.3        9.1        7.7       22.5        2.2       15.8       18.9          0       13.8       10.9          2       16.3       18.9       21.3         19       18.5        8.5        8.6       18.6       12.4        3.5        5.7       13.2       21.1         16       15.2        5.3        7.9       17.4       10.4        5.3        2.3         11       11.1        9.7        7.7          0          0          0 
      15.4       21.2         22          6       12.7       17.2       17.7       15.4       13.7        8.4       16.5       12.1          5       29.4       14.7        1.2       17.9       13.8       18.4       24.1         17       20.4       18.7        5.6       11.4       19.3       15.8       15.8       14.6        6.2       21.1       13.3        4.2       27.7       13.8          0       17.7       11.8       16.9       20.7         27       26.7       24.3       15.5       20.4       19.3        5.7       15.3         18       12.4       27.7       25.3       23.6       12.6       20.6       21.9          8       17.6       11.7       10.6        4.4        7.5          8          0          0          0 
      14.4       18.1         15       12.2        8.3        6.8        2.2        4.5          4       11.7       16.7        8.2       16.3       11.7         13       18.9        2.1       13.9        4.7        9.7         15       17.8       10.2         12        7.5          7          3        2.5          3       12.5       13.4        8.8       16.9         10       10.9       17.7          0       10.7        7.6        8.7       10.6        9.1        7.7        2.5        6.7          9       12.7        7.5        7.3        7.8       10.7        7.7        5.9        6.4        8.3        6.5        9.9        7.3       10.2        7.7       17.7       10.1        9.8          0          0          0 
        19       24.4       10.3         10       12.6         15        9.3        6.3        8.9        3.4       21.1        2.5       13.8       21.6        3.7       12.9       12.3        3.7       14.4       20.2       20.3       23.9        6.9        8.6       10.4       16.4        7.7        8.1        8.5        5.7       21.5        2.2       13.7       19.5          2       11.8       10.7          0       15.3       18.2       21.3       19.3       18.5        8.2        9.7       17.7       10.4        4.3          7       11.9       21.3       16.7       15.7        4.5        9.4       17.1        8.6        6.5        0.6        9.5        9.3        7.8        5.8          0          0          0 
       7.4       10.5       22.1       10.9        4.2        0.7        9.7       10.8        6.5       14.5        9.6       12.8       13.6       15.1       18.6         18        5.6       19.1        3.4        7.3        7.6       10.2       17.2       11.6        5.8        2.6        9.4        8.8        7.3       14.1        6.2       14.1       14.4       14.3       16.3       16.9        7.6       15.3          0        3.7       10.9       12.3        8.9        8.5       14.3        2.5       11.1       13.8       14.5        4.5       12.2       13.1       11.1       10.9       15.8          6        9.3       14.4       14.7        6.8       18.8       10.2       11.3          0          0          0 
       9.7       10.8       23.7       14.6          8        3.5       10.9       12.9        9.3       17.8       11.5       15.6       17.3       12.7       21.1       21.7        6.6       21.8        3.9        3.7        9.3       10.9       18.9       15.4        9.5        1.8       11.3       10.7        9.7       17.6        5.2       16.6       18.2       12.3       18.9       20.7        8.7       18.2        3.7          0        7.7       10.1        6.3       10.5       15.2        1.8       14.9       15.9         16        8.3        9.3       11.8         10       13.6       16.9        3.8         13         16       17.6       10.4       22.5       13.8       14.8          0          0          0 
      17.5       17.7       23.4         21       14.8       10.3       12.1         15       13.6       22.2       19.2       18.8       24.3        5.6       23.3       28.1        9.4       24.4        8.5        4.3         17         18       19.4       21.3       15.6        8.3       13.6       13.1       13.2       22.7       12.1       19.3       25.1        6.3       21.3         27       10.6       21.3       10.9        7.7          0        4.1        2.8       13.2       14.6        9.6       21.3       17.8       16.6       14.8        1.8        7.6        6.9         17       16.3        5.1       18.9       16.8       20.8       16.3       27.8       19.5       19.8          0          0          0 
      19.6       20.8         20       20.9       15.5       11.6         10         13       12.9       20.8       21.5         17       24.7        2.8       20.8       27.9        8.8         22        9.1        7.4       19.4         21       16.3         21       15.7        9.9       11.8       11.5       12.1       21.7       15.1       17.2       25.4        2.3         19       26.7        9.1       19.3       12.3       10.1        4.1          0        3.7       11.6       11.3       11.7       21.4       15.4       13.7       15.3        2.6        3.7        3.7       15.4         13        6.4       18.7         14       18.9       16.2       26.9       19.1         19          0          0          0 
      15.9         17         21       18.3       12.4        8.2        9.3       12.2       10.8       19.3       17.9         16       21.8        6.3       20.5       25.5        6.5       21.5          6        3.9       15.7       17.2       16.8       18.6         13        6.3       10.7       10.3       10.3       19.8       11.4       16.5       22.6        5.9       18.5       24.3        7.7       18.5        8.9        6.3        2.8        3.7          0       10.3       12.1          8       18.7         15       13.9       12.3        3.4        6.1        4.8       14.1       13.9        2.8       16.2       14.1       17.9       13.7         25       16.8         17          0          0          0 
      14.6       18.9       13.6       10.5        7.9          8        2.2        2.3        2.8        9.1       16.9        5.6       14.7       14.1       10.7       16.8        4.1       11.5        6.5         12       15.4       18.6        8.7         10        6.5        8.7        0.8        0.3        1.4       10.1       14.7        6.3       15.2       12.3        8.5       15.5        2.5        8.2        8.5       10.5       13.2       11.6       10.3          0        6.4       10.5         11        5.4        5.9        7.3       13.3        9.7        8.2        3.8        7.6        8.9        8.1        5.8        7.6        6.4       15.2        8.2        7.5          0          0          0 
      20.9       24.8        8.9       16.2       14.4       13.6        4.6        5.2        9.2       12.5       23.2        8.4       20.6       12.9         10       21.6        8.8       11.3       11.4       15.3       21.6       24.6        4.9       15.5       12.9       13.6        5.6        6.1        7.9       14.2       20.1        7.6       20.9       10.7        8.6       20.4        6.7        9.7       14.3       15.2       14.6       11.3       12.1        6.4          0       15.7       16.7        5.4        2.8       13.7       13.8        7.9        7.7        7.8        1.7       12.2       13.9        3.2        9.5       12.7       18.9       13.7       12.4          0          0          0 
       7.9        9.5         24       13.3        6.6        2.6       11.3       12.9        8.8         17        9.8       15.2       15.7       14.4       20.9       20.3        6.9       21.4        4.3        5.5        7.6        9.5       19.1       14.1        8.4        2.2       11.4       10.7        9.5       16.6        4.3       16.3       16.6       13.9       18.6       19.3          9       17.7        2.5        1.8        9.6       11.7          8       10.5       15.7          0       13.5       15.9       16.3          7       11.1       13.2       11.3       13.3       17.4        5.3       11.8       16.2       17.1        9.4       21.3       12.7       13.9          0          0          0 
      10.5       16.4       20.6        0.5        6.9       11.4       13.2       11.5        8.6        7.4       12.1        9.4        3.8       24.2       14.1        6.8       12.6       13.6       12.8       18.3       12.1       15.6       16.4        1.8        5.7       13.5       11.4       11.3        9.8        5.4       15.5         11        4.2       22.6       12.4        5.7       12.7       10.4       11.1       14.9       21.3       21.4       18.7         11       16.7       13.5          0       12.5       14.9        6.6       22.2       20.4       18.6          9       17.4       16.2        2.8       14.6         10        5.1        8.3          3        4.7          0          0          0 
        19       23.9        8.7         12       12.3       13.3        5.6          3        7.4        7.1       21.3        3.2       16.3       17.4        5.5       16.5        9.5        6.6         12       17.3       20.1       23.4        3.9         11       10.3       14.2        4.6        5.2        6.4        9.1         20        2.2       16.4       15.3        3.5       15.3        7.5        4.3       13.8       15.9       17.8       15.4         15        5.4        5.4       15.9       12.5          0        2.7       11.5       17.5       12.5       11.6        3.7        5.2       14.1         10        2.3        4.1        9.7       13.5        9.5        7.8          0          0          0 
      20.4       24.9        7.7       14.4       13.7       13.9        5.1        3.9        8.5        9.9       22.7        5.9       18.7       15.5        7.2       19.2        9.4        8.5       12.1       16.8       21.3       24.5        2.9       13.5       11.9       14.3          5        5.6        7.3       11.8       20.5        4.9       18.9       13.4        5.7         18        7.3          7       14.5         16       16.6       13.7       13.9        5.9        2.8       16.3       14.9        2.7          0         13       16.1       10.5         10        5.9        2.5       13.6       12.2        0.4        6.8       11.5       16.2       11.9       10.4          0          0          0 
       7.5       12.6       20.2        6.3        0.7        4.7        9.2          9        4.4       10.4        9.8        9.6        9.5       18.1       15.4       13.5        6.8       15.6        6.3       11.6        8.5         12       15.4        7.1        1.5        6.8        8.1        7.6        5.8        9.7        9.9       11.1       10.2       16.9       13.2       12.4        7.8       11.9        4.5        8.3       14.8       15.3       12.3        7.3       13.7          7        6.6       11.5         13          0       15.8         15       13.1          8       14.9        9.7        4.8       12.8       11.3        2.5       14.3        5.7        7.1          0          0          0 
      19.1       19.5       22.5       21.8       15.9       11.6       11.9       14.9       14.1       22.4       20.9       18.9       25.3        3.8         23       28.9        9.8       24.1        9.4          6       18.6       19.8       18.7         22       16.4        9.6       13.6       13.2       13.5       23.1       13.9       19.2         26        4.6       21.1       27.7       10.7       21.3       12.2        9.3        1.8        2.6        3.4       13.3       13.8       11.1       22.2       17.5       16.1       15.8          0        6.4        6.1       17.1       15.5        6.2       19.6       16.3       20.8       17.1       28.3       20.2       20.3          0          0          0 
      20.5       22.6       16.3       19.9       15.4       12.3        7.7       10.6       11.7       18.6       22.7       14.6         24        4.9       17.7       26.5        8.2         19        9.6       10.1       20.6       22.7       12.9       19.7       15.1       11.1        9.6        9.5       10.6       19.8       17.1       14.5       24.6        2.8         16       25.3        7.7       16.7       13.1       11.8        7.6        3.7        6.1        9.7        7.9       13.2       20.4       12.5       10.5         15        6.4          0          2       13.2        9.4          8       17.6       10.8       16.3       15.4       24.9       17.8       17.3          0          0          0 
      18.5       20.8       16.5       18.1       13.4       10.3        6.4        9.3        9.9       17.3       20.7       13.4       22.2        5.9         17       24.9        6.2       18.2        7.6        8.7       18.6       20.8       12.6         18       13.2        9.1        8.2          8          9       18.3       15.3       13.5       22.8        4.1       15.2       23.6        5.9       15.7       11.1         10        6.9        3.7        4.8        8.2        7.7       11.3       18.6       11.6         10       13.1        6.1          2          0       11.9        9.4        6.2       15.8       10.3       15.2       13.5       23.5       16.1       15.7          0          0          0 
      15.5       20.6       12.3        8.5        8.8       10.6        5.5        2.8        4.4        5.3       17.7        1.9       12.8       17.8        7.6       13.8        7.8        8.1        9.8       15.6       16.6       20.1        7.6        7.6        6.7       11.8        3.6        3.9          4        6.6       17.1        3.1       13.1       15.9        5.3       12.6        6.4        4.5       10.9       13.6         17       15.4       14.1        3.8        7.8       13.3          9        3.7        5.9          8       17.1       13.2       11.9          0        8.3       12.6        6.4        5.5        3.9          6       11.6          6        4.6          0          0          0 
      22.3       26.4        7.1       16.8       15.6       15.2        6.1          6       10.4       12.4       24.6        8.4       21.2       14.3        8.9       21.8       10.4       10.4       13.1       17.1         23       26.1        3.5       15.9         14       15.3        6.8        7.3        9.1       14.3       21.7        7.4       21.4       12.2        7.9       20.6        8.3        9.4       15.8       16.9       16.3         13       13.9        7.6        1.7       17.4       17.4        5.2        2.5       14.9       15.5        9.4        9.4        8.3          0         14       14.6        2.9        9.2       13.7       18.7       14.3       12.8          0          0          0 
      13.1       14.6       21.1       15.8        9.7        5.4        8.5       11.1        8.8       17.5       15.1       14.5       19.2        9.1       19.6         23        4.8       20.4        3.4        3.1         13       14.7       16.5       16.2       10.4        3.5        9.5          9        8.6       17.8        9.1       15.3       19.9        8.5       17.4       21.9        6.5       17.1          6        3.8        5.1        6.4        2.8        8.9       12.2        5.3       16.2       14.1       13.6        9.7        6.2          8        6.2       12.6         14          0       13.8       13.7       16.5       11.2       22.9       14.5       14.9          0          0          0 
      10.6       16.4       18.4        2.3        5.3        9.4       10.3        8.7        5.8        6.2       12.6        7.1        6.6       21.4       12.4        9.2        9.9       12.2       10.4       16.2       12.1       15.7       13.9        2.4        3.5       11.5        8.6        8.4        6.9          5       14.5        8.7        7.1       19.9       10.4          8        9.9        8.6        9.3         13       18.9       18.7       16.2        8.1       13.9       11.8        2.8         10       12.2        4.8       19.6       17.6       15.8        6.4       14.6       13.8          0       11.9        8.1        2.6        9.4        0.9        2.9          0          0          0 
      20.2       24.7        7.7         14       13.5       13.8        5.1        3.7        8.3        9.5       22.6        5.5       18.4       15.8        6.8       18.8        9.4        8.1       12.1       16.9       21.1       24.4        2.8       13.1       11.7       14.3        4.9        5.5        7.1       11.4       20.5        4.5       18.6       13.7        5.3       17.6        7.3        6.5       14.4         16       16.8         14       14.1        5.8        3.2       16.2       14.6        2.3        0.4       12.8       16.3       10.8       10.3        5.5        2.9       13.7       11.9          0        6.3       11.2       15.8       11.5         10          0          0          0 
      18.5       23.9       10.6        9.6         12       14.4        8.8        5.8        8.3        3.3       20.6        1.9       13.5       21.1        4.2       12.8       11.7        4.3       13.8       19.6       19.7       23.3        6.9        8.2        9.8       15.8        7.2        7.6        7.9        5.5       20.9        1.8       13.5       19.1        2.3       11.7       10.2        0.6       14.7       17.6       20.8       18.9       17.9        7.6        9.5       17.1         10        4.1        6.8       11.3       20.8       16.3       15.2        3.9        9.2       16.5        8.1        6.3          0        8.9        9.4        7.4        5.3          0          0          0 
       9.5       14.9       18.4        4.7        3.1        6.9        8.6        7.7        3.7        7.9       11.7        7.4        8.6         19       13.1       11.8        7.4       13.2        7.8       13.5       10.8       14.3       13.6          5          1        8.9        7.1        6.7          5        7.2       12.4          9        9.2       17.5         11       10.6        7.7        9.5        6.8       10.4       16.3       16.2       13.7        6.4       12.7        9.4        5.1        9.7       11.5        2.5       17.1       15.4       13.5          6       13.7       11.2        2.6       11.2        8.9          0         12        3.3        4.5          0          0          0 
      18.8       24.7       18.9        8.3       14.7       18.9       17.1       14.4       14.2        6.4       20.2       10.5        9.1       29.4       11.5        4.9       18.4       10.2       19.6       25.5       20.4       23.9       16.2        7.2       12.9       20.9       15.2       15.4       14.7        5.1       23.8       11.2        8.4       27.6       11.1        4.4       17.7        9.3       18.8       22.5       27.8       26.9         25       15.2       18.9       21.3        8.3       13.5       16.2       14.3       28.3       24.9       23.5       11.6       18.7       22.9        9.4       15.8        9.4         12          0        8.6        7.9          0          0          0 
      11.6       17.4       17.8        2.5        6.2       10.3       10.4        8.5        6.2        5.3       13.6        6.5        6.8       21.8       11.5        8.7       10.3       11.3       11.1       16.9       13.1       16.7       13.4        1.9        4.3       12.2        8.6        8.4        7.1          4       15.5        8.1        7.1       20.2        9.7        7.5       10.1        7.8       10.2       13.8       19.5       19.1       16.8        8.2       13.7       12.7          3        9.5       11.9        5.7       20.2       17.8       16.1          6       14.3       14.5        0.9       11.5        7.4        3.3        8.6          0          2          0          0          0 
      13.5       19.2       15.8        4.3        7.7       11.3        9.6        7.3        6.2        3.4       15.5        4.7        8.4       21.6        9.5        9.3       10.4        9.3       11.6       17.6       14.9       18.5       11.6        3.1        5.6       13.1        7.7        7.7        6.8        2.8         17        6.2        8.6       19.8        7.7          8        9.8        5.8       11.3       14.8       19.8         19         17        7.5       12.4       13.9        4.7        7.8       10.4        7.1       20.3       17.3       15.7        4.6       12.8       14.9        2.9         10        5.3        4.5        7.9          2          0          0          0          0 
         0          0          0          0          0          0          0          0          0          0          0          0          0          0          0          0          0          0          0          0          0          0          0          0          0          0          0          0          0          0          0          0          0          0          0          0          0          0          0          0          0          0          0          0          0          0          0          0          0          0          0          0          0          0          0          0          0          0          0          0          0          0          0          0          0          0 
         0          0          0          0          0          0          0          0          0          0          0          0          0          0          0          0          0          0          0          0          0          0          0          0          0          0          0          0          0          0          0          0          0          0          0          0          0          0          0          0          0          0          0          0          0          0          0          0          0          0          0          0          0          0          0          0          0          0          0          0          0          0          0          0          0          0 
         0          0          0          0          0          0          0          0          0          0          0          0          0          0          0          0          0          0          0          0          0          0          0          0          0          0          0          0          0          0          0          0          0          0          0          0          0          0          0          0          0          0          0          0          0          0          0          0          0          0          0          0          0          0          0          0          0          0          0          0          0          0          0          0          0          0 
Version identifier: 22.1.1.0 | 2022-11-28 | 9160aff4d
CPXPARAM_Threads                                 1
CPXPARAM_TimeLimit                               7200
Tried aggregator 2 times.
MIP Presolve eliminated 2366 rows and 6043 columns.
MIP Presolve modified 2210 coefficients.
Aggregator did 31 substitutions.
Reduced MIP has 450 rows, 1156 columns, and 3722 nonzeros.
Reduced MIP has 1140 binaries, 0 generals, 0 SOSs, and 0 indicators.
Presolve time = 0.01 sec. (13.73 ticks)
Found incumbent of value -24.572000 after 0.02 sec. (22.25 ticks)
Probing fixed 101 vars, tightened 0 bounds.
Probing time = 0.01 sec. (9.17 ticks)
Cover probing fixed 0 vars, tightened 31 bounds.
Tried aggregator 2 times.
MIP Presolve eliminated 47 rows and 133 columns.
MIP Presolve modified 89 coefficients.
Aggregator did 3 substitutions.
Reduced MIP has 400 rows, 1020 columns, and 3265 nonzeros.
Reduced MIP has 1005 binaries, 0 generals, 0 SOSs, and 0 indicators.
Presolve time = 0.00 sec. (3.61 ticks)
Probing fixed 92 vars, tightened 0 bounds.
Probing time = 0.01 sec. (5.84 ticks)
Tried aggregator 2 times.
Detecting symmetries...
MIP Presolve eliminated 58 rows and 92 columns.
MIP Presolve modified 123 coefficients.
Aggregator did 3 substitutions.
Reduced MIP has 339 rows, 925 columns, and 2901 nonzeros.
Reduced MIP has 911 binaries, 0 generals, 0 SOSs, and 0 indicators.
Presolve time = 0.00 sec. (3.82 ticks)
Probing fixed 64 vars, tightened 0 bounds.
Probing changed sense of 1 constraints.
Probing time = 0.01 sec. (4.17 ticks)
Clique table members: 2257.
MIP emphasis: balance optimality and feasibility.
MIP search method: dynamic search.
Parallel mode: none, using 1 thread.
Root relaxation solution time = 0.00 sec. (3.03 ticks)

        Nodes                                         Cuts/
   Node  Left     Objective  IInf  Best Integer    Best Bound    ItCnt     Gap

*     0+    0                          -24.5720       83.3900           439.37%
*     0     0      integral     0       11.4000       11.4000      160    0.00%
Elapsed time = 0.06 sec. (56.50 ticks, tree = 0.00 MB, solutions = 2)

Root node processing (before b&c):
  Real time             =    0.06 sec. (56.76 ticks)
Sequential b&c:
  Real time             =    0.00 sec. (0.00 ticks)
                          ------------
Total (root+branch&cut) =    0.06 sec. (56.76 ticks)

Sol status: Optimal
 Total Time: 0.05
 LB: 11.4
 UB: 11.4
Initializing solStats

Obj Val: 11.4

Solve Time: 0.05
b(0): 15.85
b(1): 12.3333333333333
b(2): 16.4166666666667
b(3): 12.9333333333333
b(4): 13.9333333333333
b(5): 10.4333333333333
b(6): 11.0833333333333
b(7): 10.2833333333333
b(8): 11.1166666666667
b(9): 13.9666666666667
b(10): 9.38333333333333
b(11): 14.8666666666667
b(12): 16.7166666666667
b(13): 11.55
b(14): 17.1
b(15): 9.9
b(16): 9.7
b(17): 10.4833333333333
b(18): 12.9833333333333
b(19): 13.0333333333333
b(20): 15.9723577426135
b(21): 12.4386178968868
b(22): 16.6195122534206
b(23): 13.0532520503669
b(24): 14.0703252294269
b(25): 10.5678862038469
b(26): 11.2130081526869
b(27): 10.4178862038469
b(28): 11.3983739992068
b(29): 14.1060975883403
b(30): 9.66869932619479
b(31): 14.9865853837002
b(32): 16.9886178968868
b(33): 11.6845528705136
b(34): 17.4036585627603
b(35): 10.0126016402935
b(36): 9.8345528705136
b(37): 10.6569106131271
b(38): 13.1495935363871
b(39): 13.2069106131271
b(40): 9.11666666666667
b(41): 15.2
b(42): 14.95
b(43): 13.2666666666667
b(44): 15.15
b(45): 13.15
b(46): 9.98333333333333
b(47): 13.9666666666667
b(48): 13.3666666666667
b(49): 11.5833333333333
b(50): 10.2166666666667
b(51): 16.3
b(52): 16.05
b(53): 14.3666666666667
b(54): 16.25
b(55): 14.25
b(56): 11.0833333333333
b(57): 15.0666666666667
b(58): 14.5833333333333
b(59): 12.75
b(60): 9
b(61): 9
b(62): 9
b(63): 19
b(64): 19
b(65): 19


Customer profit: 115.682
Parcel profit: 0
Costs: 104.282
Without fixed: 104.282

Solution: 
Vehicle 0: 60 - 15 - 35 - 17 - 37 - 8 - 28 - 1 - 21 - 3 - 23 - 9 - 29 - 11 - 31 - 2 - 22 - 14 - 34 - 63 - Total time: 8.40365856276027
Vehicle 1: 61 - 10 - 30 - 5 - 25 - 13 - 33 - 19 - 39 - 0 - 20 - 64 - Total time: 6.97235774261353
Vehicle 2: 62 - 16 - 36 - 7 - 27 - 6 - 26 - 18 - 38 - 4 - 24 - 12 - 32 - 65 - Total time: 7.98861789688679

Vehicle 0: d - D - d - D - d - P - d - P - d - P - d - P - d - D - d - P - d - D - f
Vehicle 1: d - D - d - P - d - D - d - D - d - P - f
Vehicle 2: d - D - d - P - d - P - d - D - d - P - d - D - f

************************************
Final solution value: 11.4
************************************

Total distance: 226.7

Total passenger distance: 49.4

Total parcel distance: 0

Total combined transportation distance: 0

Total idle distance: 177.3
File exists: 1
partial: 
CSV file 'TreatResults/FullResults/fip1ADcsarpM.csv' generated successfully!
Instance Name: sarp-20-10-A-2

K: 3
Dist Matrix: 
         0       23.9       20.8       20.3       16.5       17.9       20.6       11.5          8       13.5        3.8       13.6       11.6        5.9       12.4       14.6        8.7        5.9        4.5       23.3        1.7         22       22.8       20.4       17.1       18.8       21.1       12.7        6.2       14.9        6.1       13.2        9.6        5.9       13.8       14.6        8.5        5.3        5.8       21.2       20.5       16.3       20.2       13.3       19.4       12.5       14.9       11.1        5.5       17.7       19.9       11.9       19.5        8.7         19       12.8       13.4          7        6.3       15.4       12.3       27.9        9.7          0          0          0 
      23.9          0        7.4       17.4       15.3       16.6       11.6       23.1       19.3       12.7       20.1       24.1       12.5       18.4       16.9       21.6       21.1       24.3       23.3        4.6       22.2          3        8.7       16.4       17.5         19       12.4       23.1       22.9       13.3       17.8       25.5       14.9         18       19.8       22.6         19       24.1       22.4        2.9       10.4        9.5       16.6       11.6        6.8       19.2       28.7       21.8       23.9        7.1       10.7       16.1       13.7       17.9        8.1       23.2       26.5       17.1       21.6       10.5       16.8       15.6         17          0          0          0 
      20.8        7.4          0       21.4       18.1       19.9       16.3       23.6       18.8        7.4       16.9       25.2        9.5       16.3       17.9       23.3       15.7       19.5       18.9        3.4       19.3        4.4        2.4       20.6       20.5       22.4       17.2         24       21.7          7       14.9       26.2       11.2       15.3       21.3       24.2       13.9       19.4       17.7          7       15.1        4.4       20.7        7.5       10.9       20.4       29.4       22.3       19.2        9.5       15.1       10.4       17.8         13         12       24.1       27.2       15.2       16.8       12.2       17.8       22.1       16.8          0          0          0 
      20.3       17.4       21.4          0        4.2        2.4        5.8       11.2       12.2       19.9       18.3       10.6       16.3       15.3        7.9        7.7       24.3       24.7       23.1       20.8       18.8       18.3       23.8        0.9        3.2        2.5        5.1       10.3       15.1         22       16.8       12.2       17.8       16.4        7.1        8.5       22.1       24.1       23.2       15.3          7       19.2        0.7         18       10.8          8       14.9       10.5       24.2       11.9        6.7       22.1        3.7       21.2        9.5       10.3       13.2       14.7       22.9        9.5          8        8.8       10.8          0          0          0 
      16.5       15.3       18.1        4.2          0        1.9        5.2        9.1        8.6       15.8       14.2        9.4       12.2       11.2        4.1        6.6         20       20.6         19         18       14.9       15.6       20.5          4        2.3        4.3        5.2        8.7       11.8       17.9       12.6         11       13.6       12.2        5.1        7.6       17.9         20       19.1       12.8        5.9       15.4        3.8       13.9        8.4        5.2       14.1        8.1         20        8.8        5.3       17.9        3.3       16.9        7.1        8.7       12.1       10.6       18.7        5.8        4.2       11.5        6.8          0          0          0 
      17.9       16.6       19.9        2.4        1.9          0        5.6        9.3        9.8       17.8       15.8        9.2       14.1       12.8        5.5        6.2       21.8       22.2       20.6       19.6       16.4       17.1       22.3        2.5        1.2        2.5        5.3        8.7       12.8       19.9       14.3       10.8       15.5       13.9        5.2        7.2       19.7       21.6       20.8       14.3        6.6       17.3        2.3       15.9        9.8        5.8       13.7        8.5       21.7       10.4        6.1       19.8        3.3       18.8        8.5        8.7       11.8       12.2       20.4        7.7        5.6       10.7        8.3          0          0          0 
      20.6       11.6       16.3        5.8        5.2        5.6          0       14.4       13.1       16.3       17.7       14.6       13.3       14.8        8.9       11.7       22.4       23.8       22.3       15.2       18.9       12.8       18.5        4.8        6.8        7.7        0.9       13.9       16.7       18.2       15.7       16.2       15.4       15.4       10.3       12.7       20.1       23.3       22.1        9.8        1.2       14.9          5       14.4        5.4       10.4       19.2       13.3       23.2          7        1.2       19.1        2.2         19        4.3       13.9       17.3       13.9       21.5        6.1        8.9        7.5       10.9          0          0          0 
      11.5       23.1       23.6       11.2        9.1        9.3       14.4          0        5.3       18.5       11.5        2.1       14.8        9.4        6.2        3.6       18.6       17.2       15.6       24.6       10.7       22.5         26       11.7        8.2        8.9       14.4        1.2        5.3       20.6       11.4        2.6       14.7       10.9        4.1        3.2       17.1       16.5       16.4       20.3         15       19.7       11.4       17.1       16.5          4        5.8        1.2       16.7       15.9       14.3         19       12.4       16.7       15.4        1.3        3.5        9.8       16.4       12.5        6.2         20        6.7          0          0          0 
         8       19.3       18.8       12.2        8.6        9.8       13.1        5.3          0       13.2        6.7        7.4        9.6        4.1        4.4        7.1       13.6       12.9       11.2       20.2        6.6       18.3       21.2       12.3          9       10.7       13.5        6.2        3.6       15.3        6.2        7.9        9.3        5.6        5.9        7.5       11.9       12.3       11.7       16.4       13.3       14.6       12.1       11.9       13.4        4.6       10.9        4.3       12.4       12.2       12.6       13.6       11.7       11.4       12.6        6.3        8.7        4.4       11.6        9.2        4.3       20.1        2.4          0          0          0 
      13.5       12.7        7.4       19.9       15.8       17.8       16.3       18.5       13.2          0        9.8       20.4        3.8        9.8         14       19.2        8.5       12.1       11.4       10.4       12.2        9.9        9.2       19.3       17.9         20       17.2       19.2       15.5        2.1        8.1       21.2        4.2        8.6       17.4         20        6.5         12       10.3       10.6       15.5        3.2       19.3        1.9       11.9       16.2       24.1       17.3       11.7        9.7       15.1        3.4       16.9        5.5       12.4       19.3         22          9        9.4       10.5       13.9       23.5         12          0          0          0 
       3.8       20.1       16.9       18.3       14.2       15.8       17.7       11.5        6.7        9.8          0       13.7        7.7          3       10.4       13.9          7        6.3        4.7       19.4        2.3       18.1         19       18.2       15.3       17.2       18.3       12.6        6.8       11.4        2.3       13.8        5.7        2.3       12.6       14.2        5.8        5.8          5       17.3       17.5       12.5       18.1        9.4       15.9       11.3       16.1       10.7        5.8         14       16.8        8.6         17        5.6       15.6       12.7       14.3        3.8        4.9       12.1       10.3       25.2        7.5          0          0          0 
      13.6       24.1       25.2       10.6        9.4        9.2       14.6        2.1        7.4       20.4       13.7          0       16.7       11.5        7.3        2.9       20.7       19.3       17.7         26       12.8       23.8       27.6       11.3          8        8.2       14.5        1.2        7.4       22.5       13.6        1.6       16.7         13        4.4          2       19.3       18.7       18.5       21.4       15.4       21.4         11       18.9       17.3        4.9        4.6        3.1       18.8         17       14.7       21.1       12.4       18.8       16.2          1        2.6       11.8       18.6       13.7        7.4       19.5        8.5          0          0          0 
      11.6       12.5        9.5       16.3       12.2       14.1       13.3       14.8        9.6        3.8        7.7       16.7          0        6.7       10.2       15.4        9.4       11.9       10.8       11.7         10       10.4       11.7       15.8       14.2       16.3       14.2       15.5       12.3          6        5.5       17.5        2.4        5.8       13.5       16.1          7       11.6         10        9.9       12.6        5.1       15.8        2.2        9.7       12.3       20.5       13.6       11.5        7.5       12.2        5.8       13.6        5.9        9.9       15.6       18.3        5.7        9.3        7.2         10       20.8        8.2          0          0          0 
       5.9       18.4       16.3       15.3       11.2       12.8       14.8        9.4        4.1        9.8          3       11.5        6.7          0        7.4       11.2        9.5        9.3        7.7       18.3        4.1       16.7       18.5       15.2       12.3       14.2       15.4       10.3        5.6       11.7          2       11.9        5.7        1.5        9.8       11.6        7.8        8.8        7.9       15.5       14.7       11.9       15.1        8.9       13.5        8.5       14.5        8.4        8.8       11.8         14        9.7         14        7.3         13       10.4       12.5        1.2        7.7        9.5        7.3       22.2        4.5          0          0          0 
      12.4       16.9       17.9        7.9        4.1        5.5        8.9        6.2        4.4         14       10.4        7.3       10.2        7.4          0        5.3       16.7       16.7       15.1       18.6       10.9       16.4       20.4        7.9        4.9        6.8        9.2        6.2        7.7       16.2          9        8.6       10.9        8.6        3.4        6.2       14.7       16.2       15.4       14.1        9.3       14.4        7.8       12.3       10.3        2.4       11.8        4.9       16.2        9.7        8.6       15.4        7.3       13.9        9.2        6.3        9.6          7       15.1        6.3        0.1       15.6        2.9          0          0          0 
      14.6       21.6       23.3        7.7        6.6        6.2       11.7        3.6        7.1       19.2       13.9        2.9       15.4       11.2        5.3          0       20.7       19.9       18.3       23.8       13.5       21.5       25.7        8.3          5        5.3       11.5        2.6        8.5       21.4       13.2        4.6       15.8       12.7        1.9          1         19       19.3       18.9       18.9       12.5       19.8          8       17.5       14.7          3        7.5        3.5       19.4       14.6       11.9       20.3        9.5       18.4       13.5        2.6        5.6       11.2       18.8       11.3        5.4       16.6        7.3          0          0          0 
       8.7       21.1       15.7       24.3         20       21.8       22.4       18.6       13.6        8.5          7       20.7        9.4        9.5       16.7       20.7          0        4.2        4.5       18.9        8.4       18.5         17         24       21.5       23.5       23.1       19.6       13.8        8.7        7.6       20.9          7        8.1       19.3       21.1        2.3        4.4          3       18.9       21.8       11.8       23.9        9.5       19.1         18         23       17.7        4.1       16.9       21.3        5.3       22.2        3.4       19.2       19.8       21.3        9.7        2.4       16.3       16.5       29.9       13.8          0          0          0 
       5.9       24.3       19.5       24.7       20.6       22.2       23.8       17.2       12.9       12.1        6.3       19.3       11.9        9.3       16.7       19.9        4.2          0        1.6       22.5        6.4       21.8         21       24.6       21.7       23.5       24.4       18.3       11.9       12.6        8.1       19.1        9.4        8.3       18.8       20.1        5.6        0.6        1.8       21.8       23.4       15.3       24.4       12.7       21.3       17.5       20.8       16.6        0.5       19.2       22.8        9.2       23.2        6.5       21.2       18.5       19.4         10        2.7       17.9       16.6       31.3       13.8          0          0          0 
       4.5       23.3       18.9       23.1         19       20.6       22.3       15.6       11.2       11.4        4.7       17.7       10.8        7.7       15.1       18.3        4.5        1.6          0       21.8        4.8         21       20.6         23         20       21.9       22.9       16.7       10.4       12.3        6.6       17.6        8.4        6.8       17.2       18.5        5.2          1        1.4       20.8         22       14.6       22.8       11.8         20       15.9       19.4         15        1.1         18       21.4        8.9       21.6        5.9       19.9       16.8       17.9        8.4        2.2       16.5         15       29.8       12.2          0          0          0 
      23.3        4.6        3.4       20.8         18       19.6       15.2       24.6       20.2       10.4       19.4         26       11.7       18.3       18.6       23.8       18.9       22.5       21.8          0       21.7        2.4        4.1       19.9       20.3       22.1       16.1       24.9       23.5       10.3       17.2       27.2       13.7       17.5       21.9       24.8       16.9       22.4       20.7        5.4         14        7.2         20         10        9.9       21.1       30.4       23.3       22.2        9.2       14.2       13.6         17         16       11.2         25       28.2       17.1       19.8       12.4       18.5       20.1       18.1          0          0          0 
       1.7       22.2       19.3       18.8       14.9       16.4       18.9       10.7        6.6       12.2        2.3       12.8         10        4.1       10.9       13.5        8.4        6.4        4.8       21.7          0       20.3       21.3       18.9       15.7       17.4       19.4       11.8        5.5       13.7        4.4       12.7        8.1        4.2       12.5       13.6        7.7        5.8        5.8       19.4       18.8       14.8       18.7       11.7       17.7       11.3       14.7       10.1          6       15.9       18.1       10.8       17.9        7.7       17.2         12         13        5.3          6       13.7       10.8       26.2        8.1          0          0          0 
        22          3        4.4       18.3       15.6       17.1       12.8       22.5       18.3        9.9       18.1       23.8       10.4       16.7       16.4       21.5       18.5       21.8         21        2.4       20.3          0          6       17.4       17.9       19.7       13.7       22.7       21.6       10.4       15.8         25       12.6       16.1       19.6       22.5       16.3       21.7         20          3       11.5        6.7       17.6        9.1        7.4       18.8       28.3       21.2       21.4        6.8       11.7       13.3       14.6       15.3        8.7       22.8         26       15.5       19.1       10.1       16.3       17.9         16          0          0          0 
      22.8        8.7        2.4       23.8       20.5       22.3       18.5         26       21.2        9.2         19       27.6       11.7       18.5       20.4       25.7         17         21       20.6        4.1       21.3          6          0       22.9       22.9       24.8       19.4       26.5       24.1        8.3       17.1       28.7       13.2       17.5       23.8       26.7       15.4         21       19.3          9       17.3        6.6       23.1        9.6       13.1       22.8       31.9       24.8       20.7       11.9       17.4       11.8       20.1       14.6       14.3       26.6       29.6       17.5       18.4       14.7       20.3       23.9       19.3          0          0          0 
      20.4       16.4       20.6        0.9          4        2.5        4.8       11.7       12.3       19.3       18.2       11.3       15.8       15.2        7.9        8.3         24       24.6         23       19.9       18.9       17.4       22.9          0        3.5        3.3        4.2       10.9       15.3       21.4       16.6       12.9       17.4       16.2        7.6        9.2       21.8         24       23.1       14.4          6       18.5        0.3       17.4        9.9        8.3       15.6         11         24         11        5.7       21.7        2.8       20.8        8.6       10.9       13.9       14.6       22.7        8.9          8        8.2       10.7          0          0          0 
      17.1       17.5       20.5        3.2        2.3        1.2        6.8        8.2          9       17.9       15.3          8       14.2       12.3        4.9          5       21.5       21.7         20       20.3       15.7       17.9       22.9        3.5          0        2.1        6.5        7.5       11.8       20.1       13.9        9.6       15.4       13.5          4          6       19.4       21.1       20.3       15.1        7.7       17.7        3.3       16.1       10.7        4.8       12.5        7.4       21.1       11.1        7.2       19.8        4.5       18.6        9.4        7.5       10.6       11.8         20        8.2          5       11.8        7.8          0          0          0 
      18.8         19       22.4        2.5        4.3        2.5        7.7        8.9       10.7         20       17.2        8.2       16.3       14.2        6.8        5.3       23.5       23.5       21.9       22.1       17.4       19.7       24.8        3.3        2.1          0        7.3          8       13.2       22.2       15.9        9.8       17.5       15.5        5.1        6.1       21.5         23       22.2       16.8        8.9       19.7          3       18.2       12.3        6.2       12.4        8.4         23       12.9        8.4       21.9        5.5       20.6         11        7.9       10.7       13.8         22       10.2          7       11.3        9.7          0          0          0 
      21.1       12.4       17.2        5.1        5.2        5.3        0.9       14.4       13.5       17.2       18.3       14.5       14.2       15.4        9.2       11.5       23.1       24.4       22.9       16.1       19.4       13.7       19.4        4.2        6.5        7.3          0       13.9         17       19.1       16.3       16.1       16.2       16.1       10.3       12.5       20.8         24       22.8       10.6        2.1       15.8        4.4       15.3        6.3       10.5       19.1       13.4       23.9        7.9        2.1         20          2       19.8        5.2       13.9       17.2       14.5       22.2        6.9        9.2        6.8       11.4          0          0          0 
      12.7       23.1         24       10.3        8.7        8.7       13.9        1.2        6.2       19.2       12.6        1.2       15.5       10.3        6.2        2.6       19.6       18.3       16.7       24.9       11.8       22.7       26.5       10.9        7.5          8       13.9          0        6.5       21.3       12.4        2.3       15.5       11.8        3.6        2.1       18.1       17.7       17.5       20.3       14.6       20.2       10.6       17.7       16.4        3.9        5.6        1.9       17.9         16         14       19.9       11.8       17.6       15.3        0.1        3.4       10.6       17.5       12.6        6.3       19.2        7.3          0          0          0 
       6.2       22.9       21.7       15.1       11.8       12.8       16.7        5.3        3.6       15.5        6.8        7.4       12.3        5.6        7.7        8.5       13.8       11.9       10.4       23.5        5.5       21.6       24.1       15.3       11.8       13.2         17        6.5          0       17.4        7.5        7.1       11.3          7          8        8.4       12.7       11.3       11.3         20       16.9       17.4       15.1       14.5       17.1          7        9.3          5       11.5       15.9       16.2       15.2       15.1       12.4       16.3        6.6        7.5        6.6       11.5       12.8        7.7       23.3        6.1          0          0          0 
      14.9       13.3          7         22       17.9       19.9       18.2       20.6       15.3        2.1       11.4       22.5          6       11.7       16.2       21.4        8.7       12.6       12.3       10.3       13.7       10.4        8.3       21.4       20.1       22.2       19.1       21.3       17.4          0        9.9       23.3          6       10.4       19.5       22.1        7.1       12.7       10.9       11.6       17.3        3.9       21.4          4       13.5       18.3       26.2       19.4       12.4       11.4         17        3.4       18.9        6.4       14.1       21.5         24         11         10       12.5         16       25.2       14.1          0          0          0 
       6.1       17.8       14.9       16.8       12.6       14.3       15.7       11.4        6.2        8.1        2.3       13.6        5.5          2          9       13.2        7.6        8.1        6.6       17.2        4.4       15.8       17.1       16.6       13.9       15.9       16.3       12.4        7.5        9.9          0         14        3.9        0.5       11.7       13.7        5.8        7.6        6.5         15       15.3       10.4       16.5        7.4       13.6       10.4       16.6       10.5        7.5       11.7       14.8        7.6       15.1        5.2       13.3       12.5       14.6          2        6.1        9.9        8.9       23.2        6.2          0          0          0 
      13.2       25.5       26.2       12.2         11       10.8       16.2        2.6        7.9       21.2       13.8        1.6       17.5       11.9        8.6        4.6       20.9       19.1       17.6       27.2       12.7         25       28.7       12.9        9.6        9.8       16.1        2.3        7.1       23.3         14          0       17.3       13.4        5.9        3.6       19.5       18.5       18.5       22.7       16.9       22.4       12.6       19.8       18.8        6.2        3.2        3.9       18.7       18.4       16.3       21.6       14.1       19.1       17.6        2.3          1       12.4       18.6         15        8.7       21.1        9.4          0          0          0 
       9.6       14.9       11.2       17.8       13.6       15.5       15.4       14.7        9.3        4.2        5.7       16.7        2.4        5.7       10.9       15.8          7        9.4        8.4       13.7        8.1       12.6       13.2       17.4       15.4       17.5       16.2       15.5       11.3          6        3.9       17.3          0        4.4       14.1       16.5        4.7        9.2        7.5       12.4       14.8        6.7       17.4        3.6       12.1       12.8       20.1       13.6          9        9.9       14.3        4.5       15.4        3.6       12.2       15.6         18        4.9        6.8        9.3       10.8       22.9        8.4          0          0          0 
       5.9         18       15.3       16.4       12.2       13.9       15.4       10.9        5.6        8.6        2.3         13        5.8        1.5        8.6       12.7        8.1        8.3        6.8       17.5        4.2       16.1       17.5       16.2       13.5       15.5       16.1       11.8          7       10.4        0.5       13.4        4.4          0       11.2       13.1        6.3        7.9        6.8       15.2       15.2       10.8       16.1        7.8       13.6        9.9         16        9.9        7.8       11.7       14.6        8.2       14.8        5.7       13.3       11.9         14        1.6        6.4        9.8        8.5         23        5.7          0          0          0 
      13.8       19.8       21.3        7.1        5.1        5.2       10.3        4.1        5.9       17.4       12.6        4.4       13.5        9.8        3.4        1.9       19.3       18.8       17.2       21.9       12.5       19.6       23.8        7.6          4        5.1       10.3        3.6          8       19.5       11.7        5.9       14.1       11.2          0        2.8       17.5       18.2       17.7       17.1         11       17.9        7.3       15.7         13        1.3        9.1        3.4       18.3       12.8       10.3       18.6        8.2       16.8       11.8        3.6          7        9.7       17.5        9.4        3.5       15.8        5.6          0          0          0 
      14.6       22.6       24.2        8.5        7.6        7.2       12.7        3.2        7.5         20       14.2          2       16.1       11.6        6.2          1       21.1       20.1       18.5       24.8       13.6       22.5       26.7        9.2          6        6.1       12.5        2.1        8.4       22.1       13.7        3.6       16.5       13.1        2.8          0       19.5       19.5       19.2       19.9       13.5       20.6        8.9       18.3       15.8        3.8        6.5        3.5       19.6       15.6       12.9       20.9       10.5       18.9       14.6          2        4.6       11.8       19.1       12.3        6.3       17.4          8          0          0          0 
       8.5         19       13.9       22.1       17.9       19.7       20.1       17.1       11.9        6.5        5.8       19.3          7        7.8       14.7         19        2.3        5.6        5.2       16.9        7.7       16.3       15.4       21.8       19.4       21.5       20.8       18.1       12.7        7.1        5.8       19.5        4.7        6.3       17.5       19.5          0        5.6        3.8       16.6       19.5        9.7       21.7        7.3       16.7       16.2         22       16.2        5.3       14.6         19        3.7       19.9        1.1       16.9       18.3       20.1        7.8        2.9       13.9       14.5       27.6       11.9          0          0          0 
       5.3       24.1       19.4       24.1         20       21.6       23.3       16.5       12.3         12        5.8       18.7       11.6        8.8       16.2       19.3        4.4        0.6          1       22.4        5.8       21.7         21         24       21.1         23         24       17.7       11.3       12.7        7.6       18.5        9.2        7.9       18.2       19.5        5.6          0        1.7       21.6         23       15.2       23.9       12.5         21       16.9       20.2         16        0.3       18.9       22.4        9.2       22.7        6.4       20.8       17.8       18.7        9.5        2.6       17.5       16.1       30.9       13.3          0          0          0 
       5.8       22.4       17.7       23.2       19.1       20.8       22.1       16.4       11.7       10.3          5       18.5         10        7.9       15.4       18.9          3        1.8        1.4       20.7        5.8         20       19.3       23.1       20.3       22.2       22.8       17.5       11.3       10.9        6.5       18.5        7.5        6.8       17.7       19.2        3.8        1.7          0       19.9       21.7       13.5         23       10.8       19.5       16.3       20.5       15.7        1.4       17.4       21.1        7.5       21.6        4.7       19.4       17.6       18.8        8.5        0.8       16.2       15.2       29.6       12.5          0          0          0 
      21.2        2.9          7       15.3       12.8       14.3        9.8       20.3       16.4       10.6       17.3       21.4        9.9       15.5       14.1       18.9       18.9       21.8       20.8        5.4       19.4          3          9       14.4       15.1       16.8       10.6       20.3         20       11.6         15       22.7       12.4       15.2       17.1       19.9       16.6       21.6       19.9          0        8.5        7.7       14.6        9.3        4.5       16.4         26         19       21.4        4.3        8.7       14.1       11.6       15.5        5.8       20.4       23.8       14.3       19.1        7.7         14         15       14.1          0          0          0 
      20.5       10.4       15.1          7        5.9        6.6        1.2         15       13.3       15.5       17.5       15.4       12.6       14.7        9.3       12.5       21.8       23.4         22         14       18.8       11.5       17.3          6        7.7        8.9        2.1       14.6       16.9       17.3       15.3       16.9       14.8       15.2         11       13.5       19.5         23       21.7        8.5          0       13.8        6.2       13.6        4.2         11         20       13.9       22.9        5.9        0.6       18.4        3.3       18.4        3.1       14.7         18       13.7       21.1        5.5        9.3        8.1         11          0          0          0 
      16.3        9.5        4.4       19.2       15.4       17.3       14.9       19.7       14.6        3.2       12.5       21.4        5.1       11.9       14.4       19.8       11.8       15.3       14.6        7.2       14.8        6.7        6.6       18.5       17.7       19.7       15.8       20.2       17.4        3.9       10.4       22.4        6.7       10.8       17.9       20.6        9.7       15.2       13.5        7.7       13.8          0       18.5          3        9.8       16.8       25.4       18.4         15        7.9       13.6        6.6       15.8        8.8       10.6       20.3       23.3       10.8       12.6        9.6       14.3       21.6       12.9          0          0          0 
      20.2       16.6       20.7        0.7        3.8        2.3          5       11.4       12.1       19.3       18.1         11       15.8       15.1        7.8          8       23.9       24.4       22.8         20       18.7       17.6       23.1        0.3        3.3          3        4.4       10.6       15.1       21.4       16.5       12.6       17.4       16.1        7.3        8.9       21.7       23.9         23       14.6        6.2       18.5          0       17.4       10.1          8       15.3       10.7       23.9       11.2        5.9       21.6        2.9       20.8        8.8       10.6       13.6       14.4       22.6        8.9        7.9        8.5       10.6          0          0          0 
      13.3       11.6        7.5         18       13.9       15.9       14.4       17.1       11.9        1.9        9.4       18.9        2.2        8.9       12.3       17.5        9.5       12.7       11.8         10       11.7        9.1        9.6       17.4       16.1       18.2       15.3       17.7       14.5          4        7.4       19.8        3.6        7.8       15.7       18.3        7.3       12.5       10.8        9.3       13.6          3       17.4          0       10.1       14.5       22.8       15.9       12.3        7.9       13.2        4.9         15        6.2       10.6       17.8       20.6        7.9         10        8.5       12.1       21.7       10.4          0          0          0 
      19.4        6.8       10.9       10.8        8.4        9.8        5.4       16.5       13.4       11.9       15.9       17.3        9.7       13.5       10.3       14.7       19.1       21.3         20        9.9       17.7        7.4       13.1        9.9       10.7       12.3        6.3       16.4       17.1       13.5       13.6       18.8       12.1       13.6         13       15.8       16.7         21       19.5        4.5        4.2        9.8       10.1       10.1          0       12.5         22       15.2       20.8        2.1        4.2       15.1        7.1       15.6        1.3       16.5       19.9       12.3       18.8        4.2       10.2       11.7         11          0          0          0 
      12.5       19.2       20.4          8        5.2        5.8       10.4          4        4.6       16.2       11.3        4.9       12.3        8.5        2.4          3         18       17.5       15.9       21.1       11.3       18.8       22.8        8.3        4.8        6.2       10.5        3.9          7       18.3       10.4        6.2       12.8        9.9        1.3        3.8       16.2       16.9       16.3       16.4         11       16.8          8       14.5       12.5          0        9.5        2.9         17       12.1       10.3       17.3        8.5       15.4       11.4        3.9        7.3        8.3       16.2        8.7        2.5       16.5        4.3          0          0          0 
      14.9       28.7       29.4       14.9       14.1       13.7       19.2        5.8       10.9       24.1       16.1        4.6       20.5       14.5       11.8        7.5         23       20.8       19.4       30.4       14.7       28.3       31.9       15.6       12.5       12.4       19.1        5.6        9.3       26.2       16.6        3.2       20.1         16        9.1        6.5         22       20.2       20.5         26         20       25.4       15.3       22.8         22        9.5          0        7.1       20.4       21.6       19.4       24.3         17       21.6       20.9        5.5        2.2       15.2       20.7       18.2       11.9       23.7       12.5          0          0          0 
      11.1       21.8       22.3       10.5        8.1        8.5       13.3        1.2        4.3       17.3       10.7        3.1       13.6        8.4        4.9        3.5       17.7       16.6         15       23.3       10.1       21.2       24.8         11        7.4        8.4       13.4        1.9          5       19.4       10.5        3.9       13.6        9.9        3.4        3.5       16.2         16       15.7         19       13.9       18.4       10.7       15.9       15.2        2.9        7.1          0       16.1       14.6       13.2       17.9       11.4       15.7       14.2          2        4.8        8.7       15.7       11.3          5       19.2        5.5          0          0          0 
       5.5       23.9       19.2       24.2         20       21.7       23.2       16.7       12.4       11.7        5.8       18.8       11.5        8.8       16.2       19.4        4.1        0.5        1.1       22.2          6       21.4       20.7         24       21.1         23       23.9       17.9       11.5       12.4        7.5       18.7          9        7.8       18.3       19.6        5.3        0.3        1.4       21.4       22.9         15       23.9       12.3       20.8         17       20.4       16.1          0       18.8       22.3        8.9       22.7        6.2       20.7         18       18.9        9.5        2.3       17.4       16.1       30.8       13.3          0          0          0 
      17.7        7.1        9.5       11.9        8.8       10.4          7       15.9       12.2        9.7         14         17        7.5       11.8        9.7       14.6       16.9       19.2         18        9.2       15.9        6.8       11.9         11       11.1       12.9        7.9         16       15.9       11.4       11.7       18.4        9.9       11.7       12.8       15.6       14.6       18.9       17.4        4.3        5.9        7.9       11.2        7.9        2.1       12.1       21.6       14.6       18.8          0        5.8       12.9        8.3       13.5        2.7       16.1       19.4       10.6       16.7        3.3        9.6       13.8        9.9          0          0          0 
      19.9       10.7       15.1        6.7        5.3        6.1        1.2       14.3       12.6       15.1       16.8       14.7       12.2         14        8.6       11.9       21.3       22.8       21.4       14.2       18.1       11.7       17.4        5.7        7.2        8.4        2.1         14       16.2         17       14.8       16.3       14.3       14.6       10.3       12.9         19       22.4       21.1        8.7        0.6       13.6        5.9       13.2        4.2       10.3       19.4       13.2       22.3        5.8          0         18        2.9       17.9        3.1         14       17.4         13       20.6          5        8.6        8.6       10.4          0          0          0 
      11.9       16.1       10.4       22.1       17.9       19.8       19.1         19       13.6        3.4        8.6       21.1        5.8        9.7       15.4       20.3        5.3        9.2        8.9       13.6       10.8       13.3       11.8       21.7       19.8       21.9         20       19.9       15.2        3.4        7.6       21.6        4.5        8.2       18.6       20.9        3.7        9.2        7.5       14.1       18.4        6.6       21.6        4.9       15.1       17.3       24.3       17.9        8.9       12.9         18          0       19.5        3.1       15.5         20       22.3        9.2        6.6       13.1       15.3       26.5       12.9          0          0          0 
      19.5       13.7       17.8        3.7        3.3        3.3        2.2       12.4       11.7       16.9         17       12.4       13.6         14        7.3        9.5       22.2       23.2       21.6         17       17.9       14.6       20.1        2.8        4.5        5.5          2       11.8       15.1       18.9       15.1       14.1       15.4       14.8        8.2       10.5       19.9       22.7       21.6       11.6        3.3       15.8        2.9         15        7.1        8.5         17       11.4       22.7        8.3        2.9       19.5          0       18.9        5.8       11.8       15.1       13.2       21.1        6.4        7.4        8.3        9.8          0          0          0 
       8.7       17.9         13       21.2       16.9       18.8         19       16.7       11.4        5.5        5.6       18.8        5.9        7.3       13.9       18.4        3.4        6.5        5.9         16        7.7       15.3       14.6       20.8       18.6       20.6       19.8       17.6       12.4        6.4        5.2       19.1        3.6        5.7       16.8       18.9        1.1        6.4        4.7       15.5       18.4        8.8       20.8        6.2       15.6       15.4       21.6       15.7        6.2       13.5       17.9        3.1       18.9          0       15.8       17.7       19.7        7.1        3.8       12.9       13.7       26.5       11.1          0          0          0 
        19        8.1         12        9.5        7.1        8.5        4.3       15.4       12.6       12.4       15.6       16.2        9.9         13        9.2       13.5       19.2       21.2       19.9       11.2       17.2        8.7       14.3        8.6        9.4         11        5.2       15.3       16.3       14.1       13.3       17.6       12.2       13.3       11.8       14.6       16.9       20.8       19.4        5.8        3.1       10.6        8.8       10.6        1.3       11.4       20.9       14.2       20.7        2.7        3.1       15.5        5.8       15.8          0       15.3       18.7       11.9       18.8        3.5        9.2       11.1       10.2          0          0          0 
      12.8       23.2       24.1       10.3        8.7        8.7       13.9        1.3        6.3       19.3       12.7          1       15.6       10.4        6.3        2.6       19.8       18.5       16.8         25         12       22.8       26.6       10.9        7.5        7.9       13.9        0.1        6.6       21.5       12.5        2.3       15.6       11.9        3.6          2       18.3       17.8       17.6       20.4       14.7       20.3       10.6       17.8       16.5        3.9        5.5          2         18       16.1         14         20       11.8       17.7       15.3          0        3.4       10.7       17.7       12.7        6.4       19.2        7.4          0          0          0 
      13.4       26.5       27.2       13.2       12.1       11.8       17.3        3.5        8.7         22       14.3        2.6       18.3       12.5        9.6        5.6       21.3       19.4       17.9       28.2         13         26       29.6       13.9       10.6       10.7       17.2        3.4        7.5         24       14.6          1         18         14          7        4.6       20.1       18.7       18.8       23.8         18       23.3       13.6       20.6       19.9        7.3        2.2        4.8       18.9       19.4       17.4       22.3       15.1       19.7       18.7        3.4          0       13.1         19         16        9.7       22.1       10.3          0          0          0 
         7       17.1       15.2       14.7       10.6       12.2       13.9        9.8        4.4          9        3.8       11.8        5.7        1.2          7       11.2        9.7         10        8.4       17.1        5.3       15.5       17.5       14.6       11.8       13.8       14.5       10.6        6.6         11          2       12.4        4.9        1.6        9.7       11.8        7.8        9.5        8.5       14.3       13.7       10.8       14.4        7.9       12.3        8.3       15.2        8.7        9.5       10.6         13        9.2       13.2        7.1       11.9       10.7       13.1          0        8.1        8.4        6.8       21.4        4.1          0          0          0 
       6.3       21.6       16.8       22.9       18.7       20.4       21.5       16.4       11.6        9.4        4.9       18.6        9.3        7.7       15.1       18.8        2.4        2.7        2.2       19.8          6       19.1       18.4       22.7         20         22       22.2       17.5       11.5         10        6.1       18.6        6.8        6.4       17.5       19.1        2.9        2.6        0.8       19.1       21.1       12.6       22.6         10       18.8       16.2       20.7       15.7        2.3       16.7       20.6        6.6       21.1        3.8       18.8       17.7         19        8.1          0       15.6         15       29.1       12.2          0          0          0 
      15.4       10.5       12.2        9.5        5.8        7.7        6.1       12.5        9.2       10.5       12.1       13.7        7.2        9.5        6.3       11.3       16.3       17.9       16.5       12.4       13.7       10.1       14.7        8.9        8.2       10.2        6.9       12.6       12.8       12.5        9.9         15        9.3        9.8        9.4       12.3       13.9       17.5       16.2        7.7        5.5        9.6        8.9        8.5        4.2        8.7       18.2       11.3       17.4        3.3          5       13.1        6.4       12.9        3.5       12.7         16        8.4       15.6          0        6.3       13.6        6.7          0          0          0 
      12.3       16.8       17.8          8        4.2        5.6        8.9        6.2        4.3       13.9       10.3        7.4         10        7.3        0.1        5.4       16.5       16.6         15       18.5       10.8       16.3       20.3          8          5          7        9.2        6.3        7.7         16        8.9        8.7       10.8        8.5        3.5        6.3       14.5       16.1       15.2         14        9.3       14.3        7.9       12.1       10.2        2.5       11.9          5       16.1        9.6        8.6       15.3        7.4       13.7        9.2        6.4        9.7        6.8         15        6.3          0       15.7        2.7          0          0          0 
      27.9       15.6       22.1        8.8       11.5       10.7        7.5         20       20.1       23.5       25.2       19.5       20.8       22.2       15.6       16.6       29.9       31.3       29.8       20.1       26.2       17.9       23.9        8.2       11.8       11.3        6.8       19.2       23.3       25.2       23.2       21.1       22.9         23       15.8       17.4       27.6       30.9       29.6         15        8.1       21.6        8.5       21.7       11.7       16.5       23.7       19.2       30.8       13.8        8.6       26.5        8.3       26.5       11.1       19.2       22.1       21.4       29.1       13.6       15.7          0       18.1          0          0          0 
       9.7         17       16.8       10.8        6.8        8.3       10.9        6.7        2.4         12        7.5        8.5        8.2        4.5        2.9        7.3       13.8       13.8       12.2       18.1        8.1         16       19.3       10.7        7.8        9.7       11.4        7.3        6.1       14.1        6.2        9.4        8.4        5.7        5.6          8       11.9       13.3       12.5       14.1         11       12.9       10.6       10.4         11        4.3       12.5        5.5       13.3        9.9       10.4       12.9        9.8       11.1       10.2        7.4       10.3        4.1       12.2        6.7        2.7       18.1          0          0          0          0 
         0          0          0          0          0          0          0          0          0          0          0          0          0          0          0          0          0          0          0          0          0          0          0          0          0          0          0          0          0          0          0          0          0          0          0          0          0          0          0          0          0          0          0          0          0          0          0          0          0          0          0          0          0          0          0          0          0          0          0          0          0          0          0          0          0          0 
         0          0          0          0          0          0          0          0          0          0          0          0          0          0          0          0          0          0          0          0          0          0          0          0          0          0          0          0          0          0          0          0          0          0          0          0          0          0          0          0          0          0          0          0          0          0          0          0          0          0          0          0          0          0          0          0          0          0          0          0          0          0          0          0          0          0 
         0          0          0          0          0          0          0          0          0          0          0          0          0          0          0          0          0          0          0          0          0          0          0          0          0          0          0          0          0          0          0          0          0          0          0          0          0          0          0          0          0          0          0          0          0          0          0          0          0          0          0          0          0          0          0          0          0          0          0          0          0          0          0          0          0          0 
Version identifier: 22.1.1.0 | 2022-11-28 | 9160aff4d
CPXPARAM_Threads                                 1
CPXPARAM_TimeLimit                               7200
Tried aggregator 2 times.
MIP Presolve eliminated 2375 rows and 6017 columns.
MIP Presolve modified 2008 coefficients.
Aggregator did 29 substitutions.
Reduced MIP has 432 rows, 1148 columns, and 3695 nonzeros.
Reduced MIP has 1132 binaries, 0 generals, 0 SOSs, and 0 indicators.
Presolve time = 0.01 sec. (13.94 ticks)
Found incumbent of value -28.827000 after 0.02 sec. (21.54 ticks)
Probing time = 0.00 sec. (3.12 ticks)
Tried aggregator 2 times.
Detecting symmetries...
MIP Presolve eliminated 17 rows and 34 columns.
MIP Presolve modified 92 coefficients.
Aggregator did 2 substitutions.
Reduced MIP has 413 rows, 1112 columns, and 3556 nonzeros.
Reduced MIP has 1096 binaries, 0 generals, 0 SOSs, and 0 indicators.
Presolve time = 0.00 sec. (3.78 ticks)
Probing time = 0.00 sec. (3.14 ticks)
Clique table members: 2424.
MIP emphasis: balance optimality and feasibility.
MIP search method: dynamic search.
Parallel mode: none, using 1 thread.
Root relaxation solution time = 0.00 sec. (3.21 ticks)

        Nodes                                         Cuts/
   Node  Left     Objective  IInf  Best Integer    Best Bound    ItCnt     Gap

*     0+    0                          -28.8270       86.4490           399.89%
*     0     0      integral     0        7.9270        7.9270      204    0.00%
Elapsed time = 0.03 sec. (38.30 ticks, tree = 0.00 MB, solutions = 2)

Root node processing (before b&c):
  Real time             =    0.03 sec. (38.56 ticks)
Sequential b&c:
  Real time             =    0.00 sec. (0.00 ticks)
                          ------------
Total (root+branch&cut) =    0.03 sec. (38.56 ticks)

Sol status: Optimal
 Total Time: 0.04
 LB: 7.927
 UB: 7.927
Initializing solStats

Obj Val: 7.92699999999999

Solve Time: 0.04
b(0): 13.6
b(1): 16.4333333333333
b(2): 14.8
b(3): 14.7
b(4): 16.3833333333333
b(5): 9.36666666666667
b(6): 17.2166666666667
b(7): 12.7166666666667
b(8): 11.2833333333333
b(9): 16.5333333333333
b(10): 17.2833333333333
b(11): 13
b(12): 12.8166666666667
b(13): 17.1166666666667
b(14): 15.85
b(15): 10.8166666666667
b(16): 11.7833333333333
b(17): 11.35
b(18): 12.4666666666667
b(19): 10.7
b(20): 13.7247967681935
b(21): 16.589837434067
b(22): 14.9418699472536
b(23): 14.9719512302201
b(24): 16.522764255007
b(25): 9.51097563950031
b(26): 17.4886178968868
b(27): 12.8873983739837
b(28): 11.6211382542138
b(29): 16.6678862038469
b(30): 17.5894309216736
b(31): 13.1223577426135
b(32): 13.125203280587
b(33): 17.4032520503669
b(34): 16.0162602030538
b(35): 10.9243902558001
b(36): 12.0894309216736
b(37): 11.4479674868134
b(38): 12.5841463581202
b(39): 10.915040714654
b(40): 9.61666666666667
b(41): 14.2833333333333
b(42): 13.4
b(43): 9.5
b(44): 12.4166666666667
b(45): 11.8833333333333
b(46): 15.55
b(47): 14.0333333333333
b(48): 14.95
b(49): 15.1666666666667
b(50): 10.7166666666667
b(51): 15.3833333333333
b(52): 14.5
b(53): 10.6
b(54): 13.5166666666667
b(55): 12.9833333333333
b(56): 16.65
b(57): 15.1333333333333
b(58): 16.0833333333333
b(59): 16.3333333333333
b(60): 9
b(61): 9
b(62): 9
b(63): 19
b(64): 19
b(65): 19


Customer profit: 108.575
Parcel profit: 0
Costs: 100.648
Without fixed: 100.648

Solution: 
Vehicle 0: 60 - 5 - 25 - 15 - 35 - 8 - 28 - 7 - 27 - 11 - 31 - 3 - 23 - 14 - 34 - 4 - 24 - 6 - 26 - 63 - Total time: 8.48861789688678
Vehicle 1: 61 - 19 - 39 - 12 - 32 - 2 - 22 - 1 - 21 - 13 - 33 - 64 - Total time: 8.40325205036686
Vehicle 2: 62 - 17 - 37 - 16 - 36 - 18 - 38 - 0 - 20 - 9 - 29 - 10 - 30 - 65 - Total time: 8.58943092167362

Vehicle 0: d - P - d - D - d - P - d - P - d - D - d - P - d - D - d - P - d - P - f
Vehicle 1: d - D - d - D - d - P - d - P - d - D - f
Vehicle 2: d - D - d - D - d - D - d - P - d - P - d - D - f

************************************
Final solution value: 7.92699999999999
************************************

Total distance: 218.8

Total passenger distance: 42.5

Total parcel distance: 0

Total combined transportation distance: 0

Total idle distance: 176.3
File exists: 1
partial: 
CSV file 'TreatResults/FullResults/fip1ADcsarpM.csv' generated successfully!
Instance Name: sarp-20-10-B-1

K: 3
Dist Matrix: 
         0        6.4         12       19.5        3.2       15.7         10       18.2          4        9.9       14.4       22.4        9.6       18.7        9.2       13.6       16.4       17.9       15.3        8.8        2.1          7       12.6       21.9        3.2       13.5        8.3       23.4        3.5       12.6       17.7       18.5        8.5       20.9          5       16.4         17       12.8       16.2        5.2        6.4       13.1         12        6.8       21.7       22.9        6.3       18.1       20.5       22.4        8.8         15       11.6       10.3       19.7       22.1       12.6       22.5       17.8       12.5        6.2       18.1       11.1          0          0          0 
       6.4          0        5.6       19.1        9.4       18.1          5       15.6        5.5       11.6       14.4       23.5        5.9       20.7       15.6        8.8       16.2         18       18.8         15        8.3          4        6.2       20.9        8.5       16.8        4.2       21.3        6.5       14.5       17.3       20.5        2.7       22.2       11.3       13.4       17.5       14.9       19.3       10.4       11.5       18.4        7.5       10.3       24.6       21.9       12.7       22.1       18.4       26.1       12.3       19.9        8.6        9.3       22.7         24       14.7       25.6       14.8       16.1        0.3       14.6       16.4          0          0          0 
        12        5.6          0       20.7         15       21.7        5.4       15.6       10.6       15.5       16.8       25.9        7.5         24       21.2        7.4       18.3       20.1       23.1       20.5       13.9        7.5        0.8       21.9       13.9       21.1        6.5       21.2       11.7       18.1       19.1       23.8        4.3       24.8         17       13.2       19.9       18.7       23.3       15.7       16.8       23.6        7.1       15.2       28.3       22.7       18.3       26.5       18.6       30.3       16.9       24.9        9.6       11.9       26.5         27       18.4       29.3       14.6       20.6        5.8       13.8       21.7          0          0          0 
      19.5       19.1       20.7          0       21.7          8       15.4        6.7       15.7        9.9          5        5.9       13.5        7.2       21.4       13.8          3        1.9       11.4       19.9       18.6         15       20.4        2.9       17.1       10.7       15.1        6.4       15.9          8        1.8        7.2       17.4        5.5       19.9        8.4        3.2        8.5       10.1       16.5       16.2       17.2       13.6       13.5       11.7        3.7       20.3       13.8        5.2       14.9       12.4       16.3       11.1        9.8       10.8        8.3        8.5       12.7        7.8       11.6       19.3        9.4         17          0          0          0 
       3.2        9.4         15       21.7          0       16.9       13.2       21.1          7       11.8       16.7         24       12.8         20        7.1       16.8       18.7         20       15.9        7.2          3       10.3       15.6       24.3        4.5       14.3       11.5       26.1        6.1       14.3         20       19.7       11.7       22.5        3.4       19.4         19       14.2         17        5.6        6.6       12.4       15.3        8.3       22.3       25.2        4.4       18.2       23.2       22.6         10       14.5       14.7       13.1       20.4       23.3       14.1       23.1       20.7       13.2        9.1       21.2       10.4          0          0          0 
      15.7       18.1       21.7          8       16.9          0       16.3       12.9         13        6.4        6.3        7.4       14.2          3       14.5       16.6        6.7        6.2        3.3         13       14.1       14.4       21.7         11       12.6          3       15.1       14.4       12.6        3.6        7.4        2.8       17.5        5.8       14.2       13.3          5        3.1        2.2       11.2       10.4        9.3       15.7        8.8        6.6       11.6       14.2        6.1       12.7        8.8        6.9        8.3         13        9.9        4.8        6.4        3.3        7.6       13.5        4.2       18.1       15.1        9.5          0          0          0 
        10          5        5.4       15.4       13.2       16.3          0         11        6.9       10.3       11.3       20.5        2.1       18.5       18.2        3.8       12.8       14.7         18       17.2       11.1        3.2        5.3       16.8       10.7         16        1.8       16.7        8.2       12.8       13.7       18.4        2.4       19.3       14.2        8.6       14.5       13.4         18       12.1         13       19.3        2.5       10.7         23       17.7       15.4       21.4       13.8         25       12.2       20.3        4.2        6.4       21.1       21.5       13.2         24         10       15.6        5.3        9.7       17.5          0          0          0 
      18.2       15.6       15.6        6.7       21.1       12.9         11          0       14.2         11        6.8       12.7        9.7       13.2         23        8.2        6.2        7.5         16       21.6       18.2         12       15.1        6.6       16.9       14.7       11.4        5.7       14.9       10.9          6       13.2       13.3       12.2       20.3        2.3        8.2       11.6       15.1       17.1       17.3       20.6        8.6       14.2         18        7.3       21.2       19.1        2.9       21.1       14.1       20.4          7          8       16.8         15       11.5       19.1        1.1       15.1       15.9        2.7       19.7          0          0          0 
         4        5.5       10.6       15.7          7         13        6.9       14.2          0        6.7       10.7       19.2        5.9       15.9       11.2       10.1       12.7       14.2       13.4       10.2        4.3        3.7       10.9         18        3.7       11.4        5.1       19.3        1.2        9.6       13.9       15.6        6.3       17.7        7.3       12.4       13.4        9.9         14        5.2        6.2         13        8.5        4.8       19.4         19        8.5       16.6       16.4       20.7        6.8       14.4        7.7        6.3       17.5       19.2        9.7       20.3       13.7       10.7        5.4       14.1         11          0          0          0 
       9.9       11.6       15.5        9.9       11.8        6.4       10.3         11        6.7          0        5.1       12.6        8.3        9.2         12       11.5          7        8.2        7.6       10.6        8.7          8       15.5       12.7        7.2        5.6        8.9       14.9        6.5        2.9        8.3        8.9       11.2       11.1         10       10.2        7.1        3.3        7.8        6.6        6.4         10       10.3        3.6         13       13.6       10.5         11       12.3       14.7          3       10.4        7.8        4.5       11.1       12.5          3         14       11.1        5.3       11.6       12.3        8.8          0          0          0 
      14.4       14.4       16.8          5       16.7        6.3       11.3        6.8       10.7        5.1          0        9.1        9.3        7.5         17       10.7          2        3.6        9.2       15.5       13.6       10.3       16.6        7.6       12.1        7.8       10.6        9.9       10.9        4.1        3.2        7.4       13.1          8       15.1          7        3.1        4.8        8.5       11.7       11.5       13.9       10.1        8.7       12.3        8.5       15.6       12.4        7.4         15        7.9       13.6        7.3        5.1       10.7       10.2        4.7       13.4        7.3        8.3       14.5        8.8       13.1          0          0          0 
      22.4       23.5       25.9        5.9         24        7.4       20.5       12.7       19.2       12.6        9.1          0       18.5        4.5       21.9       19.4        7.7        5.8        9.9       20.4       21.1       19.5       25.7        7.2       19.6       10.4       19.8         11       19.1        9.8        7.1        4.8       22.2        1.5       21.6       14.3          6        9.7        8.4       18.4       17.7       16.3         19       15.7        7.1        7.2       21.6       10.9       10.8       10.4         14       14.8       16.3       14.3        7.1          3        9.9        7.8       13.7       11.6       23.6       15.4       16.8          0          0          0 
       9.6        5.9        7.5       13.5       12.8       14.2        2.1        9.7        5.9        8.3        9.3       18.5          0       16.4         17        4.1       10.9       12.7       15.9       15.9       10.3        2.5        7.4       15.1        9.6       13.9        1.7       15.3        7.1       10.7       11.8       16.2        3.9       17.3       13.2        7.5       12.4       11.3       15.9       10.8       11.6       17.5        2.6          9       20.9         16       14.4       19.4       12.4       22.9       10.3       18.4        2.6        4.3         19       19.5       11.1       21.9        8.9       13.6        6.2        8.9       15.8          0          0          0 
      18.7       20.7         24        7.2         20          3       18.5       13.2       15.9        9.2        7.5        4.5       16.4          0       17.3       18.3          7        5.7        5.3       15.9       17.2       16.9       23.8        9.7       15.7        5.9       17.5       13.5       15.5        6.2        7.2        0.2       19.9        3.1       17.3       14.2          5        5.9        3.8       14.3       13.5       11.7       17.6       11.8        4.8       10.1       17.3        6.8       12.3        7.8         10       10.3       14.8         12        3.6        3.3        6.2        5.9       14.1        7.1       20.8       15.7       12.2          0          0          0 
       9.2       15.6       21.2       21.4        7.1       14.5       18.2         23       11.2         12         17       21.9         17       17.3          0       21.1       18.7       19.4       12.2        1.5        7.3       14.9       21.7       24.3        7.4       11.4       16.3       26.9        9.9       13.3         20       17.1       17.3       20.3        4.2       21.9       18.2       12.9       13.7        6.2        5.7        6.7       19.6        8.8       18.2       25.1        2.9       13.4       24.4       17.6          9        8.9       18.1       15.4       16.5       20.3       12.8       18.7         23       10.3       15.4       23.9        5.3          0          0          0 
      13.6        8.8        7.4       13.8       16.8       16.6        3.8        8.2       10.1       11.5       10.7       19.4        4.1       18.3       21.1          0       11.8       13.6       18.8         20       14.5        6.5        6.9       14.6       13.8         17        5.3       13.8       11.3       13.3       12.3       18.2        6.1       18.5       17.4        5.8       13.7       14.1       18.6       14.9       15.6       21.3        1.5         13         23       15.4       18.6       22.3       11.1       25.5         14       21.9        3.7          7       21.4         21       13.8       24.1        7.1       16.9        9.1        6.3       19.7          0          0          0 
      16.4       16.2       18.3          3       18.7        6.7       12.8        6.2       12.7          7          2        7.7       10.9          7       18.7       11.8          0        1.8        9.9       17.2       15.6       12.2         18        5.6       14.1        8.8       12.3        8.2       12.9        5.5        1.2          7       14.7        6.7         17        7.1          2        6.1        8.9       13.6       13.4       15.1       11.3       10.6       11.9        6.5       17.5       12.8        6.1       14.8        9.7       14.6        8.6        6.9       10.5        9.3        6.1       12.9          7        9.5       16.4        8.6       14.6          0          0          0 
      17.9         18       20.1        1.9         20        6.2       14.7        7.5       14.2        8.2        3.6        5.8       12.7        5.7       19.4       13.6        1.8          0        9.5       17.9       16.9         14       19.9        4.9       15.4        8.8       14.2        8.2       14.4        6.1        1.5        5.7       16.6        4.9       18.1        8.7        1.2        6.5        8.3       14.7       14.3       15.2       13.2       11.7       10.5        5.7       18.5       12.1        6.6       13.6       10.6       14.4       10.5        8.7        9.4        7.5        6.6       11.5        8.4        9.7       18.2       10.1         15          0          0          0 
      15.3       18.8       23.1       11.4       15.9        3.3         18         16       13.4        7.6        9.2        9.9       15.9        5.3       12.2       18.8        9.9        9.5          0       10.9       13.5       15.5       23.2       14.3       12.1          2       16.5       17.7       12.7        5.5       10.7        5.1       18.7        8.5       12.9       16.2        8.3        4.8        1.4       10.3        9.3        6.3       17.7        8.7        6.3       14.9       12.6        3.4         16        7.3        6.6          5       15.1       11.8        4.5          8          5        7.1       16.6        2.8       18.8         18          7          0          0          0 
       8.8         15       20.5       19.9        7.2         13       17.2       21.6       10.2       10.6       15.5       20.4       15.9       15.9        1.5         20       17.2       17.9       10.9          0        6.7       13.9         21       22.8        6.6         10       15.3       25.5          9       11.8       18.5       15.7       16.5       18.9        3.9       20.5       16.7       11.4       12.3        5.1        4.4        5.6       18.5        7.4       16.9       23.6        2.7       12.2       22.9       16.5        7.6        7.9       16.9       14.1       15.2       18.9       11.3       17.5       21.6        8.8       14.8       22.5          4          0          0          0 
       2.1        8.3       13.9       18.6          3       14.1       11.1       18.2        4.3        8.7       13.6       21.1       10.3       17.2        7.3       14.5       15.6       16.9       13.5        6.7          0          8       14.4       21.3        1.5       11.7        9.3         23        3.3       11.3       16.9       16.9         10       19.6        3.1       16.5       15.9       11.3       14.4        3.1        4.3       10.9       12.9        5.3       19.8       22.2        4.4       16.1       20.2       20.4        7.1       12.8         12       10.1       17.9       20.5       11.1       20.6       17.8       10.7          8       18.4        8.9          0          0          0 
         7          4        7.5         15       10.3       14.4        3.2         12        3.7          8       10.3       19.5        2.5       16.9       14.9        6.5       12.2         14       15.5       13.9          8          0        7.7       16.9        7.4       13.5        1.4       17.5        4.9       10.8       13.2       16.7        3.2       18.2         11        9.8       13.4       11.3       15.8        8.9        9.8       16.2          5        7.7         21       17.9       12.2       18.9       14.6       22.8        9.3       17.4        4.9        5.2       19.1       20.1         11         22       11.3         13        4.2       11.4       14.4          0          0          0 
      12.6        6.2        0.8       20.4       15.6       21.7        5.3       15.1       10.9       15.5       16.6       25.7        7.4       23.8       21.7        6.9         18       19.9       23.2         21       14.4        7.7          0       21.4       14.4       21.2        6.6       20.7       12.1       18.1       18.8       23.7        4.6       24.6       17.5       12.7       19.7       18.7       23.3       16.2       17.2       23.9        6.7       15.4       28.3       22.3       18.8       26.6         18       30.3       17.1       25.1        9.3       11.8       26.5       26.8       18.4       29.3         14       20.7        6.4       13.1         22          0          0          0 
      21.9       20.9       21.9        2.9       24.3         11       16.8        6.6         18       12.7        7.6        7.2       15.1        9.7       24.3       14.6        5.6        4.9       14.3       22.8       21.3       16.9       21.4          0       19.8       13.7       16.8        3.8       18.4         11        4.4        9.8         19        7.4       22.7        8.8        6.2       11.5         13       19.3       19.1       20.2       14.7       16.3       13.9        0.9       23.2       16.5          4       17.2       15.3       19.3       12.5       11.9       13.3       10.1       11.5       14.8        7.7       14.6       21.1        9.2       19.9          0          0          0 
       3.2        8.5       13.9       17.1        4.5       12.6       10.7       16.9        3.7        7.2       12.1       19.6        9.6       15.7        7.4       13.8       14.1       15.4       12.1        6.6        1.5        7.4       14.4       19.8          0       10.3        8.8       21.6        2.4        9.8       15.4       15.4        9.9         18        3.6       15.4       14.4        9.8         13          2        3.2       10.1       12.2        3.8       18.4       20.7        4.8       14.8       18.8       19.2        5.7       11.8       11.1        8.9       16.5         19        9.6       19.3       16.6        9.3        8.3       17.3          8          0          0          0 
      13.5       16.8       21.1       10.7       14.3          3         16       14.7       11.4        5.6        7.8       10.4       13.9        5.9       11.4         17        8.8        8.8          2         10       11.7       13.5       21.2       13.7       10.3          0       14.5         17       10.8        3.8        9.8        5.7       16.7        8.9       11.5       14.6        7.5          3        2.6        8.7        7.7        6.4       15.8        6.8        8.1       14.4       11.3        5.4       14.9        9.2        4.7        5.7       13.2        9.9        6.1          9        3.2        8.9       15.1        1.1       16.8       16.6        6.4          0          0          0 
       8.3        4.2        6.5       15.1       11.5       15.1        1.8       11.4        5.1        8.9       10.6       19.8        1.7       17.5       16.3        5.3       12.3       14.2       16.5       15.3        9.3        1.4        6.6       16.8        8.8       14.5          0       17.1        6.3       11.5       13.3       17.3        2.4       18.6       12.4        9.2       13.8       12.1       16.7       10.2       11.2       17.5        3.7          9       21.8       17.7       13.6         20       14.1       23.7       10.5       18.6        4.3        5.5       19.9       20.6       11.9       22.8       10.6       14.1        4.4       10.5       15.7          0          0          0 
      23.4       21.3       21.2        6.4       26.1       14.4       16.7        5.7       19.3       14.9        9.9         11       15.3       13.5       26.9       13.8        8.2        8.2       17.7       25.5         23       17.5       20.7        3.8       21.6         17       17.1          0       19.9       13.8        7.1       13.5         19       11.2       24.9          8        9.4       14.4       16.5       21.5       21.4       23.4       14.3       18.5       17.7        3.8       25.5       20.2        2.9       21.1       17.8       22.7       12.7         13         17       13.9       14.4       18.6        6.6       17.8       21.5        7.5       22.9          0          0          0 
       3.5        6.5       11.7       15.9        6.1       12.6        8.2       14.9        1.2        6.5       10.9       19.1        7.1       15.5        9.9       11.3       12.9       14.4       12.7          9        3.3        4.9       12.1       18.4        2.4       10.8        6.3       19.9          0        9.3       14.2       15.3        7.5       17.6        6.1       13.2       13.5        9.6       13.4          4        5.1       11.9        9.7          4       18.9       19.4        7.3       15.8       17.1         20          6       13.4        8.7        6.9       16.9       18.9        9.3       19.8       14.5         10        6.4       15.1        9.9          0          0          0 
      12.6       14.5       18.1          8       14.3        3.6       12.8       10.9        9.6        2.9        4.1        9.8       10.7        6.2       13.3       13.3        5.5        6.1        5.5       11.8       11.3       10.8       18.1         11        9.8        3.8       11.5       13.8        9.3          0        6.7          6       13.9        8.2       12.1       10.8        4.9        0.7        5.2        8.8        8.3        9.7       12.3        5.9       10.2       11.8       12.4        8.9       11.5       12.2        4.5        9.5        9.6        6.4        8.3        9.6        0.5       11.2       11.3        4.2       14.5       12.7        9.1          0          0          0 
      17.7       17.3       19.1        1.8         20        7.4       13.7          6       13.9        8.3        3.2        7.1       11.8        7.2         20       12.3        1.2        1.5       10.7       18.5       16.9       13.2       18.8        4.4       15.4        9.8       13.3        7.1       14.2        6.7          0        7.2       15.7        6.3       18.3        7.2        2.4        7.2        9.6       14.9       14.7       16.2         12       11.9         12        5.2       18.8       13.5        5.2       15.1       10.9       15.5        9.5          8       10.9          9        7.2         13        6.9       10.6       17.5        8.6       15.8          0          0          0 
      18.5       20.5       23.8        7.2       19.7        2.8       18.4       13.2       15.6        8.9        7.4        4.8       16.2        0.2       17.1       18.2          7        5.7        5.1       15.7       16.9       16.7       23.7        9.8       15.4        5.7       17.3       13.5       15.3          6        7.2          0       19.7        3.3       17.1       14.1        4.9        5.7        3.6         14       13.2       11.5       17.4       11.6        4.9       10.2         17        6.7       12.3        7.8        9.7       10.1       14.6       11.9        3.6        3.6        5.9        5.9         14        6.8       20.6       15.7         12          0          0          0 
       8.5        2.7        4.3       17.4       11.7       17.5        2.4       13.3        6.3       11.2       13.1       22.2        3.9       19.9       17.3        6.1       14.7       16.6       18.7       16.5         10        3.2        4.6         19        9.9       16.7        2.4         19        7.5       13.9       15.7       19.7          0         21       13.1         11       16.2       14.4         19       11.5       12.6       19.2        4.9       10.8       24.1       19.9       14.4       22.1       16.2         26       12.5       20.5        6.4        7.9       22.3       23.1       14.2       25.1       12.5       16.2          3       12.1       17.3          0          0          0 
      20.9       22.2       24.8        5.5       22.5        5.8       19.3       12.2       17.7       11.1          8        1.5       17.3        3.1       20.3       18.5        6.7        4.9        8.5       18.9       19.6       18.2       24.6        7.4         18        8.9       18.6       11.2       17.6        8.2        6.3        3.3         21          0         20       13.6        4.8        8.2          7       16.9       16.2       14.8         18       14.2        6.5        7.6       20.1        9.7       10.7        9.8       12.5       13.4       15.3         13          6        2.8        8.4        7.3       13.2         10       22.3       14.9       15.3          0          0          0 
         5       11.3         17       19.9        3.4       14.2       14.2       20.3        7.3         10       15.1       21.6       13.2       17.3        4.2       17.4         17       18.1       12.9        3.9        3.1         11       17.5       22.7        3.6       11.5       12.4       24.9        6.1       12.1       18.3       17.1       13.1         20          0       18.9         17       11.9       14.1        3.3        3.8          9       15.8        6.4       19.2       23.6        1.3         15       22.1       19.3        7.6       11.1       14.7       12.4       17.4       20.5       11.8       19.9       20.1       10.3       11.1       20.9          7          0          0          0 
      16.4       13.4       13.2        8.4       19.4       13.3        8.6        2.3       12.4       10.2          7       14.3        7.5       14.2       21.9        5.8        7.1        8.7       16.2       20.5       16.5        9.8       12.7        8.8       15.4       14.6        9.2          8       13.2       10.8        7.2       14.1         11       13.6       18.9          0        9.2       11.5       15.5       15.8       16.1       20.2        6.2       13.1         19        9.6       19.9       19.4        5.3       21.9       13.3       20.3        4.9        6.5       17.6       16.3       11.4       20.1        1.4       14.9       13.6          2       19.1          0          0          0 
        17       17.5       19.9        3.2         19          5       14.5        8.2       13.4        7.1        3.1          6       12.4          5       18.2       13.7          2        1.2        8.3       16.7       15.9       13.4       19.7        6.2       14.4        7.5       13.8        9.4       13.5        4.9        2.4        4.9       16.2        4.8         17        9.2          0        5.3        7.2       13.6       13.2         14       13.1       10.7        9.8        6.9       17.3         11        7.7       12.8        9.4       13.2       10.4        8.2        8.5        7.3        5.3       10.9        9.1        8.4       17.6       10.7       13.7          0          0          0 
      12.8       14.9       18.7        8.5       14.2        3.1       13.4       11.6        9.9        3.3        4.8        9.7       11.3        5.9       12.9       14.1        6.1        6.5        4.8       11.4       11.3       11.3       18.7       11.5        9.8          3       12.1       14.4        9.6        0.7        7.2        5.7       14.4        8.2       11.9       11.5        5.3          0        4.6        8.6          8          9         13        5.9        9.7       12.2       12.1        8.2       12.1       11.6        4.3        8.7       10.3        7.1        7.8        9.3        0.2       10.7       12.1        3.4         15       13.5        8.5          0          0          0 
      16.2       19.3       23.3       10.1         17        2.2         18       15.1         14        7.8        8.5        8.4       15.9        3.8       13.7       18.6        8.9        8.3        1.4       12.3       14.4       15.8       23.3         13         13        2.6       16.7       16.5       13.4        5.2        9.6        3.6         19          7       14.1       15.5        7.2        4.6          0       11.4       10.4        7.8       17.6        9.4        5.4       13.5       13.9        3.9       14.9        6.9        7.4        6.4       14.9       11.7        3.5        6.6        4.8        6.3       15.8        3.7       19.3       17.3        8.4          0          0          0 
       5.2       10.4       15.7       16.5        5.6       11.2       12.1       17.1        5.2        6.6       11.7       18.4       10.8       14.3        6.2       14.9       13.6       14.7       10.3        5.1        3.1        8.9       16.2       19.3          2        8.7       10.2       21.5          4        8.8       14.9         14       11.5       16.9        3.3       15.8       13.6        8.6       11.4          0        1.2        8.1       13.4          3       16.7       20.2          4       12.9       18.7       17.3        4.3        9.8       11.9        9.2       14.8       17.6        8.5       17.5       16.9        7.6       10.2       17.8          6          0          0          0 
       6.4       11.5       16.8       16.2        6.6       10.4         13       17.3        6.2        6.4       11.5       17.7       11.6       13.5        5.7       15.6       13.4       14.3        9.3        4.4        4.3        9.8       17.2       19.1        3.2        7.7       11.2       21.4        5.1        8.3       14.7       13.2       12.6       16.2        3.8       16.1       13.2          8       10.4        1.2          0        6.9       14.1          3       15.7       19.9        4.1       11.8       18.7       16.2        3.7        8.6       12.4        9.6       13.8       16.8        7.9       16.5       17.2        6.6       11.4       18.1        4.9          0          0          0 
      13.1       18.4       23.6       17.2       12.4        9.3       19.3       20.6         13         10       13.9       16.3       17.5       11.7        6.7       21.3       15.1       15.2        6.3        5.6       10.9       16.2       23.9       20.2       10.1        6.4       17.5       23.4       11.9        9.7       16.2       11.5       19.2       14.8          9       20.2         14          9        7.8        8.1        6.9          0       19.9        8.5       11.6       20.9        8.1        6.7       21.2       10.8        7.2        2.2       17.7       14.4       10.2       14.2        9.1       12.1       20.9        5.6       18.3       22.2          2          0          0          0 
        12        7.5        7.1       13.6       15.3       15.7        2.5        8.6        8.5       10.3       10.1         19        2.6       17.6       19.6        1.5       11.3       13.2       17.7       18.5       12.9          5        6.7       14.7       12.2       15.8        3.7       14.3        9.7       12.3         12       17.4        4.9         18       15.8        6.2       13.1         13       17.6       13.4       14.1       19.9          0       11.5       22.2       15.6         17       21.2       11.5       24.5       12.6       20.6        2.7        5.9       20.5       20.4       12.8       23.3        7.6       15.6        7.8        7.2       18.3          0          0          0 
       6.8       10.3       15.2       13.5        8.3        8.8       10.7       14.2        4.8        3.6        8.7       15.7          9       11.8        8.8         13       10.6       11.7        8.7        7.4        5.3        7.7       15.4       16.3        3.8        6.8          9       18.5          4        5.9       11.9       11.6       10.8       14.2        6.4       13.1       10.7        5.9        9.4          3          3        8.5       11.5          0       14.9       17.2          7       11.8       15.8       15.9          2        9.7        9.6        6.6       12.9       15.2        5.8       15.8       14.2        5.9       10.3       15.1        6.8          0          0          0 
      21.7       24.6       28.3       11.7       22.3        6.6         23         18       19.4         13       12.3        7.1       20.9        4.8       18.2         23       11.9       10.5        6.3       16.9       19.8         21       28.3       13.9       18.4        8.1       21.8       17.7       18.9       10.2         12        4.9       24.1        6.5       19.2         19        9.8        9.7        5.4       16.7       15.7       11.6       22.2       14.9          0       14.1       18.9          5       16.9        3.3       12.8        9.6       19.4       16.5        1.9        4.1        9.9          1       18.9        9.1       24.6       20.6       12.9          0          0          0 
      22.9       21.9       22.7        3.7       25.2       11.6       17.7        7.3         19       13.6        8.5        7.2         16       10.1       25.1       15.4        6.5        5.7       14.9       23.6       22.2       17.9       22.3        0.9       20.7       14.4       17.7        3.8       19.4       11.8        5.2       10.2       19.9        7.6       23.6        9.6        6.9       12.2       13.5       20.2       19.9       20.9       15.6       17.2       14.1          0       24.1         17        4.6       17.5       16.2       19.9       13.4       12.8       13.6       10.2       12.3       14.9        8.5       15.3       22.1        9.9       20.7          0          0          0 
       6.3       12.7       18.3       20.3        4.4       14.2       15.4       21.2        8.5       10.5       15.6       21.6       14.4       17.3        2.9       18.6       17.5       18.5       12.6        2.7        4.4       12.2       18.8       23.2        4.8       11.3       13.6       25.5        7.3       12.4       18.8         17       14.4       20.1        1.3       19.9       17.3       12.1       13.9          4        4.1        8.1         17          7       18.9       24.1          0       14.4       22.8       18.7        7.9       10.3       15.8       13.3       17.1       20.4         12       19.5         21       10.2       12.5       21.8        6.2          0          0          0 
      18.1       22.1       26.5       13.8       18.2        6.1       21.4       19.1       16.6         11       12.4       10.9       19.4        6.8       13.4       22.3       12.8       12.1        3.4       12.2       16.1       18.9       26.6       16.5       14.8        5.4         20       20.2       15.8        8.9       13.5        6.7       22.1        9.7         15       19.4         11        8.2        3.9       12.9       11.8        6.7       21.2       11.8          5         17       14.4          0       18.7        4.3        9.8        4.6       18.6       15.3        3.9        8.3        8.4        5.3       19.7        5.9         22       21.3        8.2          0          0          0 
      20.5       18.4       18.6        5.2       23.2       12.7       13.8        2.9       16.4       12.3        7.4       10.8       12.4       12.3       24.4       11.1        6.1        6.6         16       22.9       20.2       14.6         18          4       18.8       14.9       14.1        2.9       17.1       11.5        5.2       12.3       16.2       10.7       22.1        5.3        7.7       12.1       14.9       18.7       18.7       21.2       11.5       15.8       16.9        4.6       22.8       18.7          0       20.1       15.3       20.7        9.8       10.1         16       13.5       12.1       17.9          4       15.6       18.6        5.3       20.6          0          0          0 
      22.4       26.1       30.3       14.9       22.6        8.8         25       21.1       20.7       14.7         15       10.4       22.9        7.8       17.6       25.5       14.8       13.6        7.3       16.5       20.4       22.8       30.3       17.2       19.2        9.2       23.7       21.1         20       12.2       15.1        7.8         26        9.8       19.3       21.9       12.8       11.6        6.9       17.3       16.2       10.8       24.5       15.9        3.3       17.5       18.7        4.3       20.1          0       13.9        8.6       21.8       18.7        4.2        7.4       11.8        2.6       21.9         10       26.1       23.5       12.5          0          0          0 
       8.8       12.3       16.9       12.4         10        6.9       12.2       14.1        6.8          3        7.9         14       10.3         10          9         14        9.7       10.6        6.6        7.6        7.1        9.3       17.1       15.3        5.7        4.7       10.5       17.8          6        4.5       10.9        9.7       12.5       12.5        7.6       13.3        9.4        4.3        7.4        4.3        3.7        7.2       12.6          2       12.8       16.2        7.9        9.8       15.3       13.9          0          8       10.4        7.2       10.9       13.3        4.1       13.7       14.2        3.9       12.2       15.3        5.8          0          0          0 
        15       19.9       24.9       16.3       14.5        8.3       20.3       20.4       14.4       10.4       13.6       14.8       18.4       10.3        8.9       21.9       14.6       14.4          5        7.9       12.8       17.4       25.1       19.3       11.8        5.7       18.6       22.7       13.4        9.5       15.5       10.1       20.5       13.4       11.1       20.3       13.2        8.7        6.4        9.8        8.6        2.2       20.6        9.7        9.6       19.9       10.3        4.6       20.7        8.6          8          0       18.3       14.9        8.3       12.5        8.9         10       20.9        5.3       19.8       22.2        4.1          0          0          0 
      11.6        8.6        9.6       11.1       14.7         13        4.2          7        7.7        7.8        7.3       16.3        2.6       14.8       18.1        3.7        8.6       10.5       15.1       16.9         12        4.9        9.3       12.5       11.1       13.2        4.3       12.7        8.7        9.6        9.5       14.6        6.4       15.3       14.7        4.9       10.4       10.3       14.9       11.9       12.4       17.7        2.7        9.6       19.4       13.4       15.8       18.6        9.8       21.8       10.4       18.3          0        3.3       17.7       17.6       10.1       20.5        6.3       13.1        8.8        6.4       16.2          0          0          0 
      10.3        9.3       11.9        9.8       13.1        9.9        6.4          8        6.3        4.5        5.1       14.3        4.3         12       15.4          7        6.9        8.7       11.8       14.1       10.1        5.2       11.8       11.9        8.9        9.9        5.5         13        6.9        6.4          8       11.9        7.9         13       12.4        6.5        8.2        7.1       11.7        9.2        9.6       14.4        5.9        6.6       16.5       12.8       13.3       15.3       10.1       18.7        7.2       14.9        3.3          0       14.7       15.1        6.9       17.5        7.7        9.8        9.4        8.5         13          0          0          0 
      19.7       22.7       26.5       10.8       20.4        4.8       21.1       16.8       17.5       11.1       10.7        7.1         19        3.6       16.5       21.4       10.5        9.4        4.5       15.2       17.9       19.1       26.5       13.3       16.5        6.1       19.9         17       16.9        8.3       10.9        3.6       22.3          6       17.4       17.6        8.5        7.8        3.5       14.8       13.8       10.2       20.5       12.9        1.9       13.6       17.1        3.9         16        4.2       10.9        8.3       17.7       14.7          0        4.3          8        2.8       17.6        7.2       22.7       19.2       11.2          0          0          0 
      22.1         24         27        8.3       23.3        6.4       21.5         15       19.2       12.5       10.2          3       19.5        3.3       20.3         21        9.3        7.5          8       18.9       20.5       20.1       26.8       10.1         19          9       20.6       13.9       18.9        9.6          9        3.6       23.1        2.8       20.5       16.3        7.3        9.3        6.6       17.6       16.8       14.2       20.4       15.2        4.1       10.2       20.4        8.3       13.5        7.4       13.3       12.5       17.6       15.1        4.3          0        9.5        4.7         16       10.2       24.1       17.6         15          0          0          0 
      12.6       14.7       18.4        8.5       14.1        3.3       13.2       11.5        9.7          3        4.7        9.9       11.1        6.2       12.8       13.8        6.1        6.6          5       11.3       11.1         11       18.4       11.5        9.6        3.2       11.9       14.4        9.3        0.5        7.2        5.9       14.2        8.4       11.8       11.4        5.3        0.2        4.8        8.5        7.9        9.1       12.8        5.8        9.9       12.3         12        8.4       12.1       11.8        4.1        8.9       10.1        6.9          8        9.5          0       10.9       11.9        3.6       14.7       13.3        8.5          0          0          0 
      22.5       25.6       29.3       12.7       23.1        7.6         24       19.1       20.3         14       13.4        7.8       21.9        5.9       18.7       24.1       12.9       11.5        7.1       17.5       20.6         22       29.3       14.8       19.3        8.9       22.8       18.6       19.8       11.2         13        5.9       25.1        7.3       19.9       20.1       10.9       10.7        6.3       17.5       16.5       12.1       23.3       15.8          1       14.9       19.5        5.3       17.9        2.6       13.7         10       20.5       17.5        2.8        4.7       10.9          0       19.9        9.9       25.6       21.6       13.4          0          0          0 
      17.8       14.8       14.6        7.8       20.7       13.5         10        1.1       13.7       11.1        7.3       13.7        8.9       14.1         23        7.1          7        8.4       16.6       21.6       17.8       11.3         14        7.7       16.6       15.1       10.6        6.6       14.5       11.3        6.9         14       12.5       13.2       20.1        1.4        9.1       12.1       15.8       16.9       17.2       20.9        7.6       14.2       18.9        8.5         21       19.7          4       21.9       14.2       20.9        6.3        7.7       17.6         16       11.9       19.9          0       15.5       15.1        1.6       19.9          0          0          0 
      12.5       16.1       20.6       11.6       13.2        4.2       15.6       15.1       10.7        5.3        8.3       11.6       13.6        7.1       10.3       16.9        9.5        9.7        2.8        8.8       10.7         13       20.7       14.6        9.3        1.1       14.1       17.8         10        4.2       10.6        6.8       16.2         10       10.3       14.9        8.4        3.4        3.7        7.6        6.6        5.6       15.6        5.9        9.1       15.3       10.2        5.9       15.6         10        3.9        5.3       13.1        9.8        7.2       10.2        3.6        9.9       15.5          0       16.1       16.9        5.3          0          0          0 
       6.2        0.3        5.8       19.3        9.1       18.1        5.3       15.9        5.4       11.6       14.5       23.6        6.2       20.8       15.4        9.1       16.4       18.2       18.8       14.8          8        4.2        6.4       21.1        8.3       16.8        4.4       21.5        6.4       14.5       17.5       20.6          3       22.3       11.1       13.6       17.6         15       19.3       10.2       11.4       18.3        7.8       10.3       24.6       22.1       12.5         22       18.6       26.1       12.2       19.8        8.8        9.4       22.7       24.1       14.7       25.6       15.1       16.1          0       14.9       16.3          0          0          0 
      18.1       14.6       13.8        9.4       21.2       15.1        9.7        2.7       14.1       12.3        8.8       15.4        8.9       15.7       23.9        6.3        8.6       10.1         18       22.5       18.4       11.4       13.1        9.2       17.3       16.6       10.5        7.5       15.1       12.7        8.6       15.7       12.1       14.9       20.9          2       10.7       13.5       17.3       17.8       18.1       22.2        7.2       15.1       20.6        9.9       21.8       21.3        5.3       23.5       15.3       22.2        6.4        8.5       19.2       17.6       13.3       21.6        1.6       16.9       14.9          0       21.1          0          0          0 
      11.1       16.4       21.7         17       10.4        9.5       17.5       19.7         11        8.8       13.1       16.8       15.8       12.2        5.3       19.7       14.6         15          7          4        8.9       14.4         22       19.9          8        6.4       15.7       22.9        9.9        9.1       15.8         12       17.3       15.3          7       19.1       13.7        8.5        8.4          6        4.9          2       18.3        6.8       12.9       20.7        6.2        8.2       20.6       12.5        5.8        4.1       16.2         13       11.2         15        8.5       13.4       19.9        5.3       16.3       21.1          0          0          0          0 
         0          0          0          0          0          0          0          0          0          0          0          0          0          0          0          0          0          0          0          0          0          0          0          0          0          0          0          0          0          0          0          0          0          0          0          0          0          0          0          0          0          0          0          0          0          0          0          0          0          0          0          0          0          0          0          0          0          0          0          0          0          0          0          0          0          0 
         0          0          0          0          0          0          0          0          0          0          0          0          0          0          0          0          0          0          0          0          0          0          0          0          0          0          0          0          0          0          0          0          0          0          0          0          0          0          0          0          0          0          0          0          0          0          0          0          0          0          0          0          0          0          0          0          0          0          0          0          0          0          0          0          0          0 
         0          0          0          0          0          0          0          0          0          0          0          0          0          0          0          0          0          0          0          0          0          0          0          0          0          0          0          0          0          0          0          0          0          0          0          0          0          0          0          0          0          0          0          0          0          0          0          0          0          0          0          0          0          0          0          0          0          0          0          0          0          0          0          0          0          0 
Version identifier: 22.1.1.0 | 2022-11-28 | 9160aff4d
CPXPARAM_Threads                                 1
CPXPARAM_TimeLimit                               7200
Tried aggregator 2 times.
MIP Presolve eliminated 2371 rows and 6019 columns.
MIP Presolve modified 2015 coefficients.
Aggregator did 26 substitutions.
Reduced MIP has 453 rows, 1191 columns, and 3869 nonzeros.
Reduced MIP has 1174 binaries, 0 generals, 0 SOSs, and 0 indicators.
Presolve time = 0.01 sec. (14.00 ticks)
Probing time = 0.01 sec. (3.18 ticks)
Tried aggregator 2 times.
Detecting symmetries...
MIP Presolve eliminated 16 rows and 32 columns.
MIP Presolve modified 32 coefficients.
Aggregator did 2 substitutions.
Reduced MIP has 435 rows, 1157 columns, and 3738 nonzeros.
Reduced MIP has 1140 binaries, 0 generals, 0 SOSs, and 0 indicators.
Presolve time = 0.01 sec. (3.53 ticks)
Probing time = 0.00 sec. (3.05 ticks)
Clique table members: 2563.
MIP emphasis: balance optimality and feasibility.
MIP search method: dynamic search.
Parallel mode: none, using 1 thread.
Root relaxation solution time = 0.00 sec. (3.94 ticks)

        Nodes                                         Cuts/
   Node  Left     Objective  IInf  Best Integer    Best Bound    ItCnt     Gap

*     0     0      integral     0       35.9930       35.9930      210    0.00%
Elapsed time = 0.04 sec. (39.77 ticks, tree = 0.00 MB, solutions = 1)

Root node processing (before b&c):
  Real time             =    0.04 sec. (39.99 ticks)
Sequential b&c:
  Real time             =    0.00 sec. (0.00 ticks)
                          ------------
Total (root+branch&cut) =    0.04 sec. (39.99 ticks)

Sol status: Optimal
 Total Time: 0.04
 LB: 35.993
 UB: 35.993
Initializing solStats

Obj Val: 35.993

Solve Time: 0.04
b(0): 14.9833333333333
b(1): 12.4666666666667
b(2): 13.1166666666667
b(3): 15.75
b(4): 16.95
b(5): 10.2666666666667
b(6): 10.95
b(7): 14.7166666666667
b(8): 10.4666666666667
b(9): 15.25
b(10): 14.2333333333333
b(11): 10.1
b(12): 11.2666666666667
b(13): 9.7
b(14): 13.3
b(15): 16.3833333333333
b(16): 10.9166666666667
b(17): 11.05
b(18): 16.2
b(19): 16.2666666666667
b(20): 15.1178862038469
b(21): 12.6475610232005
b(22): 13.2195122046401
b(23): 15.9040650751537
b(24): 17.3097561511006
b(25): 10.4231707674004
b(26): 11.0772357937736
b(27): 14.9390244580607
b(28): 10.5792683069602
b(29): 15.5707317418204
b(30): 14.4869918699187
b(31): 10.3004065611739
b(32): 11.6117886642872
b(33): 9.85894312631372
b(34): 13.4857724076939
b(35): 16.7747968169741
b(36): 11.0487805116002
b(37): 11.4585366627008
b(38): 16.3174796914535
b(39): 16.4743903045806
b(40): 9.86666666666667
b(41): 10.4166666666667
b(42): 15.8
b(43): 16.5166666666667
b(44): 9.83333333333333
b(45): 16.75
b(46): 10.7333333333333
b(47): 14.35
b(48): 15.9666666666667
b(49): 15.7333333333333
b(50): 10.9666666666667
b(51): 11.5166666666667
b(52): 16.9
b(53): 17.6166666666667
b(54): 10.9333333333333
b(55): 17.85
b(56): 11.8333333333333
b(57): 15.45
b(58): 17.1
b(59): 16.9
b(60): 9
b(61): 9
b(62): 9
b(63): 19
b(64): 19
b(65): 19


Customer profit: 135.767
Parcel profit: 0
Costs: 99.774
Without fixed: 99.774

Solution: 
Vehicle 0: 60 - 8 - 28 - 6 - 26 - 12 - 32 - 1 - 21 - 2 - 22 - 9 - 29 - 18 - 38 - 63 - Total time: 7.31747969145351
Vehicle 1: 61 - 13 - 33 - 11 - 31 - 17 - 37 - 14 - 34 - 0 - 20 - 19 - 39 - 4 - 24 - 64 - Total time: 8.30975615110056
Vehicle 2: 62 - 5 - 25 - 16 - 36 - 10 - 30 - 7 - 27 - 3 - 23 - 15 - 35 - 65 - Total time: 7.77479681697406

Vehicle 0: d - P - d - P - d - D - d - P - d - P - d - P - d - D - f
Vehicle 1: d - D - d - D - d - D - d - D - d - P - d - D - d - P - f
Vehicle 2: d - P - d - D - d - D - d - P - d - P - d - D - f

************************************
Final solution value: 35.993
************************************

Total distance: 216.9

Total passenger distance: 68.9

Total parcel distance: 0

Total combined transportation distance: 0

Total idle distance: 148
File exists: 1
partial: 
CSV file 'TreatResults/FullResults/fip1ADcsarpM.csv' generated successfully!
Instance Name: sarp-20-10-B-2

K: 3
Dist Matrix: 
         0       12.4       14.2       13.4       15.8       13.4       11.6         17       19.4          9        8.3       10.6       15.1        2.2       12.2       14.8        6.9        6.2       13.5         12        2.3       14.1       15.1       12.4       11.7       10.7       12.4       17.6       21.4       10.7       11.3       12.5         15        3.1       10.1       12.8         10        6.7        5.3        5.1        5.7        7.9       16.3        4.8        3.6       11.1       12.6        5.1        6.3       14.1          5        7.4         12        5.7        7.1         12       13.3        2.6        6.1       18.1        7.3        3.5        3.4          0          0          0 
      12.4          0        8.4        3.6       20.1       20.6        8.4       12.3       20.2        5.1        4.1        1.8       17.2       10.7        2.6       15.3       13.5        9.8       24.9       20.4       10.5        1.7        8.6        4.6       16.9       19.7       10.5       12.9       23.9          5        3.4        3.5       19.2       13.7        2.8       11.4       16.8       10.7       14.9       14.7         17        5.8        4.9        8.1        8.9          6        2.3         17       14.6       16.2       10.3        8.2        6.5        7.7        9.4        7.4       12.3       13.5       13.5         17        9.6       15.4       12.8          0          0          0 
      14.2        8.4          0        4.9       13.7       15.8        2.7          4       12.3       11.9        8.9        8.9       10.2         12         11        7.9       10.7        8.3       22.8       16.5       13.5        8.4        0.9        3.7       11.7       16.4        3.6        4.6       16.2       12.7       11.4        4.8       12.8       13.6          7        4.3       12.7        8.4       13.5       13.3       19.9       12.1        6.6       12.2       12.2        3.4        6.1       16.8       19.1        9.4       15.1       14.4        2.4       12.6       15.3        2.1          5       16.5       11.2        8.8       15.6       17.7       12.4          0          0          0 
      13.4        3.6        4.9          0       17.8         19        5.7        8.8       17.1        8.1        5.8        4.6       14.5       11.4        6.3       12.5       12.5          9       24.5       19.2       11.9        3.4          5        1.7         15       18.7        7.7        9.3         21        8.5        6.9        0.9       16.9       13.9        3.5        8.5       15.4        9.7       14.6       14.4       18.6        8.6          3        9.9       10.4        3.6        1.3       17.3       16.9       13.6       12.6       11.1        3.6        9.9       12.2        4.5        9.4       15.1       12.7       13.7       12.4       16.7       12.8          0          0          0 
      15.8       20.1       13.7       17.8          0        4.6       12.1       12.3        5.8       20.8       17.9       19.5        3.7       14.6         22        6.1        8.9       11.6       13.9        6.7       17.2         21       14.4       16.1        4.1        7.8       10.2       12.3        5.8       22.4       21.9       17.2        0.9       12.8       17.5        9.4        5.9       10.6       10.8         11       20.3       20.2       20.2       18.1         17       14.3       18.4       13.7       22.1        4.3       20.1       21.4       14.2       19.1       21.7       13.3        8.7       18.3        9.6        7.8         22       18.1       12.3          0          0          0 
      13.4       20.6       15.8         19        4.6          0       13.5       15.4       10.4       20.1       17.6       19.6        7.3       12.8       22.1        9.3        7.5         11        9.3        2.1       15.3       21.8       16.6       17.3        4.1        3.5       12.1       15.6         10       21.9       21.7       18.3        4.7       10.3       17.8       11.6        3.9         10          8        8.3         17       19.4       21.7       16.7       15.5       15.3       19.2       10.1       19.4        7.4       18.3         20       15.5       17.8       20.1       14.8         11       15.7        7.9       11.9       20.3       15.1       10.2          0          0          0 
      11.6        8.4        2.7        5.7       12.1       13.5          0        5.5       11.8       10.8        7.6        8.3        8.8        9.4       10.7        6.8          8        5.6       20.1         14       11.2          9        3.7          4        9.5       13.8          2        6.1       15.4         12       10.9        5.2       11.1       10.8        6.2        2.9       10.2        5.7       10.7       10.6       17.4       10.7        8.2       10.2         10        2.3        6.4         14       16.9        7.9       13.1       12.8        2.1       10.8       13.7        1.2        3.8         14        8.5        8.8       13.9       15.2        9.7          0          0          0 
        17       12.3          4        8.8       12.3       15.4        5.5          0        9.4       15.9       12.8       12.9        8.6       14.9         15        6.2       12.2       10.8       23.6       16.6       16.7       12.2        3.7        7.7       11.5       16.9        4.7        0.6       13.5       16.7       15.4        8.8       11.6       15.8         11        4.6       13.1       10.6       15.2       15.1       22.8       15.9        9.8       15.8       15.6        7.2         10       18.8       22.5        8.2       18.7       18.2        6.3       16.3       19.1        5.7        4.6       19.5       12.9        5.6       19.4       20.6       14.7          0          0          0 
      19.4       20.2       12.3       17.1        5.8       10.4       11.8        9.4          0       22.2       19.1       20.1        4.3       17.7       22.5          5       12.5       13.9       19.8       12.4       20.3       20.6       12.6       15.6        8.5       13.4        9.7        9.1        4.1       23.6       22.7       16.8        5.7       16.9         18        8.8       10.7         13       15.1       15.2       24.6       21.9       18.8       20.5       19.7       14.2       18.1       18.5       25.7        5.2         23       23.6       13.7       21.4       24.2       12.8        7.9       22.1       13.4        3.7       24.4       22.3       16.1          0          0          0 
         9        5.1       11.9        8.1       20.8       20.1       10.8       15.9       22.2          0        3.1        3.4       18.5          8        3.6       17.1       12.6        9.2       22.4       19.4        6.7        6.7       12.4        8.3         17       18.4       12.7       16.5       25.4        1.8        2.5        7.6       19.9       11.2        4.9       13.5       16.2       10.3         13       12.7       12.5          1         10        4.1        5.4        8.7        6.8       14.1        9.7       17.5        5.5        3.1        9.5        3.3        4.3       10.2       14.4        9.3       12.3       19.6        4.5       11.3       10.6          0          0          0 
       8.3        4.1        8.9        5.8       17.9       17.6        7.6       12.8       19.1        3.1          0        2.3       15.5        6.7        4.5         14       10.2        6.5         21       17.1        6.4        5.8        9.5        5.6       14.2       16.3        9.6       13.4       22.4        4.5          4        5.1         17        9.7        2.2       10.3       13.7        7.6       11.1       10.9         13        3.1        8.3        4.1        4.8        5.6        4.7       12.9         11       14.4        6.7        5.4        6.5          4        6.5        7.1       11.2        9.5         10       16.4        6.7       11.3        8.9          0          0          0 
      10.6        1.8        8.9        4.6       19.5       19.6        8.3       12.9       20.1        3.4        2.3          0       16.8          9        2.5       15.1       12.3        8.5       23.3       19.2        8.6        3.6        9.3        5.1         16       18.5       10.4       13.5       23.6        3.9        2.6        4.2       18.5       12.1          2       11.2       15.7        9.5       13.4       13.2       15.1        4.1        6.6        6.2        7.1          6        3.3       15.3       12.8       15.7        8.5        6.5        6.6        5.8        7.7        7.5       12.1       11.7       12.1       17.1        7.9       13.5       11.2          0          0          0 
      15.1       17.2       10.2       14.5        3.7        7.3        8.8        8.6        4.3       18.5       15.5       16.8          0       13.4       19.3        2.3        8.2        9.8       16.4          9         16       17.8       10.8       12.9        4.4        9.8        6.8        8.6        6.9         20       19.3         14        2.9       12.5       14.7          6        6.5        8.8       10.8       10.9       20.2       18.1       16.7       16.4       15.5       11.1       15.2       14.2       21.4          1       18.8       19.6       10.9       17.4       20.1         10        5.1       17.7          9        4.6       20.4         18       11.7          0          0          0 
       2.2       10.7         12       11.4       14.6       12.8        9.4       14.9       17.7          8        6.7          9       13.4          0       10.9         13        5.6        4.1       14.4       11.7        2.6       12.4       12.9       10.3       10.4       10.5       10.3       15.4         20        9.8       10.2       10.5       13.8        3.2        8.2       10.7        9.1        4.7          5        4.7        7.9          7       14.3          4        2.8        8.9       10.7        6.2          8       12.5        5.5        7.3        9.8        5.2        7.3        9.8       11.3        4.6          5       16.2        7.5        5.7        2.6          0          0          0 
      12.2        2.6         11        6.3         22       22.1       10.7         15       22.5        3.6        4.5        2.5       19.3       10.9          0       17.6       14.7         11       25.4       21.6         10        3.7       11.3        7.2       18.5       20.8       12.8       15.5       26.1        2.7        1.1        6.1       21.1       14.1        4.5       13.7       18.2         12       15.6       15.4       16.1        4.6        7.3        7.5        8.6        8.4          5       17.2       13.3       18.3        9.1        6.6        8.9        6.8        7.8        9.8       14.6       12.8       14.5       19.5        7.9       14.8       13.3          0          0          0 
      14.8       15.3        7.9       12.5        6.1        9.3        6.8        6.2          5       17.1         14       15.1        2.3         13       17.6          0        8.3          9       18.1       10.7       15.4       15.8        8.4       10.8        5.7       11.3        4.8        6.3        8.5       18.5       17.6         12        5.3       12.6         13        3.9        7.7        8.2       11.2       11.3       20.3       16.8       14.5       15.5       14.7        9.2       13.2       14.8       21.1        1.9       18.1       18.5        8.9       16.3       19.2          8          3       17.5        9.2        3.3       19.4         18       11.7          0          0          0 
       6.9       13.5       10.7       12.5        8.9        7.5          8       12.2       12.5       12.6       10.2       12.3        8.2        5.6       14.7        8.3          0        3.7       12.1        6.9        8.2       14.8       11.7       10.9        4.8        6.3        7.6       12.6       14.4       14.4       14.2       11.6        8.1        4.3       10.6        7.6        3.6        2.8          3          3         12       11.8       15.5        9.3        8.2          9       12.4        6.6       13.3        7.3       11.2       12.7        9.5       10.4       12.9          9        7.7        9.6        0.8       11.7       13.1        9.8        3.5          0          0          0 
       6.2        9.8        8.3          9       11.6         11        5.6       10.8       13.9        9.2        6.5        8.5        9.8        4.1         11          9        3.7          0       15.4       10.6        6.4       11.1        9.3        7.6        7.7        9.9        6.2       11.3       16.6       10.9       10.6        8.2       10.7        5.2        6.9        6.6        7.1          1        5.5        5.3         12        8.5       12.1        6.5        5.7        5.8        8.8        8.5       12.1        8.8          9        9.8        6.5        7.5       10.2        6.3        7.1        8.8        3.7       12.1       10.5        9.7        4.1          0          0          0 
      13.5       24.9       22.8       24.5       13.9        9.3       20.1       23.6       19.8       22.4         21       23.3       16.4       14.4       25.4       18.1       12.1       15.4          0        7.4       15.9       26.4       23.7         23       12.3        6.7       19.4       23.9         19       24.2       24.6       23.6         14       11.2       22.1       19.1       10.5       14.8         10       10.2       13.6       21.4       27.5       18.3         17       21.1       24.3        8.4       17.3       16.2       18.4         21       21.7       19.3       20.5       21.2       18.9       14.4       11.8         21       20.6       12.8       12.1          0          0          0 
        12       20.4       16.5       19.2        6.7        2.1         14       16.6       12.4       19.4       17.1       19.2          9       11.7       21.6       10.7        6.9       10.6        7.4          0         14       21.7       17.3       17.5          5        1.4       12.8       16.8       12.2       21.2       21.1       18.4        6.6        8.9       17.6       12.4        3.8        9.7        6.7        6.9       15.1       18.5         22       15.7       14.5       15.5       19.3        8.2       17.8        8.8         17         19       15.8       16.9       18.9       15.2         12       14.1        7.1       13.6       19.1       13.3          9          0          0          0 
       2.3       10.5       13.5       11.9       17.2       15.3       11.2       16.7       20.3        6.7        6.4        8.6         16        2.6         10       15.4        8.2        6.4       15.9         14          0       12.2       14.3       11.2       13.1       12.8       12.4       17.3       22.6        8.4        9.1       11.1       16.4        5.1        8.5       12.9       11.6        7.2        7.3          7        6.7        5.6       14.7        2.5        1.5       10.2         11        7.5        5.7         15          3        5.1       11.1        3.4        4.9       11.4       13.5        3.1        7.6       18.5        5.1        4.9          5          0          0          0 
      14.1        1.7        8.4        3.4         21       21.8          9       12.2       20.6        6.7        5.8        3.6       17.8       12.4        3.7       15.8       14.8       11.1       26.4       21.7       12.2          0        8.4        4.9       17.9       21.1         11       12.7       24.4        6.3        4.7        3.8         20       15.3        4.2       11.9         18         12       16.4       16.2       18.7        7.5        3.5        9.8       10.7        6.7        2.6       18.6       16.4       16.9         12        9.9        6.9        9.4       11.1        7.8       12.8       15.3       14.9       17.2       11.2       17.1       14.4          0          0          0 
      15.1        8.6        0.9          5       14.4       16.6        3.7        3.7       12.6       12.4        9.5        9.3       10.8       12.9       11.3        8.4       11.7        9.3       23.7       17.3       14.3        8.4          0        4.1       12.5       17.3        4.5        4.3       16.6       13.2       11.8        5.1       13.5       14.5        7.5          5       13.6        9.4       14.4       14.3       20.8       12.6        6.2         13         13        4.1        6.3       17.7       19.9         10       15.9         15        3.2       13.3         16          3        5.7       17.3       12.2          9       16.2       18.6       13.4          0          0          0 
      12.4        4.6        3.7        1.7       16.1       17.3          4        7.7       15.6        8.3        5.6        5.1       12.9       10.3        7.2       10.8       10.9        7.6         23       17.5       11.2        4.9        4.1          0       13.3       17.1          6        8.3       19.4          9        7.7        1.1       15.2       12.6        3.4        6.9       13.7        8.1       13.1       12.9       17.8        8.6        4.5        9.4        9.7        1.9        2.4         16       16.4       11.9       12.2         11        1.9        9.6       12.1        2.8        7.8       14.3       11.2       12.3       12.3       15.8       11.5          0          0          0 
      11.7       16.9       11.7         15        4.1        4.1        9.5       11.5        8.5         17       14.2         16        4.4       10.4       18.5        5.7        4.8        7.7       12.3          5       13.1       17.9       12.5       13.3          0        5.5          8       11.7        9.8       18.6       18.2       14.3        3.3        8.8       14.1        7.5        2.2        6.6        6.8          7       16.3       16.3       17.7         14       12.9       11.3       15.3         10         18        3.9         16       17.4       11.5       15.1       17.6       10.7          7       14.2        5.5        8.8       17.9       14.1        8.2          0          0          0 
      10.7       19.7       16.4       18.7        7.8        3.5       13.8       16.9       13.4       18.4       16.3       18.5        9.8       10.5       20.8       11.3        6.3        9.9        6.7        1.4       12.8       21.1       17.3       17.1        5.5          0       12.8       17.1       13.5       20.2       20.2       17.9        7.7        7.6       16.9       12.5        3.7        9.1        5.5        5.8       13.6       17.5       21.7       14.6       13.4       15.1       18.7        6.8       16.4        9.4       15.7       17.8       15.5       15.8       17.7       14.9       12.2       12.7        6.3       14.3       17.9       11.9        7.8          0          0          0 
      12.4       10.5        3.6        7.7       10.2       12.1          2        4.7        9.7       12.7        9.6       10.4        6.8       10.3       12.8        4.8        7.6        6.2       19.4       12.8       12.4         11        4.5          6          8       12.8          0        5.1       13.3         14         13        7.2        9.3       11.1        8.3        0.8        9.1        5.9       10.5       10.5       18.2       12.6         10       11.8       11.3        4.4        8.4       14.1       18.1        5.9       14.6       14.5        4.1       12.5       15.3        3.2        1.7         15        8.3        6.8       15.6       15.9         10          0          0          0 
      17.6       12.9        4.6        9.3       12.3       15.6        6.1        0.6        9.1       16.5       13.4       13.5        8.6       15.4       15.5        6.3       12.6       11.3       23.9       16.8       17.3       12.7        4.3        8.3       11.7       17.1        5.1          0       13.2       17.3         16        9.4       11.6       16.3       11.6          5       13.4       11.1       15.6       15.6       23.4       16.6       10.2       16.4       16.1        7.8       10.6       19.2       23.1        8.3       19.3       18.8        6.9       16.9       19.7        6.3        4.9       20.1       13.3        5.4         20       21.1       15.2          0          0          0 
      21.4       23.9       16.2         21        5.8         10       15.4       13.5        4.1       25.4       22.4       23.6        6.9         20       26.1        8.5       14.4       16.6         19       12.2       22.6       24.4       16.6       19.4        9.8       13.5       13.3       13.2          0       26.9       26.1       20.6        6.4       18.6       21.5       12.5       11.7       15.6       16.6       16.7       26.1         25       22.8       23.2       22.3       17.8       21.8       19.6       27.8        7.9       25.5       26.5       17.4       24.2       26.9       16.5       11.6         24       15.2        7.8       27.2       23.9         18          0          0          0 
      10.7          5       12.7        8.5       22.4       21.9         12       16.7       23.6        1.8        4.5        3.9         20        9.8        2.7       18.5       14.4       10.9       24.2       21.2        8.4        6.3       13.2          9       18.6       20.2         14       17.3       26.9          0        1.6        8.1       21.5         13        5.8       14.8         18         12       14.8       14.5       13.9        2.8        9.9        5.9        7.2        9.7        7.1       15.8       10.8         19        6.8        4.1       10.4        4.9        5.2       11.2       15.7       10.8         14       20.8        5.3       12.8       12.4          0          0          0 
      11.3        3.4       11.4        6.9       21.9       21.7       10.9       15.4       22.7        2.5          4        2.6       19.3       10.2        1.1       17.6       14.2       10.6       24.6       21.1        9.1        4.7       11.8        7.7       18.2       20.2         13         16       26.1        1.6          0        6.7       20.9       13.4        4.6       13.8       17.7       11.6         15       14.7         15        3.5        8.2        6.6        7.7        8.6        5.6       16.4       12.2       18.2          8        5.5        9.2        5.8        6.7       10.1       14.7       11.8         14       19.7        6.8       13.8       12.6          0          0          0 
      12.5        3.5        4.8        0.9       17.2       18.3        5.2        8.8       16.8        7.6        5.1        4.2         14       10.5        6.1         12       11.6        8.2       23.6       18.4       11.1        3.8        5.1        1.1       14.3       17.9        7.2        9.4       20.6        8.1        6.7          0       16.3         13        2.8        8.1       14.6        8.9       13.7       13.5       17.8          8        3.9        9.1        9.5        2.9        1.2       16.4       16.1       13.1       11.8       10.4        3.1        9.2       11.5          4          9       14.2       11.8       13.5       11.8       15.9       11.9          0          0          0 
        15       19.2       12.8       16.9        0.9        4.7       11.1       11.6        5.7       19.9         17       18.5        2.9       13.8       21.1        5.3        8.1       10.7         14        6.6       16.4         20       13.5       15.2        3.3        7.7        9.3       11.6        6.4       21.5       20.9       16.3          0       12.1       16.5        8.5        5.3        9.7       10.1       10.3       19.7       19.3       19.3       17.2       16.2       13.3       17.4       13.2       21.4        3.4       19.3       20.5       13.2       18.2       20.9       12.3        7.8       17.6        8.9        7.3       21.1       17.5       11.6          0          0          0 
       3.1       13.7       13.6       13.9       12.8       10.3       10.8       15.8       16.9       11.2        9.7       12.1       12.5        3.2       14.1       12.6        4.3        5.2       11.2        8.9        5.1       15.3       14.5       12.6        8.8        7.6       11.1       16.3       18.6         13       13.4         13       12.1          0       11.1       11.3        6.9        5.2        2.2        1.9        7.7       10.2       16.9        7.2        5.9         11       13.4        3.3        9.3       11.6        8.1       10.2       11.7        8.3       10.1       11.5       11.6        5.5        3.4         16       10.3        5.4        1.1          0          0          0 
      10.1        2.8          7        3.5       17.5       17.8        6.2         11         18        4.9        2.2          2       14.7        8.2        4.5         13       10.6        6.9       22.1       17.6        8.5        4.2        7.5        3.4       14.1       16.9        8.3       11.6       21.5        5.8        4.6        2.8       16.5       11.1          0        9.1         14        7.9       12.1       11.9       15.1        5.2        6.2        6.3        6.9        3.9        2.5       14.4       13.3       13.7          9        7.6        4.6        6.3        8.7        5.4         10       11.6       10.6         15        8.9       13.3       10.1          0          0          0 
      12.8       11.4        4.3        8.5        9.4       11.6        2.9        4.6        8.8       13.5       10.3       11.2          6       10.7       13.7        3.9        7.6        6.6       19.1       12.4       12.9       11.9          5        6.9        7.5       12.5        0.8          5       12.5       14.8       13.8        8.1        8.5       11.3        9.1          0        8.7        6.1       10.6       10.5       18.6       13.3       10.7       12.4       11.9        5.3        9.3       14.2       18.6        5.1       15.2       15.3        4.9       13.1         16          4        0.9       15.4        8.3          6       16.2       16.3       10.2          0          0          0 
        10       16.8       12.7       15.4        5.9        3.9       10.2       13.1       10.7       16.2       13.7       15.7        6.5        9.1       18.2        7.7        3.6        7.1       10.5        3.8       11.6         18       13.6       13.7        2.2        3.7        9.1       13.4       11.7         18       17.7       14.6        5.3        6.9         14        8.7          0        6.1        4.8          5       14.3       15.5       18.2       12.9       11.7       11.7       15.5        7.9       16.3          6       14.6       16.2         12         14       16.4       11.3        8.4       12.5        4.1       10.9       16.6       12.2        6.6          0          0          0 
       6.7       10.7        8.4        9.7       10.6         10        5.7       10.6         13       10.3        7.6        9.5        8.8        4.7         12        8.2        2.8          1       14.8        9.7        7.2         12        9.4        8.1        6.6        9.1        5.9       11.1       15.6         12       11.6        8.9        9.7        5.2        7.9        6.1        6.1          0          5        4.9       12.4        9.6       12.7        7.6        6.6        6.3        9.6        8.3       12.8        7.8        9.9       10.8        6.9        8.6       11.2        6.5        6.6        9.4          3       11.4       11.5       10.1        4.1          0          0          0 
       5.3       14.9       13.5       14.6       10.8          8       10.7       15.2       15.1         13       11.1       13.4       10.8          5       15.6       11.2          3        5.5         10        6.7        7.3       16.4       14.4       13.1        6.8        5.5       10.5       15.6       16.6       14.8         15       13.7       10.1        2.2       12.1       10.6        4.8          5          0        0.2        9.5       12.1       17.6        9.1        7.8       11.3       14.3        3.6       11.4         10       10.3       12.3       11.9       10.2       12.2       11.6       10.7        7.7        2.2       14.6       12.4        7.3        2.3          0          0          0 
       5.1       14.7       13.3       14.4         11        8.3       10.6       15.1       15.2       12.7       10.9       13.2       10.9        4.7       15.4       11.3          3        5.3       10.2        6.9          7       16.2       14.3       12.9          7        5.8       10.5       15.6       16.7       14.5       14.7       13.5       10.3        1.9       11.9       10.5          5        4.9        0.2          0        9.3       11.8       17.4        8.8        7.6       11.1       14.1        3.6       11.2       10.1         10         12       11.8         10       11.9       11.5       10.7        7.4        2.2       14.7       12.1        7.1        2.1          0          0          0 
       5.7         17       19.9       18.6       20.3         17       17.4       22.8       24.6       12.5         13       15.1       20.2        7.9       16.1       20.3         12         12       13.6       15.1        6.7       18.7       20.8       17.8       16.3       13.6       18.2       23.4       26.1       13.9         15       17.8       19.7        7.7       15.1       18.6       14.3       12.4        9.5        9.3          0       11.5       21.4        8.9        8.2       16.7       17.7        6.8        3.9       19.3          7        9.8       17.6        9.3        8.8       17.8         19        3.5       11.2       23.6        8.8        2.3        8.6          0          0          0 
       7.9        5.8       12.1        8.6       20.2       19.4       10.7       15.9       21.9          1        3.1        4.1       18.1          7        4.6       16.8       11.8        8.5       21.4       18.5        5.6        7.5       12.6        8.6       16.3       17.5       12.6       16.6         25        2.8        3.5          8       19.3       10.2        5.2       13.3       15.5        9.6       12.1       11.8       11.5          0       10.7        3.1        4.4        8.7        7.3         13        8.8         17        4.5        2.4        9.6        2.2        3.6       10.2       14.2        8.2       11.5       19.4        3.8       10.2        9.7          0          0          0 
      16.3        4.9        6.6          3       20.2       21.7        8.2        9.8       18.8         10        8.3        6.6       16.7       14.3        7.3       14.5       15.5       12.1       27.5         22       14.7        3.5        6.2        4.5       17.7       21.7         10       10.2       22.8        9.9        8.2        3.9       19.3       16.9        6.2       10.7       18.2       12.7       17.6       17.4       21.4       10.7          0       12.5       13.1        6.5        3.6       20.3       19.4       15.9         15       13.1        6.2       12.3       14.3          7       11.6       17.8       15.7       15.2       14.5       19.6       15.8          0          0          0 
       4.8        8.1       12.2        9.9       18.1       16.7       10.2       15.8       20.5        4.1        4.1        6.2       16.4          4        7.5       15.5        9.3        6.5       18.3       15.7        2.5        9.8         13        9.4         14       14.6       11.8       16.4       23.2        5.9        6.6        9.1       17.2        7.2        6.3       12.4       12.9        7.6        9.1        8.8        8.9        3.1       12.5          0        1.3        8.8        8.9        9.9          7       15.4        2.8        3.3        9.7        1.1        3.7       10.1       13.1        5.4        8.8       18.3        3.9        7.3        6.7          0          0          0 
       3.6        8.9       12.2       10.4         17       15.5         10       15.6       19.7        5.4        4.8        7.1       15.5        2.8        8.6       14.7        8.2        5.7         17       14.5        1.5       10.7         13        9.7       12.9       13.4       11.3       16.1       22.3        7.2        7.7        9.5       16.2        5.9        6.9       11.9       11.7        6.6        7.8        7.6        8.2        4.4       13.1        1.3          0        8.8        9.4        8.6        6.9       14.5        3.3        4.5        9.7        2.4        4.6         10       12.6        4.7        7.6       17.7        4.9        6.4        5.5          0          0          0 
      11.1          6        3.4        3.6       14.3       15.3        2.3        7.2       14.2        8.7        5.6          6       11.1        8.9        8.4        9.2          9        5.8       21.1       15.5       10.2        6.7        4.1        1.9       11.3       15.1        4.4        7.8       17.8        9.7        8.6        2.9       13.3         11        3.9        5.3       11.7        6.3       11.3       11.1       16.7        8.7        6.5        8.8        8.8          0        4.1       14.3       15.7       10.2       11.7         11        0.9        9.2       11.9        1.5        6.2       13.2        9.3       11.1       12.2       14.6        9.8          0          0          0 
      12.6        2.3        6.1        1.3       18.4       19.2        6.4         10       18.1        6.8        4.7        3.3       15.2       10.7          5       13.2       12.4        8.8       24.3       19.3         11        2.6        6.3        2.4       15.3       18.7        8.4       10.6       21.8        7.1        5.6        1.2       17.4       13.4        2.5        9.3       15.5        9.6       14.3       14.1       17.7        7.3        3.6        8.9        9.4        4.1          0       16.8       15.8       14.3       11.4        9.8        4.3        8.7       10.9        5.2       10.2       14.1       12.6       14.8       11.1       15.9       12.4          0          0          0 
       5.1         17       16.8       17.3       13.7       10.1         14       18.8       18.5       14.1       12.9       15.3       14.2        6.2       17.2       14.8        6.6        8.5        8.4        8.2        7.5       18.6       17.7         16         10        6.8       14.1       19.2       19.6       15.8       16.4       16.4       13.2        3.3       14.4       14.2        7.9        8.3        3.6        3.6        6.8         13       20.3        9.9        8.6       14.3       16.8          0        9.7       13.5         10       12.6         15       10.9       12.1       14.8       14.3        6.3        5.8       18.2       12.3        5.1        4.5          0          0          0 
       6.3       14.6       19.1       16.9       22.1       19.4       16.9       22.5       25.7        9.7         11       12.8       21.4          8       13.3       21.1       13.3       12.1       17.3       17.8        5.7       16.4       19.9       16.4         18       16.4       18.1       23.1       27.8       10.8       12.2       16.1       21.4        9.3       13.3       18.6       16.3       12.8       11.4       11.2        3.9        8.8       19.4          7        6.9       15.7       15.8        9.7          0       20.5        4.3        6.6       16.7          7        5.5         17       19.3        3.7       12.5       24.2        5.4        4.6        9.8          0          0          0 
      14.1       16.2        9.4       13.6        4.3        7.4        7.9        8.2        5.2       17.5       14.4       15.7          1       12.5       18.3        1.9        7.3        8.8       16.2        8.8         15       16.9         10       11.9        3.9        9.4        5.9        8.3        7.9         19       18.2       13.1        3.4       11.6       13.7        5.1          6        7.8         10       10.1       19.3         17       15.9       15.4       14.5       10.2       14.3       13.5       20.5          0       17.8       18.6         10       16.3       19.1        9.1        4.3       16.8        8.1        4.9       19.3       17.1       10.8          0          0          0 
         5       10.3       15.1       12.6       20.1       18.3       13.1       18.7         23        5.5        6.7        8.5       18.8        5.5        9.1       18.1       11.2          9       18.4         17          3         12       15.9       12.2         16       15.7       14.6       19.3       25.5        6.8          8       11.8       19.3        8.1          9       15.2       14.6        9.9       10.3         10          7        4.5         15        2.8        3.3       11.7       11.4         10        4.3       17.8          0        2.8       12.6        2.6        2.1         13       15.9        4.1       10.6         21        2.2        6.1          8          0          0          0 
       7.4        8.2       14.4       11.1       21.4         20       12.8       18.2       23.6        3.1        5.4        6.5       19.6        7.3        6.6       18.5       12.7        9.8         21         19        5.1        9.9         15         11       17.4       17.8       14.5       18.8       26.5        4.1        5.5       10.4       20.5       10.2        7.6       15.3       16.2       10.8       12.3         12        9.8        2.4       13.1        3.3        4.5         11        9.8       12.6        6.6       18.6        2.8          0       11.9        2.2        1.1       12.5       16.1        6.9       12.1       21.3        1.3        8.9         10          0          0          0 
        12        6.5        2.4        3.6       14.2       15.5        2.1        6.3       13.7        9.5        6.5        6.6       10.9        9.8        8.9        8.9        9.5        6.5       21.7       15.8       11.1        6.9        3.2        1.9       11.5       15.5        4.1        6.9       17.4       10.4        9.2        3.1       13.2       11.7        4.6        4.9         12        6.9       11.9       11.8       17.6        9.6        6.2        9.7        9.7        0.9        4.3         15       16.7         10       12.6       11.9          0       10.1       12.8        0.9        5.8       14.2        9.9       10.5       13.1       15.5       10.6          0          0          0 
       5.7        7.7       12.6        9.9       19.1       17.8       10.8       16.3       21.4        3.3          4        5.8       17.4        5.2        6.8       16.3       10.4        7.5       19.3       16.9        3.4        9.4       13.3        9.6       15.1       15.8       12.5       16.9       24.2        4.9        5.8        9.2       18.2        8.3        6.3       13.1         14        8.6       10.2         10        9.3        2.2       12.3        1.1        2.4        9.2        8.7       10.9          7       16.3        2.6        2.2       10.1          0        2.8       10.6       13.9          6        9.9       19.1        3.1          8        7.9          0          0          0 
       7.1        9.4       15.3       12.2       21.7       20.1       13.7       19.1       24.2        4.3        6.5        7.7       20.1        7.3        7.8       19.2       12.9       10.2       20.5       18.9        4.9       11.1         16       12.1       17.6       17.7       15.3       19.7       26.9        5.2        6.7       11.5       20.9       10.1        8.7         16       16.4       11.2       12.2       11.9        8.8        3.6       14.3        3.7        4.6       11.9       10.9       12.1        5.5       19.1        2.1        1.1       12.8        2.8          0       13.4       16.8        6.2       12.3         22        0.2        8.1        9.9          0          0          0 
        12        7.4        2.1        4.5       13.3       14.8        1.2        5.7       12.8       10.2        7.1        7.5         10        9.8        9.8          8          9        6.3       21.2       15.2       11.4        7.8          3        2.8       10.7       14.9        3.2        6.3       16.5       11.2       10.1          4       12.3       11.5        5.4          4       11.3        6.5       11.6       11.5       17.8       10.2          7       10.1         10        1.5        5.2       14.8         17        9.1         13       12.5        0.9       10.6       13.4          0        4.9       14.3        9.4        9.6       13.6       15.6       10.4          0          0          0 
      13.3       12.3          5        9.4        8.7         11        3.8        4.6        7.9       14.4       11.2       12.1        5.1       11.3       14.6          3        7.7        7.1       18.9         12       13.5       12.8        5.7        7.8          7       12.2        1.7        4.9       11.6       15.7       14.7          9        7.8       11.6         10        0.9        8.4        6.6       10.7       10.7         19       14.2       11.6       13.1       12.6        6.2       10.2       14.3       19.3        4.3       15.9       16.1        5.8       13.9       16.8        4.9          0       15.9        8.5        5.2         17       16.7       10.5          0          0          0 
       2.6       13.5       16.5       15.1       18.3       15.7         14       19.5       22.1        9.3        9.5       11.7       17.7        4.6       12.8       17.5        9.6        8.8       14.4       14.1        3.1       15.3       17.3       14.3       14.2       12.7         15       20.1         24       10.8       11.8       14.2       17.6        5.5       11.6       15.4       12.5        9.4        7.7        7.4        3.5        8.2       17.8        5.4        4.7       13.2       14.1        6.3        3.7       16.8        4.1        6.9       14.2          6        6.2       14.3       15.9          0        8.8       20.8        6.3        1.9          6          0          0          0 
       6.1       13.5       11.2       12.7        9.6        7.9        8.5       12.9       13.4       12.3         10       12.1          9          5       14.5        9.2        0.8        3.7       11.8        7.1        7.6       14.9       12.2       11.2        5.5        6.3        8.3       13.3       15.2         14         14       11.8        8.9        3.4       10.6        8.3        4.1          3        2.2        2.2       11.2       11.5       15.7        8.8        7.6        9.3       12.6        5.8       12.5        8.1       10.6       12.1        9.9        9.9       12.3        9.4        8.5        8.8          0       12.5       12.5        8.9        2.7          0          0          0 
      18.1         17        8.8       13.7        7.8       11.9        8.8        5.6        3.7       19.6       16.4       17.1        4.6       16.2       19.5        3.3       11.7       12.1         21       13.6       18.5       17.2          9       12.3        8.8       14.3        6.8        5.4        7.8       20.8       19.7       13.5        7.3         16         15          6       10.9       11.4       14.6       14.7       23.6       19.4       15.2       18.3       17.7       11.1       14.8       18.2       24.2        4.9         21       21.3       10.5       19.1         22        9.6        5.2       20.8       12.5          0       22.2       21.3         15          0          0          0 
       7.3        9.6       15.6       12.4         22       20.3       13.9       19.4       24.4        4.5        6.7        7.9       20.4        7.5        7.9       19.4       13.1       10.5       20.6       19.1        5.1       11.2       16.2       12.3       17.9       17.9       15.6         20       27.2        5.3        6.8       11.8       21.1       10.3        8.9       16.2       16.6       11.5       12.4       12.1        8.8        3.8       14.5        3.9        4.9       12.2       11.1       12.3        5.4       19.3        2.2        1.3       13.1        3.1        0.2       13.6         17        6.3       12.5       22.2          0        8.2       10.1          0          0          0 
       3.5       15.4       17.7       16.7       18.1       15.1       15.2       20.6       22.3       11.3       11.3       13.5         18        5.7       14.8         18        9.8        9.7       12.8       13.3        4.9       17.1       18.6       15.8       14.1       11.9       15.9       21.1       23.9       12.8       13.8       15.9       17.5        5.4       13.3       16.3       12.2       10.1        7.3        7.1        2.3       10.2       19.6        7.3        6.4       14.6       15.9        5.1        4.6       17.1        6.1        8.9       15.5          8        8.1       15.6       16.7        1.9        8.9       21.3        8.2          0        6.3          0          0          0 
       3.4       12.8       12.4       12.8       12.3       10.2        9.7       14.7       16.1       10.6        8.9       11.2       11.7        2.6       13.3       11.7        3.5        4.1       12.1          9          5       14.4       13.4       11.5        8.2        7.8         10       15.2         18       12.4       12.6       11.9       11.6        1.1       10.1       10.2        6.6        4.1        2.3        2.1        8.6        9.7       15.8        6.7        5.5        9.8       12.4        4.5        9.8       10.8          8         10       10.6        7.9        9.9       10.4       10.5          6        2.7         15       10.1        6.3          0          0          0          0 
         0          0          0          0          0          0          0          0          0          0          0          0          0          0          0          0          0          0          0          0          0          0          0          0          0          0          0          0          0          0          0          0          0          0          0          0          0          0          0          0          0          0          0          0          0          0          0          0          0          0          0          0          0          0          0          0          0          0          0          0          0          0          0          0          0          0 
         0          0          0          0          0          0          0          0          0          0          0          0          0          0          0          0          0          0          0          0          0          0          0          0          0          0          0          0          0          0          0          0          0          0          0          0          0          0          0          0          0          0          0          0          0          0          0          0          0          0          0          0          0          0          0          0          0          0          0          0          0          0          0          0          0          0 
         0          0          0          0          0          0          0          0          0          0          0          0          0          0          0          0          0          0          0          0          0          0          0          0          0          0          0          0          0          0          0          0          0          0          0          0          0          0          0          0          0          0          0          0          0          0          0          0          0          0          0          0          0          0          0          0          0          0          0          0          0          0          0          0          0          0 
Version identifier: 22.1.1.0 | 2022-11-28 | 9160aff4d
CPXPARAM_Threads                                 1
CPXPARAM_TimeLimit                               7200
Tried aggregator 2 times.
MIP Presolve eliminated 2386 rows and 6054 columns.
MIP Presolve modified 2060 coefficients.
Aggregator did 32 substitutions.
Reduced MIP has 431 rows, 1147 columns, and 3688 nonzeros.
Reduced MIP has 1131 binaries, 0 generals, 0 SOSs, and 0 indicators.
Presolve time = 0.01 sec. (14.10 ticks)
Found incumbent of value -18.277000 after 0.02 sec. (23.58 ticks)
Probing time = 0.00 sec. (3.53 ticks)
Tried aggregator 2 times.
Detecting symmetries...
MIP Presolve eliminated 15 rows and 34 columns.
MIP Presolve modified 140 coefficients.
Aggregator did 3 substitutions.
Reduced MIP has 413 rows, 1110 columns, and 3537 nonzeros.
Reduced MIP has 1095 binaries, 0 generals, 0 SOSs, and 0 indicators.
Presolve time = 0.00 sec. (4.70 ticks)
Probing time = 0.00 sec. (3.41 ticks)
Clique table members: 2535.
MIP emphasis: balance optimality and feasibility.
MIP search method: dynamic search.
Parallel mode: none, using 1 thread.
Root relaxation solution time = 0.00 sec. (3.37 ticks)

        Nodes                                         Cuts/
   Node  Left     Objective  IInf  Best Integer    Best Bound    ItCnt     Gap

*     0+    0                          -18.2770       95.7110           623.67%
*     0     0      integral     0       32.0930       32.0930      207    0.00%
Elapsed time = 0.04 sec. (42.15 ticks, tree = 0.00 MB, solutions = 2)

Root node processing (before b&c):
  Real time             =    0.04 sec. (42.41 ticks)
Sequential b&c:
  Real time             =    0.00 sec. (0.00 ticks)
                          ------------
Total (root+branch&cut) =    0.04 sec. (42.41 ticks)

Sol status: Optimal
 Total Time: 0.03
 LB: 32.093
 UB: 32.093
Initializing solStats

Obj Val: 32.093

Solve Time: 0.03
b(0): 10.0666666666667
b(1): 13.3166666666667
b(2): 9.58333333333333
b(3): 10.8666666666667
b(4): 14.3333333333333
b(5): 13.5
b(6): 10.7
b(7): 13.95
b(8): 10.2833333333333
b(9): 16.9333333333333
b(10): 15.2666666666667
b(11): 11.4333333333333
b(12): 16.85
b(13): 11.3833333333333
b(14): 16.0666666666667
b(15): 15.7
b(16): 16.4666666666667
b(17): 9.58333333333333
b(18): 16.0666666666667
b(19): 15.0666666666667
b(20): 10.2060975883403
b(21): 13.4414634348602
b(22): 9.68861789688678
b(23): 11.1581301015269
b(24): 14.5166667154472
b(25): 13.6686992286338
b(26): 10.9987805116002
b(27): 14.0479674868134
b(28): 10.4666667154472
b(29): 17.2272357937736
b(30): 15.4475610232005
b(31): 11.6191057410272
b(32): 17.1707317418204
b(33): 11.5447154852271
b(34): 16.2597561511006
b(35): 16.0451219976205
b(36): 16.8044715875471
b(37): 9.69105692246679
b(38): 16.4325205036685
b(39): 15.319105814198
b(40): 9.08333333333333
b(41): 16.1333333333333
b(42): 12.35
b(43): 13.2333333333333
b(44): 11.85
b(45): 9.35
b(46): 14.9166666666667
b(47): 10.1833333333333
b(48): 11.0833333333333
b(49): 15.3833333333333
b(50): 10.1833333333333
b(51): 17.2333333333333
b(52): 13.45
b(53): 14.3333333333333
b(54): 12.95
b(55): 10.45
b(56): 16.0166666666667
b(57): 11.2833333333333
b(58): 12.2166666666667
b(59): 16.5666666666667
b(60): 9
b(61): 9
b(62): 9
b(63): 19
b(64): 19
b(65): 19


Customer profit: 133.707
Parcel profit: 0
Costs: 101.614
Without fixed: 101.614

Solution: 
Vehicle 0: 60 - 2 - 22 - 6 - 26 - 13 - 33 - 5 - 25 - 4 - 24 - 19 - 39 - 18 - 38 - 12 - 32 - 63 - Total time: 8.17073174182036
Vehicle 1: 61 - 0 - 20 - 3 - 23 - 11 - 31 - 1 - 21 - 10 - 30 - 14 - 34 - 9 - 29 - 64 - Total time: 8.22723579377356
Vehicle 2: 62 - 17 - 37 - 8 - 28 - 7 - 27 - 15 - 35 - 16 - 36 - 65 - Total time: 7.80447158754713

Vehicle 0: d - P - d - P - d - D - d - P - d - P - d - D - d - D - d - D - f
Vehicle 1: d - P - d - P - d - D - d - P - d - D - d - D - d - P - f
Vehicle 2: d - D - d - P - d - P - d - D - d - D - f

************************************
Final solution value: 32.093
************************************

Total distance: 220.9

Total passenger distance: 66.9

Total parcel distance: 0

Total combined transportation distance: 0

Total idle distance: 154
File exists: 1
partial: 
CSV file 'TreatResults/FullResults/fip1ADcsarpM.csv' generated successfully!
Instance Name: sarp-20-10-C-1

K: 4
Dist Matrix: 
         0        7.7       12.7        8.3        7.7        6.3       15.3       12.6        8.1         11       11.8          7       13.8       11.4          8        5.5        7.8        7.7       12.5        9.2          9        5.5        2.3          7       10.3          8       12.4        9.3        3.2       10.9       14.5       11.1        9.4        4.6        1.1        7.3        7.4          9       11.1        8.2        6.1          7       10.8       11.9       12.1       11.4       10.5       13.1         11        7.9       17.3        9.9       15.5        9.2        0.5          5       15.9        7.4        5.4        7.1         12        5.6        8.7        5.6          0          0          0          0 
       7.7          0       19.5       10.1       11.5          4         21       19.3        5.6       14.1       19.2        6.1       19.6       18.7        6.5        8.5        8.2          0        6.5        6.2       16.7       13.2        9.9       13.1       13.2        4.2       19.8          8        4.4        6.9       13.8       18.5        6.6       11.7        8.3        9.5       13.1        5.6       16.4        6.5       12.3       14.5       13.3       18.6        6.9       13.8       17.2       17.9       13.3        6.9       23.9        2.8       13.1       16.8        8.2       12.7       22.5       10.3        2.8        2.1       13.2        8.2        1.2        4.1          0          0          0          0 
      12.7       19.5          0       11.9        9.4       19.1       19.5        0.2       16.5        9.8        3.3       15.1       18.5        2.9       15.6       17.2         20       19.5       21.6       17.2          8        8.6       10.5       14.6       10.1       20.8        3.1       21.8       15.6       18.7       26.2       11.2       22.1       12.4       11.7       18.9        6.6       17.5       17.8       15.9        7.2       10.8       21.1       14.7       24.9       21.5        2.3       19.7         11       15.2       18.4       22.2       27.9       10.1       12.5        8.7        3.1       18.5       16.7       19.7         23       12.1       20.7       18.4          0          0          0          0 
       8.3       10.1       11.9          0        2.5         12         23       11.7        5.2        3.9       13.2        4.1       21.6       12.6        4.1       13.5       15.3       10.1        9.9        5.5       13.6       10.5        8.1         15          3       13.3       13.6       16.2        8.4        6.9         22       16.9       15.6       12.2        7.5       15.3        5.6        5.9       19.2        4.3        6.1       13.5       19.1       18.9       16.9       19.6       10.1       21.2        3.2        3.6       24.2         13       22.3       14.9        8.6         10       14.3       15.6        7.6       11.4         20        2.6       11.3       11.5          0          0          0          0 
       7.7       11.5        9.4        2.5          0       12.7       21.5        9.1        7.3        3.2       10.7          6       20.1         10        6.3       13.3       15.3       11.5       12.3        7.8       11.4        8.7        6.9       13.8        2.6       14.2         11       16.6        8.9        9.3       22.2       14.9       16.2         11        6.7       15.1        3.1        8.2         18        6.6        3.8       11.7       18.6       17.2         18       19.2        7.5         20        3.4        5.9       22.3       14.4       22.8       12.9        7.9        8.2       11.9       15.2        8.8       12.4       19.8        3.3       12.7       12.1          0          0          0          0 
       6.3          4       19.1         12       12.7          0       17.3       18.9        8.7       15.7       18.1        8.6       15.9       17.7        9.4        4.8        4.2        4.1       10.6        9.6       14.7       11.5        8.6        9.8       14.8        1.6       18.7        4.3        3.8       10.6       10.2       15.8        3.5          9        7.3        5.4       13.3        9.1       12.7        9.4       12.2       11.9        9.3       15.4        5.8        9.8       16.8       14.1       15.2        9.7       20.4        4.4       10.2       14.3        6.7       11.1       22.2        6.3        4.7        1.9        9.2        9.5        4.2        0.7          0          0          0          0 
      15.3         21       19.5         23       21.5       17.3          0       19.5       23.3       24.5       16.2       22.4        1.4       16.6       23.4       12.5       13.9       21.1       27.2       24.5       11.6       12.9       14.9        8.3         24       18.2       16.7       15.4       17.4       26.1       14.9        8.2       17.2       10.8       15.7       12.1       19.2       24.2        4.6       23.6       17.9        9.8        9.6        4.7       20.7        9.4       18.4        3.6         25       23.3        4.3       21.7         18        9.5       14.8       13.3       21.8       11.1         20       19.2       11.6       20.7       21.5       16.9          0          0          0          0 
      12.6       19.3        0.2       11.7        9.1       18.9       19.5          0       16.3        9.6        3.4       14.9       18.5        2.9       15.4       17.1       19.8       19.3       21.4       16.9          8        8.5       10.3       14.6        9.9       20.6        3.2       21.6       15.4       18.5       26.1       11.2       21.9       12.3       11.5       18.7        6.4       17.2       17.8       15.6          7       10.7         21       14.7       24.7       21.4        2.1       19.7       10.8       14.9       18.5         22       27.7         10       12.3        8.6        3.3       18.4       16.5       19.4       22.9       11.8       20.5       18.2          0          0          0          0 
       8.1        5.6       16.5        5.2        7.3        8.7       23.3       16.3          0        9.1       17.1        1.4       21.9       16.5          1       11.9       12.7        5.5        5.1        1.1       16.1       12.6        9.3         15        8.2        9.5       17.6       13.1        6.2        2.8         19       18.8       11.9       12.7          8       13.3        9.8          1         19        0.9        9.6       14.9       17.3         20       12.5       17.9       14.4       20.8        8.1        1.5       25.4        8.2       18.6       16.9        8.6         12       19.2       13.9          4        7.4       17.7        4.4        6.5        8.4          0          0          0          0 
        11       14.1        9.8        3.9        3.2       15.7       24.5        9.6        9.1          0         12          8       23.1       11.3          8       16.5       18.6         14       13.4        9.2       13.8       11.5       10.1         17        0.8       17.1       12.2       19.7       11.9       10.3       25.4       17.4       19.2       14.1         10       18.3        5.3        9.7       21.1        8.2        6.5       14.7       21.9         20       20.8       22.4        8.6       23.2        1.2        7.5         25       16.9       25.9       15.5       11.2       11.1       11.6       18.5       11.5       15.2       23.1        6.1       15.2       15.1          0          0          0          0 
      11.8       19.2        3.3       13.2       10.7       18.1       16.2        3.4       17.1         12          0       15.7       15.3        0.6       16.4       15.5       18.3       19.2       22.3         18          5        6.7        9.4       12.1       12.1       19.7        0.6       20.2       14.9       19.6       24.1        7.9       20.8       10.3       10.9       16.9        7.6       18.1       14.9       16.6        7.4        8.2       18.7       11.5       23.9       19.1        3.4       16.7       13.1         16       15.1       21.7         26          7       11.4          7        5.6       16.4       16.5         19       20.7       12.7       20.3       17.4          0          0          0          0 
         7        6.1       15.1        4.1          6        8.6       22.4       14.9        1.4          8       15.7          0       20.9       15.1          1       11.3       12.4          6        6.6        2.3       14.7       11.3          8       14.1        7.1        9.7       16.1         13        5.6        4.1       18.9       17.6         12       11.6        6.8       12.8        8.4        2.4       18.1        1.2        8.2       13.7       16.8       18.9         13       17.4         13         20        7.2          1       24.3        8.9       18.8       15.6        7.5       10.7       17.8       13.4        3.9        7.6       17.4          3        7.2        8.3          0          0          0          0 
      13.8       19.6       18.5       21.6       20.1       15.9        1.4       18.5       21.9       23.1       15.3       20.9          0       15.6       21.9       11.1       12.6       19.6       25.7         23       10.5       11.6       13.4        6.8       22.7       16.8       15.9       14.2         16       24.6         14        7.4       15.9        9.4       14.3       10.7       17.9       22.7        3.2       22.1       16.6        8.5        8.5        3.8       19.4        8.4       17.3        2.7       23.6       21.8        5.1       20.3         17        8.4       13.3         12       20.9        9.7       18.5       17.8       10.6       19.3       20.1       15.5          0          0          0          0 
      11.4       18.7        2.9       12.6         10       17.7       16.6        2.9       16.5       11.3        0.6       15.1       15.6          0       15.8       15.3       18.1       18.7       21.7       17.4        5.2        6.5        9.1       12.1       11.4       19.4          1         20       14.5         19         24        8.3       20.5       10.2       10.5       16.8        6.9       17.6       15.1       16.1        6.9        8.2       18.7       11.8       23.6       19.1        2.8       16.9       12.4       15.4       15.5       21.2       25.9        7.2         11        6.8        5.4       16.3       16.1       18.6       20.7       12.1       19.9         17          0          0          0          0 
         8        6.5       15.6        4.1        6.3        9.4       23.4       15.4          1          8       16.4          1       21.9       15.8          0       12.2       13.2        6.5          6        1.5       15.6       12.2          9       15.1        7.1       10.3       16.8       13.8        6.5        3.2       19.7       18.5       12.7       12.6        7.8       13.8          9        1.8       19.1        0.2        8.9       14.6       17.8       19.8       13.5       18.3       13.5         21          7        0.4       25.3        9.3       19.5       16.5        8.5       11.6       18.2       14.3        4.6        8.2       18.3        3.7        7.5        9.1          0          0          0          0 
       5.5        8.5       17.2       13.5       13.3        4.8       12.5       17.1       11.9       16.5       15.5       11.3       11.1       15.3       12.2          0        2.8        8.6       14.9       12.9       11.2        8.7        7.1        5.1       15.8        5.9       16.1        4.7        5.7       14.3        9.1       11.6        5.7        5.3        6.5        1.8       12.7       12.5        7.9       12.4       11.3        8.1        5.5       10.7        9.3        6.1       15.1        9.4       16.4       12.3       15.6        9.2       10.6       10.4        5.4        8.5       20.3        2.1          8        6.7        6.5       10.9          9        4.4          0          0          0          0 
       7.8        8.2         20       15.3       15.3        4.2       13.9       19.8       12.7       18.6       18.3       12.4       12.6       18.1       13.2        2.8          0        8.3       14.8       13.7         14       11.5        9.7        7.6       17.8        4.5         19        1.9        6.8       14.8        6.8       14.2        3.3        8.1        8.9        1.9       15.2       13.2        9.3       13.3       13.8       10.8        5.1       12.9        6.9        5.6       17.8       10.4       18.3       13.4       17.4          8        7.8       13.1        7.8       11.3       23.1        2.8        8.6        6.1          5       12.6        8.3        4.2          0          0          0          0 
       7.7          0       19.5       10.1       11.5        4.1       21.1       19.3        5.5         14       19.2          6       19.6       18.7        6.5        8.6        8.3          0        6.5        6.1       16.7       13.2        9.9       13.2       13.1        4.3       19.8        8.1        4.4        6.8       13.9       18.5        6.7       11.7        8.3        9.5       13.1        5.5       16.5        6.4       12.3       14.5       13.4       18.7          7       13.9       17.2         18       13.2        6.9       23.9        2.9       13.2       16.8        8.2       12.7       22.5       10.4        2.7        2.2       13.3        8.1        1.2        4.2          0          0          0          0 
      12.5        6.5       21.6        9.9       12.3       10.6       27.2       21.4        5.1       13.4       22.3        6.6       25.7       21.7          6       14.9       14.8        6.5          0        4.4       21.1       17.5       14.1         19       12.7       10.6       22.8       14.5        9.8        3.1         20       23.6       12.9       17.1       12.7         16         15        4.1       22.7        5.7       14.8       19.5       19.9       24.3         12       20.4       19.6       24.3       12.3        6.4       29.7        7.7       18.9       21.7       13.1         17       24.2       16.8        7.2        8.7       19.7        9.6        6.6       10.7          0          0          0          0 
       9.2        6.2       17.2        5.5        7.8        9.6       24.5       16.9        1.1        9.2         18        2.3         23       17.4        1.5       12.9       13.7        6.1        4.4          0       17.1       13.6       10.4       16.2        8.4       10.3       18.4         14        7.3        1.7       19.8       19.9       12.8       13.8        9.1       14.4       10.5        0.6       20.1        1.3       10.5         16       18.4       21.1       13.1         19       15.1         22        8.2        1.9       26.5        8.7       19.4       17.9        9.7       13.1       19.8         15          5        8.2       18.7        5.2        7.1        9.4          0          0          0          0 
         9       16.7          8       13.6       11.4       14.7       11.6          8       16.1       13.8          5       14.7       10.5        5.2       15.6       11.2         14       16.7       21.1       17.1          0        3.5        6.9        7.2       13.6       16.3        5.6         16       12.2       18.9       19.4        3.6       16.9        5.9        8.5       12.5        8.5       17.1        9.9       15.9        7.5        3.3       13.8        6.8       20.2       14.1        6.8       11.7       14.6       15.3       11.2       18.8       21.5          2        8.4        4.1       10.6       11.8       14.4       15.9       15.9       12.1       17.7         14          0          0          0          0 
       5.5       13.2        8.6       10.5        8.7       11.5       12.9        8.5       12.6       11.5        6.7       11.3       11.6        6.5       12.2        8.7       11.5       13.2       17.5       13.6        3.5          0        3.4        6.2       11.1       13.1        7.4       13.4        8.7       15.4       17.6        6.4         14        3.7        4.9       10.3        6.3       13.6         10       12.4        4.9        3.1       12.5        8.5       17.2       12.9        6.6         12       12.1       11.9       13.6       15.4       19.3        4.4          5        0.5       11.7        9.8       10.8       12.6       14.3        8.7       14.2       10.8          0          0          0          0 
       2.3        9.9       10.5        8.1        6.9        8.6       14.9       10.3        9.3       10.1        9.4          8       13.4        9.1          9        7.1        9.7        9.9       14.1       10.4        6.9        3.4          0        6.9        9.5       10.3       10.1       11.3        5.5       12.1       16.2        9.5       11.6        4.1        1.5        8.8        5.7       10.3       11.1        9.2        4.2        5.6         12       10.9       14.5       12.5        8.2       13.1       10.3        8.8       16.3       12.2       17.5        7.5          2        2.8       13.6        8.8        7.4        9.5       13.5        5.9         11        7.9          0          0          0          0 
         7       13.1       14.6         15       13.8        9.8        8.3       14.6         15         17       12.1       14.1        6.8       12.1       15.1        5.1        7.6       13.2         19       16.2        7.2        6.2        6.9          0       16.4         11       12.8        9.5        9.2       17.8       12.1        6.6       10.8        2.8        7.5        5.7       12.1       15.9        4.1       15.3       10.6        3.9        6.5        5.6       14.4        6.9       12.8        6.2       17.3         15       10.7       14.3       14.5        5.8        6.5        6.3       17.6        4.9       11.8       11.6        8.6       12.5       13.8        9.3          0          0          0          0 
      10.3       13.2       10.1          3        2.6       14.8         24        9.9        8.2        0.8       12.1        7.1       22.7       11.4        7.1       15.8       17.8       13.1       12.7        8.4       13.6       11.1        9.5       16.4          0       16.2       12.3       18.9       11.1        9.5       24.6       17.2       18.4       13.6        9.3       17.6          5        8.9       20.6        7.3        6.2       14.2       21.2       19.7       19.9       21.7        8.7       22.7        0.9        6.6       24.7         16       25.1       15.3       10.5       10.7       12.1       17.8       10.6       14.4       22.4        5.3       14.3       14.3          0          0          0          0 
         8        4.2       20.8       13.3       14.2        1.6       18.2       20.6        9.5       17.1       19.7        9.7       16.8       19.4       10.3        5.9        4.5        4.3       10.6       10.3       16.3       13.1       10.3         11       16.2          0       20.4        3.8        5.3       11.2        9.5       17.3        2.4       10.5          9        6.1       14.9        9.8       13.6       10.3       13.8       13.4        9.6       16.6        4.1       10.1       18.5       14.8       16.5       10.7       21.5        3.5        9.1       15.8        8.3       12.7       23.9        7.1        5.8        2.1        9.1       10.9        3.9        2.3          0          0          0          0 
      12.4       19.8        3.1       13.6         11       18.7       16.7        3.2       17.6       12.2        0.6       16.1       15.9          1       16.8       16.1         19       19.8       22.8       18.4        5.6        7.4       10.1       12.8       12.3       20.4          0       20.8       15.5       20.1       24.8        8.4       21.4       10.9       11.5       17.6        7.9       18.6       15.5       17.1        7.9        8.8       19.3         12       24.5       19.7        3.6       17.3       13.3       16.4       15.4       22.3       26.7        7.6         12        7.7          5       17.1       17.1       19.6       21.4       13.1       20.9         18          0          0          0          0 
       9.3          8       21.8       16.2       16.6        4.3       15.4       21.6       13.1       19.7       20.2         13       14.2         20       13.8        4.7        1.9        8.1       14.5         14         16       13.4       11.3        9.5       18.9        3.8       20.8          0        7.8       14.9        5.9       16.2        1.8         10       10.4        3.7       16.7       13.4         11       13.8       15.4       12.8        6.1       14.7        5.2        6.5       19.5       11.9       19.4         14       19.2        7.1        6.2       15.1        9.4       13.1       24.9        4.7        9.1        5.9        5.3       13.6        7.8        4.7          0          0          0          0 
       3.2        4.4       15.6        8.4        8.9        3.8       17.4       15.4        6.2       11.9       14.9        5.6         16       14.5        6.5        5.7        6.8        4.4        9.8        7.3       12.2        8.7        5.5        9.2       11.1        5.3       15.5        7.8          0        8.7       13.5       14.1        7.3        7.4          4        7.2        9.5        6.9       12.9        6.7        8.5       10.1       11.2       14.5        9.4       11.7       13.3       14.7       11.6        6.7       19.9        6.7       13.9       12.3        3.7        8.3       18.7        7.7        2.5          4       11.8        5.8        5.5        3.2          0          0          0          0 
      10.9        6.9       18.7        6.9        9.3       10.6       26.1       18.5        2.8       10.3       19.6        4.1       24.6         19        3.2       14.3       14.8        6.8        3.1        1.7       18.9       15.4       12.1       17.8        9.5       11.2       20.1       14.9        8.7          0       20.7       21.6       13.6       15.5       10.8       15.7       12.1        1.8       21.7          3       12.2       17.7       19.7       22.8       13.4       20.2       16.7       23.5        9.2        3.6       28.2          9       20.1       19.7       11.4       14.8       21.2       16.4        6.3          9       19.9        6.9        7.5       10.5          0          0          0          0 
      14.5       13.8       26.2         22       22.2       10.2       14.9       26.1         19       25.4       24.1       18.9         14         24       19.7        9.1        6.8       13.9         20       19.8       19.4       17.6       16.2       12.1       24.6        9.5       24.8        5.9       13.5       20.7          0       18.5        7.1       13.8       15.6        7.4       21.9       19.3       11.4       19.7       20.5         16        5.9         16        8.8        5.7       24.1       11.3       25.1       19.9       19.1       12.3        3.1         18       14.5       17.4       29.3        7.7         15       11.7        3.6       19.4       13.4       10.6          0          0          0          0 
      11.1       18.5       11.2       16.9       14.9       15.8        8.2       11.2       18.8       17.4        7.9       17.6        7.4        8.3       18.5       11.6       14.2       18.5       23.6       19.9        3.6        6.4        9.5        6.6       17.2       17.3        8.4       16.2       14.1       21.6       18.5          0       17.4        6.8       10.9       12.4       12.1       19.8        7.6       18.7         11          4       12.6        3.5       20.9       12.8       10.3        9.1       18.1       18.3        7.6       20.2         21        1.9       10.5        6.9       13.5       11.6       16.5       17.4       14.9       15.1       19.4       15.2          0          0          0          0 
       9.4        6.6       22.1       15.6       16.2        3.5       17.2       21.9       11.9       19.2       20.8         12       15.9       20.5       12.7        5.7        3.3        6.7       12.9       12.8       16.9         14       11.6       10.8       18.4        2.4       21.4        1.8        7.3       13.6        7.1       17.4          0         11       10.5        5.2       16.6       12.2       12.7       12.7       15.4       13.8          8       16.2        3.6        8.4       19.8       13.6       18.8         13       20.8        5.4        6.7       16.2        9.6       13.7       25.3        6.2        8.1        4.5        7.1       13.1        6.2        4.1          0          0          0          0 
       4.6       11.7       12.4       12.2         11          9       10.8       12.3       12.7       14.1       10.3       11.6        9.4       10.2       12.6        5.3        8.1       11.7       17.1       13.8        5.9        3.7        4.1        2.8       13.6       10.5       10.9         10        7.4       15.5       13.8        6.8         11          0        4.9        6.6        9.3       13.7          7       12.8        7.8        2.9        8.7        7.2       14.4        9.2       10.4          9       14.4       12.5       12.6       13.3       15.7        5.3        4.1        3.7       15.4        6.1        9.9       10.5       10.6        9.8       12.5        8.4          0          0          0          0 
       1.1        8.3       11.7        7.5        6.7        7.3       15.7       11.5          8         10       10.9        6.8       14.3       10.5        7.8        6.5        8.9        8.3       12.7        9.1        8.5        4.9        1.5        7.5        9.3          9       11.5       10.4          4       10.8       15.6       10.9       10.5        4.9          0        8.4        6.2        8.9       11.7          8        4.9        6.9       11.8         12       13.2       12.4        9.4       13.7       10.1        7.6       17.4       10.7       16.7        8.9        1.1        4.4       14.8        8.4        5.9          8       13.1          5        9.4        6.6          0          0          0          0 
       7.3        9.5       18.9       15.3       15.1        5.4       12.1       18.7       13.3       18.3       16.9       12.8       10.7       16.8       13.8        1.8        1.9        9.5         16       14.4       12.5       10.3        8.8        5.7       17.6        6.1       17.6        3.7        7.2       15.7        7.4       12.4        5.2        6.6        8.4          0       14.5       13.9        7.5       13.9       13.1        9.2          4         11        8.8        4.5       16.7        8.7       18.2       13.9       15.6        9.6          9       11.4        7.2       10.1       21.9          1        9.4        7.4        4.7       12.6        9.7        5.3          0          0          0          0 
       7.4       13.1        6.6        5.6        3.1       13.3       19.2        6.4        9.8        5.3        7.6        8.4       17.9        6.9          9       12.7       15.2       13.1         15       10.5        8.5        6.3        5.7       12.1          5       14.9        7.9       16.7        9.5       12.1       21.9       12.1       16.6        9.3        6.2       14.5          0       10.8       16.1        9.2        1.4        9.4       17.6       14.7         19       18.2        4.5       18.2          6        8.5       19.7       15.9         23       10.2        7.3        5.9        9.4       14.5       10.3       13.5       19.2        5.4       14.3       12.6          0          0          0          0 
         9        5.6       17.5        5.9        8.2        9.1       24.2       17.2          1        9.7       18.1        2.4       22.7       17.6        1.8       12.5       13.2        5.5        4.1        0.6       17.1       13.6       10.3       15.9        8.9        9.8       18.6       13.4        6.9        1.8       19.3       19.8       12.2       13.7        8.9       13.9       10.8          0       19.8        1.6       10.6       15.9         18       20.9       12.4       18.5       15.4       21.6        8.7        2.3       26.3        8.1       18.8       17.9        9.6       13.1       20.1       14.6        4.5        7.6       18.2        5.4        6.4        8.9          0          0          0          0 
      11.1       16.4       17.8       19.2         18       12.7        4.6       17.8         19       21.1       14.9       18.1        3.2       15.1       19.1        7.9        9.3       16.5       22.7       20.1        9.9         10       11.1        4.1       20.6       13.6       15.5         11       12.9       21.7       11.4        7.6       12.7          7       11.7        7.5       16.1       19.8          0       19.3       14.7        7.1        5.6        4.6       16.2        5.7       16.3          2       21.4       19.1        8.1         17       14.3        7.9       10.7       10.2       20.5        6.5       15.5       14.6        7.9       16.7       16.9       12.3          0          0          0          0 
       8.2        6.5       15.9        4.3        6.6        9.4       23.6       15.6        0.9        8.2       16.6        1.2       22.1       16.1        0.2       12.4       13.3        6.4        5.7        1.3       15.9       12.4        9.2       15.3        7.3       10.3       17.1       13.8        6.7          3       19.7       18.7       12.7       12.8          8       13.9        9.2        1.6       19.3          0        9.2       14.9       17.9       20.1       13.4       18.4       13.8       21.2        7.2        0.7       25.5        9.2       19.5       16.8        8.8       11.9       18.5       14.4        4.7        8.2       18.4        3.9        7.5        9.1          0          0          0          0 
       6.1       12.3        7.2        6.1        3.8       12.2       17.9          7        9.6        6.5        7.4        8.2       16.6        6.9        8.9       11.3       13.8       12.3       14.8       10.5        7.5        4.9        4.2       10.6        6.2       13.8        7.9       15.4        8.5       12.2       20.5         11       15.4        7.8        4.9       13.1        1.4       10.6       14.7        9.2          0        8.1       16.2       13.4       17.9       16.7        4.9       16.7        7.1        8.5       18.5         15       21.6          9          6        4.5       10.2         13        9.5       12.5       17.7        5.2       13.5       11.5          0          0          0          0 
         7       14.5       10.8       13.5       11.7       11.9        9.8       10.7       14.9       14.7        8.2       13.7        8.5        8.2       14.6        8.1       10.8       14.5       19.5         16        3.3        3.1        5.6        3.9       14.2       13.4        8.8       12.8       10.1       17.7         16          4       13.8        2.9        6.9        9.2        9.4       15.9        7.1       14.9        8.1          0       10.5        5.4       17.3       10.8        9.2          9       15.2       14.5       10.7       16.2       18.2        2.3        6.4        3.5       13.6        8.5       12.5       13.4       12.6       11.4       15.4       11.3          0          0          0          0 
      10.8       13.3       21.1       19.1       18.6        9.3        9.6         21       17.3       21.9       18.7       16.8        8.5       18.7       17.8        5.5        5.1       13.4       19.9       18.4       13.8       12.5         12        6.5       21.2        9.6       19.3        6.1       11.2       19.7        5.9       12.6          8        8.7       11.8          4       17.6         18        5.6       17.9       16.2       10.5          0       10.1       11.3        0.5       19.1        5.9       21.9       17.9       13.6       13.1        8.6       12.2       10.6       12.4         24        3.4       13.4       11.2        2.2       16.4       13.5        9.2          0          0          0          0 
      11.9       18.6       14.7       18.9       17.2       15.4        4.7       14.7         20         20       11.5       18.9        3.8       11.8       19.8       10.7       12.9       18.7       24.3       21.1        6.8        8.5       10.9        5.6       19.7       16.6         12       14.7       14.5       22.8         16        3.5       16.2        7.2         12         11       14.7       20.9        4.6       20.1       13.4        5.4       10.1          0       19.9       10.2       13.6        5.7       20.6       19.7        5.4       19.9       18.8        4.7       11.3        8.9       17.1         10       17.1       17.2       12.4       16.8       19.4       14.9          0          0          0          0 
      12.1        6.9       24.9       16.9         18        5.8       20.7       24.7       12.5       20.8       23.9         13       19.4       23.6       13.5        9.3        6.9          7         12       13.1       20.2       17.2       14.5       14.4       19.9        4.1       24.5        5.2        9.4       13.4        8.8       20.9        3.6       14.4       13.2        8.8         19       12.4       16.2       13.4       17.9       17.3       11.3       19.9          0       11.6       22.6       17.1       20.1       13.9       24.4        4.4          7       19.6       12.5       16.8         28        9.8        9.3        5.6         10       14.7          6        6.5          0          0          0          0 
      11.4       13.8       21.5       19.6       19.2        9.8        9.4       21.4       17.9       22.4       19.1       17.4        8.4       19.1       18.3        6.1        5.6       13.9       20.4         19       14.1       12.9       12.5        6.9       21.7       10.1       19.7        6.5       11.7       20.2        5.7       12.8        8.4        9.2       12.4        4.5       18.2       18.5        5.7       18.4       16.7       10.8        0.5       10.2       11.6          0       19.6        5.8       22.4       18.5       13.5       13.6        8.6       12.5       11.2       12.9       24.5          4       13.9       11.7        2.2         17         14        9.7          0          0          0          0 
      10.5       17.2        2.3       10.1        7.5       16.8       18.4        2.1       14.4        8.6        3.4         13       17.3        2.8       13.5       15.1       17.8       17.2       19.6       15.1        6.8        6.6        8.2       12.8        8.7       18.5        3.6       19.5       13.3       16.7       24.1       10.3       19.8       10.4        9.4       16.7        4.5       15.4       16.3       13.8        4.9        9.2       19.1       13.6       22.6       19.6          0       18.2        9.6       13.1       17.8       19.9       25.7        8.8       10.2        6.7        5.4       16.4       14.4       17.3         21        9.9       18.4       16.1          0          0          0          0 
      13.1       17.9       19.7       21.2         20       14.1        3.6       19.7       20.8       23.2       16.7         20        2.7       16.9         21        9.4       10.4         18       24.3         22       11.7         12       13.1        6.2       22.7       14.8       17.3       11.9       14.7       23.5       11.3        9.1       13.6          9       13.7        8.7       18.2       21.6          2       21.2       16.7          9        5.9        5.7       17.1        5.8       18.2          0       23.5         21        7.8       18.4       14.3        9.7       12.6       12.3       22.3        7.7       17.3         16        7.9       18.7       18.4       13.8          0          0          0          0 
        11       13.3         11        3.2        3.4       15.2         25       10.8        8.1        1.2       13.1        7.2       23.6       12.4          7       16.4       18.3       13.2       12.3        8.2       14.6       12.1       10.3       17.3        0.9       16.5       13.3       19.4       11.6        9.2       25.1       18.1       18.8       14.4       10.1       18.2          6        8.7       21.4        7.2        7.1       15.2       21.9       20.6       20.1       22.4        9.6       23.5          0        6.5       25.7       16.1       25.5       16.2       11.2       11.6       12.9       18.4       10.8       14.6         23        5.7       14.4       14.7          0          0          0          0 
       7.9        6.9       15.2        3.6        5.9        9.7       23.3       14.9        1.5        7.5         16          1       21.8       15.4        0.4       12.3       13.4        6.9        6.4        1.9       15.3       11.9        8.8         15        6.6       10.7       16.4         14        6.7        3.6       19.9       18.3         13       12.5        7.6       13.9        8.5        2.3       19.1        0.7        8.5       14.5       17.9       19.7       13.9       18.5       13.1         21        6.5          0       25.1        9.7       19.8       16.3        8.5       11.4       17.8       14.4        4.9        8.6       18.5        3.3          8        9.3          0          0          0          0 
      17.3       23.9       18.4       24.2       22.3       20.4        4.3       18.5       25.4         25       15.1       24.3        5.1       15.5       25.3       15.6       17.4       23.9       29.7       26.5       11.2       13.6       16.3       10.7       24.7       21.5       15.4       19.2       19.9       28.2       19.1        7.6       20.8       12.6       17.4       15.6       19.7       26.3        8.1       25.5       18.5       10.7       13.6        5.4       24.4       13.5       17.8        7.8       25.7       25.1          0       24.9       22.2        9.4       16.7       14.1       20.2       14.6       22.5       22.3       15.7       22.2       24.5         20          0          0          0          0 
       9.9        2.8       22.2         13       14.4        4.4       21.7         22        8.2       16.9       21.7        8.9       20.3       21.2        9.3        9.2          8        2.9        7.7        8.7       18.8       15.4       12.2       14.3         16        3.5       22.3        7.1        6.7          9       12.3       20.2        5.4       13.3       10.7        9.6       15.9        8.1         17        9.2         15       16.2       13.1       19.9        4.4       13.6       19.9       18.4       16.1        9.7       24.9          0       11.1       18.6       10.4       14.9       25.2       10.6        5.6        2.8       12.5         11        1.7          5          0          0          0          0 
      15.5       13.1       27.9       22.3       22.8       10.2         18       27.7       18.6       25.9         26       18.8         17       25.9       19.5       10.6        7.8       13.2       18.9       19.4       21.5       19.3       17.5       14.5       25.1        9.1       26.7        6.2       13.9       20.1        3.1         21        6.7       15.7       16.7          9         23       18.8       14.3       19.5       21.6       18.2        8.6       18.8          7        8.6       25.7       14.3       25.5       19.8       22.2       11.1          0       20.3       15.6       19.1         31        9.6       14.9       11.2        6.4       19.8       12.5       10.7          0          0          0          0 
       9.2       16.8       10.1       14.9       12.9       14.3        9.5         10       16.9       15.5          7       15.6        8.4        7.2       16.5       10.4       13.1       16.8       21.7       17.9          2        4.4        7.5        5.8       15.3       15.8        7.6       15.1       12.3       19.7         18        1.9       16.2        5.3        8.9       11.4       10.2       17.9        7.9       16.8          9        2.3       12.2        4.7       19.6       12.5        8.8        9.7       16.2       16.3        9.4       18.6       20.3          0        8.6        4.9       12.6       10.7       14.7       15.8       14.4       13.1       17.7       13.7          0          0          0          0 
       0.5        8.2       12.5        8.6        7.9        6.7       14.8       12.3        8.6       11.2       11.4        7.5       13.3         11        8.5        5.4        7.8        8.2       13.1        9.7        8.4          5          2        6.5       10.5        8.3         12        9.4        3.7       11.4       14.5       10.5        9.6        4.1        1.1        7.2        7.3        9.6       10.7        8.8          6        6.4       10.6       11.3       12.5       11.2       10.2       12.6       11.2        8.5       16.7       10.4       15.6        8.6          0        4.5       15.6        7.2          6        7.6       11.9          6        9.2        5.9          0          0          0          0 
         5       12.7        8.7         10        8.2       11.1       13.3        8.6         12       11.1          7       10.7         12        6.8       11.6        8.5       11.3       12.7         17       13.1        4.1        0.5        2.8        6.3       10.7       12.7        7.7       13.1        8.3       14.8       17.4        6.9       13.7        3.7        4.4       10.1        5.9       13.1       10.2       11.9        4.5        3.5       12.4        8.9       16.8       12.9        6.7       12.3       11.6       11.4       14.1       14.9       19.1        4.9        4.5          0       11.8        9.7       10.3       12.1       14.3        8.2       13.8       10.4          0          0          0          0 
      15.9       22.5        3.1       14.3       11.9       22.2       21.8        3.3       19.2       11.6        5.6       17.8       20.9        5.4       18.2       20.3       23.1       22.5       24.2       19.8       10.6       11.7       13.6       17.6       12.1       23.9          5       24.9       18.7       21.2       29.3       13.5       25.3       15.4       14.8       21.9        9.4       20.1       20.5       18.5       10.2       13.6         24       17.1         28       24.5        5.4       22.3       12.9       17.8       20.2       25.2         31       12.6       15.6       11.8          0       21.5       19.7       22.7         26       14.8       23.7       21.5          0          0          0          0 
       7.4       10.3       18.5       15.6       15.2        6.3       11.1       18.4       13.9       18.5       16.4       13.4        9.7       16.3       14.3        2.1        2.8       10.4       16.8         15       11.8        9.8        8.8        4.9       17.8        7.1       17.1        4.7        7.7       16.4        7.7       11.6        6.2        6.1        8.4          1       14.5       14.6        6.5       14.4         13        8.5        3.4         10        9.8          4       16.4        7.7       18.4       14.4       14.6       10.6        9.6       10.7        7.2        9.7       21.5          0         10        8.3        4.6       12.9       10.6        6.1          0          0          0          0 
       5.4        2.8       16.7        7.6        8.8        4.7         20       16.5          4       11.5       16.5        3.9       18.5       16.1        4.6          8        8.6        2.7        7.2          5       14.4       10.8        7.4       11.8       10.6        5.8       17.1        9.1        2.5        6.3         15       16.5        8.1        9.9        5.9        9.4       10.3        4.5       15.5        4.7        9.5       12.5       13.4       17.1        9.3       13.9       14.4       17.3       10.8        4.9       22.5        5.6       14.9       14.7          6       10.3       19.7         10          0        3.8       13.7        5.4          4        4.4          0          0          0          0 
       7.1        2.1       19.7       11.4       12.4        1.9       19.2       19.4        7.4       15.2         19        7.6       17.8       18.6        8.2        6.7        6.1        2.2        8.7        8.2       15.9       12.6        9.5       11.6       14.4        2.1       19.6        5.9          4          9       11.7       17.4        4.5       10.5          8        7.4       13.5        7.6       14.6        8.2       12.5       13.4       11.2       17.2        5.6       11.7       17.3         16       14.6        8.6       22.3        2.8       11.2       15.8        7.6       12.1       22.7        8.3        3.8          0         11        9.1        2.3        2.3          0          0          0          0 
        12       13.2         23         20       19.8        9.2       11.6       22.9       17.7       23.1       20.7       17.4       10.6       20.7       18.3        6.5          5       13.3       19.7       18.7       15.9       14.3       13.5        8.6       22.4        9.1       21.4        5.3       11.8       19.9        3.6       14.9        7.1       10.6       13.1        4.7       19.2       18.2        7.9       18.4       17.7       12.6        2.2       12.4         10        2.2         21        7.9         23       18.5       15.7       12.5        6.4       14.4       11.9       14.3         26        4.6       13.7         11          0       17.3       13.1        9.3          0          0          0          0 
       5.6        8.2       12.1        2.6        3.3        9.5       20.7       11.8        4.4        6.1       12.7          3       19.3       12.1        3.7       10.9       12.6        8.1        9.6        5.2       12.1        8.7        5.9       12.5        5.3       10.9       13.1       13.6        5.8        6.9       19.4       15.1       13.1        9.8          5       12.6        5.4        5.4       16.7        3.9        5.2       11.4       16.4       16.8       14.7         17        9.9       18.7        5.7        3.3       22.2         11       19.8       13.1          6        8.2       14.8       12.9        5.4        9.1       17.3          0        9.3          9          0          0          0          0 
       8.7        1.2       20.7       11.3       12.7        4.2       21.5       20.5        6.5       15.2       20.3        7.2       20.1       19.9        7.5          9        8.3        1.2        6.6        7.1       17.7       14.2         11       13.8       14.3        3.9       20.9        7.8        5.5        7.5       13.4       19.4        6.2       12.5        9.4        9.7       14.3        6.4       16.9        7.5       13.5       15.4       13.5       19.4          6         14       18.4       18.4       14.4          8       24.5        1.7       12.5       17.7        9.2       13.8       23.7       10.6          4        2.3       13.1        9.3          0        4.6          0          0          0          0 
       5.6        4.1       18.4       11.5       12.1        0.7       16.9       18.2        8.4       15.1       17.4        8.3       15.5         17        9.1        4.4        4.2        4.2       10.7        9.4         14       10.8        7.9        9.3       14.3        2.3         18        4.7        3.2       10.5       10.6       15.2        4.1        8.4        6.6        5.3       12.6        8.9       12.3        9.1       11.5       11.3        9.2       14.9        6.5        9.7       16.1       13.8       14.7        9.3         20          5       10.7       13.7        5.9       10.4       21.5        6.1        4.4        2.3        9.3          9        4.6          0          0          0          0          0 
         0          0          0          0          0          0          0          0          0          0          0          0          0          0          0          0          0          0          0          0          0          0          0          0          0          0          0          0          0          0          0          0          0          0          0          0          0          0          0          0          0          0          0          0          0          0          0          0          0          0          0          0          0          0          0          0          0          0          0          0          0          0          0          0          0          0          0          0 
         0          0          0          0          0          0          0          0          0          0          0          0          0          0          0          0          0          0          0          0          0          0          0          0          0          0          0          0          0          0          0          0          0          0          0          0          0          0          0          0          0          0          0          0          0          0          0          0          0          0          0          0          0          0          0          0          0          0          0          0          0          0          0          0          0          0          0          0 
         0          0          0          0          0          0          0          0          0          0          0          0          0          0          0          0          0          0          0          0          0          0          0          0          0          0          0          0          0          0          0          0          0          0          0          0          0          0          0          0          0          0          0          0          0          0          0          0          0          0          0          0          0          0          0          0          0          0          0          0          0          0          0          0          0          0          0          0 
         0          0          0          0          0          0          0          0          0          0          0          0          0          0          0          0          0          0          0          0          0          0          0          0          0          0          0          0          0          0          0          0          0          0          0          0          0          0          0          0          0          0          0          0          0          0          0          0          0          0          0          0          0          0          0          0          0          0          0          0          0          0          0          0          0          0          0          0 
Version identifier: 22.1.1.0 | 2022-11-28 | 9160aff4d
CPXPARAM_Threads                                 1
CPXPARAM_TimeLimit                               7200
Tried aggregator 2 times.
MIP Presolve eliminated 2446 rows and 8056 columns.
MIP Presolve modified 2598 coefficients.
Aggregator did 37 substitutions.
Reduced MIP has 470 rows, 1519 columns, and 4842 nonzeros.
Reduced MIP has 1501 binaries, 0 generals, 0 SOSs, and 0 indicators.
Presolve time = 0.01 sec. (18.86 ticks)
Probing time = 0.00 sec. (3.71 ticks)
Tried aggregator 2 times.
Detecting symmetries...
MIP Presolve eliminated 18 rows and 54 columns.
MIP Presolve modified 138 coefficients.
Aggregator did 4 substitutions.
Reduced MIP has 448 rows, 1461 columns, and 4619 nonzeros.
Reduced MIP has 1444 binaries, 0 generals, 0 SOSs, and 0 indicators.
Presolve time = 0.00 sec. (5.49 ticks)
Probing time = 0.00 sec. (3.58 ticks)
Clique table members: 3292.
MIP emphasis: balance optimality and feasibility.
MIP search method: dynamic search.
Parallel mode: none, using 1 thread.
Root relaxation solution time = 0.00 sec. (4.44 ticks)

        Nodes                                         Cuts/
   Node  Left     Objective  IInf  Best Integer    Best Bound    ItCnt     Gap

*     0     0      integral     0      129.4820      129.4820      223    0.00%
Elapsed time = 0.04 sec. (51.23 ticks, tree = 0.00 MB, solutions = 1)

Root node processing (before b&c):
  Real time             =    0.04 sec. (51.52 ticks)
Sequential b&c:
  Real time             =    0.00 sec. (0.00 ticks)
                          ------------
Total (root+branch&cut) =    0.04 sec. (51.52 ticks)

Sol status: Optimal
 Total Time: 0.05
 LB: 129.482
 UB: 129.482
Initializing solStats

Obj Val: 129.482

Solve Time: 0.05
b(0): 13.5333333333333
b(1): 9.4
b(2): 12.1166666666667
b(3): 10.1666666666667
b(4): 17.0166666666667
b(5): 10.4666666666667
b(6): 11.8166666666667
b(7): 12.6333333333333
b(8): 9.45
b(9): 12.4666666666667
b(10): 10.0166666666667
b(11): 15.3333333333333
b(12): 14.6166666666667
b(13): 11.05
b(14): 14.8166666666667
b(15): 10.3833333333333
b(16): 11.55
b(17): 12.0333333333333
b(18): 15.85
b(19): 15.3
b(20): 14.0292684533017
b(21): 9.88292706484247
b(22): 12.5008131955186
b(23): 10.8821140888361
b(24): 17.330081331747
b(25): 10.5890244092802
b(26): 12.4276425744598
b(27): 13.4235776212574
b(28): 9.68455291929411
b(29): 12.8434961187786
b(30): 10.8983744138412
b(31): 15.9772360864566
b(32): 15.1983742674996
b(33): 11.4231709137419
b(34): 15.1020326595281
b(35): 10.5105691271069
b(36): 12.2540650406504
b(37): 12.417479740234
b(38): 16.8471548766609
b(39): 15.4150406658735
b(40): 9.91666666666667
b(41): 13.1166666666667
b(42): 10.1333333333333
b(43): 9.53333333333333
b(44): 12.8666666666667
b(45): 15.2666666666667
b(46): 15.3666666666667
b(47): 16.7
b(48): 11.3833333333333
b(49): 9.61666666666667
b(50): 11.0166666666667
b(51): 14.2166666666667
b(52): 11.2333333333333
b(53): 10.6333333333333
b(54): 13.9666666666667
b(55): 16.3666666666667
b(56): 16.4666666666667
b(57): 17.8
b(58): 12.5333333333333
b(59): 10.7833333333333
b(60): 9
b(61): 9
b(62): 9
b(63): 9
b(64): 19
b(65): 19
b(66): 19
b(67): 19


Customer profit: 300.464
Parcel profit: 0
Costs: 170.982
Without fixed: 170.982

Solution: 
Vehicle 0: 60 - 10 - 30 - 16 - 36 - 9 - 29 - 19 - 39 - 18 - 38 - 64 - Total time: 7.84715487666092
Vehicle 1: 61 - 8 - 28 - 3 - 23 - 6 - 26 - 7 - 27 - 11 - 31 - 65 - Total time: 6.97723608645663
Vehicle 2: 62 - 1 - 21 - 15 - 35 - 13 - 33 - 2 - 22 - 0 - 20 - 12 - 32 - 66 - Total time: 6.19837426749964
Vehicle 3: 63 - 5 - 25 - 17 - 37 - 14 - 34 - 4 - 24 - 67 - Total time: 8.33008133174699

Vehicle 0: d - D - d - D - d - P - d - D - d - D - f
Vehicle 1: d - P - d - P - d - P - d - P - d - D - f
Vehicle 2: d - P - d - D - d - D - d - P - d - P - d - D - f
Vehicle 3: d - P - d - D - d - D - d - P - f

************************************
Final solution value: 129.482
************************************

Total distance: 371.7

Total passenger distance: 228.8

Total parcel distance: 0

Total combined transportation distance: 0

Total idle distance: 142.9
File exists: 1
partial: 
CSV file 'TreatResults/FullResults/fip1ADcsarpM.csv' generated successfully!
Instance Name: sarp-20-10-C-2

K: 5
Dist Matrix: 
         0         18        5.1        3.2       12.8       13.1        2.6       24.7       19.4       23.8       20.2       15.5       13.7       16.8       14.4        7.7       12.3       15.7        7.4         16       14.3        7.4        7.1        8.9       14.7       12.4        9.1       17.8       14.8       14.1       15.6       17.6        5.6        8.9         16        7.3        5.6       12.4       16.4       14.5        9.4        6.6       18.9       16.5       22.8        6.1        3.2       10.6        9.8       24.9        7.6       20.3        8.7        6.1        5.6       15.8       24.3       13.1       13.8       19.8        1.6       17.5        5.8       20.1       13.4          0          0          0          0          0 
        18          0       22.9       19.8        7.3       26.4       20.6       24.5       14.9       24.5       14.2       17.1       19.6        1.2       25.6       10.3       14.9       12.7       23.5         31        5.7       24.7       20.9       18.8       20.6        8.8         24       19.8        8.8       17.1       30.3        2.7       12.7        9.2       25.6       11.6         17       21.5        3.7       26.5       11.3       20.1         12        5.4       20.6       14.6       16.4       11.7       25.9       24.2       16.6        3.9       23.3       16.5         17       19.1       23.3       15.7        4.3       13.5       18.8        0.6       15.7        4.4       18.8          0          0          0          0          0 
       5.1       22.9          0        3.4       17.1       10.3        2.9       25.5       22.1       24.4         23       17.1       14.3       21.7       12.4       12.8       14.5       18.7        4.1       11.9       18.8        2.6          6        9.5       15.1       16.4        6.2       18.8       18.6       15.7       11.7       22.3       10.2       13.7       14.4       11.6        7.6       11.9         21         12       13.2        6.2       22.2       20.8       24.4        9.4        7.9         14        5.7       25.9        9.5       24.9        6.2       10.3        7.6       16.8       25.4       15.1       18.6       22.7          4       22.4        8.6       24.7       14.2          0          0          0          0          0 
       3.2       19.8        3.4          0       13.7        9.9        3.2       22.8       18.7       21.8       19.7         14       11.6       18.6       11.3         10       11.2       15.3        4.2       12.8       15.4        4.8          4        6.6       12.5         13        5.8       15.9       15.1       12.6       12.4         19        7.1       10.6       12.9        8.3        4.2        9.7       17.7       11.2        9.7        3.7       18.7       17.5       21.4        5.9        6.5       10.6        6.7       23.1        6.2       21.6        5.5        9.4        4.2         14       22.6       11.9       15.5       19.4        1.6       19.3        5.1       21.4       11.4          0          0          0          0          0 
      12.8        7.3       17.1       13.7          0       19.2       15.4       18.8        9.9       18.5        9.9       10.3       12.3        6.3       18.3        6.7        7.7        6.6       16.9       23.9        1.7       18.4       14.1       11.5       13.4        1.6         17       13.2          3       10.1       23.1        5.6        7.1        4.5       18.3        5.5       10.3       14.2        4.1       19.2        4.2       13.2        7.8        3.7       15.3        7.9       12.4        4.4       19.1       18.6        9.5          8       16.4       13.8       10.2       12.2       17.8        8.5        3.8        9.2       13.1        7.1        8.9        7.6       11.6          0          0          0          0          0 
      13.1       26.4       10.3        9.9       19.2          0       12.5       18.5         19       17.2       20.4       13.2        9.2       25.3          3       18.4       12.7         17        6.2        4.8         21        8.2        6.3        7.6        9.2       17.9        4.1       13.2       19.1         12          4       24.8         15       18.1        5.1       15.2        9.9          6       23.4          2       15.1          7       20.5       22.4       18.9       12.1       16.4       14.9          5         19        9.8         27        4.4       19.3        9.9       11.7       18.9       12.6       22.3       20.4       11.5       26.1       11.1       26.5        9.7          0          0          0          0          0 
       2.6       20.6        2.9        3.2       15.4       12.5          0         26       21.5       25.1       22.4       17.1       14.8       19.4       14.3       10.3       14.1       17.9        6.4       14.7       16.9        5.5        7.2        9.9       15.7       14.9        8.4       19.2       17.2       15.7       14.4       20.3        8.2       11.5       16.1        9.8        7.1         13       19.1       14.1       11.8          7       21.2       19.1       24.5        8.2          5       12.9        8.4       26.3        9.2       22.9        8.2        7.4        7.2       17.2       25.8       14.9       16.4         22        2.5       20.1        7.7       22.8       14.6          0          0          0          0          0 
      24.7       24.5       25.5       22.8       18.8       18.5         26          0        9.6        1.3       10.4        9.5       11.2         24       15.5       23.8       12.9       12.2       22.2       22.5       19.5       24.7       19.4       16.1       10.4       17.4       20.4        6.9         16       10.6       21.7       21.7       21.5       21.9       13.5       20.2         19       13.7       20.8       16.7       17.8       19.3       12.6       19.1          4       19.1       26.7       16.3       22.6        0.7         17       22.2         20       29.4         19        8.9        1.3       11.9       22.5       11.1       23.7       24.6         19       21.4       11.4          0          0          0          0          0 
      19.4       14.9       22.1       18.7        9.9         19       21.5        9.6          0        9.7        1.3        5.8        9.8       14.5       16.7         16        7.5        3.8       19.9       23.9       10.2       22.3       16.7         13         10        8.8         19        6.8        6.9        7.1         23       12.1       14.7       13.9       15.6       13.1       14.5         13       11.2       17.9       10.5       16.2          3        9.5        5.7       13.3       20.4          9       21.4        9.2       12.5       12.7       18.4       22.6       14.4        7.5        8.4          7       13.3        1.7         19       15.1       13.7       11.9        9.3          0          0          0          0          0 
      23.8       24.5       24.4       21.8       18.5       17.2       25.1        1.3        9.7          0       10.7        8.9       10.2         24       14.2       23.2       12.3         12         21       21.2       19.4       23.6       18.3       15.1        9.3       17.1       19.2        6.1       15.9        9.9       20.3       21.8       20.9       21.4       12.2       19.6       18.1       12.6       20.8       15.4       17.2       18.2       12.8       19.1        4.5       18.3       25.9       15.8       21.4        1.9       16.1       22.5       18.9       28.6       18.1          8        2.2       11.3       22.3       11.4       22.7       24.6       18.2       21.7       10.4          0          0          0          0          0 
      20.2       14.2         23       19.7        9.9       20.4       22.4       10.4        1.3       10.7          0        7.1       11.1       13.9       18.1       16.3        8.5        4.4       21.1       25.2         10       23.4       17.9       14.2       11.4          9       20.2        8.2        6.9        8.4       24.3       11.5       15.3       14.1         17       13.6       15.4       14.4       10.7       19.3         11       17.3        2.3          9        6.5       14.1         21        9.7       22.6         10       13.5       11.8       19.6         23       15.4        8.9        9.2        8.2         13        0.7       19.8       14.5       14.6         11       10.6          0          0          0          0          0 
      15.5       17.1       17.1         14       10.3       13.2       17.1        9.5        5.8        8.9        7.1          0        3.9       16.3       10.9       14.3        3.4        4.7       14.5         18       11.5         17       11.4        7.7        4.3        8.7       13.3        2.9        8.2        1.4       17.2       14.7         12       12.6        9.9       10.7        9.9        7.2       13.4       12.1        8.3         11        7.6       11.9        7.3        9.6       17.2        6.9       15.8        9.6        7.9       16.1       12.8       19.8        9.9        2.1        8.9        2.4       14.1        7.2       14.6       17.1        9.6       15.4        3.4          0          0          0          0          0 
      13.7       19.6       14.3       11.6       12.3        9.2       14.8       11.2        9.8       10.2       11.1        3.9          0       18.7          7       14.7        4.6        8.2       11.2         14       13.9       13.7        8.2        4.9        1.1       10.7        9.7        4.5       11.1        2.9       13.2       17.4       11.7       13.3        6.2       10.8          8        3.2         16        8.2        9.1          8       11.5       14.7       10.3        8.7         16        8.2       12.1       11.5        6.1       19.2        9.2       18.9          8        2.6       11.1          4         16       11.2       12.5       19.4        8.3       18.5        0.7          0          0          0          0          0 
      16.8        1.2       21.7       18.6        6.3       25.3       19.4         24       14.5         24       13.9       16.3       18.7          0       24.5        9.1         14         12       22.3       29.8        4.8       23.4       19.8       17.7       19.7        7.9       22.8       19.1        8.1       16.3       29.1        2.7       11.5        7.9       24.6       10.4       15.9       20.5        3.2       25.4       10.2       18.9       11.6        4.9       20.2       13.4       15.2       10.7       24.7       23.7       15.5        4.6       22.1       15.4       15.8       18.3       22.9       14.8        3.1       13.2       17.6        0.8       14.5          5       17.9          0          0          0          0          0 
      14.4       25.6       12.4       11.3       18.3          3       14.3       15.5       16.7       14.2       18.1       10.9          7       24.5          0       18.5       11.1       15.1        8.3        7.3         20       10.6        7.2        7.1        6.7       16.8        6.2       10.5       17.6        9.9        6.4       23.7       15.1       17.9        2.2         15       10.1        4.1       22.3        1.2       14.3        7.8       18.5       21.2       16.1         12       17.5       13.9        7.7       16.1        9.4       25.7        6.1       20.5       10.1        9.2       15.9       10.7       21.6       18.2       12.8       25.3       11.2       25.1        7.6          0          0          0          0          0 
       7.7       10.3       12.8         10        6.7       18.4       10.3       23.8         16       23.2       16.3       14.3       14.7        9.1       18.5          0         11       12.3       14.1       22.3        7.7       14.8       12.2       11.5       15.8        7.2       15.1       17.2        9.6       13.5       21.7       10.3        3.4        2.1       19.3        3.8        8.5       15.1        9.3       19.1          6       11.4       14.4        9.9       20.8        6.4        6.1        7.4       16.5       23.8        9.2         13       14.5        7.1        8.5       15.7         23         12        6.3       15.7        8.8        9.8        7.3         13         14          0          0          0          0          0 
      12.3       14.9       14.5       11.2        7.7       12.7       14.1       12.9        7.5       12.3        8.5        3.4        4.6         14       11.1         11          0        4.4       12.5       17.6        9.2       14.8        9.3        5.7        5.6        6.1       11.8        6.2        6.5        2.5       16.7       12.8        8.5        9.3       10.8        7.2          7          7       11.4       12.1          5        8.7        8.1       10.1       10.6        6.3       13.8        3.7       14.2         13          5       14.6       11.1       16.4          7        4.7       12.3          1       11.4        8.3       11.6       14.8        6.4         14        3.8          0          0          0          0          0 
      15.7       12.7       18.7       15.3        6.6         17       17.9       12.2        3.8         12        4.4        4.7        8.2         12       15.1       12.3        4.4          0       16.9       21.9        7.3       19.1       13.7       10.2        8.8        5.3       16.3        7.1        3.9        5.3         21       10.1       10.9       10.2       14.4        9.2         11       11.1        8.9       16.3        6.7       13.1        3.6        7.3        8.7        9.6       16.6        5.2       18.6         12        9.2       11.4       15.6       18.8         11        6.8       11.2        4.4       10.3          4       15.4       12.7       10.2       10.7        7.5          0          0          0          0          0 
       7.4       23.5        4.1        4.2       16.9        6.2        6.4       22.2       19.9         21       21.1       14.5       11.2       22.3        8.3       14.1       12.5       16.9          0        8.5       18.7        2.5        3.2        6.8       11.7       15.9        2.1       15.7       17.7       13.1        8.1       22.4       10.9       14.4       10.4       11.8        6.6        8.4         21        7.9       12.6        3.8       20.6       20.5       21.5        8.9       10.7       13.1        2.4       22.6        7.8       24.9        2.2       13.5        6.6       13.8       22.2       12.9       19.2       20.9        5.8       23.1        7.9       24.5       11.3          0          0          0          0          0 
        16         31       11.9       12.8       23.9        4.8       14.7       22.5       23.9       21.2       25.2         18         14       29.8        7.3       22.3       17.6       21.9        8.5          0       25.6        9.3       10.1       12.3       13.9       22.6        7.2       17.8       23.9       16.8        0.8       29.5         19       22.3          9       19.5         14       10.8         28          6       19.6         11       25.4       27.2       23.4       16.4       19.3       19.6        6.2       23.1       14.3       31.7        7.8         22         14       16.4         23       17.4       26.7       25.3       14.4       30.6       15.4       31.2       14.6          0          0          0          0          0 
      14.3        5.7       18.8       15.4        1.7         21       16.9       19.5       10.2       19.4         10       11.5       13.9        4.8         20        7.7        9.2        7.3       18.7       25.6          0       20.2       15.9       13.3       14.8        3.1       18.8       14.3        3.4       11.4       24.9        3.8        8.7        5.7       19.9        7.1       12.1       15.9        2.4       20.9          6         15        7.8        2.1       15.9        9.7       13.7        6.1       20.9       19.3       11.3        6.2       18.2       14.8         12       13.5       18.4        9.9          3        9.3       14.8        5.6       10.7        5.9       13.1          0          0          0          0          0 
       7.4       24.7        2.6        4.8       18.4        8.2        5.5       24.7       22.3       23.6       23.4         17       13.7       23.4       10.6       14.8       14.8       19.1        2.5        9.3       20.2          0        5.5        9.2       14.3       17.6        4.5       18.3       19.6       15.5        9.1       23.8       11.9       15.5       12.7       13.1        8.3       10.9       22.5       10.1       14.3          6       22.7       22.1         24       10.5       10.4       14.9        3.3       25.1        9.9       26.4        4.7       12.9        8.3       16.3       24.7       15.2       20.3       23.1          6       24.2        9.5       26.1       13.8          0          0          0          0          0 
       7.1       20.9          6          4       14.1        6.3        7.2       19.4       16.7       18.3       17.9       11.4        8.2       19.8        7.2       12.2        9.3       13.7        3.2       10.1       15.9        5.5          0        3.7          9       12.9          3       12.8       14.7        9.9        9.5       19.7        8.8       12.2        8.9        9.4        3.9        5.9       18.2        7.3        9.8        0.8       17.4       17.6       18.5        6.3       10.2       10.1          5       19.8        4.7       22.1        2.3       13.3        3.9       10.9       19.4        9.7       16.7       17.7        5.5       20.6        5.2       21.7        8.3          0          0          0          0          0 
       8.9       18.8        9.5        6.6       11.5        7.6        9.9       16.1         13       15.1       14.2        7.7        4.9       17.7        7.1       11.5        5.7       10.2        6.8       12.3       13.3        9.2        3.7          0        5.8       10.2          6        9.3       11.6        6.3       11.5       17.1        8.1       10.8        7.9        7.9        3.4        3.7       15.7        7.8        7.4        3.2       13.8       14.8       14.9          5       11.5        7.2        8.4       16.4        2.2       19.4        5.4       14.5        3.4        7.3       15.9          6       14.7       14.1        7.6       18.5        4.2       18.9        4.7          0          0          0          0          0 
      14.7       20.6       15.1       12.5       13.4        9.2       15.7       10.4         10        9.3       11.4        4.3        1.1       19.7        6.7       15.8        5.6        8.8       11.7       13.9       14.8       14.3          9        5.8          0       11.8       10.1        4.1         12        3.5         13       18.3       12.8       14.5        5.6         12        9.1        3.4         17        7.9       10.3        8.9         12       15.6        9.9        9.8       17.1        9.2       12.5       10.8        7.2         20        9.7         20        9.1        2.5       10.4        4.9       17.1       11.6       13.5       20.4        9.4       19.4        1.8          0          0          0          0          0 
      12.4        8.8       16.4         13        1.6       17.9       14.9       17.4        8.8       17.1          9        8.7       10.7        7.9       16.8        7.2        6.1        5.3       15.9       22.6        3.1       17.6       12.9       10.2       11.8          0       15.9       11.6        2.4        8.5       21.8        6.9        6.9        5.1       16.8        5.1        9.3       12.7        5.5       17.7        3.2       12.1        7.1        4.6       14.1        7.1       12.4        2.9         18       17.3        8.3        9.1       15.2       14.1        9.2       10.6       16.5        6.9        5.4        8.4       12.6        8.7          8        8.7         10          0          0          0          0          0 
       9.1         24        6.2        5.8         17        4.1        8.4       20.4         19       19.2       20.2       13.3        9.7       22.8        6.2       15.1       11.8       16.3        2.1        7.2       18.8        4.5          3          6       10.1       15.9          0       14.2       17.5       11.9        6.6       22.7       11.8       15.1        8.2       12.4        6.9        6.7       21.2        5.8       12.8        3.8       19.9       20.6         20        9.3       12.4         13        2.4       20.9        7.6         25        0.6       15.3        6.9       12.4       20.5         12       19.7       20.1        7.5       23.6        8.3       24.6        9.9          0          0          0          0          0 
      17.8       19.8       18.8       15.9       13.2       13.2       19.2        6.9        6.8        6.1        8.2        2.9        4.5       19.1       10.5       17.2        6.2        7.1       15.7       17.8       14.3       18.3       12.8        9.3        4.1       11.6       14.2          0         11        3.8       16.9       17.3       14.8       15.5          9       13.5       12.1        7.5       16.1       11.7       11.3       12.6        9.4       14.5        5.8       12.1       19.7        9.9       16.6        7.1       10.1       18.5       13.7       22.5       12.1        1.9        6.6        5.2         17        8.6       16.8       19.8         12       17.8        4.5          0          0          0          0          0 
      14.8        8.8       18.6       15.1          3       19.1       17.2         16        6.9       15.9        6.9        8.2       11.1        8.1       17.6        9.6        6.5        3.9       17.7       23.9        3.4       19.6       14.7       11.6         12        2.4       17.5         11          0        8.4       23.1        6.4        9.3        7.4       17.3        7.5       11.2       13.5        5.1       18.7        5.4       13.9        4.8        3.6       12.4        9.2       14.9        4.6       19.7       15.8        9.9        8.1       16.8       16.6       11.2       10.3         15        7.1        6.4        6.2       14.8        8.8         10        7.5       10.3          0          0          0          0          0 
      14.1       17.1       15.7       12.6       10.1         12       15.7       10.6        7.1        9.9        8.4        1.4        2.9       16.3        9.9       13.5        2.5        5.3       13.1       16.8       11.4       15.5        9.9        6.3        3.5        8.5       11.9        3.8        8.4          0         16       14.8         11       11.9        9.1        9.7        8.5          6       13.5         11        7.6        9.5        8.6       12.1        8.7        8.4         16        6.3       14.4       10.8        6.5       16.5       11.3       18.7        8.5        2.1       10.2        1.5       13.9        8.4       13.3         17        8.3       15.8        2.2          0          0          0          0          0 
      15.6       30.3       11.7       12.4       23.1          4       14.4       21.7         23       20.3       24.3       17.2       13.2       29.1        6.4       21.7       16.7         21        8.1        0.8       24.9        9.1        9.5       11.5         13       21.8        6.6       16.9       23.1         16          0       28.7       18.4       21.7        8.2       18.8       13.4         10       27.3        5.1       18.9       10.3       24.6       26.4       22.5       15.7       18.9       18.8        5.9       22.2       13.6         31        7.2       21.7       13.4       15.6       22.2       16.6         26       24.4         14       29.9       14.7       30.5       13.7          0          0          0          0          0 
      17.6        2.7       22.3         19        5.6       24.8       20.3       21.7       12.1       21.8       11.5       14.7       17.4        2.7       23.7       10.3       12.8       10.1       22.4       29.5        3.8       23.8       19.7       17.1       18.3        6.9       22.7       17.3        6.4       14.8       28.7          0       12.1        8.7       23.6       10.7       15.8       19.6        1.4       24.7        9.8       18.8        9.2        2.7       17.9       13.5       16.5        9.9       24.7       21.4       15.1        2.6         22       17.1       15.8       16.7       20.6       13.4        4.1       10.7       18.3          3       14.5        2.6       16.6          0          0          0          0          0 
       5.6       12.7       10.2        7.1        7.1         15        8.2       21.5       14.7       20.9       15.3         12       11.7       11.5       15.1        3.4        8.5       10.9       10.9         19        8.7       11.9        8.8        8.1       12.8        6.9       11.8       14.8        9.3         11       18.4       12.1          0        3.5         16        1.7        5.1       11.8       10.8       15.6        4.2          8       13.7       10.8         19        3.1        5.6        5.7       13.4       21.6        5.9       14.7       11.1        7.9        5.1         13       20.9        9.5        8.4       14.8        6.1       12.2        3.9       14.5       11.1          0          0          0          0          0 
       8.9        9.2       13.7       10.6        4.5       18.1       11.5       21.9       13.9       21.4       14.1       12.6       13.3        7.9       17.9        2.1        9.3       10.2       14.4       22.3        5.7       15.5       12.2       10.8       14.5        5.1       15.1       15.5        7.4       11.9       21.7        8.7        3.5          0       18.5        2.8        8.3       14.2        7.5       18.5        4.2       11.3       12.2        7.9       18.8        5.9        7.9        5.6       16.8       21.8        8.5       11.4       14.5        9.2        8.2       14.1       21.1       10.3        4.9       13.5        9.6        8.7        6.9       11.2       12.6          0          0          0          0          0 
        16       25.6       14.4       12.9       18.3        5.1       16.1       13.5       15.6       12.2         17        9.9        6.2       24.6        2.2       19.3       10.8       14.4       10.4          9       19.9       12.7        8.9        7.9        5.6       16.8        8.2          9       17.3        9.1        8.2       23.6         16       18.5          0       15.7       11.2        4.2       22.2        3.2       14.6        9.3       17.6         21       14.3       12.9       18.9       13.9        9.9         14       10.1       25.4        8.1         22       11.2          8       13.9       10.2       21.9       17.2       14.4       25.4       12.1       24.8          7          0          0          0          0          0 
       7.3       11.6       11.6        8.3        5.5       15.2        9.8       20.2       13.1       19.6       13.6       10.7       10.8       10.4         15        3.8        7.2        9.2       11.8       19.5        7.1       13.1        9.4        7.9         12        5.1       12.4       13.5        7.5        9.7       18.8       10.7        1.7        2.8       15.7          0        5.5       11.4        9.4       15.7        2.5        8.5         12        9.2       17.5        3.1        7.4          4       14.2       20.2        5.6       13.3       11.7        9.5        5.4       11.9       19.5        8.2        7.3         13        7.6       11.2        4.1         13       10.1          0          0          0          0          0 
       5.6         17        7.6        4.2       10.3        9.9        7.1         19       14.5       18.1       15.4        9.9          8       15.9       10.1        8.5          7         11        6.6         14       12.1        8.3        3.9        3.4        9.1        9.3        6.9       12.1       11.2        8.5       13.4       15.8        5.1        8.3       11.2        5.5          0        7.1       14.4       10.5          6          3       14.5       13.9       17.3        2.4          8        6.6        8.8       19.3          2       18.3        6.2         11          0       10.1       18.7        7.7       12.7       15.1        4.7       16.7        1.3       17.9        7.7          0          0          0          0          0 
      12.4       21.5       11.9        9.7       14.2          6         13       13.7         13       12.6       14.4        7.2        3.2       20.5        4.1       15.1          7       11.1        8.4       10.8       15.9       10.9        5.9        3.7        3.4       12.7        6.7        7.5       13.5          6         10       19.6       11.8       14.2        4.2       11.4        7.1          0       18.2        5.1       10.4          6       14.6       17.1       13.4        8.7       15.2        9.8          9       14.2        5.9       21.6        6.2       18.2        7.1        5.8       13.8        6.7       17.7       14.4         11       21.3        7.9         21        3.7          0          0          0          0          0 
      16.4        3.7         21       17.7        4.1       23.4       19.1       20.8       11.2       20.8       10.7       13.4         16        3.2       22.3        9.3       11.4        8.9         21         28        2.4       22.5       18.2       15.7         17        5.5       21.2       16.1        5.1       13.5       27.3        1.4       10.8        7.5       22.2        9.4       14.4       18.2          0       23.2        8.4       17.4        8.4        1.7         17       12.1       15.5        8.5       23.3       20.5       13.7        3.9       20.6       16.3       14.4       15.4       19.6       12.1        3.3         10         17        3.8       13.1        3.7       15.3          0          0          0          0          0 
      14.5       26.5         12       11.2       19.2          2       14.1       16.7       17.9       15.4       19.3       12.1        8.2       25.4        1.2       19.1       12.1       16.3        7.9          6       20.9       10.1        7.3        7.8        7.9       17.7        5.8       11.7       18.7         11        5.1       24.7       15.6       18.5        3.2       15.7       10.5        5.1       23.2          0       15.1          8       19.7       22.2       17.3       12.6       17.6       14.8          7       17.2         10       26.7        5.9       20.6       10.5       10.4       17.1       11.8       22.4       19.4       12.8       26.2       11.7       26.2        8.8          0          0          0          0          0 
       9.4       11.3       13.2        9.7        4.2       15.1       11.8       17.8       10.5       17.2         11        8.3        9.1       10.2       14.3          6          5        6.7       12.6       19.6          6       14.3        9.8        7.4       10.3        3.2       12.8       11.3        5.4        7.6       18.9        9.8        4.2        4.2       14.6        2.5          6       10.4        8.4       15.1          0          9        9.5        7.8       14.9        3.8        9.9        1.5       14.8       17.8        5.3       12.2       12.1       12.1          6        9.8         17          6        7.2       10.5        9.4         11        4.7       11.8        8.4          0          0          0          0          0 
       6.6       20.1        6.2        3.7       13.2          7          7       19.3       16.2       18.2       17.3         11          8       18.9        7.8       11.4        8.7       13.1        3.8         11         15          6        0.8        3.2        8.9       12.1        3.8       12.6       13.9        9.5       10.3       18.8          8       11.3        9.3        8.5          3          6       17.4          8          9          0       16.7       16.8       18.2        5.4        9.7        9.3        5.8       19.6        3.9       21.3        3.1       12.7        3.1       10.6       19.2        9.2       15.8       17.1        5.1       19.7        4.4       20.8          8          0          0          0          0          0 
      18.9         12       22.2       18.7        7.8       20.5       21.2       12.6          3       12.8        2.3        7.6       11.5       11.6       18.5       14.4        8.1        3.6       20.6       25.4        7.8       22.7       17.4       13.8         12        7.1       19.9        9.4        4.8        8.6       24.6        9.2       13.7       12.2       17.6         12       14.5       14.6        8.4       19.7        9.5       16.7          0        6.7        8.6       12.9       19.4        8.3       22.3       12.2       12.8        9.6       19.2       21.3       14.5        9.7       11.4          8       10.8        1.5       18.7       12.2       13.6        8.8       10.9          0          0          0          0          0 
      16.5        5.4       20.8       17.5        3.7       22.4       19.1       19.1        9.5       19.1          9       11.9       14.7        4.9       21.2        9.9       10.1        7.3       20.5       27.2        2.1       22.1       17.6       14.8       15.6        4.6       20.6       14.5        3.6       12.1       26.4        2.7       10.8        7.9         21        9.2       13.9       17.1        1.7       22.2        7.8       16.8        6.7          0       15.3       11.6       15.9        7.6       22.7       18.8         13        4.5       19.9       16.9       13.9         14       17.9       10.7        4.5        8.2       16.9        5.5       12.6          4         14          0          0          0          0          0 
      22.8       20.6       24.4       21.4       15.3       18.9       24.5          4        5.7        4.5        6.5        7.3       10.3       20.2       16.1       20.8       10.6        8.7       21.5       23.4       15.9         24       18.5       14.9        9.9       14.1         20        5.8       12.4        8.7       22.5       17.9         19       18.8       14.3       17.5       17.3       13.4         17       17.3       14.9       18.2        8.6       15.3          0       16.9       24.4       13.4       22.4        3.5       15.3       18.3       19.5       26.9       17.3        7.6        2.7        9.7       18.9        7.2         22       20.8         17       17.5       10.2          0          0          0          0          0 
       6.1       14.6        9.4        5.9        7.9       12.1        8.2       19.1       13.3       18.3       14.1        9.6        8.7       13.4         12        6.4        6.3        9.6        8.9       16.4        9.7       10.5        6.3          5        9.8        7.1        9.3       12.1        9.2        8.4       15.7       13.5        3.1        5.9       12.9        3.1        2.4        8.7       12.1       12.6        3.8        5.4       12.9       11.6       16.9          0        7.6        4.7       11.2       19.2        2.8       15.9        8.6       10.3        2.3       10.3       18.6        7.2       10.3       13.7        5.7       14.2          1       15.6        8.1          0          0          0          0          0 
       3.2       16.4        7.9        6.5       12.4       16.4          5       26.7       20.4       25.9         21       17.2         16       15.2       17.5        6.1       13.8       16.6       10.7       19.3       13.7       10.4       10.2       11.5       17.1       12.4       12.4       19.7       14.9         16       18.9       16.5        5.6        7.9       18.9        7.4          8       15.2       15.5       17.6        9.9        9.7       19.4       15.9       24.4        7.6          0       11.3       13.1       26.8        9.8       19.2         12          3          8       17.9       26.2       14.8       12.4       20.5        4.9       15.8        7.7       19.1       15.6          0          0          0          0          0 
      10.6       11.7         14       10.6        4.4       14.9       12.9       16.3          9       15.8        9.7        6.9        8.2       10.7       13.9        7.4        3.7        5.2       13.1       19.6        6.1       14.9       10.1        7.2        9.2        2.9         13        9.9        4.6        6.3       18.8        9.9        5.7        5.6       13.9          4        6.6        9.8        8.5       14.8        1.5        9.3        8.3        7.6       13.4        4.7       11.3          0       15.2       16.3        5.4       12.1       12.3       13.6        6.5        8.5       15.5        4.7        7.9        9.2       10.4       11.5        5.4       11.6        7.4          0          0          0          0          0 
       9.8       25.9        5.7        6.7       19.1          5        8.4       22.6       21.4       21.4       22.6       15.8       12.1       24.7        7.7       16.5       14.2       18.6        2.4        6.2       20.9        3.3          5        8.4       12.5         18        2.4       16.6       19.7       14.4        5.9       24.7       13.4       16.8        9.9       14.2        8.8          9       23.3          7       14.8        5.8       22.3       22.7       22.4       11.2       13.1       15.2          0       23.1        9.8       27.1          3       15.8        8.8       14.8       22.8       14.4       21.5       22.5        8.2       25.4       10.2       26.7       12.3          0          0          0          0          0 
      24.9       24.2       25.9       23.1       18.6         19       26.3        0.7        9.2        1.9         10        9.6       11.5       23.7       16.1       23.8         13         12       22.6       23.1       19.3       25.1       19.8       16.4       10.8       17.3       20.9        7.1       15.8       10.8       22.2       21.4       21.6       21.8         14       20.2       19.3       14.2       20.5       17.2       17.8       19.6       12.2       18.8        3.5       19.2       26.8       16.3       23.1          0       17.2       21.9       20.4       29.5       19.3        9.1        0.8         12       22.3       10.7       23.9       24.3       19.2         21       11.7          0          0          0          0          0 
       7.6       16.6        9.5        6.2        9.5        9.8        9.2         17       12.5       16.1       13.5        7.9        6.1       15.5        9.4        9.2          5        9.2        7.8       14.3       11.3        9.9        4.7        2.2        7.2        8.3        7.6       10.1        9.9        6.5       13.6       15.1        5.9        8.5       10.1        5.6          2        5.9       13.7         10        5.3        3.9       12.8         13       15.3        2.8        9.8        5.4        9.8       17.2          0       17.5        6.9       12.7          2        8.1       16.6        5.7       12.5       13.3        6.7       16.3        2.1         17        5.7          0          0          0          0          0 
      20.3        3.9       24.9       21.6          8         27       22.9       22.2       12.7       22.5       11.8       16.1       19.2        4.6       25.7         13       14.6       11.4       24.9       31.7        6.2       26.4       22.1       19.4         20        9.1         25       18.5        8.1       16.5         31        2.6       14.7       11.4       25.4       13.3       18.3       21.6        3.9       26.7       12.2       21.3        9.6        4.5       18.3       15.9       19.2       12.1       27.1       21.9       17.5          0       24.4       19.7       18.3       18.2         21       15.2        6.7       11.1       20.9        4.4       16.9        0.8       18.4          0          0          0          0          0 
       8.7       23.3        6.2        5.5       16.4        4.4        8.2         20       18.4       18.9       19.6       12.8        9.2       22.1        6.1       14.5       11.1       15.6        2.2        7.8       18.2        4.7        2.3        5.4        9.7       15.2        0.6       13.7       16.8       11.3        7.2         22       11.1       14.5        8.1       11.7        6.2        6.2       20.6        5.9       12.1        3.1       19.2       19.9       19.5        8.6         12       12.3          3       20.4        6.9       24.4          0       14.9        6.3       11.9       20.1       11.4         19       19.4        7.1       22.9        7.6       23.9        9.4          0          0          0          0          0 
       6.1       16.5       10.3        9.4       13.8       19.3        7.4       29.4       22.6       28.6         23       19.8       18.9       15.4       20.5        7.1       16.4       18.8       13.5         22       14.8       12.9       13.3       14.5         20       14.1       15.3       22.5       16.6       18.7       21.7       17.1        7.9        9.2         22        9.5         11       18.2       16.3       20.6       12.1       12.7       21.3       16.9       26.9       10.3          3       13.6       15.8       29.5       12.7       19.7       14.9          0         11       20.7       28.8       17.4         13       22.5        7.8       15.9       10.6       19.8       18.5          0          0          0          0          0 
       5.6         17        7.6        4.2       10.2        9.9        7.2         19       14.4       18.1       15.4        9.9          8       15.8       10.1        8.5          7         11        6.6         14         12        8.3        3.9        3.4        9.1        9.2        6.9       12.1       11.2        8.5       13.4       15.8        5.1        8.2       11.2        5.4          0        7.1       14.4       10.5          6        3.1       14.5       13.9       17.3        2.3          8        6.5        8.8       19.3          2       18.3        6.3         11          0       10.1       18.7        7.7       12.7       15.1        4.7       16.6        1.3       17.9        7.7          0          0          0          0          0 
      15.8       19.1       16.8         14       12.2       11.7       17.2        8.9        7.5          8        8.9        2.1        2.6       18.3        9.2       15.7        4.7        6.8       13.8       16.4       13.5       16.3       10.9        7.3        2.5       10.6       12.4        1.9       10.3        2.1       15.6       16.7         13       14.1          8       11.9       10.1        5.8       15.4       10.4        9.8       10.6        9.7         14        7.6       10.3       17.9        8.5       14.8        9.1        8.1       18.2       11.9       20.7       10.1          0        8.6        3.7         16        9.1       14.8       19.1       10.1       17.5        2.6          0          0          0          0          0 
      24.3       23.3       25.4       22.6       17.8       18.9       25.8        1.3        8.4        2.2        9.2        8.9       11.1       22.9       15.9         23       12.3       11.2       22.2         23       18.4       24.7       19.4       15.9       10.4       16.5       20.5        6.6         15       10.2       22.2       20.6       20.9       21.1       13.9       19.5       18.7       13.8       19.6       17.1         17       19.2       11.4       17.9        2.7       18.6       26.2       15.5       22.8        0.8       16.6         21       20.1       28.8       18.7        8.6          0       11.4       21.4        9.9       23.4       23.5       18.5       20.2       11.2          0          0          0          0          0 
      13.1       15.7       15.1       11.9        8.5       12.6       14.9       11.9          7       11.3        8.2        2.4          4       14.8       10.7         12          1        4.4       12.9       17.4        9.9       15.2        9.7          6        4.9        6.9         12        5.2        7.1        1.5       16.6       13.4        9.5       10.3       10.2        8.2        7.7        6.7       12.1       11.8          6        9.2          8       10.7        9.7        7.2       14.8        4.7       14.4         12        5.7       15.2       11.4       17.4        7.7        3.7       11.4          0       12.3          8       12.4       15.5        7.3       14.5        3.2          0          0          0          0          0 
      13.8        4.3       18.6       15.5        3.8       22.3       16.4       22.5       13.3       22.3         13       14.1         16        3.1       21.6        6.3       11.4       10.3       19.2       26.7          3       20.3       16.7       14.7       17.1        5.4       19.7         17        6.4       13.9         26        4.1        8.4        4.9       21.9        7.3       12.7       17.7        3.3       22.4        7.2       15.8       10.8        4.5       18.9       10.3       12.4        7.9       21.5       22.3       12.5        6.7         19         13       12.7         16       21.4       12.3          0       12.3       14.5        3.9       11.4        6.7       15.3          0          0          0          0          0 
      19.8       13.5       22.7       19.4        9.2       20.4         22       11.1        1.7       11.4        0.7        7.2       11.2       13.2       18.2       15.7        8.3          4       20.9       25.3        9.3       23.1       17.7       14.1       11.6        8.4       20.1        8.6        6.2        8.4       24.4       10.7       14.8       13.5       17.2         13       15.1       14.4         10       19.4       10.5       17.1        1.5        8.2        7.2       13.7       20.5        9.2       22.5       10.7       13.3       11.1       19.4       22.5       15.1        9.1        9.9          8       12.3          0       19.5       13.7       14.3       10.2       10.6          0          0          0          0          0 
       1.6       18.8          4        1.6       13.1       11.5        2.5       23.7         19       22.7       19.8       14.6       12.5       17.6       12.8        8.8       11.6       15.4        5.8       14.4       14.8          6        5.5        7.6       13.5       12.6        7.5       16.8       14.8       13.3         14       18.3        6.1        9.6       14.4        7.6        4.7         11         17       12.8        9.4        5.1       18.7       16.9         22        5.7        4.9       10.4        8.2       23.9        6.7       20.9        7.1        7.8        4.7       14.8       23.4       12.4       14.5       19.5          0       18.3        5.2       20.7       12.3          0          0          0          0          0 
      17.5        0.6       22.4       19.3        7.1       26.1       20.1       24.6       15.1       24.6       14.5       17.1       19.4        0.8       25.3        9.8       14.8       12.7       23.1       30.6        5.6       24.2       20.6       18.5       20.4        8.7       23.6       19.8        8.8         17       29.9          3       12.2        8.7       25.4       11.2       16.7       21.3        3.8       26.2         11       19.7       12.2        5.5       20.8       14.2       15.8       11.5       25.4       24.3       16.3        4.4       22.9       15.9       16.6       19.1       23.5       15.5        3.9       13.7       18.3          0       15.3        4.9       18.7          0          0          0          0          0 
       5.8       15.7        8.6        5.1        8.9       11.1        7.7         19       13.7       18.2       14.6        9.6        8.3       14.5       11.2        7.3        6.4       10.2        7.9       15.4       10.7        9.5        5.2        4.2        9.4          8        8.3         12         10        8.3       14.7       14.5        3.9        6.9       12.1        4.1        1.3        7.9       13.1       11.7        4.7        4.4       13.6       12.6         17          1        7.7        5.4       10.2       19.2        2.1       16.9        7.6       10.6        1.3       10.1       18.5        7.3       11.4       14.3        5.2       15.3          0       16.6        7.8          0          0          0          0          0 
      20.1        4.4       24.7       21.4        7.6       26.5       22.8       21.4       11.9       21.7         11       15.4       18.5          5       25.1         13         14       10.7       24.5       31.2        5.9       26.1       21.7       18.9       19.4        8.7       24.6       17.8        7.5       15.8       30.5        2.6       14.5       11.2       24.8         13       17.9         21        3.7       26.2       11.8       20.8        8.8          4       17.5       15.6       19.1       11.6       26.7         21         17        0.8       23.9       19.8       17.9       17.5       20.2       14.5        6.7       10.2       20.7        4.9       16.6          0       17.8          0          0          0          0          0 
      13.4       18.8       14.2       11.4       11.6        9.7       14.6       11.4        9.3       10.4       10.6        3.4        0.7       17.9        7.6         14        3.8        7.5       11.3       14.6       13.1       13.8        8.3        4.7        1.8         10        9.9        4.5       10.3        2.2       13.7       16.6       11.1       12.6          7       10.1        7.7        3.7       15.3        8.8        8.4          8       10.9         14       10.2        8.1       15.6        7.4       12.3       11.7        5.7       18.4        9.4       18.5        7.7        2.6       11.2        3.2       15.3       10.6       12.3       18.7        7.8       17.8          0          0          0          0          0          0 
         0          0          0          0          0          0          0          0          0          0          0          0          0          0          0          0          0          0          0          0          0          0          0          0          0          0          0          0          0          0          0          0          0          0          0          0          0          0          0          0          0          0          0          0          0          0          0          0          0          0          0          0          0          0          0          0          0          0          0          0          0          0          0          0          0          0          0          0          0          0 
         0          0          0          0          0          0          0          0          0          0          0          0          0          0          0          0          0          0          0          0          0          0          0          0          0          0          0          0          0          0          0          0          0          0          0          0          0          0          0          0          0          0          0          0          0          0          0          0          0          0          0          0          0          0          0          0          0          0          0          0          0          0          0          0          0          0          0          0          0          0 
         0          0          0          0          0          0          0          0          0          0          0          0          0          0          0          0          0          0          0          0          0          0          0          0          0          0          0          0          0          0          0          0          0          0          0          0          0          0          0          0          0          0          0          0          0          0          0          0          0          0          0          0          0          0          0          0          0          0          0          0          0          0          0          0          0          0          0          0          0          0 
         0          0          0          0          0          0          0          0          0          0          0          0          0          0          0          0          0          0          0          0          0          0          0          0          0          0          0          0          0          0          0          0          0          0          0          0          0          0          0          0          0          0          0          0          0          0          0          0          0          0          0          0          0          0          0          0          0          0          0          0          0          0          0          0          0          0          0          0          0          0 
         0          0          0          0          0          0          0          0          0          0          0          0          0          0          0          0          0          0          0          0          0          0          0          0          0          0          0          0          0          0          0          0          0          0          0          0          0          0          0          0          0          0          0          0          0          0          0          0          0          0          0          0          0          0          0          0          0          0          0          0          0          0          0          0          0          0          0          0          0          0 
Version identifier: 22.1.1.0 | 2022-11-28 | 9160aff4d
CPXPARAM_Threads                                 1
CPXPARAM_TimeLimit                               7200
Tried aggregator 2 times.
MIP Presolve eliminated 2524 rows and 10194 columns.
MIP Presolve modified 2895 coefficients.
Aggregator did 52 substitutions.
Reduced MIP has 472 rows, 1694 columns, and 5293 nonzeros.
Reduced MIP has 1677 binaries, 0 generals, 0 SOSs, and 0 indicators.
Presolve time = 0.02 sec. (23.53 ticks)
Probing time = 0.00 sec. (3.67 ticks)
Tried aggregator 1 time.
Detecting symmetries...
Reduced MIP has 472 rows, 1694 columns, and 5293 nonzeros.
Reduced MIP has 1677 binaries, 0 generals, 0 SOSs, and 0 indicators.
Presolve time = 0.00 sec. (3.00 ticks)
Probing time = 0.00 sec. (3.62 ticks)
Clique table members: 3596.
MIP emphasis: balance optimality and feasibility.
MIP search method: dynamic search.
Parallel mode: none, using 1 thread.
Root relaxation solution time = 0.00 sec. (3.17 ticks)

        Nodes                                         Cuts/
   Node  Left     Objective  IInf  Best Integer    Best Bound    ItCnt     Gap

*     0     0      integral     0      135.1030      135.1030      147    0.00%
Elapsed time = 0.04 sec. (49.86 ticks, tree = 0.00 MB, solutions = 1)

Root node processing (before b&c):
  Real time             =    0.04 sec. (50.21 ticks)
Sequential b&c:
  Real time             =    0.00 sec. (0.00 ticks)
                          ------------
Total (root+branch&cut) =    0.04 sec. (50.21 ticks)

Sol status: Optimal
 Total Time: 0.04
 LB: 135.103
 UB: 135.103
Initializing solStats

Obj Val: 135.103

Solve Time: 0.04
b(0): 10.2333333333333
b(1): 11.4166666666667
b(2): 12.7666666666667
b(3): 15.15
b(4): 9.93333333333333
b(5): 14.4
b(6): 12.9666666666667
b(7): 14.6166666666667
b(8): 14.65
b(9): 9.45
b(10): 10.1
b(11): 16.5666666666667
b(12): 10.3666666666667
b(13): 11.1666666666667
b(14): 12.8666666666667
b(15): 12.35
b(16): 10.6666666666667
b(17): 9.85
b(18): 11.75
b(19): 12.75
b(20): 10.756504320246
b(21): 12.3203256440613
b(22): 12.9963415348007
b(23): 15.3943090216142
b(24): 10.4235774749158
b(25): 15.0548783682334
b(26): 13.2739838897482
b(27): 14.869105814198
b(28): 14.9024391475313
b(29): 9.81219529863185
b(30): 10.9890248239145
b(31): 17.2711384737261
b(32): 10.7947156559589
b(33): 11.4556911978981
b(34): 13.0036585627603
b(35): 12.5260163053738
b(36): 10.922764352568
b(37): 10.2560977590721
b(38): 12.5182930577039
b(39): 12.9796748681341
b(40): 14.75
b(41): 14.8666666666667
b(42): 14.2666666666667
b(43): 15.2166666666667
b(44): 12.25
b(45): 15.8166666666667
b(46): 14.15
b(47): 10.6666666666667
b(48): 14.2166666666667
b(49): 16.2166666666667
b(50): 15.85
b(51): 15.9666666666667
b(52): 15.3666666666667
b(53): 16.3166666666667
b(54): 13.35
b(55): 16.9166666666667
b(56): 15.25
b(57): 11.7666666666667
b(58): 15.35
b(59): 17.3833333333333
b(60): 9
b(61): 9
b(62): 9
b(63): 9
b(64): 9
b(65): 19
b(66): 19
b(67): 19
b(68): 19
b(69): 19


Customer profit: 296.241
Parcel profit: 0
Costs: 161.138
Without fixed: 161.138

Solution: 
Vehicle 0: 60 - 0 - 20 - 1 - 21 - 2 - 22 - 3 - 23 - 65 - Total time: 6.39430902161416
Vehicle 1: 61 - 4 - 24 - 16 - 36 - 18 - 38 - 8 - 28 - 66 - Total time: 5.90243914753129
Vehicle 2: 62 - 17 - 37 - 14 - 34 - 7 - 27 - 11 - 31 - 67 - Total time: 8.27113847372608
Vehicle 3: 63 - 10 - 30 - 19 - 39 - 5 - 25 - 68 - Total time: 6.05487836823335
Vehicle 4: 64 - 9 - 29 - 12 - 32 - 13 - 33 - 15 - 35 - 6 - 26 - 69 - Total time: 4.27398388974824

Vehicle 0: d - P - d - P - d - P - d - P - f
Vehicle 1: d - P - d - D - d - D - d - P - f
Vehicle 2: d - D - d - D - d - P - d - D - f
Vehicle 3: d - D - d - D - d - P - f
Vehicle 4: d - P - d - D - d - D - d - D - d - P - f

************************************
Final solution value: 135.103
************************************

Total distance: 350.3

Total passenger distance: 224.7

Total parcel distance: 0

Total combined transportation distance: 0

Total idle distance: 125.6
File exists: 1
partial: 
CSV file 'TreatResults/FullResults/fip1ADcsarpM.csv' generated successfully!
