Instance Name: sarp-50-25-A-11

K: 8
Multi parcel
MIP Node V2
_______________________________________
Cutoff Value: 119.428
Max Run Time: 31499
_______________________________________
Selected Max Time: 31499
_______________________________________
Version identifier: 22.1.1.0 | 2022-11-28 | 9160aff4d
CPXPARAM_Threads                                 1
CPXPARAM_TimeLimit                               31499
CPXPARAM_MIP_Tolerances_LowerCutoff              119.42800000000003
Tried aggregator 1 time.
MIP Presolve eliminated 4897 rows and 1378 columns.
MIP Presolve modified 11009 coefficients.
Reduced MIP has 2758 rows, 40773 columns, and 147668 nonzeros.
Reduced MIP has 40723 binaries, 0 generals, 0 SOSs, and 0 indicators.
Presolve time = 0.12 sec. (151.49 ticks)
Tried aggregator 1 time.
Detecting symmetries...
Reduced MIP has 2758 rows, 40773 columns, and 147668 nonzeros.
Reduced MIP has 40723 binaries, 0 generals, 0 SOSs, and 0 indicators.
Presolve time = 0.08 sec. (72.04 ticks)
Probing time = 0.02 sec. (14.00 ticks)
Clique table members: 56596.
MIP emphasis: balance optimality and feasibility.
MIP search method: dynamic search.
Parallel mode: none, using 1 thread.
Root relaxation solution time = 0.94 sec. (1477.81 ticks)

        Nodes                                         Cuts/
   Node  Left     Objective  IInf  Best Integer    Best Bound    ItCnt     Gap

      0     0      158.7532   414                    158.7532     5031         
      0     0      153.9022   548                   Cuts: 190     6288         
      0     0      150.0942   561                   Cuts: 235     7452         
      0     0      148.3495   567                    Cuts: 51     8151         
      0     0      147.6737   643                    Cuts: 36     8708         
      0     0      147.5318   618                    Cuts: 25     9004         
Detecting symmetries...
      0     0      147.3782   650                     Cuts: 8     9457         
      0     0      147.2096   671                    Cuts: 15     9987         
      0     0      146.8396   712                    Cuts: 46    10477         
      0     0      146.8176   707                    Cuts: 10    10667         
      0     0      146.8024   698                     Cuts: 7    10867         
      0     0      146.8011   699                 ZeroHalf: 2    10890         
Detecting symmetries...
      0     2      146.8011   696                    146.8011    10890         
Elapsed time = 13.18 sec. (20036.36 ticks, tree = 0.01 MB, solutions = 0)
      2     4      145.2180   585                    146.8011    11480         
      4     6      146.6594   600                    146.8011    11791         
      5     7      146.4269   603                    146.8011    12121         
      7     9      145.9301   556                    146.8011    12742         
      9    11      144.0786   609                    146.8011    13245         
     11    13      146.0082   592                    146.8011    13721         
     12    14      145.9085   699                    146.8011    13935         
     13    15      143.1595   580                    146.8011    14592         
     14    16      143.1045   575                    146.8011    14730         
     17    19      142.3210   536                    146.8011    15636         
Elapsed time = 16.33 sec. (25533.27 ticks, tree = 0.63 MB, solutions = 0)
     22    23      136.7932   432                    146.8011    17231         
     26    27      131.3665   355                    146.8011    18619         
     35    36      129.4669   296                    146.8011    20114         
     56    51      123.7536   223                    146.8011    22679         
     87    68      146.7737   683                    146.7862    25840         
     90    71      145.3759   610                    146.7862    26964         
     96    77      143.3358   587                    146.7862    28569         
    100    81      145.4101   628                    146.7862    29674         
    107    86      141.9913   473                    146.7862    31096         
    110    89      143.5319   502                    146.7862    32002         
Elapsed time = 23.61 sec. (36977.48 ticks, tree = 3.15 MB, solutions = 0)
    113    92      139.3572   418                    146.7862    33546         
    118    97      142.3524   459                    146.7862    34775         
    120    99      141.6751   439                    146.7862    35351         
    129   108      140.9859   362                    146.7862    36603         
    135   114      140.5012   374                    146.7862    38119         
    144   121      139.0949   305                    146.7862    39660         
    153   130      133.0462   205                    146.7862    41323         
    171   140      130.9496   260                    146.7862    43311         
    180   145        cutoff                          146.7862    46310         
    186   149      145.7806   599                    146.4580    47423         
Elapsed time = 30.21 sec. (47331.63 ticks, tree = 5.44 MB, solutions = 0)
    192   155      145.0547   609                    146.4580    48641         
    198   161      143.4887   606                    146.4580    49847         
    200   163      143.1449   598                    146.4580    50259         
    207   170      142.5554   535                    146.4580    51397         
    213   176      140.8338   549                    146.4580    52882         
    217   180      139.1428   514                    146.4580    54567         
    223   186      138.1288   510                    146.4580    55750         
    226   189      131.5712   477                    146.4580    57112         
    232   191      145.1676   669                    146.4261    58361         
    240   199      144.4981   612                    146.4261    59676         
Elapsed time = 38.59 sec. (61114.70 ticks, tree = 7.27 MB, solutions = 0)
    246   205      143.9808   622                    146.4261    60816         
    253   212      143.5285   628                    146.4261    62012         
    258   217      142.8545   632                    146.4261    63159         
    260   219      142.5662   619                    146.4261    63571         
    266   225      141.9112   549                    146.4261    64746         
    273   232      141.2929   547                    146.4261    65859         
    282   241      140.5336   530                    146.4261    67113         
    291   250      139.9024   612                    146.4261    68195         
    297   256      138.9723   574                    146.4261    69350         
    307   266      138.1407   546                    146.4261    70573         
Elapsed time = 45.10 sec. (71955.34 ticks, tree = 9.76 MB, solutions = 0)
    315   274      137.1574   583                    146.4261    71801         
    325   284      136.4227   608                    146.4261    72990         
    334   293      135.2503   605                    146.4261    74390         
    340   299      134.5185   565                    146.4261    75455         
    348   307      132.9529   580                    146.4261    76796         
    349   308      132.8416   573                    146.4261    76907         
    355   314      131.0064   583                    146.4261    78281         
    364   323      129.9545   576                    146.4261    79591         
    376   335      129.0288   561                    146.4261    81009         
    383   342      128.0564   562                    146.4261    82000         
Elapsed time = 53.28 sec. (83770.87 ticks, tree = 12.60 MB, solutions = 0)
    391   350      124.1973   576                    146.4261    83818         
    405   364      122.0870   612                    146.4261    86370         
    429   384      146.3010   604                    146.4205    89797         
    434   389      145.1344   550                    146.4205    91285         
    440   395      144.7146   565                    146.4205    92340         
    445   400      143.8128   565                    146.4205    93645         
    450   405      142.7245   600                    146.4205    94883         
    458   413      141.6786   558                    146.4205    96398         
    463   418      140.5378   634                    146.4205    97575         
    469   424      138.4608   630                    146.4205    99028         
Elapsed time = 60.88 sec. (95880.79 ticks, tree = 15.67 MB, solutions = 0)
    474   429      137.3704   570                    146.4205   100393         
    480   435      136.6505   602                    146.4205   101351         
    484   439      135.6046   645                    146.4205   102610         
    493   448      135.1731   617                    146.4205   103907         
    499   454      134.4411   613                    146.4205   105248         

Performing restart 1

Repeating presolve.
Tried aggregator 2 times.
MIP Presolve eliminated 4 rows and 405 columns.
MIP Presolve modified 32198 coefficients.
Aggregator did 4 substitutions.
Reduced MIP has 2750 rows, 40364 columns, and 137234 nonzeros.
Reduced MIP has 40314 binaries, 0 generals, 0 SOSs, and 0 indicators.
Presolve time = 0.11 sec. (134.10 ticks)
Tried aggregator 2 times.
MIP Presolve eliminated 1 rows and 133 columns.
Aggregator did 6 substitutions.
Reduced MIP has 2743 rows, 40225 columns, and 136777 nonzeros.
Reduced MIP has 40175 binaries, 0 generals, 0 SOSs, and 0 indicators.
Presolve time = 0.10 sec. (102.45 ticks)
Represolve time = 1.99 sec. (2167.89 ticks)
    505     0      146.5487   666                    Cuts: 61   113795         
    505     0      146.2598   667                    Cuts: 22   114231         
    505     0      146.2064   687                    Cuts: 21   114429         
    505     0      146.1821   730                    Cuts: 12   114591         
    505     0      146.1786   731                    Cuts: 12   114655         
    505     0      146.1763   731                     Cuts: 4   114715         
    505     0      146.1031   731                     Cuts: 8   114935         
    505     0      146.0748   704                     Cuts: 8   115079         
    505     0      146.0448   730                 ZeroHalf: 2   115207         
    505     0      145.9810   751                     Cuts: 6   115409         
    505     0      145.9609   706                    Cuts: 10   115529         
    505     0      145.9300   717                    Cuts: 15   115701         
    505     0      145.8349   711                     Cuts: 3   115881         
    505     0      145.8233   781                     Cuts: 9   115995         
    505     0      145.7230   823                    Cuts: 13   116284         
    505     0      145.6450   788                     Cuts: 7   116528         
    505     0      145.6266   793                     Cuts: 5   116650         
    505     0      145.5565   784                     Cuts: 6   116942         
    505     0      145.5311   733                    Cuts: 11   117101         
    505     0      145.4765   762                    Cuts: 11   117353         
    505     0      145.4522   770                    Cuts: 30   117494         
    505     0      145.4281   768                    Cuts: 10   117655         
    505     0      145.4214   797                     Cuts: 5   117721         
    505     0      145.3964   795                     Cuts: 2   117852         
    505     0      145.3939   806                     Cuts: 6   117899         
    505     0      145.3939   805                  MIRcuts: 1   117900         
    505     0      145.3907   802                    Cuts: 19   117986         
    505     2      145.3907   801                    145.3906   117986         
    506     3      145.3655   799                    145.3653   118149         
    507     4      145.2815   722                    145.3651   118514         
    508     5      145.2237   738                    145.3651   118815         
    509     6      145.2066   724                    145.3651   118967         
Elapsed time = 158.68 sec. (252238.61 ticks, tree = 0.14 MB, solutions = 0)
    510     7      145.1584   795                    145.3651   119228         
    511     8      145.0926   813                    145.3651   119459         
    512     9      144.9984   802                    145.3651   119740         
    513    10      144.9541   796                    145.3651   119922         
    514    11      144.9330   781                    145.3651   120051         
    515    12      144.9014   779                    145.3651   120199         
    516    13      144.7187   745                    145.3651   120607         
    517    14      137.8827   672                    145.3651   122482         
    518    15      144.6335   722                    145.3651   122767         
    519    16      144.5261   741                    145.3651   123076         
Elapsed time = 218.14 sec. (350719.61 ticks, tree = 0.43 MB, solutions = 0)
    520    17      133.6753   450                    145.3651   124605         
    521    18      144.5075   734                    145.3651   124735         
    523    20      144.4811   677                    145.3651   124862         
    524    21      137.6944   485                    145.3651   126322         
    525    22      144.4387   693                    145.3651   126503         
    526    23      144.3806   736                    145.3651   126684         
    527    24      144.1866   735                    145.3651   126936         
    528    25      136.6164   596                    145.3651   127974         
    529    26      144.1576   769                    145.3651   128134         
    531    28      144.1099   736                    145.3651   128394         
Elapsed time = 245.95 sec. (396425.50 ticks, tree = 0.87 MB, solutions = 0)
    533    30      127.9754   576                    145.3651   129799         
    536    33      143.8496   710                    145.3651   130260         
    537    34      134.7764   599                    145.3651   131413         
    541    37      121.1561   568                    145.3651   133854         
    543    37      120.8229   516                    145.3651   134377         
    545    37      120.6094   469                    145.3651   134629         
    551    38      133.8327   615                    145.2815   137014         
    553    38      131.6559   687                    145.2815   137735         
    557    42      131.3940   579                    145.2815   138289         
    561    46      128.4146   490                    145.2815   139408         
Elapsed time = 287.55 sec. (463791.00 ticks, tree = 1.51 MB, solutions = 0)
    565    49      121.7782   495                    145.2815   140640         
    571    53      137.5664   591                    145.2056   142460         
    576    58      136.5813   557                    145.2056   143889         
    585    67      135.9464   579                    145.2056   144844         
    593    75      135.4139   577                    145.2056   145842         
    601    83      134.9542   506                    145.2056   146891         
    613    95      134.4741   454                    145.2056   148378         
    622   104      134.0393   456                    145.2056   149391         
    635   117      133.3260   454                    145.2056   150653         
    647   129      132.8771   427                    145.2056   151556         
Elapsed time = 315.32 sec. (508420.45 ticks, tree = 4.57 MB, solutions = 0)
    665   147      132.3714   424                    145.2056   152687         
    685   167      131.9255   487                    145.2056   153886         
    698   180      130.9823   521                    145.2056   154934         
    713   195      130.4777   557                    145.2056   155912         
    726   208      130.0056   515                    145.2056   157040         
    740   222      128.9430   529                    145.2056   158330         
    754   236      128.4388   536                    145.2056   159419         
    774   252      127.6868   531                    145.2056   160853         
    801   277      126.8105   503                    145.2056   162894         
    820   294      126.1950   531                    145.2056   163989         
Elapsed time = 342.87 sec. (550256.42 ticks, tree = 10.67 MB, solutions = 0)
    842   312      125.7647   551                    145.2056   165275         
    865   327      125.3370   517                    145.2056   166696         
    896   353      124.2052   518                    145.2056   169421         
    912   368      141.6137   592                    145.1576   172524         
    917   373      139.7152   495                    145.1576   174250         
    922   378      138.1215   535                    145.1576   175607         
    937   393      136.6384   433                    145.1576   177605         
    953   409      136.1297   485                    145.1576   178740         
    975   431      135.1842   444                    145.1576   180256         
    992   447      134.4612   353                    145.1576   181512         
Elapsed time = 369.80 sec. (591318.01 ticks, tree = 16.29 MB, solutions = 0)
   1003   458      134.1317   387                    145.1576   182416         
   1023   478      133.6228   418                    145.1576   183462         
   1038   491      132.2724   377                    145.1576   184692         
   1058   510      131.9775   432                    145.1576   185640         
   1074   524      131.3523   330                    145.1576   186666         
   1095   542      130.8117   387                    145.1576   187536         
   1109   555      137.0300   568                    145.0895   189967         
   1126   572      135.8073   527                    145.0895   192606         
   1145   591      134.1275   583                    145.0895   195538         
   1170   616      133.4786   475                    145.0895   197926         
Elapsed time = 399.19 sec. (635870.47 ticks, tree = 22.56 MB, solutions = 0)
   1177   623      133.2551   550                    145.0895   198476         
   1194   640      132.5059   507                    145.0895   199704         
   1219   665      131.3286   585                    145.0895   202430         
   1243   689      130.6526   560                    145.0895   203943         
   1265   711      129.5232   554                    145.0895   205893         
   1285   731      128.6316   544                    145.0895   207765         
   1307   753      136.6659   582                    145.0402   211404         
   1314   759      129.2825   432                    145.0402   213378         
   1337   769      129.6254   522                    144.9970   217420         
   1347   779      128.4979   571                    144.9970   219352         
Elapsed time = 427.18 sec. (676620.21 ticks, tree = 28.59 MB, solutions = 0)
   1358   790      126.3915   519                    144.9970   221290         
   1387   818      123.2787   559                    144.9970   225743         
   1416   840      133.8313   600                    144.9473   231076         
   1436   860      131.0861   543                    144.9473   233923         
   1472   896      128.8448   463                    144.9473   237252         
   1497   921      126.2466   469                    144.9473   239740         

Performing restart 2

Repeating presolve.
Tried aggregator 1 time.
MIP Presolve eliminated 0 rows and 7 columns.
MIP Presolve modified 18904 coefficients.
Reduced MIP has 2743 rows, 40218 columns, and 138147 nonzeros.
Reduced MIP has 40168 binaries, 0 generals, 0 SOSs, and 0 indicators.
Presolve time = 0.07 sec. (77.17 ticks)
Tried aggregator 1 time.
Reduced MIP has 2743 rows, 40218 columns, and 138147 nonzeros.
Reduced MIP has 40168 binaries, 0 generals, 0 SOSs, and 0 indicators.
Presolve time = 0.08 sec. (76.45 ticks)
Represolve time = 0.80 sec. (593.92 ticks)
   1515     0      145.3260   751                    Cuts: 31   249907         
   1515     0      145.2245   739                    Cuts: 17   250260         
   1515     0      145.1955   739                    Cuts: 25   250408         
   1515     0      145.1188   780                    Cuts: 14   250759         
   1515     0      145.0907   780                    Cuts: 10   250904         
   1515     0      145.0450   756                     Cuts: 8   251214         
   1515     0      145.0325   793                    Cuts: 17   251393         
   1515     0      144.9732   787                     Cuts: 5   251603         
   1515     0      144.9459   777                    Cuts: 12   251823         
   1515     0      144.9352   798                    Cuts: 11   251947         
   1515     0      144.9088   780                     Cuts: 4   252083         
   1515     0      144.8006   789                     Cuts: 8   252451         
   1515     0      144.7638   789                     Cuts: 9   252599         
   1515     0      144.7527   822                     Cuts: 5   252699         
   1515     0      144.6777   796                     Cuts: 7   252977         
   1515     0      144.4548   819                    Cuts: 22   253552         
   1515     0      144.4076   794                     Cuts: 9   253767         
   1515     0      144.4016   803                     Cuts: 8   253864         
   1515     0      144.3319   829                     Cuts: 9   254148         
   1515     0      144.2813   806                     Cuts: 4   254326         
   1515     0      144.2521   827                     Cuts: 7   254471         
   1515     0      144.2045   829                     Cuts: 8   254690         
   1515     0      144.2039   833                     Cuts: 4   254715         
   1515     0      144.2001   843                     Cuts: 6   254783         
   1515     0      144.1918   839                     Cuts: 3   254899         
   1515     0      144.1890   822                    Cuts: 18   254982         
   1515     0      144.1863   818                    Cuts: 29   255080         
   1515     2      144.1863   818                    144.1849   255080         
   1516     3      144.0964   804                    144.0963   255414         
   1517     4      144.0327   833                    144.0954   255657         
   1518     5      144.0114   844                    144.0954   255808         
Elapsed time = 761.21 sec. (1189575.43 ticks, tree = 0.07 MB, solutions = 0)
   1519     6      136.6604   545                    144.0954   257210         
   1520     7      143.9762   801                    144.0954   257423         
   1521     8      143.9488   813                    144.0954   257674         
   1522     9      143.8855   818                    144.0954   257947         
   1523    10      143.8651   803                    144.0954   258118         
   1524    11      143.8500   764                    144.0954   258259         
   1525    12      143.8002   770                    144.0954   258487         
   1526    13      143.7570   761                    144.0954   258662         
   1527    14      141.7020   681                    144.0954   259931         
   1528    15      143.7208   758                    144.0954   260162         
Elapsed time = 916.45 sec. (1442697.95 ticks, tree = 0.44 MB, solutions = 0)
   1529    16      143.7117   769                    144.0954   260284         
   1530    17      143.6941   766                    144.0954   260407         
   1531    18      143.4555   754                    144.0954   260862         
   1532    19      142.8231   691                    144.0954   262013         
   1533    20      143.3907   758                    144.0954   262217         
   1534    21      143.3725   770                    144.0954   262363         
   1535    22      143.3432   771                    144.0954   262512         
   1536    23      131.1469   645                    144.0954   264157         
   1537    24      143.3243   756                    144.0954   264278         
   1538    25      143.2718   700                    144.0954   264488         
Elapsed time = 976.86 sec. (1540993.90 ticks, tree = 0.74 MB, solutions = 0)
   1539    26      140.4054   616                    144.0954   265680         
   1542    29      143.2029   705                    144.0954   265993         
   1544    31      141.5577   587                    144.0954   267075         
   1546    33      140.5715   520                    144.0954   267702         
   1548    35      135.8221   522                    144.0954   268574         
   1551    37      128.2280   512                    144.0954   270041         
   1552    37      126.7081   460                    144.0954   270626         
   1553    38      126.7081   452                    144.0954   270776         
   1555    40      126.2364   461                    144.0954   271264         
   1559    44      124.0292   206                    144.0954   272227         
Elapsed time = 1038.89 sec. (1640097.65 ticks, tree = 1.45 MB, solutions = 0)
   1561    45      124.1484   445                    144.0954   273017         
   1562    45      123.8946   470                    144.0954   273162         
   1567    45      139.8389   729                    144.0104   274433         
   1569    47      138.9078   578                    144.0104   275802         
   1572    50      138.5802   612                    144.0104   276681         
   1575    53      136.6800   568                    144.0104   278209         
   1577    55      134.6749   546                    144.0104   279255         
   1579    57      134.5485   521                    144.0104   281058         
   1582    60      137.0920   570                    144.0104   282376         
   1583    61      136.9110   619                    144.0104   282807         
Elapsed time = 1086.95 sec. (1715951.74 ticks, tree = 2.06 MB, solutions = 0)
   1586    64      132.8084   512                    144.0104   283992         
   1588    65      123.7804   486                    144.0104   285697         
   1595    67      121.9306   476                    144.0104   287333         
   1604    70      134.4736   651                    143.9698   290034         
   1605    71      133.9848   618                    143.9698   290467         
   1607    73      133.6518   600                    143.9698   290919         
   1611    77      133.3844   622                    143.9698   291672         
   1618    84      132.7762   635                    143.9698   292863         
   1619    85      132.7251   682                    143.9698   293030         
   1622    88      131.9327   699                    143.9698   293857         
Elapsed time = 1129.05 sec. (1782027.93 ticks, tree = 3.06 MB, solutions = 0)
   1629    95      131.6844   672                    143.9698   294915         
   1637   103      131.1613   640                    143.9698   296130         
   1639   105      131.0523   661                    143.9698   296460         
   1642   108      129.1160   594                    143.9698   298381         
   1645   111      128.7984   659                    143.9698   298945         
   1651   117      128.5181   637                    143.9698   299937         
   1655   121      127.9596   581                    143.9698   300568         
   1661   126      127.7836   620                    143.9698   301127         
   1672   135      126.6088   611                    143.9698   302852         
   1685   147      125.9784   605                    143.9698   304210         
Elapsed time = 1160.15 sec. (1828797.91 ticks, tree = 5.29 MB, solutions = 0)
   1698   160      125.4048   566                    143.9698   305485         
   1707   164      124.9229   538                    143.9698   306638         
   1713   167      123.0323   505                    143.9698   308607         
   1716   167      119.5032   507                    143.9698   310036         
   1719   168      136.4717   602                    143.9487   311898         
   1730   179      135.9044   599                    143.9487   313217         
   1742   191      135.3764   622                    143.9487   314719         
   1755   203      135.0316   595                    143.9487   315885         
   1765   213      134.5830   614                    143.9487   317229         
   1775   223      133.7429   640                    143.9487   318818         
Elapsed time = 1188.50 sec. (1869851.72 ticks, tree = 8.06 MB, solutions = 0)
   1787   235      133.2864   590                    143.9487   320277         
   1798   246      133.0628   613                    143.9487   321336         
   1810   258      132.5100   553                    143.9487   322654         
   1817   265      132.0539   561                    143.9487   323556         
   1829   277      131.2893   583                    143.9487   324840         
   1836   284      130.4720   625                    143.9487   325945         
   1844   291      129.8226   610                    143.9487   327403         
   1854   300      129.2034   592                    143.9487   328635         
   1867   312      128.8896   566                    143.9487   329690         
   1875   318      126.5764   485                    143.9487   331748         
Elapsed time = 1219.18 sec. (1915669.10 ticks, tree = 11.62 MB, solutions = 0)
   1879   320      121.6027   595                    143.9487   334177         
   1883   320      119.9520   591                    143.9487   335558         
   1887   320      138.0503   635                    143.8816   337694         
   1905   338      137.1312   588                    143.8816   340388         
   1915   348      136.0596   548                    143.8816   342310         
   1931   363      134.8315   588                    143.8816   344559         
   1943   375      133.0138   552                    143.8816   347506         
   1952   383      131.2960   566                    143.8816   350133         
   1960   390      130.4158   527                    143.8816   351466         
   1968   396      129.1421   559                    143.8816   353703         
Elapsed time = 1249.28 sec. (1960089.84 ticks, tree = 14.50 MB, solutions = 0)
   1970   397      126.1527   543                    143.8816   355518         
   1978   402      123.6929   610                    143.8816   357450         
   1981   402      121.8444   601                    143.8816   358672         
   1987   402      128.9606   660                    143.8599   363452         
   1989   404      128.8172   640                    143.8599   363873         
   1995   407      126.0718   536                    143.8599   365846         
   2003   409      127.8282   650                    143.7537   370589         
   2019   424      124.2599   648                    143.7537   374191         
   2031   433      119.5049   674                    143.7537   377871         
   2043   443      139.1212   650                    143.7207   380880         
Elapsed time = 1283.07 sec. (2009552.34 ticks, tree = 16.19 MB, solutions = 0)
   2050   450      138.2810   608                    143.7207   382728         
   2065   465      137.7701   610                    143.7207   384191         
   2078   478      137.0241   608                    143.7207   385880         
   2085   485      135.6112   603                    143.7207   387198         
   2092   492      134.9275   578                    143.7207   388356         
   2107   507      134.1026   558                    143.7207   390143         
   2117   517      133.7724   598                    143.7207   391007         
   2129   529      133.3599   589                    143.7207   391938         
   2144   544      133.0445   595                    143.7207   392870         
   2158   558      132.6143   594                    143.7207   394068         
Elapsed time = 1309.79 sec. (2049662.65 ticks, tree = 20.42 MB, solutions = 0)
   2170   570      132.3454   561                    143.7207   394842         
   2188   588      131.8295   563                    143.7207   396040         
   2201   601      131.5361   519                    143.7207   396869         
   2210   610      131.2686   541                    143.7207   397490         
   2221   621      130.7677   542                    143.7207   398279         
   2232   631      130.3409   516                    143.7207   398956         
   2241   640      130.0640   524                    143.7207   399531         
   2251   648      128.8568   447                    143.7207   400571         
   2268   664      127.9993   487                    143.7207   401441         
   2284   679      125.6124   546                    143.7207   402692         
Elapsed time = 1339.86 sec. (2093644.95 ticks, tree = 24.94 MB, solutions = 0)
   2291   681      138.6467   683                    143.7081   406122         
   2301   691      137.4618   659                    143.7081   407960         
   2317   707      136.8494   638                    143.7081   409910         
   2332   722      136.2176   662                    143.7081   411863         
   2345   735      134.8519   612                    143.7081   414375         
   2354   744      134.4772   604                    143.7081   415510         
   2360   750      133.8882   630                    143.7081   416691         
   2374   764      132.6292   638                    143.7081   418445         
   2381   771      131.8016   616                    143.7081   419807         
   2389   779      128.4978   593                    143.7081   421605         
Elapsed time = 1369.27 sec. (2137665.40 ticks, tree = 28.61 MB, solutions = 0)
   2395   785      127.8594   565                    143.7081   422518         
   2407   796      125.3060   616                    143.7081   425066         
   2426   811      123.3357   584                    143.7081   427421         
   2437   813      140.3904   702                    143.4554   430479         
   2444   820      138.1542   689                    143.4554   432845         
   2451   827      137.0938   658                    143.4554   434289         
   2461   837      135.6271   685                    143.4554   436119         
   2482   858      134.5911   634                    143.4554   438414         
   2501   877      133.2280   654                    143.4554   441046         
   2518   894      132.4233   591                    143.4554   442816         
Elapsed time = 1399.68 sec. (2182020.46 ticks, tree = 32.87 MB, solutions = 0)
   2532   908      131.1738   471                    143.4554   445318         
   2550   925      130.0123   598                    143.4554   447218         
   2561   934      129.7075   587                    143.4554   448143         
   2578   950      126.5715   497                    143.4554   451143         
   2587   953      121.0630   509                    143.4554   453818         
   2593   953      133.1545   528                    143.3896   455973         
   2599   956      125.3099   531                    143.3896   457834         
   2606   961      134.4860   625                    143.3426   460953         
   2627   982      132.8714   569                    143.3426   464031         
   2651  1006      131.5159   552                    143.3426   466910         
Elapsed time = 1429.22 sec. (2224992.02 ticks, tree = 37.03 MB, solutions = 0)
   2670  1025      129.3364   549                    143.3426   470000         
   2683  1036      124.2659   563                    143.3426   473974         
   2692  1041      134.1851   599                    143.2709   477849         
   2706  1055      133.3600   637                    143.2709   479692         
   2725  1074      132.1392   585                    143.2709   482101         
   2749  1098      130.7028   572                    143.2709   484785         
   2772  1120      129.6342   590                    143.2709   487311         
   2795  1143      128.0094   600                    143.2709   489733         
   2810  1158      126.6777   483                    143.2709   492164         
   2822  1166      125.2730   477                    143.2709   494643         
Elapsed time = 1458.50 sec. (2266804.52 ticks, tree = 43.04 MB, solutions = 0)
   2828  1166      130.7408   612                    143.1989   497787         
   2845  1183      129.2614   608                    143.1989   501571         
   2871  1209      127.5735   627                    143.1989   505582         
   2883  1218      119.5958   571                    143.1989   510722         
   2899  1232      133.1387   684                    143.1414   514325         
   2917  1250      131.5728   676                    143.1414   517314         
   2936  1269      130.2612   686                    143.1414   520818         
   2951  1284      127.2341   610                    143.1414   524716         
   2974  1306      122.6573   555                    143.1414   530630         
   2984  1313      132.2362   635                    143.0000   535044         
Elapsed time = 1487.52 sec. (2308459.84 ticks, tree = 48.44 MB, solutions = 0)
   2990  1319      139.3761   714                    143.0000   539198         
   2997  1326      142.1513   739                    143.0000   542110         
   3002  1331      137.5908   632                    143.0000   544690         
   3007  1336      131.9775   577                    143.0000   548973         
   3012  1341      137.3761   586                    143.0000   552317         
   3021  1350      130.2295   664                    143.0000   555686         
   3025  1353      130.8634   531                    143.0000   558086         
   3030  1358      127.4293   540                    143.0000   560936         
   3036  1359      133.3481   704                    142.9270   564764         
   3059  1382      132.2520   649                    142.9270   567777         
Elapsed time = 1517.85 sec. (2355835.04 ticks, tree = 50.89 MB, solutions = 0)
   3075  1398      130.9057   650                    142.9270   570470         
   3092  1413      128.4063   543                    142.9270   573749         
   3099  1417      125.1391   482                    142.9270   576116         
   3106  1417      133.9773   704                    142.9020   580234         
   3115  1426      133.3292   666                    142.9020   581885         
   3125  1436      131.3329   621                    142.9020   584364         
   3135  1446      127.7024   680                    142.9020   587479         
   3141  1449      136.8223   645                    142.8225   592473         
   3150  1458      133.9779   672                    142.8225   594869         
   3163  1471      131.8757   695                    142.8225   597553         
Elapsed time = 1546.92 sec. (2399256.30 ticks, tree = 54.20 MB, solutions = 0)
   3182  1490      130.2882   691                    142.8225   600763         
   3197  1505      129.1692   646                    142.8225   603160         
   3210  1518      127.5471   593                    142.8225   606175         
   3219  1523      125.4625   620                    142.8225   609065         
   3234  1534      142.5058   701                    142.8192   611946         
   3253  1553      141.5221   716                    142.8192   614848         
   3269  1569      140.4294   708                    142.8192   617486         
   3275  1575      140.0347   723                    142.8192   618477         
   3297  1597      139.0394   628                    142.8192   621237         
   3312  1612      138.4931   641                    142.8192   623014         
Elapsed time = 1575.38 sec. (2440653.31 ticks, tree = 59.16 MB, solutions = 0)
   3331  1631      137.1740   674                    142.8192   626098         
   3352  1652      136.0221   626                    142.8192   628602         
   3368  1666      133.9555   604                    142.8192   630875         
   3386  1684      132.9930   668                    142.8192   633060         
   3401  1698      132.1995   665                    142.8192   635197         
   3422  1718      131.0872   612                    142.8192   638043         
   3435  1730      130.3732   616                    142.8192   639344         
   3447  1741      129.3822   568                    142.8192   640895         
   3456  1750      128.7244   520                    142.8192   642238         
   3471  1764      127.0473   542                    142.8192   644010         
Elapsed time = 1603.16 sec. (2480678.40 ticks, tree = 64.78 MB, solutions = 0)
   3490  1780      125.2484   588                    142.8192   646764         
   3508  1791      124.0638   516                    142.8192   648555         
   3520  1797      130.3327   694                    142.7749   652356         
   3527  1800        cutoff                          142.7749   655826         
   3539  1811      123.4476   582                    142.7749   660688         
   3555  1821      137.0914   632                    142.7401   665074         
   3575  1841      135.7886   627                    142.7401   668205         
   3596  1862      134.1228   562                    142.7401   671473         
   3606  1872      129.1262   573                    142.7401   675192         
   3620  1881      124.5015   590                    142.6708   680513         
Elapsed time = 1631.66 sec. (2521512.58 ticks, tree = 69.13 MB, solutions = 0)
   3630  1885      130.3684   485                    142.6326   686860         
   3652  1907      128.8055   590                    142.6326   690389         
   3669  1920      132.9617   549                    142.5850   697056         
   3682  1931      128.4422   482                    142.5850   701583         
   3692  1941      131.0481   551                    142.5850   704758         
   3713  1959      120.1186   571                    142.5850   708279         
   3717  1958      137.9468   665                    142.5457   713242         
   3729  1970      135.5698   683                    142.5457   716294         
   3739  1980      134.5065   674                    142.5457   718710         
   3760  2001      133.0367   627                    142.5457   721854         
Elapsed time = 1660.73 sec. (2564391.73 ticks, tree = 73.58 MB, solutions = 0)
   3775  2016      131.9693   636                    142.5457   724473         
   3785  2026      130.1406   592                    142.5457   727866         
   3796  2037      128.4130   606                    142.5457   729778         
   3811  2051      126.0331   553                    142.5457   733083         
   3821  2054      136.8226   652                    142.5082   737925         
   3825  2057      134.3227   661                    142.5082   740118         
   3835  2066      124.9340   649                    142.5082   744247         
   3845  2072      136.5290   657                    142.5028   749157         
   3865  2092      134.3808   589                    142.5028   752364         
   3891  2118      133.4013   635                    142.5028   755308         
Elapsed time = 1688.06 sec. (2604403.15 ticks, tree = 78.01 MB, solutions = 0)
   3906  2131      130.5868   574                    142.5028   758440         
   3919  2142      129.7135   581                    142.5028   759970         
   3934  2155      127.3885   449                    142.5028   762823         
   3948  2164      134.3113   644                    142.4939   766839         
   3961  2171      131.5797   626                    142.4939   771055         
   3971  2180      124.5430   532                    142.4939   774008         
   3978  2183      135.9220   538                    142.3732   778965         
   3993  2198      134.2462   569                    142.3732   782292         
   4015  2220      132.8021   552                    142.3732   785379         
   4036  2241      132.0310   567                    142.3732   787750         
Elapsed time = 1715.24 sec. (2644110.15 ticks, tree = 82.58 MB, solutions = 0)
   4054  2259      129.7351   514                    142.3732   791101         
   4072  2277      127.4669   557                    142.3732   793661         
   4090  2290      133.5371   563                    142.2618   798145         
   4110  2310      131.8623   555                    142.2618   801730         
   4133  2333      130.3212   562                    142.2618   805226         
   4154  2354      128.7559   563                    142.2618   809117         
   4181  2381      125.5094   529                    142.2618   813784         
   4194  2390      137.2965   699                    142.2201   818219         
   4211  2407      135.8880   677                    142.2201   821511         
   4229  2425      134.5962   668                    142.2201   824750         
Elapsed time = 1743.37 sec. (2684532.19 ticks, tree = 89.42 MB, solutions = 0)
   4249  2445      132.6725   605                    142.2201   828144         
   4276  2472      130.7995   614                    142.2201   831252         
   4297  2493      128.2491   459                    142.2201   834351         
   4309  2502      125.5353   524                    142.2201   836954         
   4327  2510      133.3685   611                    142.1697   841417         
   4345  2528      131.7105   634                    142.1697   845013         
   4361  2544      128.5454   562                    142.1697   849212         
   4377  2560      122.0591   562                    142.1697   854552         
   4388  2567      135.5170   601                    142.1507   858823         
   4397  2576      129.7615   623                    142.1507   863056         
Elapsed time = 1771.99 sec. (2725636.71 ticks, tree = 95.01 MB, solutions = 0)
   4412  2589      136.1637   629                    142.1507   866726         
   4417  2590      142.0864   725                    142.1477   869468         
   4432  2605      141.0445   748                    142.1477   872720         
   4452  2625      140.3410   728                    142.1477   875426         
   4470  2643      139.4511   690                    142.1477   878313         
   4486  2659      137.7203   550                    142.1477   881338         
   4509  2682      136.5574   633                    142.1477   883748         
   4536  2709      135.3575   618                    142.1477   886373         
   4555  2728      132.6211   580                    142.1477   889118         
   4564  2734      117.9020   619                    142.1477   893457         
Elapsed time = 1799.16 sec. (2765168.28 ticks, tree = 100.73 MB, solutions = 0)
   4573  2741      129.4182   671                    142.1403   896880         
   4582  2750      125.7495   686                    142.1403   900810         
   4590  2754      134.8808   640                    142.1236   907482         
   4604  2768      132.4404   621                    142.1236   910956         
   4617  2779      130.3757   604                    142.1236   914025         
   4634  2795      127.3419   599                    142.1236   917883         
   4653  2810      137.7585   553                    142.1059   922877         
   4667  2824      132.8521   591                    142.1059   926776         
   4689  2846      130.8088   595                    142.1059   930191         
   4700  2854      126.9610   481                    142.1059   934483         
Elapsed time = 1826.49 sec. (2805383.22 ticks, tree = 105.15 MB, solutions = 0)
   4706  2857      132.0926   584                    142.1004   939064         
   4715  2862      130.4044   611                    142.1004   941679         
   4730  2873      127.0503   510                    142.1004   946560         
   4733  2873      122.6705   591                    142.1004   949602         
   4737  2875      125.4661   571                    142.0901   953095         
   4743  2877      135.3059   654                    142.0821   956974         
   4762  2895      130.8338   635                    142.0821   960500         
   4789  2922      128.3913   609                    142.0821   964013         
   4802  2931      131.3865   618                    142.0618   967951         
   4810  2935      136.3192   653                    142.0494   974264         
Elapsed time = 1853.98 sec. (2846588.07 ticks, tree = 108.18 MB, solutions = 0)
   4828  2953      134.7196   677                    142.0494   977438         
   4848  2973      133.1923   582                    142.0494   980686         
   4870  2995      129.5645   613                    142.0494   984250         
   4890  3015      126.7555   546                    142.0494   988160         
   4901  3021      121.0855   590                    142.0494   991634         
   4911  3029      124.9688   653                    141.9858   996301         
   4924  3042      131.4309   533                    141.9858  1000689         
   4935  3053      135.8713   608                    141.9858  1004022         
   4945  3063      129.1343   597                    141.9858  1007292         
   4956  3070      132.9345   591                    141.9858  1010856         
Elapsed time = 1881.54 sec. (2887128.94 ticks, tree = 113.20 MB, solutions = 0)
   4958  3071      125.6714   572                    141.9858  1012431         
   4976  3084      135.7481   594                    141.9267  1016473         
   4992  3100      133.1996   647                    141.9267  1020120         
   5014  3121      130.8249   590                    141.9267  1022900         
   5030  3137      128.1588   577                    141.9267  1025776         
   5048  3150      124.7304   564                    141.9267  1029340         
   5062  3151      128.1975   684                    141.9080  1035183         
   5079  3168      126.1307   629                    141.9080  1040395         
   5097  3182      132.5344   665                    141.8659  1049196         
   5105  3190      127.1617   596                    141.8659  1054726         
Elapsed time = 1911.32 sec. (2930417.02 ticks, tree = 117.67 MB, solutions = 0)
   5113  3194      140.9433   762                    141.8639  1058578         
   5115  3196      140.9168   712                    141.8639  1058743         
   5134  3215      139.9257   721                    141.8639  1061548         
   5154  3235      138.5715   661                    141.8639  1064513         
   5179  3260      137.4384   550                    141.8639  1067163         
   5207  3288      136.4039   514                    141.8639  1069505         
   5233  3314      135.3042   512                    141.8639  1071913         
   5251  3332      133.6803   614                    141.8639  1074167         
   5275  3356      132.4380   584                    141.8639  1076208         
   5290  3370      132.1753   613                    141.8639  1077221         
Elapsed time = 1939.21 sec. (2970784.52 ticks, tree = 124.10 MB, solutions = 0)
   5307  3386      130.1461   515                    141.8639  1080282         
   5317  3393      125.2466   524                    141.8639  1083713         
   5325  3395        cutoff                          141.8001  1089961         
   5328  3396      121.4287   565                    141.8001  1093804         
   5336  3402      128.8933   676                    141.7763  1098537         
   5358  3424      125.2772   658                    141.7763  1103204         
   5370  3432      134.6363   593                    141.6831  1108295         
   5391  3453      132.2374   636                    141.6831  1111456         
   5407  3469      129.1223   705                    141.6831  1115259         
   5427  3489      124.4381   625                    141.6831  1120312         
Elapsed time = 1967.16 sec. (3012272.10 ticks, tree = 128.53 MB, solutions = 0)
   5440  3498      131.3267   686                    141.6783  1126265         
   5455  3512      128.2207   591                    141.6783  1130402         
   5467  3520      135.9251   551                    141.6391  1134355         
   5487  3540      132.9634   567                    141.6391  1137935         
   5504  3557      129.8587   570                    141.6391  1141510         
   5524  3576      122.3514   532                    141.6391  1147152         
   5530  3578      134.8725   633                    141.6359  1149599         
   5535  3583      126.9335   540                    141.6359  1152980         
   5543  3588      121.2718   546                    141.6359  1156417         
   5557  3598      137.1011   635                    141.6299  1160646         
Elapsed time = 1994.50 sec. (3052818.69 ticks, tree = 132.59 MB, solutions = 0)
   5577  3618      135.5463   662                    141.6299  1163699         
   5596  3637      133.6005   644                    141.6299  1167004         
   5618  3659      131.8355   643                    141.6299  1169782         
   5650  3691      130.4544   594                    141.6299  1172609         
   5662  3701      124.1579   533                    141.6299  1176290         
   5678  3713      134.7099   588                    141.6269  1180520         
   5701  3736      133.0932   578                    141.6269  1183573         
   5719  3754      130.5172   430                    141.6269  1187324         
   5749  3784      127.7940   460                    141.6269  1191074         
   5776  3809      124.1289   319                    141.6269  1195631         
Elapsed time = 2022.24 sec. (3091943.20 ticks, tree = 140.43 MB, solutions = 0)
   5793  3822      125.8762   580                    141.6266  1200294         
   5809  3835      137.0332   714                    141.6249  1206920         
   5823  3849      135.1970   693                    141.6249  1210280         
   5835  3860      133.0502   653                    141.6249  1213610         
   5849  3874      130.9115   650                    141.6249  1217267         
   5862  3885      128.3094   682                    141.6249  1220286         
   5884  3907      123.9820   617                    141.6249  1225626         
   5895  3913      138.9386   665                    141.6208  1229811         
   5906  3924      136.6202   713                    141.6208  1233558         
   5915  3929      135.7567   645                    141.6208  1236304         
Elapsed time = 2049.69 sec. (3131749.01 ticks, tree = 144.86 MB, solutions = 0)
   5921  3935      132.2031   635                    141.6208  1240756         
   5926  3940      127.2376   589                    141.6208  1244944         
   5934  3946      121.5734   572                    141.6208  1249914         
   5941  3948      141.2667   665                    141.5600  1252924         
   5959  3966      139.5891   699                    141.5600  1256097         
   5979  3986      137.5511   659                    141.5600  1259272         
   5999  4006      135.9504   611                    141.5600  1262457         
   6022  4029      134.1428   568                    141.5600  1265712         
   6044  4051      132.5877   551                    141.5600  1268809         
   6062  4069      130.0658   511                    141.5600  1272290         
Elapsed time = 2077.65 sec. (3173397.77 ticks, tree = 150.03 MB, solutions = 0)
   6071  4074      136.8991   600                    141.5503  1276472         
   6082  4085      134.8079   660                    141.5503  1279130         
   6096  4099      131.7451   680                    141.5503  1283121         
   6113  4116      130.0249   613                    141.5503  1286494         
   6130  4133      128.2800   615                    141.5503  1290155         
   6155  4157      126.6672   606                    141.5503  1294273         
   6169  4166      135.1330   613                    141.5247  1301003         
   6182  4179      125.1406   639                    141.5247  1305536         
   6197  4190      126.2771   597                    141.5089  1312266         
   6208  4197      127.5583   600                    141.5089  1318623         
Elapsed time = 2105.87 sec. (3214586.95 ticks, tree = 154.95 MB, solutions = 0)
   6217  4202        cutoff                          141.5089  1323069         
   6231  4216      132.6309   610                    141.5010  1326946         
   6251  4236      130.3628   636                    141.5010  1330493         
   6270  4255      128.1868   504                    141.5010  1334115         
   6291  4272      131.5647   550                    141.4780  1341182         
   6299  4280      127.1250   590                    141.4780  1345106         
   6309  4286      131.5891   482                    141.4773  1350701         
   6327  4304      128.7826   541                    141.4773  1354661         
   6346  4322      125.8420   587                    141.4773  1359140         
   6364  4337      132.2723   703                    141.4555  1365896         
Elapsed time = 2134.81 sec. (3256618.85 ticks, tree = 160.17 MB, solutions = 0)
   6383  4356      129.9667   661                    141.4555  1369453         
   6402  4375      127.2739   624                    141.4555  1373685         
   6415  4384      137.9939   652                    141.4491  1380351         
   6422  4391      122.4328   598                    141.4491  1385390         
   6426  4393      111.7071   584                    141.4491  1389209         
   6436  4401      133.5813   698                    141.4491  1393221         
   6444  4407      125.7936   594                    141.4491  1398938         
   6455  4414      133.2885   627                    141.4427  1403435         
   6467  4424      128.0485   522                    141.4427  1405950         
   6488  4443      120.6907   421                    141.4427  1412167         
Elapsed time = 2162.46 sec. (3297752.94 ticks, tree = 164.12 MB, solutions = 0)
   6501  4452      134.2553   680                    141.4402  1416140         
   6513  4464      132.3368   529                    141.4402  1420070         
   6530  4480      130.2756   581                    141.4402  1422963         
   6546  4496      127.2284   589                    141.4402  1427254         
   6571  4516      141.3904   566                    141.4390  1433374         
   6587  4532      139.8167   614                    141.4390  1436919         
   6610  4555      138.4055   594                    141.4390  1439815         
   6629  4574      136.8332   612                    141.4390  1443126         
   6648  4593      135.0242   471                    141.4390  1446589         
   6665  4610      133.1490   476                    141.4390  1449660         
Elapsed time = 2189.76 sec. (3337250.55 ticks, tree = 170.30 MB, solutions = 0)
   6677  4620      123.6042   444                    141.4390  1455650         
   6685  4626      127.4860   496                    141.4367  1460677         
   6699  4636      129.8985   469                    141.4349  1467018         
   6712  4647      126.7723   489                    141.4349  1471334         
   6729  4660      139.2694   561                    141.4074  1475904         
   6752  4683      137.7333   580                    141.4074  1478875         
   6772  4703      136.5208   579                    141.4074  1481231         
   6791  4722      134.3276   579                    141.4074  1484312         
   6811  4742      132.5441   485                    141.4074  1486967         
   6829  4756      135.0501   664                    141.3879  1492815         
Elapsed time = 2219.22 sec. (3380398.36 ticks, tree = 175.72 MB, solutions = 0)
   6851  4778      133.6723   617                    141.3879  1496013         
   6873  4800      131.8566   647                    141.3879  1499397         
   6896  4823      130.0499   560                    141.3879  1502944         
   6916  4843      123.2235   506                    141.3879  1508574         
   6931  4852      134.1014   521                    141.3621  1514018         
   6951  4872      130.7879   525                    141.3621  1518180         
   6959  4877      133.0270   595                    141.3497  1523820         
   6967  4885      122.0936   515                    141.3497  1529578         
   6978  4896      119.5960   635                    141.3497  1535024         
   6991  4907      123.3368   563                    141.3497  1539450         
Elapsed time = 2247.98 sec. (3422463.59 ticks, tree = 181.34 MB, solutions = 0)
   7003  4915        cutoff                          141.3497  1544216         
   7011  4923      128.8758   632                    141.3497  1548782         
   7026  4936      127.0323   594                    141.3497  1553337         
   7033  4935      133.9590   577                    141.2975  1558298         
   7045  4947      127.9336   584                    141.2975  1562919         
   7054  4953      137.1854   562                    141.2909  1568449         
   7071  4970      134.0138   593                    141.2909  1572162         
   7092  4991      131.2190   582                    141.2909  1575727         
   7107  5002      139.6940   634                    141.2767  1581651         
   7115  5010      137.3851   648                    141.2767  1583978         
Elapsed time = 2275.77 sec. (3463705.52 ticks, tree = 185.19 MB, solutions = 0)
   7127  5022      134.9303   662                    141.2767  1586553         
   7147  5042      133.5129   592                    141.2767  1589064         
   7164  5059      131.5491   582                    141.2767  1591999         
   7183  5078      129.2186   589                    141.2767  1595554         
   7204  5097      126.8000   491                    141.2767  1599821         
   7216  5106      134.2562   584                    141.2480  1606056         
   7228  5116      124.4998   465                    141.2480  1611068         
   7237  5121      123.9666   410                    141.2480  1615939         
   7254  5134      125.5331   452                    141.2480  1620950         
   7266  5141      134.7161   655                    141.2367  1625515         
Elapsed time = 2303.59 sec. (3504203.51 ticks, tree = 190.07 MB, solutions = 0)
   7279  5154      125.4208   713                    141.2367  1629260         
   7296  5166      131.1350   599                    141.2345  1636352         
   7314  5184      126.7461   610                    141.2345  1640014         
   7353  5223      123.5881   492                    141.2345  1645792         
   7376  5238      130.7207   652                    141.2297  1650327         
   7390  5252      127.0103   635                    141.2297  1654861         
   7398  5256      126.5865   533                    141.2177  1660599         
   7410  5262      125.8284   610                    141.2140  1666736         
   7418  5270      139.1284   680                    141.2140  1670706         
   7424  5275      119.8185   599                    141.2140  1675896         
Elapsed time = 2331.43 sec. (3544586.22 ticks, tree = 195.11 MB, solutions = 0)
   7433  5280      129.5596   666                    141.1739  1680516         
   7451  5298      126.6581   625                    141.1739  1685051         
   7464  5306      134.0243   666                    141.1465  1690307         
   7486  5328      130.8950   621                    141.1465  1693860         
   7506  5348      128.1251   593                    141.1465  1697873         
   7518  5356      138.6369   599                    141.1242  1704099         
   7541  5379      136.3027   616                    141.1242  1707199         
   7564  5402      134.1320   544                    141.1242  1710514         
   7585  5423      131.4671   524                    141.1242  1713267         
   7602  5438      129.6515   443                    141.1242  1716045         
Elapsed time = 2359.00 sec. (3584634.32 ticks, tree = 201.15 MB, solutions = 0)
   7632  5465      122.3522   386                    141.1242  1720402         
   7655  5484      125.8368   385                    141.0973  1725513         
   7669  5492      137.6143   618                    141.0444  1730843         
   7688  5511      135.7735   659                    141.0444  1733846         
   7715  5538      134.9054   662                    141.0444  1736318         
   7739  5562      133.4876   622                    141.0444  1739243         
   7760  5583      131.9046   651                    141.0444  1742498         
   7786  5609      130.1536   633                    141.0444  1745494         
   7811  5634      127.7352   524                    141.0444  1749538         
   7830  5648      121.2587   572                    141.0418  1755153         
Elapsed time = 2387.07 sec. (3624510.01 ticks, tree = 208.96 MB, solutions = 0)
   7842  5656      126.6016   589                    141.0389  1760418         
   7852  5662      128.4750   635                    141.0373  1766306         
   7868  5676        cutoff                          141.0373  1773279         
   7879  5679      121.3315   538                    141.0350  1777796         
   7895  5689      124.7455   628                    141.0350  1783444         
   7901  5690      130.0141   631                    141.0252  1788191         
   7914  5701      128.2783   613                    141.0252  1792950         
   7928  5715      124.7938   656                    141.0252  1796293         
   7940  5723      120.4992   626                    140.9783  1802006         
   7951  5730      124.1312   665                    140.9539  1806984         
Elapsed time = 2414.73 sec. (3665256.30 ticks, tree = 212.03 MB, solutions = 0)
   7966  5741      132.4067   609                    140.9431  1812973         
   7980  5755      127.1311   603                    140.9431  1816726         
   7991  5762      136.6108   629                    140.9401  1822081         
   7999  5770      120.5051   562                    140.9401  1827219         
   8007  5776      125.0125   575                    140.9401  1831918         
   8025  5794      133.1176   597                    140.9401  1835590         
   8041  5800      127.8497   505                    140.9370  1841977         
   8050  5805      124.2036   629                    140.9293  1847429         
   8060  5811      137.0914   591                    140.9142  1852218         
   8085  5836      136.1927   600                    140.9142  1854868         
Elapsed time = 2442.36 sec. (3706104.68 ticks, tree = 215.99 MB, solutions = 0)
   8105  5856      134.7570   616                    140.9142  1857868         
   8125  5876      132.8457   570                    140.9142  1861106         
   8144  5894      130.5157   510                    140.9142  1864707         
   8154  5899      133.7433   596                    140.9140  1869510         
   8170  5915      127.8575   519                    140.9140  1873965         
   8193  5936        cutoff                          140.9140  1880449         
   8202  5941      127.8437   700                    140.8631  1885421         
   8221  5948      125.5529   628                    140.8631  1891846         
   8235  5952      131.9885   584                    140.8619  1900270         
   8255  5972      128.7208   561                    140.8619  1904500         
Elapsed time = 2470.01 sec. (3746242.86 ticks, tree = 221.07 MB, solutions = 0)
   8282  5999      126.7205   440                    140.8619  1908717         
   8300  6013      133.5338   567                    140.8603  1913031         
   8328  6041      131.6139   614                    140.8603  1915899         
   8346  6059      129.0160   584                    140.8603  1919700         
   8366  6079      125.6484   542                    140.8603  1924508         
   8382  6091      139.8369   661                    140.8569  1929007         
   8406  6115      138.9941   676                    140.8569  1931533         
   8428  6137      137.6282   641                    140.8569  1934322         
   8453  6162      135.8023   637                    140.8569  1936995         
   8476  6185      134.3478   604                    140.8569  1940059         
Elapsed time = 2497.80 sec. (3785698.00 ticks, tree = 228.84 MB, solutions = 0)
   8488  6197      125.6080   605                    140.8569  1944947         
   8499  6204      140.0136   730                    140.8495  1949334         
   8522  6227      138.7214   689                    140.8495  1952072         
   8550  6255      137.6876   660                    140.8495  1954394         
   8575  6280      136.3876   523                    140.8495  1957036         
   8594  6299      134.0392   608                    140.8495  1960247         
   8614  6319      131.2728   529                    140.8495  1963925         
   8636  6341      129.0789   531                    140.8495  1967239         
   8661  6362      126.5739   485                    140.8495  1970350         
   8669  6366      132.2466   633                    140.8484  1975547         
Elapsed time = 2525.49 sec. (3825159.73 ticks, tree = 235.47 MB, solutions = 0)
   8681  6370      130.0868   671                    140.8448  1981337         
   8701  6390      127.8476   601                    140.8448  1985366         
   8717  6406      124.4930   607                    140.8448  1990909         
   8747  6429      131.0585   608                    140.8401  1997667         
   8762  6444      124.4907   601                    140.8401  2002864         
   8779  6457      131.4111   504                    140.8346  2008373         
   8798  6476      124.9960   458                    140.8346  2012778         
   8814  6488      127.4422   547                    140.8338  2017800         
   8827  6497      127.6246   642                    140.8273  2023681         
   8848  6504      131.6098   594                    140.8272  2032888         
Elapsed time = 2554.46 sec. (3866866.66 ticks, tree = 240.63 MB, solutions = 0)
   8868  6524      128.5679   603                    140.8272  2036790         
   8893  6549      120.8074   610                    140.8272  2041922         
   8904  6556      123.7152   666                    140.8198  2047688         
   8914  6562      136.5573   724                    140.8117  2052143         
   8932  6580      134.9705   731                    140.8117  2055330         
   8956  6604      133.6565   663                    140.8117  2058219         
   8980  6628      132.2759   659                    140.8117  2061305         
   8998  6646      129.1588   648                    140.8117  2065316         
   9009  6653      128.6207   555                    140.8117  2070899         
   9025  6665      131.3946   646                    140.8063  2077417         
Elapsed time = 2581.60 sec. (3905997.82 ticks, tree = 246.60 MB, solutions = 0)
   9037  6673      130.8695   607                    140.8063  2082262         
   9051  6679      130.5026   583                    140.8063  2087159         
   9065  6689      128.0716   599                    140.8063  2091819         
   9077  6693      138.6401   630                    140.7952  2097268         
   9101  6717      137.1771   604                    140.7952  2100251         
   9128  6744      135.7866   612                    140.7952  2102781         
   9155  6771      134.5006   558                    140.7952  2105244         
   9180  6796      133.2052   570                    140.7952  2108114         
   9200  6816      130.0207   565                    140.7952  2112053         
   9220  6834      123.4714   505                    140.7952  2116983         
Elapsed time = 2609.01 sec. (3945264.53 ticks, tree = 252.99 MB, solutions = 0)
   9237  6847      125.7624   586                    140.7940  2122451         
   9256  6862      127.8965   624                    140.7826  2130089         
   9279  6880      140.2385   659                    140.7796  2136401         
   9294  6895      138.5878   673                    140.7796  2139690         
   9316  6917      137.8960   720                    140.7796  2142310         
   9337  6938      136.7725   586                    140.7796  2145332         
   9358  6959      135.1124   619                    140.7796  2148369         
   9377  6978      133.7563   609                    140.7796  2151673         
   9398  6999      131.0762   475                    140.7796  2155400         
   9418  7019      128.2502   559                    140.7796  2159879         
Elapsed time = 2637.05 sec. (3985245.02 ticks, tree = 259.70 MB, solutions = 0)
   9427  7024      129.0140   669                    140.7780  2165645         
   9437  7026      130.9889   545                    140.7775  2171432         
   9456  7042      127.7152   574                    140.7775  2175597         
   9465  7047      133.0628   687                    140.7571  2180425         
   9486  7068      129.8449   713                    140.7571  2183927         
   9513  7095      128.1112   537                    140.7571  2187654         
   9526  7104      129.3369   561                    140.7481  2192761         
   9552  7130      126.2744   542                    140.7481  2197038         
   9572  7146      131.2588   638                    140.7242  2202962         
   9586  7160      126.7510   610                    140.7242  2207584         
Elapsed time = 2664.90 sec. (4025879.58 ticks, tree = 264.98 MB, solutions = 0)
   9597  7165      133.1105   536                    140.7154  2213232         
   9603  7170      120.3052   494                    140.7154  2218163         
   9619  7182      128.4985   670                    140.7122  2222486         
   9644  7206      126.4225   638                    140.7122  2226857         
   9668  7230      120.6360   562                    140.7122  2233104         
   9672  7229      124.9708   446                    140.7030  2238509         
   9679  7232      125.3775   624                    140.6989  2245625         
   9695  7241      139.6358   641                    140.6914  2251186         
   9718  7264      138.5747   652                    140.6914  2253863         
   9740  7286      137.3605   653                    140.6914  2256651         
Elapsed time = 2692.78 sec. (4066288.94 ticks, tree = 269.60 MB, solutions = 0)
   9765  7311      136.4677   588                    140.6914  2259363         
   9788  7334      134.9059   578                    140.6914  2262563         
   9806  7352      131.8796   505                    140.6914  2266669         
   9818  7360      125.5479   580                    140.6688  2272375         
   9839  7377      132.8797   534                    140.6589  2277472         
   9855  7389      127.9281   527                    140.6505  2283574         
   9864  7395      136.4784   611                    140.6452  2290290         
   9882  7413      135.1974   622                    140.6452  2293466         
   9906  7437      133.8020   641                    140.6452  2296515         
   9928  7459      131.0841   636                    140.6452  2300131         
Elapsed time = 2721.90 sec. (4108434.74 ticks, tree = 276.04 MB, solutions = 0)
   9954  7485      129.8972   594                    140.6452  2303308         
   9969  7500      121.7494   528                    140.6452  2309082         
   9983  7510      128.9362   602                    140.6438  2313365         
   9992  7517      125.4367   590                    140.6438  2318726         
  10006  7522      129.5233   552                    140.6436  2323133         
  10018  7526      132.8435   634                    140.6413  2330537         
  10037  7545      130.2997   667                    140.6413  2334255         
  10056  7564      127.2876   621                    140.6413  2338729         
  10069  7571      123.1412   532                    140.6082  2346432         
  10083  7582      131.5322   640                    140.6033  2351107         
Elapsed time = 2749.95 sec. (4149206.95 ticks, tree = 280.64 MB, solutions = 0)
  10104  7603      127.7925   614                    140.6033  2354913         
  10115  7610      136.0151   595                    140.5900  2360205         
  10133  7628      131.9210   581                    140.5900  2363763         
  10148  7643      120.6873   536                    140.5900  2371023         
  10166  7653      126.2649   635                    140.5856  2375642         
  10198  7673      136.9431   564                    140.5801  2383285         
  10219  7694      134.7994   610                    140.5801  2386451         
  10242  7717      133.3714   531                    140.5801  2389613         
  10263  7738      131.4776   569                    140.5801  2392824         
  10283  7758      129.1963   523                    140.5801  2396311         
Elapsed time = 2778.40 sec. (4190371.45 ticks, tree = 287.22 MB, solutions = 0)
  10300  7771      132.8242   665                    140.5781  2401182         
  10317  7788      131.6584   588                    140.5781  2403558         
  10343  7814      128.4938   504                    140.5781  2406878         
  10358  7825      127.9099   559                    140.5773  2412872         
  10376  7839      131.5408   536                    140.5738  2418390         
  10393  7856      128.5420   543                    140.5738  2422483         
  10407  7868      121.0468   548                    140.5738  2428138         
  10415  7872      126.3464   617                    140.5710  2433375         
  10427  7879      131.2437   506                    140.5439  2440252         
  10450  7902      128.5193   484                    140.5439  2444316         
Elapsed time = 2806.82 sec. (4231583.25 ticks, tree = 292.60 MB, solutions = 0)
  10469  7917      138.3867   476                    140.5437  2449700         
  10489  7937      135.7407   543                    140.5437  2453041         
  10512  7960      133.8773   520                    140.5437  2456217         
  10539  7987      131.2761   515                    140.5437  2459716         
  10553  7997      137.0617   601                    140.5415  2464010         
  10577  8021      135.7616   561                    140.5415  2466874         
  10602  8046      133.9681   616                    140.5415  2470141         
  10624  8068      132.0044   565                    140.5415  2473395         
  10649  8093      123.1298   521                    140.5415  2477832         
  10672  8111      139.0751   606                    140.5363  2482174         
Elapsed time = 2834.47 sec. (4270963.97 ticks, tree = 300.38 MB, solutions = 0)
  10695  8134      137.3062   663                    140.5363  2485195         
  10719  8158      135.5651   538                    140.5363  2488171         
  10741  8180      134.0948   522                    140.5363  2491494         
  10760  8199      130.6210   520                    140.5363  2495522         
  10768  8203      123.7893   635                    140.5346  2500766         
  10787  8210      126.4591   526                    140.5346  2505848         
  10799  8217      134.1386   649                    140.5220  2511637         
  10824  8242      132.7530   687                    140.5220  2514675         
  10851  8269      131.3894   628                    140.5220  2517591         
  10878  8296      130.1183   563                    140.5220  2520765         
Elapsed time = 2863.26 sec. (4312241.94 ticks, tree = 307.61 MB, solutions = 0)
  10897  8315      126.7613   551                    140.5220  2525619         
  10910  8324      135.3099   630                    140.5197  2530587         
  10937  8351      134.5467   705                    140.5197  2533080         
  10965  8379      133.1303   565                    140.5197  2535954         
  10996  8410      131.4365   429                    140.5197  2538891         
  11027  8441      130.2309   345                    140.5197  2541848         
  11047  8457      131.3771   543                    140.5093  2546890         
  11069  8479      128.9409   551                    140.5093  2550679         
  11085  8495      120.4909   526                    140.5093  2557368         
  11107  8513      135.6117   509                    140.4877  2560841         
Elapsed time = 2891.72 sec. (4352532.79 ticks, tree = 315.72 MB, solutions = 0)
  11121  8527      134.8467   586                    140.4877  2562859         
  11139  8545      133.0654   612                    140.4877  2565853         
  11166  8572      131.1022   554                    140.4877  2569236         
  11181  8582      139.6398   510                    140.4703  2572907         
  11202  8603      137.0380   622                    140.4703  2576444         
  11219  8620      135.1612   591                    140.4703  2580099         
  11241  8642      133.3145   558                    140.4703  2583527         
  11258  8657        cutoff                          140.4703  2588865         
  11262  8657        cutoff                          140.4659  2594979         
  11272  8663      121.2172   527                    140.4659  2601806         
Elapsed time = 2919.69 sec. (4393372.52 ticks, tree = 321.31 MB, solutions = 0)
  11280  8667      127.1701   558                    140.4659  2606785         
  11303  8686      130.7004   696                    140.4472  2615379         
  11316  8695      129.6861   663                    140.4472  2619840         
  11327  8704      122.5847   527                    140.4472  2624853         
  11336  8705      127.7049   472                    140.4464  2631692         
  11342  8707      128.5103   653                    140.4416  2639489         
  11358  8719      136.3266   675                    140.4363  2647503         
  11374  8735      133.8407   665                    140.4363  2650971         
  11394  8755      131.6400   685                    140.4363  2654263         
  11415  8776      130.1103   699                    140.4363  2657827         
Elapsed time = 2948.82 sec. (4435995.10 ticks, tree = 325.54 MB, solutions = 0)
  11434  8795      127.1601   540                    140.4363  2661930         
  11448  8805      131.7593   592                    140.4325  2666451         
  11477  8834      129.6488   582                    140.4325  2669983         
  11488  8841      128.9007   536                    140.4286  2675637         
  11494  8846      122.7334   463                    140.4286  2681630         
  11506  8854      127.0329   629                    140.4206  2687590         
  11515  8859      128.6651   527                    140.4094  2694138         
  11518  8860      121.1062   595                    140.4094  2699689         
  11522  8861      124.3017   577                    140.3999  2704279         
  11541  8870      125.9694   551                    140.3717  2709965         
Elapsed time = 2977.26 sec. (4477891.15 ticks, tree = 329.06 MB, solutions = 0)
  11550  8879      134.1953   512                    140.3717  2714332         
  11572  8895      123.3478   377                    140.3717  2719663         
  11596  8911      133.4956   685                    140.3678  2723496         
  11623  8938      132.2888   615                    140.3678  2725877         
  11655  8970      130.1598   616                    140.3678  2728875         
  11690  9005      128.8300   570                    140.3678  2731727         
  11712  9027      122.9486   535                    140.3678  2737331         
  11724  9036      131.9227   622                    140.3550  2741734         
  11736  9044      132.6095   584                    140.3423  2747514         
  11756  9064      130.8564   540                    140.3423  2751090         
Elapsed time = 3005.05 sec. (4517174.97 ticks, tree = 336.31 MB, solutions = 0)
  11776  9084      127.2710   543                    140.3423  2755510         
  11794  9098      130.8757   490                    140.3398  2761124         
  11810  9114      124.7127   617                    140.3398  2766141         
  11824  9124      123.1560   593                    140.3369  2772142         
  11847  9143      124.0402   425                    140.3369  2776710         
  11868  9158      134.7753   610                    140.3309  2781355         
  11893  9183      133.4419   620                    140.3309  2784293         
  11920  9210      131.4817   509                    140.3309  2787617         
  11935  9225      128.7204   434                    140.3309  2790809         
  11954  9240      133.9405   550                    140.3299  2797195         
Elapsed time = 3033.48 sec. (4557554.03 ticks, tree = 342.89 MB, solutions = 0)
  11976  9262      131.4599   560                    140.3299  2800744         
  11991  9277      120.6884   587                    140.3299  2805558         
  11998  9278      128.6197   520                    140.3160  2811230         
  12007  9283      135.8664   550                    140.3117  2817233         
  12014  9290      135.5332   528                    140.3117  2822212         
  12026  9298      135.0822   618                    140.3117  2826904         
  12033  9305      124.9331   504                    140.3117  2832212         
  12050  9316      129.3821   572                    140.3047  2837180         
  12074  9336      132.9178   641                    140.2989  2844137         
  12092  9354      129.1662   621                    140.2989  2848082         
Elapsed time = 3061.37 sec. (4598925.73 ticks, tree = 347.16 MB, solutions = 0)
  12104  9362      134.6734   532                    140.2898  2853381         
  12129  9387      131.7034   477                    140.2898  2856784         
  12149  9403      129.4310   536                    140.2889  2862379         
  12172  9426      125.1277   474                    140.2889  2867122         
  12186  9434      127.5620   626                    140.2866  2873759         
  12194  9432        cutoff                          140.2466  2880680         
  12216  9454      130.3007   589                    140.2389  2884233         
  12249  9487      128.8856   585                    140.2389  2887707         
  12264  9498      131.5827   619                    140.2281  2892742         
  12285  9519      128.7680   536                    140.2281  2896201         
Elapsed time = 3089.55 sec. (4639459.94 ticks, tree = 353.33 MB, solutions = 0)
  12320  9552      123.4129   381                    140.2281  2901442         
  12339  9567      130.2349   702                    140.2031  2906148         
  12354  9582      124.6019   639                    140.2031  2911605         
  12364  9586      123.2109   530                    140.1811  2917019         
  12382  9600      129.3432   480                    140.1811  2921814         
  12390  9600      131.6393   458                    140.1748  2928104         
  12394  9604      124.2701   537                    140.1748  2934367         
  12411  9617      130.4676   514                    140.1697  2939045         
  12439  9645      121.4768   601                    140.1697  2943037         
  12456  9658      134.5307   608                    140.1694  2946911         
Elapsed time = 3117.54 sec. (4680330.54 ticks, tree = 358.54 MB, solutions = 0)
  12479  9681      132.4777   637                    140.1694  2950074         
  12502  9704      130.1416   538                    140.1694  2953588         
  12527  9729      124.5603   523                    140.1694  2958677         
  12544  9740      128.2710   491                    140.1506  2963982         
  12556  9746      129.9612   620                    140.1419  2970896         
  12579  9769      127.8411   617                    140.1419  2974152         
  12600  9790      125.8075   589                    140.1419  2978373         
  12616  9800      132.1407   532                    140.1308  2985094         
  12638  9822      127.6419   422                    140.1308  2989341         
  12647  9827      135.2835   708                    140.1193  2994558         
Elapsed time = 3145.24 sec. (4719814.48 ticks, tree = 364.86 MB, solutions = 0)
  12669  9849      134.2710   564                    140.1193  2997397         
  12690  9870      133.2228   647                    140.1193  3000492         
  12715  9895      132.1850   630                    140.1193  3003312         
  12738  9918      130.2410   635                    140.1193  3007069         
  12747  9927      121.3552   475                    140.1193  3012552         
  12766  9934      123.3817   486                    140.1110  3019349         
  12780  9940      133.0294   630                    140.1038  3025125         
  12803  9963      131.4839   558                    140.1038  3028490         
  12828  9988      129.0419   538                    140.1038  3032096         
  12850 10008        cutoff                          140.1038  3037934         
Elapsed time = 3174.09 sec. (4761223.11 ticks, tree = 371.65 MB, solutions = 0)
  12870 10026      128.0626   660                    140.0966  3041898         
  12886 10042      121.4093   619                    140.0966  3047340         
  12903 10056      135.0430   559                    140.0939  3051495         
  12926 10079      132.4008   481                    140.0939  3054947         
  12938 10091      125.9633   502                    140.0939  3060949         
  12956 10105      123.8558   659                    140.0882  3067111         
  12972 10114      119.5897   557                    140.0873  3076518         
  12995 10133      135.1860   632                    140.0717  3079797         
  13020 10158      133.6312   459                    140.0717  3082769         
  13050 10188      131.2833   566                    140.0717  3086185         
Elapsed time = 3202.47 sec. (4801607.70 ticks, tree = 378.34 MB, solutions = 0)
  13069 10202      134.0280   607                    140.0694  3091670         
  13089 10222      131.5637   691                    140.0694  3095248         
  13106 10239      128.0364   669                    140.0694  3099306         
  13117 10246      127.6460   598                    140.0640  3105044         
  13129 10253      130.0733   656                    140.0620  3110243         
  13148 10272      125.7744   639                    140.0620  3114609         
  13160 10277      125.5336   546                    140.0573  3119440         
  13169 10279      138.9150   590                    140.0303  3124746         
  13187 10297      136.2705   574                    140.0303  3128049         
  13204 10314      133.4251   640                    140.0303  3131565         
Elapsed time = 3230.19 sec. (4842038.91 ticks, tree = 383.06 MB, solutions = 0)
  13215 10323        cutoff                          140.0303  3136023         
  13225 10321      125.6494   619                    139.9805  3142679         
  13241 10333      130.9946   645                    139.9786  3149534         
  13261 10353      127.8714   662                    139.9786  3153707         
  13275 10363      128.5870   555                    139.9782  3159233         
  13294 10378      129.9896   601                    139.9679  3165941         
  13320 10404      127.6306   580                    139.9679  3169755         
  13340 10420      128.8690   667                    139.9671  3178383         
  13360 10428      131.4565   660                    139.9665  3185490         
  13383 10451      129.8272   613                    139.9665  3188831         
Elapsed time = 3259.56 sec. (4884404.24 ticks, tree = 388.20 MB, solutions = 0)
  13407 10475      127.2094   575                    139.9665  3192659         
  13422 10484        cutoff                          139.9656  3200114         
  13423 10483        cutoff                          139.9656  3206338         
  13443 10503      130.5408   648                    139.9655  3209880         
  13462 10518      133.9754   651                    139.9602  3216942         
  13487 10543      130.9676   582                    139.9602  3220257         
  13510 10566      126.9221   597                    139.9602  3224734         
  13530 10585      122.9970   517                    139.9602  3229477         
  13543 10592      129.1802   530                    139.9585  3235132         
  13552 10595      124.7456   547                    139.9584  3241964         
Elapsed time = 3288.26 sec. (4925787.74 ticks, tree = 393.58 MB, solutions = 0)
  13573 10608      132.6682   600                    139.9501  3250536         
  13591 10626      128.5340   664                    139.9501  3254655         
  13604 10635      137.3662   672                    139.9449  3260466         
  13618 10649      132.3361   604                    139.9449  3264151         
  13637 10668      127.1750   585                    139.9449  3268138         
  13646 10673      127.2538   448                    139.9435  3273932         
  13666 10687      132.3779   573                    139.9410  3279272         
  13696 10717      130.1479   491                    139.9410  3282460         
  13722 10743      126.0677   349                    139.9410  3286820         
  13737 10754      135.6825   662                    139.9388  3292344         
Elapsed time = 3316.41 sec. (4966290.87 ticks, tree = 399.53 MB, solutions = 0)
  13757 10774      133.3188   655                    139.9388  3295776         
  13778 10795      131.9907   663                    139.9388  3299062         
  13791 10808      123.6132   627                    139.9388  3303801         
  13812 10825      135.9817   568                    139.9201  3307762         
  13839 10852      133.9224   497                    139.9201  3310784         
  13858 10871      128.1242   465                    139.9201  3315067         
  13868 10877      129.5202   687                    139.9113  3320898         
  13883 10890        cutoff                          139.9113  3326615         
  13894 10899      130.0934   539                    139.8937  3331289         
  13924 10924      138.1559   621                    139.8889  3345973         
Elapsed time = 3351.94 sec. (5018817.00 ticks, tree = 405.88 MB, solutions = 0)
  13989 10989      121.7649   581                    139.8889  3362068         
  14087 11083      129.6005   463                    139.8882  3374641         
  14155 11141      129.2610   547                    139.8734  3389192         
  14231 11205      137.8596   626                    139.8505  3410289         
  14321 11295      130.9782   469                    139.8505  3421056         
  14394 11359      131.4730   577                    139.8450  3439126         
  14469 11417      131.1929   595                    139.8355  3462039         
  14533 11465      138.1240   592                    139.8111  3483808         
  14595 11523      131.4375   471                    139.8106  3500451         
  14660 11578      105.9359   545                    139.7897  3518317         
Elapsed time = 3460.31 sec. (5173962.29 ticks, tree = 430.33 MB, solutions = 0)
  14700 11592      138.7188   713                    139.7224  3541302         
  14759 11651      133.3992   689                    139.7224  3550480         
  14845 11737      124.6558   499                    139.7224  3565064         
  14918 11788      129.6265   574                    139.7076  3588640         
  14991 11844      120.5458   229                    139.6892  3605299         
  15065 11907      132.5652   665                    139.6759  3619837         
  15162 12000      129.5468   554                    139.6701  3634627         
  15251 12072      135.9281   599                    139.6509  3652993         
  15353 12170      129.8202   525                    139.6471  3668645         
  15453 12266      125.6971   516                    139.6396  3686284         
Elapsed time = 3569.86 sec. (5329605.64 ticks, tree = 455.98 MB, solutions = 0)
  15519 12305      131.1247   573                    139.6158  3712767         
  15581 12347      128.6063   651                    139.6151  3732747         
  15674 12426      133.2322   569                    139.6045  3752522         
  15719 12459      128.5908   580                    139.5976  3771460         
  15785 12505      123.7342   337                    139.5726  3794725         
  15841 12551      119.8887   516                    139.5511  3816321         
  15932 12638      124.8783   377                    139.5487  3831988         
  16003 12692      132.4060   593                    139.5379  3849679         
  16081 12758      132.6359   603                    139.5320  3868759         
  16140 12807      128.2719   636                    139.5225  3888580         
Elapsed time = 3677.59 sec. (5483930.79 ticks, tree = 476.25 MB, solutions = 0)
  16201 12852        cutoff                          139.5160  3911949         
  16268 12905      125.0219   557                    139.5114  3933294         
  16339 12968      133.1843   600                    139.5039  3952128         
  16481 13104      122.1661   297                    139.5039  3967633         
  16557 13168      131.6525   661                    139.4847  3989469         
  16600 13207      129.6467   562                    139.4717  4002729         
  16660 13255      124.8568   613                    139.4680  4023051         
  16744 13331      133.7100   607                    139.4565  4042622         
  16800 13381      125.0274   547                    139.4468  4061653         
  16862 13429      130.1542   580                    139.4422  4079150         
Elapsed time = 3786.04 sec. (5639500.54 ticks, tree = 499.53 MB, solutions = 0)
  16921 13484      127.6126   628                    139.4299  4096286         
  16983 13542      128.2929   649                    139.4112  4111877         
  17051 13600      131.6456   603                    139.4103  4127794         
  17116 13655      129.2745   616                    139.3935  4145280         
  17246 13773      128.1436   538                    139.3831  4161813         
  17313 13832      126.5013   496                    139.3681  4181475         
  17420 13925      138.6730   673                    139.3538  4202633         
  17497 14002      131.9489   554                    139.3538  4215405         
  17567 14068      132.3085   653                    139.3504  4231633         
  17642 14135      128.8569   662                    139.3476  4249048         
Elapsed time = 3893.66 sec. (5793032.18 ticks, tree = 525.91 MB, solutions = 0)
  17699 14180      131.9549   692                    139.3193  4270666         
  17767 14236      133.5357   619                    139.3079  4289103         
  17831 14288      126.5244   588                    139.3054  4308799         
  17914 14361      131.2133   527                    139.2767  4324095         
  17962 14391      126.5684   547                    139.2715  4341000         
  18048 14467      133.8045   653                    139.2693  4358949         
  18126 14541      129.9024   509                    139.2583  4377075         
  18200 14601      129.6026   547                    139.2550  4396846         
  18305 14697      127.0531   242                    139.2509  4414024         
  18376 14752      130.1277   659                    139.2302  4436346         
Elapsed time = 4001.83 sec. (5948529.99 ticks, tree = 548.99 MB, solutions = 0)
  18471 14832      131.5372   544                    139.2263  4460413         
  18530 14871      122.6795   675                    139.2213  4481958         
  18615 14944      138.1407   655                    139.2161  4500148         
  18703 15032      130.9917   496                    139.2161  4512639         
  18783 15094      126.0569   585                    139.2117  4533652         
  18860 15158      125.1378   639                    139.2041  4549966         
  18920 15208      131.4542   621                    139.1979  4568860         
  19005 15285      119.9939   528                    139.1943  4589029         
  19078 15341      129.3973   443                    139.1859  4611516         
  19145 15394        cutoff                          139.1766  4632613         
Elapsed time = 4110.94 sec. (6103918.16 ticks, tree = 573.03 MB, solutions = 0)
  19253 15489      128.3341   360                    139.1695  4648792         
  19328 15553      132.6511   582                    139.1691  4662566         
  19401 15601      129.5591   624                    139.1612  4682980         
  19485 15677      136.2206   653                    139.1571  4700817         
  19586 15777      127.1208   502                    139.1571  4711809         
  19632 15799      122.1187   602                    139.1305  4737301         
  19694 15839      138.0223   646                    139.1062  4761527         
  19721 15861      122.3488   607                    139.1060  4779790         
  19780 15904        cutoff                          139.0973  4801590         
  19856 15960      123.8480   469                    139.0948  4823194         
Elapsed time = 4218.68 sec. (6259038.23 ticks, tree = 594.16 MB, solutions = 0)
  19929 16024      126.5628   565                    139.0860  4841773         
  19993 16074      132.8014   535                    139.0800  4859663         
  20081 16153      131.5222   563                    139.0792  4877633         
  20175 16241      130.6112   603                    139.0690  4895791         
  20228 16284      125.9516   482                    139.0645  4919186         
  20303 16341      124.3745   415                    139.0598  4942968         
  20394 16422      128.8866   607                    139.0418  4959748         
  20447 16448      127.3690   622                    139.0301  4980124         
  20523 16516      124.4508   514                    139.0245  5002325         
  20578 16545      130.4136   634                    139.0087  5022296         
Elapsed time = 4327.23 sec. (6414450.14 ticks, tree = 616.72 MB, solutions = 0)
  20649 16604      130.0381   564                    139.0016  5044424         
  20737 16687      132.8818   518                    138.9997  5058095         
  20820 16760      136.0240   597                    138.9956  5077555         
  20880 16810      128.0596   520                    138.9888  5095702         
  20965 16891      127.6718   531                    138.9760  5113489         
  21052 16965      126.3164   568                    138.9703  5134271         
  21107 17006      127.1949   495                    138.9659  5153904         
  21166 17051      124.0016   571                    138.9581  5176360         
  21257 17116      124.1609   525                    138.9539  5200442         
  21347 17197      137.0412   732                    138.9514  5217489         
Elapsed time = 4437.11 sec. (6570558.75 ticks, tree = 641.08 MB, solutions = 0)
  21458 17308      130.7133   437                    138.9514  5228889         
  21522 17363      137.0241   527                    138.9385  5251068         
  21593 17430      126.4394   630                    138.9365  5268457         
  21646 17465      126.6647   597                    138.9275  5290689         
  21690 17489      127.3293   600                    138.9216  5311704         
  21772 17567      128.7707   494                    138.9145  5322212         
  21829 17604      131.1021   641                    138.9013  5343395         
  21905 17672      130.5602   524                    138.8874  5364553         
  21963 17706      131.9105   647                    138.8718  5390002         
  22040 17769      125.8508   355                    138.8642  5410735         
Elapsed time = 4545.75 sec. (6726831.07 ticks, tree = 662.50 MB, solutions = 0)
  22091 17806      125.1688   526                    138.8619  5433109         
  22170 17871      124.9353   597                    138.8445  5453718         
  22265 17962      131.7500   661                    138.8435  5468705         
  22332 18015      121.9787   549                    138.8427  5489810         
  22414 18090      128.5621   530                    138.8337  5507728         
  22479 18141      132.9120   634                    138.8222  5529597         
  22552 18208        cutoff                          138.8213  5550412         
  22596 18243      123.5372   537                    138.8135  5573233         
  22643 18272      122.1656   626                    138.8034  5593873         
  22705 18322      122.0069   179                    138.7982  5609202         
Elapsed time = 4653.07 sec. (6881995.51 ticks, tree = 683.23 MB, solutions = 0)
  22790 18391      126.0850   442                    138.7924  5624993         
  22859 18436      125.7509   528                    138.7830  5648240         
  22963 18535      131.6251   647                    138.7808  5662148         
  23038 18587      125.2672   523                    138.7430  5683384         
  23105 18640      130.0221   597                    138.7320  5705224         
  23178 18697      126.2000   531                    138.7208  5723270         
  23261 18768      130.8730   587                    138.7190  5744349         
  23318 18807        cutoff                          138.7012  5769619         
  23377 18861      133.0397   619                    138.6890  5783638         
  23456 18923      129.1536   583                    138.6710  5806846         
Elapsed time = 4761.75 sec. (7036490.33 ticks, tree = 705.76 MB, solutions = 0)
  23550 18996      131.2679   614                    138.6670  5826962         
  23630 19066      122.1788   536                    138.6592  5848592         
  23694 19110      129.7646   627                    138.6400  5867398         
  23783 19194      125.5883   540                    138.6390  5885213         
  23856 19253      125.9871   649                    138.6142  5905755         
  23932 19306      129.9947   537                    138.6022  5928706         
  23998 19356      133.3750   530                    138.5930  5952520         
  24094 19448      125.7942   603                    138.5927  5970448         
  24182 19520        cutoff                          138.5875  5995604         
  24266 19591      129.3303   505                    138.5838  6015745         
Elapsed time = 4871.18 sec. (7191798.26 ticks, tree = 730.81 MB, solutions = 0)
  24345 19642      128.0751   637                    138.5752  6038820         
  24420 19708      124.4678   466                    138.5690  6063673         
  24489 19751      127.5583   517                    138.5611  6085201         
  24558 19802      135.7373   569                    138.5488  6108696         
  24625 19865      121.3729   576                    138.5458  6127283         
  24662 19882      135.5152   663                    138.5417  6151743         
  24733 19949      123.1838   592                    138.5380  6168952         
  24813 20022      127.0497   545                    138.5301  6186856         
  24868 20059      132.0995   610                    138.5221  6208787         
  24938 20121      132.6840   474                    138.5213  6229779         
Elapsed time = 4979.03 sec. (7346296.77 ticks, tree = 750.68 MB, solutions = 0)
  25013 20184      124.2497   585                    138.5071  6253691         
  25063 20224      127.1276   587                    138.4874  6270759         
  25139 20282      129.2325   567                    138.4826  6293132         
  25189 20312      132.7304   575                    138.4794  6312907         
  25258 20373      127.2690   574                    138.4781  6334128         
  25330 20425      121.4919   577                    138.4650  6358747         
  25404 20487      125.1186   572                    138.4612  6379280         
  25480 20546      134.7258   610                    138.4343  6404452         
  25551 20613      123.7673   477                    138.4339  6424286         
  25629 20679      128.8591   507                    138.4283  6445917         
Elapsed time = 5088.08 sec. (7502530.51 ticks, tree = 771.61 MB, solutions = 0)
  25707 20748      128.4544   516                    138.4185  6462577         
  25791 20824      133.6780   592                    138.4035  6481264         
  25877 20906      126.4782   501                    138.4027  6498291         
  25954 20964      122.3744   557                    138.3972  6523003         
  26059 21064      124.1887   449                    138.3875  6539005         
  26116 21105      120.5213   473                    138.3856  6558884         
  26157 21130      125.9014   524                    138.3820  6580751         
  26229 21184      128.6756   625                    138.3696  6600254         
  26296 21229      124.2962   491                    138.3599  6620571         
  26373 21292      130.9791   622                    138.3416  6639179         
Elapsed time = 5195.63 sec. (7656712.97 ticks, tree = 794.58 MB, solutions = 0)
  26462 21365      124.2172   628                    138.3328  6656865         
  26543 21428      131.2908   621                    138.3102  6680633         
  26617 21478      125.0884   583                    138.3006  6703080         
  26687 21540      131.2052   591                    138.2988  6718707         
  26738 21581      131.5333   611                    138.2941  6738211         
  26800 21627      123.0517   607                    138.2911  6761228         
  26868 21677      132.0879   576                    138.2805  6782594         
  26928 21717      124.3041   594                    138.2779  6802797         
  27008 21783      127.4731   527                    138.2776  6823011         
  27072 21822      135.7678   547                    138.2720  6847176         
Elapsed time = 5302.97 sec. (7810648.00 ticks, tree = 814.48 MB, solutions = 0)
  27173 21923      123.3682   446                    138.2720  6859348         
  27261 22007      126.0608   439                    138.2678  6874631         
  27304 22030      136.9762   674                    138.2506  6897472         
  27392 22118      128.8870   540                    138.2506  6910397         
  27441 22149      126.2349   521                    138.2340  6928334         
  27517 22213      131.3414   541                    138.2264  6948805         
  27594 22282      126.9846   552                    138.2237  6966012         
  27654 22316      133.5245   547                    138.2184  6989517         
  27751 22409      130.1203   547                    138.2178  7008048         
  27832 22483      120.5701   660                    138.2104  7027677         
Elapsed time = 5412.20 sec. (7966450.23 ticks, tree = 839.26 MB, solutions = 0)
  27897 22522      129.0298   604                    138.1961  7052884         
  27978 22590      133.4694   566                    138.1936  7072281         
  28056 22657      130.2008   556                    138.1818  7086949         
  28119 22689      129.7490   607                    138.1706  7109297         
  28198 22759      131.8739   563                    138.1689  7128390         
  28239 22784      132.0777   594                    138.1504  7151963         
  28293 22827      125.0289   580                    138.1433  7172526         
  28354 22868      127.7692   463                    138.1371  7193597         
  28422 22910      131.9715   579                    138.1282  7218630         
  28490 22967      131.0407   526                    138.1209  7236611         
Elapsed time = 5519.93 sec. (8121718.11 ticks, tree = 857.43 MB, solutions = 0)
  28562 23030      133.9525   620                    138.1180  7255642         
  28648 23111      121.9574   509                    138.1152  7274329         
  28711 23148      128.0287   598                    138.1058  7297996         
  28786 23213      128.4398   518                    138.1030  7318662         
  28872 23267      132.4969   540                    138.0910  7343422         
  28988 23377      128.2068   451                    138.0833  7357325         
  29046 23411      131.3628   556                    138.0768  7380915         
  29121 23482      124.5032   481                    138.0757  7400896         
  29174 23521      122.3315   545                    138.0724  7420580         
  29261 23596      132.2422   694                    138.0544  7439509         
Elapsed time = 5628.50 sec. (8276852.27 ticks, tree = 881.05 MB, solutions = 0)
  29349 23680      132.8015   603                    138.0506  7455668         
  29444 23754      133.4792   498                    138.0480  7476169         
  29506 23802      126.7068   586                    138.0426  7498768         
  29549 23816      131.5186   603                    138.0294  7522827         
  29642 23905      132.4600   497                    138.0259  7540352         
  29691 23938      131.7639   552                    138.0222  7560761         
  29768 24008      126.6696   378                    138.0209  7579756         
  29860 24075        cutoff                          138.0137  7601329         
  29923 24132      129.9899   553                    138.0076  7617801         
  30018 24206      133.3501   536                    138.0012  7635943         
Elapsed time = 5736.39 sec. (8431176.00 ticks, tree = 903.98 MB, solutions = 0)
  30077 24251      126.5259   545                    137.9876  7656413         
  30153 24305      128.1466   528                    137.9672  7680279         
  30253 24395      132.3227   565                    137.9659  7697517         
  30303 24427      135.0878   655                    137.9608  7717514         
  30363 24487      123.1188   620                    137.9608  7731291         
  30451 24559      123.5163   497                    137.9557  7751573         
  30511 24600      131.6873   574                    137.9415  7771987         
  30587 24670      123.9131   420                    137.9406  7792209         
  30652 24723      127.7377   640                    137.9370  7813152         
  30716 24769      122.8612   527                    137.9363  7834254         
Elapsed time = 5844.08 sec. (8586122.06 ticks, tree = 925.14 MB, solutions = 0)
  30757 24792      124.8916   543                    137.9277  7857574         
  30802 24830      123.1232   603                    137.9264  7879512         
  30828 24834      125.7926   541                    137.9155  7907577         
  30889 24869  -1.00000e+75   549                    137.9092  7930763         
  30983 24963      131.0633   480                    137.9069  7942017         
  31057 25029      123.7012   612                    137.9013  7962077         
  31137 25096      130.8067   665                    137.8973  7984256         
  31215 25158      119.9710   593                    137.8889  8008014         
  31294 25211      127.1640   473                    137.8857  8026583         
  31375 25287      126.7367   543                    137.8821  8042936         
Elapsed time = 5952.27 sec. (8741938.53 ticks, tree = 944.59 MB, solutions = 0)
  31480 25374      121.7120   546                    137.8767  8063798         
  31569 25455      126.4616   540                    137.8692  8080725         
  31647 25519      125.1886   561                    137.8670  8105682         
  31721 25578      131.8390   573                    137.8555  8125438         
  31784 25629      128.0725   616                    137.8530  8144060         
  31883 25720      125.2790   597                    137.8508  8167389         
  31956 25777      120.3630   547                    137.8489  8190317         
  31995 25798      128.3631   523                    137.8421  8208672         
  32081 25870      126.5519   363                    137.8373  8228606         
  32155 25940      120.9110   468                    137.8308  8243823         
Elapsed time = 6061.88 sec. (8898132.86 ticks, tree = 969.19 MB, solutions = 0)
  32196 25957      127.1013   628                    137.8254  8265651         
  32268 26013      134.4714   549                    137.8167  8288257         
  32366 26107      124.4562   429                    137.8149  8305572         
  32415 26134      130.7985   579                    137.8087  8327695         
  32479 26182      134.1481   582                    137.8024  8353734         
  32545 26224      125.8842   655                    137.7984  8375497         
  32611 26280      128.1923   610                    137.7936  8395815         
  32681 26334      129.5290   622                    137.7841  8418726         
  32755 26398      133.4120   606                    137.7825  8434462         
  32820 26455      125.3087   628                    137.7807  8452946         
Elapsed time = 6169.04 sec. (9052851.66 ticks, tree = 988.56 MB, solutions = 0)
  32889 26510      129.7632   646                    137.7791  8473258         
  32970 26573      128.0180   619                    137.7703  8491990         
  33039 26634      129.1732   575                    137.7680  8513465         
  33100 26659      134.6882   537                    137.7634  8537558         
  33183 26738      126.9310   432                    137.7625  8551272         
  33269 26813      127.5580   493                    137.7580  8570131         
  33327 26853      125.5271   574                    137.7468  8594563         
  33398 26896        cutoff                          137.7410  8621107         
  33449 26925        cutoff                          137.7346  8644991         
  33520 26955      130.9925   577                    137.7305  8665910         
Elapsed time = 6277.28 sec. (9207448.60 ticks, tree = 1007.37 MB, solutions = 0)
  33609 27038      131.8262   475                    137.7276  8682108         
  33696 27107      131.3616   545                    137.7213  8705076         
  33779 27182      130.6864   574                    137.7184  8724519         
  33867 27260      133.9809   530                    137.7175  8746220         
  33970 27358      136.0010   641                    137.7174  8762803         
  34062 27450      128.8540   530                    137.7174  8775346         
  34187 27569      130.8354   680                    137.7169  8790846         
  34287 27653      127.5787   473                    137.7155  8810424         
  34346 27688      127.2046   571                    137.7099  8833259         
  34436 27770      132.6094   636                    137.7080  8854454         
Elapsed time = 6387.07 sec. (9361519.93 ticks, tree = 1038.00 MB, solutions = 0)
  34508 27836      126.1125   562                    137.7072  8872537         
  34601 27921      130.9348   612                    137.7033  8886602         
  34712 28025      127.3392   553                    137.7014  8903435         
  34760 28054      123.8647   506                    137.6975  8927588         
  34829 28107    infeasible                          137.6957  8943449         
  34891 28143      122.4509   633                    137.6827  8968770         
  34933 28147      120.8525   665                    137.6598  8994690         
  35009 28215      125.5777   513                    137.6559  9012677         
  35087 28277        cutoff                          137.6371  9033922         
  35153 28324      133.7097   584                    137.6282  9058558         
Elapsed time = 6497.80 sec. (9519969.82 ticks, tree = 1058.84 MB, solutions = 0)
  35220 28380      123.8130   547                    137.6276  9078860         
  35303 28455      131.2851   570                    137.6254  9096529         
  35362 28498      131.4741   571                    137.6200  9119097         
  35448 28573      130.4357   541                    137.6097  9141084         
  35491 28599      119.6416   569                    137.6083  9159407         
  35535 28623      127.2239   570                    137.5995  9181165         
  35609 28685      121.3988   551                    137.5924  9203227         
  35676 28734      127.7877   598                    137.5863  9221580         
  35759 28787      134.8808   669                    137.5841  9242604         
  35866 28894      126.1564   445                    137.5841  9256053         
Elapsed time = 6605.51 sec. (9673812.97 ticks, tree = 1080.29 MB, solutions = 0)
  35943 28953      133.4824   592                    137.5794  9279396         
  35976 28969        cutoff                          137.5772  9301109         
  36059 29050      130.9436   638                    137.5740  9313717         
  36120 29098      126.4093   569                    137.5656  9334863         
  36182 29156      123.6542   565                    137.5639  9353046         
  36229 29180      129.9010   580                    137.5544  9375052         
  36288 29218        cutoff                          137.5532  9398589         
  36356 29270      134.7134   576                    137.5470  9420269         
  36414 29314      132.3604   516                    137.5424  9440877         
  36504 29396      132.9072   545                    137.5409  9455699         
Elapsed time = 6712.92 sec. (9829048.49 ticks, tree = 1099.18 MB, solutions = 0)
  36628 29516      132.2777   643                    137.5402  9472574         
  36688 29555      130.5844   544                    137.5388  9491324         
  36733 29580      123.0264   577                    137.5313  9513637         
  36804 29631      130.9426   570                    137.5278  9532202         
  36918 29741      129.9038   595                    137.5267  9548532         
  36980 29780      121.5318   539                    137.5222  9570745         
  37040 29814      131.9985   513                    137.5173  9593742         
  37062 29820      123.4363   591                    137.5105  9619363         
  37114 29848      133.6569   575                    137.5017  9643065         
  37215 29943      131.8563   720                    137.5015  9658598         
Elapsed time = 6821.55 sec. (9984957.74 ticks, tree = 1119.80 MB, solutions = 0)
  37282 29995      126.4070   549                    137.4972  9680974         
  37345 30046      124.5337   500                    137.4943  9701659         
  37411 30102      130.2011   515                    137.4911  9721722         
  37478 30161      126.5883   404                    137.4898  9742929         
  37557 30222      126.2991   544                    137.4866  9766334         
  37604 30249      133.7822   459                    137.4755  9787662         
  37681 30316      130.0273   544                    137.4723  9807374         
  37812 30443      124.0957   523                    137.4714  9825844         
  37875 30490      126.8238   546                    137.4641  9848738         
  37933 30540      134.1158   694                    137.4629  9865779         
Elapsed time = 6929.97 sec. (10139658.89 ticks, tree = 1142.31 MB, solutions = 0)
  38063 30665      130.5317   692                    137.4581  9881646         
  38122 30709      122.7087   623                    137.4499  9902462         
  38154 30709      134.3087   534                    137.4384  9923291         
  38201 30744      130.2010   643                    137.4362  9944103         
  38265 30790      130.8246   511                    137.4287  9965678         
  38329 30838      124.3810   572                    137.4251  9987600         
  38420 30917      127.1507   506                    137.4216 10009419         
  38509 30992      129.9800   580                    137.4200 10029942         
  38583 31051      129.7263   579                    137.4184 10050341         
  38677 31133      129.7370   639                    137.4142 10071325         
Elapsed time = 7038.63 sec. (10295015.24 ticks, tree = 1164.67 MB, solutions = 0)
  38738 31182      133.3978   688                    137.4107 10092924         
  38829 31269      133.0274   546                    137.4101 10109789         
  38889 31315      127.6880   506                    137.4044 10130903         
  38936 31340      130.5222   590                    137.3930 10152502         
  39011 31401      129.0753   473                    137.3888 10174322         
  39082 31460      124.8071   595                    137.3848 10195756         
  39143 31499      125.6984   612                    137.3764 10218252         
  39228 31576      129.6066   480                    137.3750 10236009         
  39329 31661      119.5911   636                    137.3648 10259860         
  39418 31738      133.7125   543                    137.3614 10277909         
Elapsed time = 7147.45 sec. (10450034.59 ticks, tree = 1187.47 MB, solutions = 0)
  39481 31782      122.8597   480                    137.3539 10300540         
  39543 31826      129.5847   611                    137.3476 10322662         
  39596 31854      133.7024   555                    137.3371 10343026         
  39654 31888      126.4629   622                    137.3323 10365384         
  39720 31928      127.9666   508                    137.3295 10388497         
  39761 31951      120.0491   517                    137.3271 10412827         
  39811 31990      123.6673   525                    137.3247 10435955         
  39864 32026      126.5083   565                    137.3220 10459974         
  39923 32069      130.6698   506                    137.3165 10481487         
  39991 32125      130.3339   618                    137.3144 10501422         
Elapsed time = 7254.90 sec. (10604915.90 ticks, tree = 1202.08 MB, solutions = 0)
  40032 32148      126.4848   591                    137.3117 10524922         
  40095 32191      128.7585   502                    137.3079 10550342         
  40138 32224        cutoff                          137.3062 10571427         
  40196 32274      124.1006   555                    137.3047 10591739         
  40252 32312      124.3413   580                    137.3007 10616121         
  40328 32378      126.6388   477                    137.2960 10631890         
  40381 32415      126.1804   536                    137.2876 10654041         
  40425 32437      132.1639   566                    137.2760 10677189         
  40487 32487      132.5012   614                    137.2693 10697811         
  40554 32542      130.3935   492                    137.2664 10718756         
Elapsed time = 7362.64 sec. (10760848.31 ticks, tree = 1217.80 MB, solutions = 0)
  40609 32567      122.4964   539                    137.2657 10739775         
  40667 32607        cutoff                          137.2644 10762871         
  40727 32651      129.5990   676                    137.2603 10782013         
  40789 32699      126.2009   453                    137.2558 10803039         
  40848 32742      135.3058   510                    137.2507 10829285         
  40914 32793      126.3606   550                    137.2408 10849006         
  40982 32845      122.9221   528                    137.2377 10873224         
  41063 32908        cutoff                          137.2280 10895305         
  41124 32944      125.5905   475                    137.2248 10917215         
  41190 32990      122.2917   641                    137.2212 10943498         
Elapsed time = 7470.77 sec. (10916000.86 ticks, tree = 1236.09 MB, solutions = 0)
  41236 33013      124.6158   580                    137.2150 10966424         
  41293 33053      128.8536   613                    137.2100 10986085         
  41366 33120      131.0644   662                    137.2092 11004094         
  41405 33142      120.0875   673                    137.2010 11027617         
  41468 33185      127.1499   546                    137.1953 11050265         
  41536 33234      119.9600   618                    137.1910 11075278         
  41595 33265      130.1154   550                    137.1866 11094819         
  41654 33308        cutoff                          137.1821 11116716         
  41695 33319      135.0413   506                    137.1701 11141673         
  41783 33393      125.3469   503                    137.1664 11162221         
Elapsed time = 7579.55 sec. (11073629.09 ticks, tree = 1251.25 MB, solutions = 0)
  41862 33453      128.9769   625                    137.1642 11182020         
  41944 33519      126.7720   434                    137.1570 11206970         
  42033 33604      127.5234   484                    137.1556 11222709         
  42092 33643      132.1708   405                    137.1466 11244237         
  42167 33706      133.4199   537                    137.1443 11263103         
  42272 33797      129.1821   572                    137.1439 11283154         
  42348 33853      128.6253   665                    137.1422 11306306         
  42390 33873      124.8332   579                    137.1373 11330893         
  42474 33928      122.3096   445                    137.1326 11353124         
  42544 33983      124.6327   478                    137.1300 11377259         
Elapsed time = 7687.74 sec. (11226998.26 ticks, tree = 1273.49 MB, solutions = 0)
  42630 34047      122.3421   391                    137.1271 11402227         
  42736 34144      128.8156   584                    137.1235 11417108         
  42819 34223      128.2762   421                    137.1221 11432618         
  42879 34267      121.1848   568                    137.1122 11455354         
  42953 34313      125.9236   621                    137.1075 11479443         
  43005 34345      130.0937   500                    137.0990 11502382         
  43052 34371      129.6828   514                    137.0937 11524554         
  43141 34452      133.8132   624                    137.0935 11543567         
  43233 34536      134.6198   552                    137.0906 11560331         
  43307 34605      135.2927   515                    137.0892 11578148         
Elapsed time = 7796.76 sec. (11381792.60 ticks, tree = 1296.98 MB, solutions = 0)
  43391 34683      130.3331   457                    137.0871 11595916         
  43438 34709      123.4240   626                    137.0773 11618918         
  43502 34753      126.0861   500                    137.0747 11641489         
  43546 34771      136.0484   631                    137.0677 11663873         
  43643 34868      124.9404   515                    137.0677 11678996         
  43715 34926        cutoff                          137.0613 11700924         
  43787 34978      123.7241   562                    137.0556 11725599         
  43852 35018      134.9066   620                    137.0454 11748281         
  43928 35082      126.7071   578                    137.0425 11767465         
  43997 35133      127.4034   461                    137.0391 11792476         
Elapsed time = 7905.66 sec. (11537189.35 ticks, tree = 1316.90 MB, solutions = 0)
  44038 35146      128.8889   627                    137.0320 11815100         
  44102 35194      126.8137   550                    137.0308 11836469         
  44200 35283      132.2942   502                    137.0301 11856013         
  44275 35348      129.0438   515                    137.0278 11876596         
  44339 35392      131.1959   566                    137.0227 11894987         
  44414 35454      134.2324   594                    137.0199 11916098         
  44508 35544      128.6846   573                    137.0184 11935443         
  44563 35581      123.7823   519                    137.0127 11958745         
  44615 35613      131.5023   401                    137.0103 11982869         
  44678 35661      130.9812   510                    137.0061 11999346         
Elapsed time = 8014.84 sec. (11693498.28 ticks, tree = 1336.83 MB, solutions = 0)
  44750 35718      129.2542   508                    137.0053 12018709         
  44848 35788      126.6408   573                    136.9991 12043891         
  44900 35821      135.1931   588                    136.9943 12067291         
  44955 35858      124.0525   508                    136.9871 12090509         
  45031 35915      124.0525   488                    136.9817 12110738         
  45089 35953      135.0586   645                    136.9770 12129480         
  45173 36036      125.4378   543                    136.9770 12140874         
  45252 36102      125.0709   587                    136.9742 12164350         
  45320 36134      128.0639   589                    136.9689 12191149         
  45385 36167      123.3112   315                    136.9643 12218271         
Elapsed time = 8122.91 sec. (11847511.95 ticks, tree = 1355.92 MB, solutions = 0)
  45437 36188      126.5298   599                    136.9608 12240848         
  45546 36284      132.7429   477                    136.9573 12260833         
  45638 36360      133.4613   667                    136.9555 12282337         
  45731 36453      124.9987   432                    136.9555 12296844         
  45833 36527      129.6557   589                    136.9479 12318005         
  45940 36626      123.1456   572                    136.9429 12337778         
  45999 36673      128.3494   569                    136.9371 12356390         
  46070 36726      130.0210   498                    136.9342 12379068         
  46109 36741      126.8992   458                    136.9262 12401050         
  46194 36818      128.5043   468                    136.9255 12422327         
Elapsed time = 8232.74 sec. (12003741.03 ticks, tree = 1380.49 MB, solutions = 0)
  46246 36852        cutoff                          136.9215 12446582         
  46355 36943      132.2995   493                    136.9184 12462638         
  46442 37020      131.7711   658                    136.9171 12480523         
  46520 37080      126.2620   567                    136.9130 12499810         
  46598 37144      125.9711   618                    136.9108 12524260         
  46646 37184      128.1424   471                    136.9078 12546014         
  46716 37236      135.0330   556                    136.9022 12566388         
  46782 37286      128.6820   493                    136.9004 12586231         
  46866 37361      121.4529   589                    136.8989 12608874         
  46918 37395      123.6009   492                    136.8976 12632180         
Elapsed time = 8341.28 sec. (12157890.47 ticks, tree = 1402.25 MB, solutions = 0)
  46981 37432      126.2378   555                    136.8936 12656992         
  47043 37474      124.7732   459                    136.8883 12678527         
  47115 37526      125.6381   517                    136.8861 12699518         
  47173 37564      128.0055   484                    136.8804 12721083         
  47230 37593      130.7595   419                    136.8766 12746120         
  47321 37670      132.2415   600                    136.8742 12765960         
  47401 37746      126.1985   507                    136.8714 12784172         
  47478 37802      120.7695   521                    136.8679 12805656         
  47551 37847      127.7190   517                    136.8633 12827354         
  47612 37892      125.5876   465                    136.8606 12848077         
Elapsed time = 8449.11 sec. (12312394.86 ticks, tree = 1421.02 MB, solutions = 0)
  47666 37906      124.8671   560                    136.8539 12872769         
  47731 37951      125.1022   527                    136.8472 12896570         
  47801 38012      131.7625   631                    136.8453 12916551         
  47880 38077      123.8419   551                    136.8394 12939424         
  47962 38132      122.5601   382                    136.8357 12964481         
  48058 38212      122.6130   539                    136.8303 12989274         
  48121 38246      132.1706   565                    136.8263 13012260         
  48171 38275      128.8856   605                    136.8228 13033993         
  48236 38333      130.0708   601                    136.8212 13051909         
  48300 38381      124.8240   625                    136.8184 13073833         
Elapsed time = 8557.39 sec. (12467102.49 ticks, tree = 1439.50 MB, solutions = 0)
  48380 38457      129.0071   378                    136.8180 13088222         
  48461 38523      130.8070   568                    136.8148 13107198         
  48563 38620      128.3960   603                    136.8135 13125344         
  48608 38654      124.0629   609                    136.8125 13150293         
  48696 38728      128.3068   480                    136.8084 13173370         
  48765 38777      129.4566   520                    136.8038 13194726         
  48834 38830      127.2803   542                    136.8033 13215281         
  48878 38852      131.8243   655                    136.7971 13237094         
  48972 38942      131.7289   567                    136.7969 13253128         
  49051 39005      127.8413   591                    136.7924 13273050         
Elapsed time = 8665.36 sec. (12620729.31 ticks, tree = 1463.05 MB, solutions = 0)
  49114 39030      128.9077   571                    136.7861 13293952         
  49190 39088      134.7433   512                    136.7808 13318118         
  49250 39136      127.0776   461                    136.7789 13338633         
  49320 39194      125.2426   531                    136.7746 13357544         
  49361 39203      125.9040   590                    136.7698 13380789         
  49412 39239      127.8391   592                    136.7684 13404987         
  49531 39342      122.1928   535                    136.7674 13428415         
  49617 39416      126.4364   480                    136.7649 13447985         
  49679 39452      128.5182   561                    136.7590 13470564         
  49772 39525      123.6884   377                    136.7583 13491562         
Elapsed time = 8773.96 sec. (12776559.40 ticks, tree = 1482.69 MB, solutions = 0)
  49870 39615      128.6395   384                    136.7569 13509634         
  49964 39683        cutoff                          136.7515 13534068         
  50012 39719      127.5106   470                    136.7461 13557793         
  50058 39731    infeasible                          136.7353 13584165         
  50141 39772      127.2536   511                    136.7339 13607353         
  50207 39819      131.1276   567                    136.7274 13631575         
  50282 39867      133.9480   556                    136.7251 13656076         
  50372 39953      128.4145   598                    136.7248 13672635         
  50429 39988      132.6104   475                    136.7150 13695512         
  50511 40043      129.1514   471                    136.7122 13718007         
Elapsed time = 8884.02 sec. (12933374.17 ticks, tree = 1502.24 MB, solutions = 0)
  50554 40058      128.7284   597                    136.7037 13745654         
  50617 40085      130.2418   672                    136.6978 13769622         
  50710 40167      125.1484   624                    136.6967 13786052         
  50782 40215      124.6626   552                    136.6903 13810714         
  50840 40255      122.2353   381                    136.6846 13832847         
  50908 40277      119.7934   531                    136.6812 13860100         
  50989 40346      132.7116   681                    136.6764 13877583         
  51081 40433      129.9198   601                    136.6760 13895226         
  51140 40474      124.6099   613                    136.6728 13915712         
  51209 40516      130.6148   516                    136.6674 13939180         
Elapsed time = 8992.73 sec. (13088173.59 ticks, tree = 1520.09 MB, solutions = 0)
  51299 40602      127.7604   523                    136.6657 13957562         
  51366 40651      134.4105   585                    136.6641 13979660         
  51426 40703      123.0891   490                    136.6633 14000587         
  51506 40763      130.8825   589                    136.6603 14021360         
  51565 40802      136.4955   585                    136.6585 14044583         
  51650 40887      129.0835   599                    136.6585 14057043         
  51703 40919      121.2413   521                    136.6558 14082182         
  51811 41005      129.4937   516                    136.6538 14102322         
  51871 41046      126.5333   507                    136.6520 14123891         
  51943 41099        cutoff                          136.6486 14150257         
Elapsed time = 9102.01 sec. (13244093.88 ticks, tree = 1542.14 MB, solutions = 0)
  51983 41123      131.1837   585                    136.6455 14172741         
  52047 41173      127.6618   580                    136.6427 14194632         
  52113 41231      126.4825   512                    136.6399 14213870         
  52169 41265      124.9634   584                    136.6349 14237564         
  52231 41305      129.8301   473                    136.6320 14261429         
  52287 41337      125.4829   531                    136.6249 14287104         
  52378 41419      122.7176   318                    136.6218 14306051         
  52429 41444      120.2676   572                    136.6164 14331263         
  52481 41464      123.0969   590                    136.6053 14356004         
  52566 41533      128.8620   517                    136.6027 14377796         
Elapsed time = 9209.75 sec. (13399521.16 ticks, tree = 1558.51 MB, solutions = 0)
  52601 41548      124.2334   620                    136.5885 14400953         
  52661 41576      127.1713   489                    136.5809 14423711         
  52720 41623      131.5120   551                    136.5763 14441016         
  52803 41690      131.7100   527                    136.5718 14459112         
  52899 41781      123.7525   313                    136.5713 14478673         
  52947 41803      131.7244   472                    136.5601 14502558         
  52990 41826      133.1222   507                    136.5551 14524692         
  53083 41915      131.4520   540                    136.5543 14539514         
  53154 41967      127.6051   560                    136.5534 14562539         
  53221 42023      121.2537   577                    136.5493 14580723         
Elapsed time = 9316.47 sec. (13553282.46 ticks, tree = 1577.02 MB, solutions = 0)
  53277 42047      126.9570   593                    136.5354 14606860         
  53325 42083      128.6638   667                    136.5324 14628765         
  53393 42137      130.9074   551                    136.5286 14650738         
  53454 42174      124.9848   602                    136.5225 14676547         
  53507 42197      127.9059   570                    136.5149 14699025         
  53564 42230      134.7751   584                    136.5112 14725698         
  53626 42278      131.6938   569                    136.5101 14746084         
  53700 42348      128.3385   539                    136.5091 14761057         
  53761 42393      131.5290   581                    136.5012 14782764         
  53811 42425      130.2598   541                    136.4959 14807431         
Elapsed time = 9425.13 sec. (13709931.47 ticks, tree = 1592.21 MB, solutions = 0)
  53887 42491      128.7823   569                    136.4917 14826459         
  53939 42519      129.9602   572                    136.4858 14850483         
  53985 42539      128.0825   583                    136.4740 14871490         
  54039 42577      130.8238   579                    136.4647 14891534         
  54099 42611      135.3481   636                    136.4618 14916072         
  54177 42663      121.2456   583                    136.4598 14938692         
  54242 42701      119.5289   444                    136.4566 14963595         
  54304 42743      125.5416   614                    136.4478 14985708         
  54384 42807      121.7968   587                    136.4443 15010103         
  54420 42808      126.2145   569                    136.4385 15033573         
Elapsed time = 9532.60 sec. (13865304.79 ticks, tree = 1606.69 MB, solutions = 0)
  54470 42830      130.3535   603                    136.4358 15059343         
  54550 42902      124.9646   603                    136.4349 15079019         
  54630 42952      134.7693   591                    136.4326 15103356         
  54688 42988      127.0334   555                    136.4257 15127584         
  54732 43008        cutoff                          136.4159 15153396         
  54796 43061      119.6325   514                    136.4115 15174239         
  54838 43085      122.6632   581                    136.4089 15194499         
  54893 43120      126.6252   602                    136.4028 15216186         
  54965 43170      127.3082   609                    136.4001 15238167         
  55035 43222      133.0622   478                    136.3976 15260722         
Elapsed time = 9640.92 sec. (14020831.03 ticks, tree = 1622.34 MB, solutions = 0)
  55089 43258      128.5048   605                    136.3900 15281457         
  55185 43330      126.8039   512                    136.3878 15304963         
  55248 43380      127.3351   551                    136.3864 15327045         
  55335 43445      132.2647   596                    136.3855 15348535         
  55415 43499      132.1340   462                    136.3786 15372964         
  55484 43561      122.7104   460                    136.3776 15394943         
  55547 43604      125.1828   577                    136.3695 15418998         
  55606 43643      132.1601   549                    136.3640 15439072         
  55680 43703      129.8964   636                    136.3607 15461778         
  55758 43773      122.6187   551                    136.3582 15480417         
Elapsed time = 9749.60 sec. (14175631.99 ticks, tree = 1643.16 MB, solutions = 0)
  55844 43843      123.7637   469                    136.3566 15498832         
  55914 43877      132.6801   564                    136.3516 15523766         
  55959 43900      128.8138   575                    136.3492 15545432         
  56060 43988      133.5105   534                    136.3461 15569372         
  56151 44067      129.0585   547                    136.3428 15587620         
  56184 44068      123.6790   566                    136.3350 15611983         
  56228 44088        cutoff                          136.3336 15634597         
  56291 44141        cutoff                          136.3300 15654857         
  56366 44190      131.9738   512                    136.3264 15683195         
  56415 44219        cutoff                          136.3202 15709078         
Elapsed time = 9857.46 sec. (14331330.39 ticks, tree = 1660.06 MB, solutions = 0)
  56473 44253      129.3334   604                    136.3146 15730983         
  56545 44311      122.9820   448                    136.3126 15753854         
  56620 44368      126.5796   521                    136.3095 15776453         
  56709 44432      122.8596   560                    136.3071 15798512         
  56750 44441      124.6891   473                    136.3029 15824779         
  56801 44464      128.8345   558                    136.2973 15850579         
  56912 44549      134.1651   555                    136.2932 15874102         
  56954 44564      119.5804   539                    136.2832 15897448         
  57028 44618      128.2396   566                    136.2808 15918592         
  57106 44686      132.7413   632                    136.2781 15938362         
Elapsed time = 9967.24 sec. (14489089.60 ticks, tree = 1677.67 MB, solutions = 0)
  57171 44745      129.8890   556                    136.2744 15952697         
  57216 44769      125.2959   469                    136.2680 15974245         
  57280 44813        cutoff                          136.2631 15998772         
  57340 44859      130.1401   505                    136.2580 16016684         
  57402 44908      122.6270   518                    136.2556 16038999         
  57448 44924      123.9122   410                    136.2462 16064264         
  57491 44945      130.4274   568                    136.2388 16085226         
  57563 45013      128.5018   530                    136.2385 16099393         
  57630 45058      133.0480   461                    136.2359 16119588         
  57708 45111      124.4933   509                    136.2311 16140485         
Elapsed time = 10073.83 sec. (14643610.22 ticks, tree = 1693.73 MB, solutions = 0)
  57765 45143      126.8782   478                    136.2278 16163779         
  57852 45186      129.7334   479                    136.2190 16184838         
  57909 45217    infeasible                          136.2099 16210144         
  57941 45231      128.8958   548                    136.2035 16233226         
  57973 45245      129.1600   601                    136.1997 16255921         
  58060 45304        cutoff                          136.1895 16280265         
  58126 45354        cutoff                          136.1874 16302084         
  58182 45402      128.6570   599                    136.1850 16321681         
  58249 45445      133.8722   576                    136.1771 16346589         
  58320 45504      132.2381   562                    136.1758 16366311         
Elapsed time = 10180.34 sec. (14797678.65 ticks, tree = 1708.58 MB, solutions = 0)
  58392 45555      128.0646   533                    136.1705 16390128         
  58454 45601      122.0254   521                    136.1686 16411072         
  58510 45637      120.7242   509                    136.1660 16435071         
  58570 45678      124.4877   458                    136.1645 16460042         
  58626 45710      121.9110   517                    136.1600 16483091         
  58672 45726      123.2954   561                    136.1547 16506848         
  58715 45747      127.4791   631                    136.1490 16524492         
  58770 45776      129.5618   586                    136.1460 16549145         
  58861 45851      125.3598   613                    136.1436 16569085         
  58936 45894      127.1161   612                    136.1409 16591952         
Elapsed time = 10289.15 sec. (14954979.84 ticks, tree = 1723.29 MB, solutions = 0)
  58993 45925      124.6496   582                    136.1380 16616325         
  59046 45944        cutoff                          136.1317 16643449         
  59137 46025      121.4200   348                    136.1247 16664735         
  59206 46079      131.5687   584                    136.1215 16681497         
  59281 46137      129.5577   579                    136.1162 16703385         
  59341 46177      123.6123   616                    136.1125 16726337         
  59400 46215      127.8784   591                    136.1109 16749227         
  59450 46238      121.3081   510                    136.1064 16774136         
  59508 46269      128.3757   656                    136.1015 16797995         
  59569 46314      123.7857   516                    136.0989 16815497         
Elapsed time = 10397.05 sec. (15110127.18 ticks, tree = 1739.20 MB, solutions = 0)
  59661 46388      122.4735   452                    136.0962 16838122         
  59727 46426      125.0002   561                    136.0938 16860407         
  59784 46461      125.3106   592                    136.0837 16885315         
  59831 46491      121.4960   601                    136.0790 16909063         
  59899 46531        cutoff                          136.0756 16934336         
  59954 46564      129.4307   464                    136.0688 16956844         
  59992 46582      124.7445   566                    136.0651 16980507         
  60037 46600      123.0903   475                    136.0613 17004767         
  60113 46668      128.2271   556                    136.0606 17022711         
  60166 46707      133.5358   592                    136.0548 17042630         
Elapsed time = 10503.70 sec. (15263766.44 ticks, tree = 1754.07 MB, solutions = 0)
  60225 46762      124.0614   448                    136.0546 17061293         
  60274 46789      122.8852   505                    136.0491 17083397         
  60315 46806      130.2167   624                    136.0453 17107942         
  60411 46887      126.3803   553                    136.0446 17133053         
  60499 46945      125.3273   594                    136.0409 17154640         
  60576 47002      129.0928   486                    136.0374 17174893         
  60633 47030      127.1351   483                    136.0310 17201129         
  60720 47104      128.5035   454                    136.0279 17225117         
  60776 47146      119.5941   458                    136.0254 17248374         
  60850 47202      123.7677   547                    136.0207 17270351         
Elapsed time = 10611.74 sec. (15418951.48 ticks, tree = 1772.78 MB, solutions = 0)
  60891 47217    infeasible                          136.0168 17296728         
  60925 47222    infeasible                          136.0143 17317487         
  60964 47247      122.4587   461                    136.0123 17336793         
  61020 47279      129.9873   505                    136.0056 17361303         
  61085 47318      129.1754   491                    136.0008 17385554         
  61132 47338      132.0290   542                    135.9924 17407957         
  61206 47397      127.1242   624                    135.9904 17426743         
  61270 47441      128.9883   537                    135.9869 17449309         
  61327 47476      120.3208   536                    135.9801 17473666         
  61382 47505      132.0196   562                    135.9744 17498102         
Elapsed time = 10717.39 sec. (15573581.03 ticks, tree = 1784.25 MB, solutions = 0)
  61473 47588      127.9305   529                    135.9718 17516303         
  61533 47634      125.7350   532                    135.9707 17537474         
  61608 47689      125.9863   625                    135.9647 17558441         
  61643 47692      131.7090   578                    135.9603 17585143         
  61716 47731      134.1301   480                    135.9522 17609998         
  61781 47776      122.5424   424                    135.9501 17633216         
  61891 47862      121.5639   659                    135.9455 17656815         
  61964 47911      123.0090   590                    135.9423 17678221         
  62009 47922        cutoff                          135.9372 17704518         
  62073 47970      119.7217   607                    135.9320 17728573         
Elapsed time = 10826.64 sec. (15729967.98 ticks, tree = 1801.84 MB, solutions = 0)
  62145 48010      124.8117   563                    135.9279 17753446         
  62214 48051      125.9119   522                    135.9227 17779229         
  62282 48087      126.8377   581                    135.9208 17803799         
  62373 48160      126.7724   488                    135.9197 17827434         
  62433 48196      124.5923   423                    135.9162 17848717         
  62513 48245      122.0059   529                    135.9097 17873232         
  62575 48285      134.8520   445                    135.9044 17895654         
  62624 48302      122.2587   584                    135.9020 17921178         
  62708 48364        cutoff                          135.9010 17945682         
  62779 48427      126.7263   532                    135.8996 17961706         
Elapsed time = 10935.36 sec. (15884997.31 ticks, tree = 1819.13 MB, solutions = 0)
  62832 48451      127.0024   484                    135.8953 17987511         
  62882 48450        cutoff                          135.8857 18012017         
  62943 48494      124.2597   519                    135.8839 18032050         
  63004 48538      120.8828   535                    135.8812 18054198         
  63070 48582      121.0558   612                    135.8741 18078144         
  63125 48597      126.3129   632                    135.8686 18103100         
  63189 48639      130.1382   618                    135.8618 18126980         
  63241 48661      134.2510   650                    135.8571 18149680         
  63323 48737        cutoff                          135.8557 18167764         
  63367 48751        cutoff                          135.8540 18188222         
Elapsed time = 11042.71 sec. (16040783.15 ticks, tree = 1831.43 MB, solutions = 0)
  63429 48795      121.5579   483                    135.8465 18210915         
  63502 48850      125.9472   709                    135.8444 18231945         
  63546 48863      125.4288   571                    135.8417 18257014         
  63599 48894      121.3513   424                    135.8374 18278954         
  63662 48927      125.5167   600                    135.8323 18302865         
  63737 48982        cutoff                          135.8315 18328212         
  63829 49066      127.5788   421                    135.8294 18346338         
  63896 49105      123.3460   542                    135.8278 18369793         
  63947 49130      128.1943   534                    135.8211 18394288         
  64011 49166      127.7558   571                    135.8177 18417960         
Elapsed time = 11151.87 sec. (16198177.32 ticks, tree = 1847.08 MB, solutions = 0)
  64064 49197      126.3370   690                    135.8149 18440399         
  64131 49236      123.7060   415                    135.8109 18467491         
  64199 49274      123.8734   445                    135.8071 18495121         
  64255 49298        cutoff                          135.8020 18518517         
  64326 49341      127.1927   530                    135.7969 18544151         
  64423 49426      129.1792   585                    135.7945 18564299         
  64481 49458      121.9186   472                    135.7880 18591378         
  64540 49485      129.0925   597                    135.7781 18614573         
  64586 49503      123.8936   563                    135.7754 18641693         
  64660 49555      130.3189   608                    135.7675 18660901         
Elapsed time = 11260.38 sec. (16353750.21 ticks, tree = 1861.81 MB, solutions = 0)
  64724 49610      123.7098   574                    135.7672 18678635         
  64785 49653      130.3689   579                    135.7660 18703925         
  64864 49724      130.3670   569                    135.7642 18721292         
  64927 49769      127.4375   582                    135.7610 18743007         
  64997 49832      120.5447   542                    135.7591 18761731         
  65055 49866      131.4231   613                    135.7554 18783984         
  65110 49891        cutoff                          135.7501 18808206         
  65175 49944      130.4029   600                    135.7473 18832545         
  65228 49979      127.2776   557                    135.7449 18853962         
  65270 50005      121.0396   525                    135.7408 18880107         
Elapsed time = 11368.12 sec. (16508808.24 ticks, tree = 1878.82 MB, solutions = 0)
  65350 50067      128.9868   565                    135.7383 18901501         
  65382 50073      120.8135   588                    135.7349 18925804         
  65420 50069      119.5143   507                    135.7262 18951119         
  65491 50119      133.2937   533                    135.7243 18972770         
  65543 50157      127.3894   556                    135.7243 18990054         
  65631 50239      124.4637   633                    135.7243 19006235         
  65715 50311      127.4151   526                    135.7226 19027039         
  65796 50355      123.4364   483                    135.7156 19048986         
  65877 50420      125.7287   506                    135.7133 19068517         
  65915 50432      128.2240   610                    135.7096 19092394         
Elapsed time = 11476.37 sec. (16665014.24 ticks, tree = 1894.91 MB, solutions = 0)
  65974 50439      132.3978   481                    135.7032 19117430         
  66038 50465      124.2888   566                    135.7015 19142700         
  66109 50501      121.4104   540                    135.6968 19168157         
  66180 50548      122.2061   539                    135.6940 19192307         
  66224 50554      127.9094   460                    135.6916 19215769         
  66271 50565      128.5897   521                    135.6866 19239524         
  66342 50629      125.0562   585                    135.6850 19258718         
  66447 50718      133.0951   563                    135.6841 19281032         
  66521 50788      119.4870   547                    135.6835 19301494         
  66570 50803      123.8648   499                    135.6772 19324680         
Elapsed time = 11583.50 sec. (16819983.82 ticks, tree = 1908.99 MB, solutions = 0)
  66608 50807      119.8275   636                    135.6741 19349897         
  66678 50863      126.2649   521                    135.6730 19372305         
  66727 50882      126.8478   511                    135.6692 19397143         
  66788 50897      129.0144   479                    135.6648 19424520         
  66853 50940      128.2913   520                    135.6618 19446532         
  66939 51004      122.7335   535                    135.6615 19468281         
  66992 51029      127.8140   478                    135.6561 19493129         
  67064 51087      126.0386   464                    135.6533 19516274         
  67136 51138      128.4895   532                    135.6485 19540992         
  67188 51154      134.9451   595                    135.6471 19560523         
Elapsed time = 11690.96 sec. (16975557.26 ticks, tree = 1922.28 MB, solutions = 0)
  67244 51202      128.1656   644                    135.6443 19579698         
  67316 51235    infeasible                          135.6414 19605073         
  67379 51276      132.0613   567                    135.6307 19627532         
  67436 51321      131.9724   558                    135.6299 19645811         
  67476 51331      130.6951   562                    135.6250 19669704         
  67533 51378      129.6063   560                    135.6222 19688062         
  67612 51436      129.5132   603                    135.6178 19713597         
  67682 51484      128.9329   521                    135.6137 19736895         
  67762 51556      128.1912   545                    135.6133 19754477         
  67863 51643      124.6313   487                    135.6112 19777001         
Elapsed time = 11798.07 sec. (17129386.13 ticks, tree = 1940.77 MB, solutions = 0)
  67936 51704      129.2725   567                    135.6101 19797592         
  68027 51777      126.9290   564                    135.6067 19819870         
  68090 51823      120.5182   322                    135.6025 19842148         
  68152 51863      125.6262   523                    135.5978 19862909         
  68186 51869      126.8573   580                    135.5926 19887804         
  68257 51894      129.8175   583                    135.5888 19913157         
  68333 51953      120.2620   461                    135.5850 19938291         
  68407 52005      130.1105   600                    135.5810 19963412         
  68468 52050      123.5748   587                    135.5769 19988135         
  68509 52056      127.9498   524                    135.5702 20012217         
Elapsed time = 11906.19 sec. (17285445.54 ticks, tree = 1956.37 MB, solutions = 0)
  68579 52101      130.9462   584                    135.5676 20037419         
  68636 52146      125.5385   563                    135.5648 20057540         
  68684 52178      120.3369   529                    135.5613 20082658         
  68738 52214      133.6618   580                    135.5588 20103258         
  68810 52278      131.0189   524                    135.5579 20121370         
  68848 52296      129.3442   599                    135.5522 20147086         
  68919 52345      127.8868   605                    135.5477 20172304         
  69005 52417      128.0152   366                    135.5466 20191297         
  69073 52465      133.1273   621                    135.5423 20211625         
  69170 52556      120.5901   454                    135.5417 20229765         
Elapsed time = 12015.41 sec. (17441558.55 ticks, tree = 1975.30 MB, solutions = 0)
  69209 52569      128.0091   449                    135.5385 20252310         
  69295 52633      120.1661   466                    135.5368 20277508         
  69357 52679      129.2391   630                    135.5342 20297610         
  69430 52734      132.0998   541                    135.5331 20323458         
  69485 52765      126.1163   644                    135.5306 20345474         
  69587 52859      121.1511   438                    135.5285 20365842         
  69666 52900      127.5252   522                    135.5235 20389304         
  69737 52935      127.5580   625                    135.5171 20414849         
  69784 52966      123.1152   531                    135.5149 20440132         
  69845 52997      128.6926   533                    135.5100 20463234         
Elapsed time = 12124.07 sec. (17598519.65 ticks, tree = 1991.97 MB, solutions = 0)
  69917 53028      134.3859   474                    135.5021 20482964         
  70006 53099      120.6440   547                    135.5006 20503477         
  70053 53115      120.8887   488                    135.4947 20526858         
  70102 53133      133.9485   526                    135.4853 20550328         
  70165 53176      123.0805   591                    135.4825 20571864         
  70217 53204      130.3838   571                    135.4799 20595660         
  70276 53247      131.1283   575                    135.4778 20618218         
  70344 53299      124.1352   664                    135.4741 20636132         
  70409 53336      126.7207   461                    135.4676 20657654         
  70454 53357      122.0711   553                    135.4651 20684692         
Elapsed time = 12231.54 sec. (17753597.84 ticks, tree = 2005.63 MB, solutions = 0)
  70510 53381      129.8589   517                    135.4612 20710123         
  70588 53441      121.6973   453                    135.4599 20735658         
  70634 53460      126.3643   479                    135.4583 20762639         
  70715 53507      130.3991   617                    135.4491 20787904         
  70815 53593      125.7422   481                    135.4483 20808294         
  70890 53644      128.2229   672                    135.4452 20831129         
  70978 53720      125.4305   571                    135.4440 20851615         
  71046 53766      127.5358   545                    135.4396 20875149         
  71103 53795      126.6080   485                    135.4334 20897330         
  71188 53860      127.3694   453                    135.4263 20920188         
Elapsed time = 12341.82 sec. (17911448.17 ticks, tree = 2024.67 MB, solutions = 0)
  71256 53897      124.2755   600                    135.4250 20946854         
  71295 53910      129.9498   550                    135.4203 20967734         
  71357 53952      127.9621   388                    135.4188 20988421         
  71409 53974      123.0905   503                    135.4150 21014803         
  71458 53991      122.1068   475                    135.4109 21041190         
  71521 54008      129.6091   614                    135.4069 21062609         
  71600 54073      119.9173   555                    135.4039 21086152         
  71639 54084      124.7261   573                    135.3994 21110647         
  71688 54106      123.1357   543                    135.3967 21133363         
  71753 54149      120.5938   492                    135.3944 21156725         
Elapsed time = 12448.74 sec. (18066730.10 ticks, tree = 2035.62 MB, solutions = 0)
  71801 54163      129.4662   430                    135.3898 21178689         
  71859 54201      125.4224   516                    135.3866 21203300         
  71910 54234      125.7777   483                    135.3840 21224971         
  71961 54267      119.9143   557                    135.3820 21250361         
  72026 54320      126.0938   554                    135.3791 21266707         
  72096 54351        cutoff                          135.3747 21293293         
  72144 54377        cutoff                          135.3727 21315634         
  72188 54393      121.3846   523                    135.3688 21338490         
  72245 54410      133.9088   629                    135.3629 21359570         
  72320 54477      128.8798   653                    135.3619 21377806         
Elapsed time = 12556.17 sec. (18223481.93 ticks, tree = 2048.03 MB, solutions = 0)
Nodefile size = 0.98 MB (0.63 MB after compression)
  72382 54515      125.4349   402                    135.3545 21401896         
  72427 54524      127.9001   543                    135.3463 21426808         
  72487 54550      123.6087   544                    135.3417 21452889         
  72528 54561      122.7862   598                    135.3343 21477945         
  72591 54598      129.0391   568                    135.3294 21501867         
  72664 54659      128.8184   584                    135.3287 21521210         
  72727 54706      127.8204   522                    135.3265 21544907         
  72795 54756      123.3422   605                    135.3235 21567934         
  72841 54768      127.5194   556                    135.3178 21593700         
  72884 54782      129.9353   584                    135.3136 21617049         
Elapsed time = 12663.65 sec. (18378969.55 ticks, tree = 2059.56 MB, solutions = 0)
Nodefile size = 11.76 MB (7.59 MB after compression)
  72940 54812      129.2390   502                    135.3117 21643522         
  73027 54873      129.0995   666                    135.3105 21669603         
  73079 54905      130.6984   556                    135.3065 21689673         
  73135 54949      122.0182   484                    135.3055 21712456         
  73181 54957      127.8620   594                    135.3020 21736420         
  73260 55010      125.2831   533                    135.2986 21762081         
  73299 55011      124.2778   621                    135.2951 21789788         
  73350 55026      131.4656   578                    135.2936 21815241         
  73422 55085      126.1299   453                    135.2915 21835024         
  73477 55104      123.0152   633                    135.2882 21860440         
Elapsed time = 12772.18 sec. (18535689.27 ticks, tree = 2071.72 MB, solutions = 0)
Nodefile size = 24.49 MB (15.89 MB after compression)
  73531 55126      122.4666   560                    135.2834 21883147         
  73583 55154      123.3269   582                    135.2815 21906463         
  73639 55194        cutoff                          135.2800 21927459         
  73702 55233      132.3886   626                    135.2731 21950173         
  73773 55284      129.8859   642                    135.2715 21971992         
  73818 55299      123.5297   581                    135.2675 21996060         
  73865 55310        cutoff                          135.2617 22022285         
  73920 55346      128.5403   535                    135.2581 22047833         
  74013 55425      128.6790   474                    135.2568 22069231         
  74048 55428      124.4021   573                    135.2503 22094471         
Elapsed time = 12879.86 sec. (18692248.67 ticks, tree = 2083.98 MB, solutions = 0)
Nodefile size = 36.23 MB (23.62 MB after compression)
  74099 55447      123.2427   583                    135.2472 22119499         
  74184 55515      125.1552   499                    135.2469 22142856         
  74256 55569      119.9254   395                    135.2450 22165431         
  74326 55616      120.1192   383                    135.2434 22186603         
  74388 55656      122.7802   452                    135.2409 22209928         
  74454 55680      130.6951   546                    135.2388 22233968         
  74531 55733      129.9359   491                    135.2360 22259433         
  74615 55813      124.0103   633                    135.2354 22276313         
  74676 55854      132.2670   629                    135.2300 22300531         
  74736 55899      131.5697   625                    135.2277 22320699         
Elapsed time = 12988.63 sec. (18848032.92 ticks, tree = 2101.75 MB, solutions = 0)
Nodefile size = 53.83 MB (35.23 MB after compression)
  74821 55980      128.1047   451                    135.2276 22338882         
  74876 56011        cutoff                          135.2256 22362340         
  74916 56039      120.1627   582                    135.2240 22381623         
  74992 56107      123.3492   505                    135.2226 22398814         
  75054 56155      122.7325   413                    135.2223 22419976         
  75118 56203      127.0851   634                    135.2201 22442908         
  75209 56272      122.3047   394                    135.2193 22465901         
  75266 56308      126.4898   552                    135.2180 22489599         
  75310 56319        cutoff                          135.2137 22512633         
  75372 56349      125.9203   551                    135.2094 22539180         
Elapsed time = 13095.81 sec. (19002376.34 ticks, tree = 2118.73 MB, solutions = 0)
Nodefile size = 71.43 MB (46.90 MB after compression)
  75428 56363      122.5149   426                    135.2046 22566534         
  75489 56392      127.2286   495                    135.2004 22592320         
  75571 56451      122.9679   554                    135.1972 22616985         
  75623 56473      129.1549   548                    135.1909 22643554         
  75690 56514      128.6490   586                    135.1864 22670486         
  75747 56545      121.1232   677                    135.1822 22696177         
  75813 56583      133.4146   704                    135.1781 22720098         
  75844 56590      130.9744   513                    135.1756 22741007         
  75902 56626      127.4084   657                    135.1728 22766411         
  75957 56653        cutoff                          135.1640 22793025         
Elapsed time = 13205.79 sec. (19161402.49 ticks, tree = 2130.27 MB, solutions = 0)
Nodefile size = 83.16 MB (54.70 MB after compression)
  76048 56736      129.7039   554                    135.1593 22811916         
  76125 56801      129.1116   463                    135.1570 22833126         
  76196 56851      130.9014   555                    135.1555 22853245         
  76264 56899      128.1917   629                    135.1519 22873529         
  76341 56959      120.6436   600                    135.1503 22898358         
  76409 56990        cutoff                          135.1489 22925164         
  76464 57009      132.5010   585                    135.1468 22949284         
  76513 57040        cutoff                          135.1454 22971617         
  76556 57059        cutoff                          135.1420 22995743         
  76605 57087      120.4187   532                    135.1378 23021870         
Elapsed time = 13314.35 sec. (19316821.43 ticks, tree = 2146.62 MB, solutions = 0)
Nodefile size = 98.81 MB (65.12 MB after compression)
  76634 57079      124.4040   489                    135.1350 23045150         
  76711 57115      132.8276   604                    135.1322 23067416         
  76778 57146      120.0470   601                    135.1313 23090819         
  76836 57158        cutoff                          135.1287 23115630         
  76881 57183      126.3775   637                    135.1264 23138860         
  76914 57191        cutoff                          135.1216 23164297         
  76970 57219      129.4007   553                    135.1201 23187671         
  77036 57257      126.5320   558                    135.1171 23213514         
  77103 57304      127.0953   551                    135.1157 23238399         
  77169 57354        cutoff                          135.1135 23260122         
Elapsed time = 13420.99 sec. (19471414.28 ticks, tree = 2156.75 MB, solutions = 0)
Nodefile size = 109.56 MB (72.30 MB after compression)
  77209 57366      122.7411   590                    135.1108 23283915         
  77268 57394      127.0017   625                    135.1067 23307787         
  77314 57406      121.8182   534                    135.0963 23334374         
  77362 57424      133.1318   616                    135.0922 23358544         
  77455 57511      128.8404   494                    135.0917 23377047         
  77526 57542      128.7039   462                    135.0876 23402916         
  77586 57570      123.7762   478                    135.0822 23428363         
  77649 57603      126.5577   527                    135.0789 23453039         
  77724 57646      121.9368   569                    135.0763 23479827         
  77776 57663      119.4332   573                    135.0724 23505425         
Elapsed time = 13528.99 sec. (19627611.06 ticks, tree = 2168.40 MB, solutions = 0)
Nodefile size = 121.30 MB (80.14 MB after compression)
  77832 57681      122.1827   536                    135.0698 23531021         
  77907 57731      121.6621   581                    135.0681 23552225         
  77957 57749      131.1518   488                    135.0606 23576149         
  78004 57769      119.7253   526                    135.0574 23600644         
  78081 57822      130.9352   500                    135.0545 23623487         
  78139 57856      121.4925   537                    135.0518 23648391         
  78210 57887      129.5119   627                    135.0480 23670741         
  78277 57932      129.6918   561                    135.0444 23695000         
  78308 57939      121.1760   459                    135.0413 23720810         
  78370 57979      121.3536   616                    135.0400 23742546         
Elapsed time = 13636.63 sec. (19782883.12 ticks, tree = 2180.35 MB, solutions = 0)
Nodefile size = 133.03 MB (88.00 MB after compression)
  78436 58019      133.1497   561                    135.0367 23767878         
  78513 58076        cutoff                          135.0345 23791337         
  78609 58164      128.1219   635                    135.0340 23812450         
  78655 58190      129.5023   527                    135.0311 23835184         
  78747 58265      121.2302   504                    135.0293 23855248         
  78813 58297      122.1128   364                    135.0272 23880047         
  78869 58332      130.0390   551                    135.0245 23901878         
  78952 58405      120.9630   510                    135.0240 23922623         
  78997 58414      121.0589   588                    135.0184 23948665         
  79061 58462      127.9983   604                    135.0160 23968180         
Elapsed time = 13746.02 sec. (19939207.58 ticks, tree = 2198.58 MB, solutions = 0)
Nodefile size = 150.63 MB (99.81 MB after compression)
  79114 58493      130.6553   615                    135.0143 23992399         
  79152 58527      119.5234   601                    135.0141 24011669         
  79183 58524      120.9905   474                    135.0108 24037175         
  79231 58538      131.4319   559                    135.0072 24061391         
  79290 58579      129.7366   550                    135.0046 24082738         
  79344 58603      122.5573   510                    134.9986 24106371         
  79438 58683      124.6349   458                    134.9961 24127157         
  79521 58700      126.1776   588                    134.9902 24153012         
  79555 58700      126.1617   564                    134.9860 24178542         
  79609 58726      122.4801   603                    134.9822 24203815         
Elapsed time = 13854.04 sec. (20096532.19 ticks, tree = 2208.55 MB, solutions = 0)
Nodefile size = 161.38 MB (107.04 MB after compression)
  79656 58745      124.5396   516                    134.9759 24227518         
  79751 58812      124.1223   472                    134.9745 24252671         
  79829 58864      121.4107   557                    134.9726 24277804         
  79871 58874      125.2646   586                    134.9687 24301782         
  79915 58884      126.3553   451                    134.9650 24323749         
  79994 58943      122.2757   508                    134.9622 24347606         
  80078 58977      127.4814   572                    134.9574 24373391         
  80131 59002      128.5364   548                    134.9524 24398387         
  80178 59037      123.7954   496                    134.9514 24419911         
  80255 59098      127.6156   585                    134.9501 24441418         
Elapsed time = 13962.33 sec. (20252773.23 ticks, tree = 2222.61 MB, solutions = 0)
Nodefile size = 175.08 MB (116.24 MB after compression)
  80308 59107      124.0350   518                    134.9460 24465095         
  80355 59118      125.6499   476                    134.9400 24492608         
  80407 59125      123.6138   587                    134.9334 24515615         
  80459 59153      123.8141   571                    134.9284 24539472         
  80561 59227      127.4758   616                    134.9275 24562104         
  80616 59252      127.2127   456                    134.9238 24586807         
  80681 59276      122.2724   459                    134.9192 24612177         
  80735 59290        cutoff                          134.9161 24637240         
  80793 59308      125.0430   444                    134.9110 24661449         
  80867 59350        cutoff                          134.9078 24687659         
Elapsed time = 14070.01 sec. (20408604.71 ticks, tree = 2232.19 MB, solutions = 0)
Nodefile size = 184.86 MB (122.82 MB after compression)
  80923 59368      121.4484   557                    134.9050 24712561         
  80969 59390      133.4855   629                    134.9012 24733610         
  81030 59437        cutoff                          134.9008 24759119         
  81095 59479      126.3325   565                    134.8987 24783720         
  81150 59510      119.7977   410                    134.8953 24806095         
  81213 59541      122.7487   491                    134.8910 24830668         
  81282 59582      130.2953   596                    134.8899 24854768         
  81329 59610      127.5817   594                    134.8877 24878871         
  81387 59644      123.7099   489                    134.8850 24903855         
  81455 59684      123.5513   543                    134.8813 24927003         
Elapsed time = 14177.93 sec. (20564816.95 ticks, tree = 2244.77 MB, solutions = 0)
Nodefile size = 197.57 MB (131.40 MB after compression)
  81515 59712      130.2658   507                    134.8800 24949097         
  81584 59769      126.6071   630                    134.8792 24969147         
  81639 59794        cutoff                          134.8779 24995108         
  81691 59816      122.9619   558                    134.8746 25021232         
  81724 59814      119.8494   451                    134.8699 25046929         
  81795 59861      129.6809   449                    134.8658 25068041         
  81863 59905      129.1331   615                    134.8615 25089435         
  81914 59928      132.4457   530                    134.8596 25112518         
  81988 59971      131.8419   637                    134.8554 25135960         
  82051 60016      132.1188   644                    134.8533 25157781         
Elapsed time = 14285.79 sec. (20720960.51 ticks, tree = 2257.32 MB, solutions = 0)
Nodefile size = 210.28 MB (139.97 MB after compression)
  82125 60074      123.9633   637                    134.8514 25181223         
  82171 60088      125.4639   434                    134.8473 25203453         
  82262 60175      126.4573   536                    134.8473 25220587         
  82335 60220      126.1861   479                    134.8468 25241479         
  82384 60225      126.3470   602                    134.8422 25265549         
  82444 60258      126.2960   546                    134.8403 25288093         
  82477 60269      131.1385   605                    134.8385 25306050         
  82535 60315      124.4569   634                    134.8370 25328444         
  82586 60340      119.8875   509                    134.8343 25351675         
  82619 60341      125.1839   468                    134.8302 25369497         
Elapsed time = 14395.35 sec. (20877128.23 ticks, tree = 2269.60 MB, solutions = 0)
Nodefile size = 222.02 MB (147.90 MB after compression)
  82650 60347      120.5573   495                    134.8289 25387739         
  82702 60370      134.0249   499                    134.8284 25408079         
  82803 60457        cutoff                          134.8274 25429750         
  82852 60482        cutoff                          134.8228 25450213         
  82892 60493      127.0491   562                    134.8202 25473982         
  82933 60511      122.5260   538                    134.8196 25493140         
  82965 60529      126.7787   482                    134.8171 25509297         
  83001 60529      127.2087   523                    134.8117 25529571         
  83039 60549      123.3407   601                    134.8101 25547317         
  83080 60565        cutoff                          134.8092 25562700         
Elapsed time = 14509.51 sec. (21036923.13 ticks, tree = 2278.13 MB, solutions = 0)
Nodefile size = 230.82 MB (153.85 MB after compression)
  83135 60592      128.9922   533                    134.8057 25580539         
  83254 60693      123.2090   468                    134.8045 25603392         
  83330 60744      127.4954   529                    134.8003 25627531         
  83429 60835      127.4555   626                    134.7991 25649110         
  83490 60858      124.7974   481                    134.7949 25675891         
  83568 60916      131.2674   558                    134.7917 25697596         
  83675 61011      131.7129   597                    134.7903 25717881         
  83766 61082      126.4124   485                    134.7871 25739661         
  83820 61094        cutoff                          134.7834 25768291         
  83873 61119      121.6154   617                    134.7818 25793911         
Elapsed time = 14619.85 sec. (21192489.96 ticks, tree = 2299.03 MB, solutions = 0)
Nodefile size = 251.37 MB (167.74 MB after compression)
  83911 61127      128.3664   484                    134.7798 25813243         
  83959 61135      129.7546   445                    134.7763 25830645         
  84062 61219      132.0178   642                    134.7747 25851978         
  84132 61269      131.1991   489                    134.7717 25872020         
  84186 61287      127.3449   586                    134.7674 25896622         
  84234 61305        cutoff                          134.7637 25920737         
  84298 61347      121.5920   540                    134.7601 25939473         
  84332 61357      130.7063   540                    134.7589 25957838         
  84397 61408      127.1890   704                    134.7576 25979272         
  84429 61426      124.0484   543                    134.7551 25996336         
Elapsed time = 14731.95 sec. (21350762.77 ticks, tree = 2310.65 MB, solutions = 0)
Nodefile size = 263.11 MB (175.67 MB after compression)
  84456 61429      123.8045   488                    134.7537 26010913         
  84471 61430      127.8692   461                    134.7531 26020735         
  84516 61457      126.1709   536                    134.7506 26036191         
  84562 61475      133.8136   647                    134.7441 26055484         
  84626 61523      129.2880   618                    134.7429 26076080         
  84681 61538      128.2316   536                    134.7404 26099596         
  84739 61580      128.5278   645                    134.7386 26117916         
  84803 61628      125.4757   483                    134.7372 26143335         
  84858 61657        cutoff                          134.7348 26168023         
  84890 61671        cutoff                          134.7325 26184208         
Elapsed time = 14846.81 sec. (21510811.27 ticks, tree = 2319.96 MB, solutions = 0)
Nodefile size = 272.88 MB (182.29 MB after compression)
  84938 61701      120.8863   440                    134.7303 26202329         
  84996 61735      126.6282   544                    134.7287 26223062         
  85020 61743        cutoff                          134.7279 26237401         
  85066 61769      131.6257   518                    134.7256 26254470         
  85137 61806      125.5182   615                    134.7224 26273953         
  85197 61844      122.8340   528                    134.7206 26299549         
  85261 61887      132.1775   689                    134.7185 26317963         
  85334 61948      131.6950   530                    134.7165 26338394         
  85359 61946      128.4324   415                    134.7134 26355223         
  85425 61984      122.8907   563                    134.7101 26379014         
Elapsed time = 14961.65 sec. (21670456.51 ticks, tree = 2331.76 MB, solutions = 0)
Nodefile size = 284.62 MB (190.26 MB after compression)
  85525 62066      120.6056   593                    134.7080 26401793         
  85569 62075      121.6190   548                    134.7040 26425116         
  85581 62073      127.2435   552                    134.7026 26433146         
  85645 62127      122.4676   513                    134.7018 26452953         
  85727 62187      120.6426   578                    134.6993 26478435         
  85749 62188      126.1518   596                    134.6974 26489740         
  85805 62220      124.7839   472                    134.6926 26509751         
  85855 62248        cutoff                          134.6908 26526236         
  85884 62251      126.2771   451                    134.6881 26543140         
  85938 62278      129.6930   535                    134.6837 26564766         
Elapsed time = 15075.47 sec. (21828692.86 ticks, tree = 2342.90 MB, solutions = 0)
Nodefile size = 295.38 MB (197.55 MB after compression)
  85986 62284      126.5960   628                    134.6814 26584570         
  86024 62298      119.6919   654                    134.6782 26610740         
  86095 62335      125.2704   471                    134.6758 26633188         
  86152 62378      122.6367   621                    134.6749 26653227         
  86200 62406      124.5941   601                    134.6733 26673546         
  86261 62449      130.8654   480                    134.6715 26689217         
  86325 62495      132.2762   615                    134.6696 26708780         
  86419 62585      120.3517   611                    134.6694 26728717         
  86476 62617      128.5499   481                    134.6645 26749692         
  86525 62638      131.2864   642                    134.6603 26775339         
Elapsed time = 15186.20 sec. (21985206.33 ticks, tree = 2356.51 MB, solutions = 0)
Nodefile size = 309.07 MB (206.85 MB after compression)
  86599 62702        cutoff                          134.6599 26797205         
  86705 62798      126.9986   494                    134.6589 26815183         
  86795 62854      129.3944   575                    134.6538 26841401         
  86858 62887      122.0013   481                    134.6512 26867213         
  86895 62898      130.5985   581                    134.6491 26886980         
  86971 62962      127.5099   451                    134.6477 26909026         
  87022 62987      122.8862   491                    134.6468 26931764         
  87065 63002      121.9806   492                    134.6438 26952736         
  87113 63026      133.4758   566                    134.6418 26969451         
  87192 63082      125.5448   453                    134.6393 26993166         
Elapsed time = 15298.24 sec. (22141015.64 ticks, tree = 2373.27 MB, solutions = 0)
Nodefile size = 325.71 MB (218.16 MB after compression)
  87204 63076        cutoff                          134.6383 27006895         
  87251 63089      123.4440   487                    134.6346 27027379         
  87281 63097      127.5872   587                    134.6334 27044504         
  87323 63107      124.7029   428                    134.6299 27066614         
  87364 63120      129.6697   425                    134.6259 27080340         
  87410 63136      124.5733   614                    134.6240 27100667         
  87449 63153      132.0712   524                    134.6228 27120516         
  87533 63225      128.9510   459                    134.6196 27136787         
  87608 63278      128.4316   503                    134.6161 27157843         
  87666 63306      126.9990   615                    134.6139 27183634         
Elapsed time = 15415.03 sec. (22302750.00 ticks, tree = 2381.81 MB, solutions = 0)
Nodefile size = 334.51 MB (224.14 MB after compression)
  87734 63344      126.7753   629                    134.6110 27206575         
  87816 63408        cutoff                          134.6101 27222071         
  87880 63450      127.9838   542                    134.6056 27242943         
  87939 63479      125.2226   565                    134.6021 27268588         
  87982 63496      130.5068   610                    134.5989 27286971         
  88055 63549      123.3987   637                    134.5964 27310765         
  88111 63589      125.0177   574                    134.5932 27329399         
  88168 63610      129.0685   560                    134.5905 27351573         
  88212 63627      127.4514   549                    134.5887 27370255         
  88276 63667      122.9865   488                    134.5869 27392597         
Elapsed time = 15528.11 sec. (22461459.59 ticks, tree = 2395.47 MB, solutions = 0)
Nodefile size = 348.21 MB (233.47 MB after compression)
  88321 63702      123.2598   471                    134.5855 27409661         
  88396 63754      124.0582   468                    134.5816 27434941         
  88462 63798      123.0255   625                    134.5796 27457628         
  88561 63877      123.7052   577                    134.5753 27478508         
  88607 63897        cutoff                          134.5731 27503616         
  88675 63943      126.8597   511                    134.5712 27524381         
  88756 63997      130.8881   462                    134.5700 27547563         
  88851 64080      130.2681   567                    134.5691 27568722         
  88925 64142      131.7239   467                    134.5688 27590417         
  88975 64158      124.8038   654                    134.5648 27615615         
Elapsed time = 15638.64 sec. (22617889.17 ticks, tree = 2414.04 MB, solutions = 0)
Nodefile size = 366.80 MB (246.12 MB after compression)
  89041 64178      125.1883   667                    134.5609 27639392         
  89074 64181        cutoff                          134.5555 27659829         
  89139 64234      128.7575   425                    134.5540 27671124         
  89209 64266        cutoff                          134.5487 27697768         
  89258 64288      125.6986   572                    134.5475 27720635         
  89295 64299      121.9546   523                    134.5466 27743088         
  89341 64325      124.1940   342                    134.5447 27764099         
  89415 64349        cutoff                          134.5422 27790780         
  89453 64369      124.1423   638                    134.5367 27810828         
  89491 64379      130.5081   425                    134.5346 27831610         
Elapsed time = 15751.16 sec. (22777217.29 ticks, tree = 2422.44 MB, solutions = 0)
Nodefile size = 374.64 MB (251.44 MB after compression)
  89568 64444      124.2314   450                    134.5337 27851622         
  89624 64468      129.6686   633                    134.5321 27876434         
  89690 64508      119.9561   530                    134.5308 27900018         
  89719 64509      125.1171   438                    134.5284 27913691         
  89774 64533      123.0459   621                    134.5259 27936954         
  89823 64550      126.4053   651                    134.5252 27958082         
  89878 64578      121.2697   610                    134.5245 27981071         
  89912 64576      133.3145   694                    134.5215 27996746         
  89996 64647        cutoff                          134.5196 28012093         
  90084 64725      128.8308   525                    134.5187 28031426         
Elapsed time = 15862.30 sec. (22933393.04 ticks, tree = 2435.54 MB, solutions = 0)
Nodefile size = 388.33 MB (260.78 MB after compression)
  90142 64769      122.6059   630                    134.5172 28053699         
  90211 64790      131.1719   606                    134.5136 28076305         
  90250 64815      119.5880   533                    134.5128 28099433         
  90300 64837      131.8984   610                    134.5107 28124554         
  90348 64873      120.8200   505                    134.5099 28145935         
  90409 64904      128.3019   540                    134.5093 28165726         
  90447 64917      123.0597   566                    134.5068 28183517         
  90483 64921      124.0139   492                    134.5043 28201070         
  90535 64953      128.0952   590                    134.5006 28217737         
  90590 64986      128.7112   554                    134.4989 28240320         
Elapsed time = 15971.42 sec. (23090181.23 ticks, tree = 2445.43 MB, solutions = 0)
Nodefile size = 398.11 MB (267.45 MB after compression)
  90634 65012      122.1263   447                    134.4958 28262075         
  90699 65037      125.1068   554                    134.4892 28287627         
  90767 65093      128.1638   560                    134.4867 28301603         
  90825 65127      126.5168   458                    134.4850 28319059         
  90848 65124      124.9905   573                    134.4808 28334683         
  90907 65167      121.4183   586                    134.4800 28356192         
  90944 65164        cutoff                          134.4773 28374936         
  91000 65204      129.2564   517                    134.4764 28387364         
  91073 65257      122.8790   576                    134.4744 28409262         
  91127 65277      128.8636   565                    134.4707 28431842         
Elapsed time = 16083.86 sec. (23247575.39 ticks, tree = 2456.46 MB, solutions = 0)
Nodefile size = 408.88 MB (274.80 MB after compression)
  91166 65284      130.3454   558                    134.4682 28447883         
  91247 65361      125.7643   519                    134.4681 28465366         
  91337 65421      124.0275   568                    134.4663 28489216         
  91418 65474        cutoff                          134.4634 28511297         
  91516 65554        cutoff                          134.4612 28529235         
  91579 65597      134.3708   655                    134.4581 28553373         
  91624 65626      123.0355   443                    134.4581 28573246         
  91689 65657      123.4924   681                    134.4560 28596879         
  91734 65676      122.4597   568                    134.4534 28615446         
  91761 65675      126.5672   541                    134.4502 28633528         
Elapsed time = 16194.64 sec. (23403278.80 ticks, tree = 2471.54 MB, solutions = 0)
Nodefile size = 424.55 MB (285.48 MB after compression)
  91826 65722      126.4797   560                    134.4486 28651010         
  91908 65776      123.3095   611                    134.4464 28674333         
  91971 65829      120.6059   601                    134.4454 28695392         
  92051 65875      124.8866   555                    134.4427 28721398         
  92109 65909      123.3104   488                    134.4388 28742985         
  92151 65927      132.0972   599                    134.4354 28760559         
  92246 66018      130.2852   591                    134.4350 28776140         
  92299 66043        cutoff                          134.4329 28798465         
  92337 66055      128.1249   461                    134.4308 28819836         
  92394 66085      128.8355   551                    134.4300 28841754         
Elapsed time = 16303.77 sec. (23557976.69 ticks, tree = 2487.07 MB, solutions = 0)
Nodefile size = 439.22 MB (295.50 MB after compression)
  92467 66133      119.4957   552                    134.4284 28867630         
  92522 66160      131.1073   416                    134.4280 28885940         
  92550 66169        cutoff                          134.4273 28904536         
  92589 66172        cutoff                          134.4244 28922995         
  92660 66213      119.8167   561                    134.4216 28948906         
  92726 66263      124.8862   526                    134.4209 28968663         
  92794 66295      130.5159   650                    134.4173 28991505         
  92872 66358      121.4563   530                    134.4166 29011568         
  92906 66354      126.6505   509                    134.4134 29032214         
  92978 66408      128.7701   680                    134.4123 29050001         
Elapsed time = 16414.07 sec. (23713733.85 ticks, tree = 2499.31 MB, solutions = 0)
Nodefile size = 451.95 MB (304.18 MB after compression)
  93029 66429      128.7960   547                    134.4073 29072757         
  93062 66432      129.8005   490                    134.4058 29090550         
  93084 66436      127.7091   580                    134.4039 29102773         
  93143 66471      123.6920   429                    134.4007 29120590         
  93188 66486      134.1797   671                    134.3958 29144127         
  93274 66536        cutoff                          134.3946 29169258         
  93312 66539        cutoff                          134.3901 29189836         
  93341 66542      128.6981   654                    134.3864 29207979         
  93390 66561      121.2832   516                    134.3855 29231849         
  93437 66584      127.7809   566                    134.3828 29247252         
Elapsed time = 16527.59 sec. (23872228.74 ticks, tree = 2506.01 MB, solutions = 0)
Nodefile size = 458.81 MB (308.86 MB after compression)
  93485 66610      129.5000   530                    134.3818 29262717         
  93544 66627      126.3327   611                    134.3792 29287977         
  93576 66631      125.6131   536                    134.3768 29305256         
  93599 66640      125.9578   567                    134.3750 29314085         
  93656 66666      126.3569   582                    134.3735 29338408         
  93700 66674      134.3412   591                    134.3685 29357492         
  93746 66684      119.5503   624                    134.3655 29381073         
  93761 66677      126.2404   433                    134.3623 29389286         
  93812 66700        cutoff                          134.3605 29407719         
  93836 66708      130.8027   482                    134.3589 29419795         
Elapsed time = 16645.31 sec. (24033464.18 ticks, tree = 2510.74 MB, solutions = 0)
Nodefile size = 463.71 MB (312.19 MB after compression)
  93880 66725      131.6790   612                    134.3564 29435495         
  93959 66782      127.9245   422                    134.3532 29455979         
  94045 66846      127.0921   585                    134.3496 29481755         
  94072 66841      130.1798   389                    134.3476 29496810         
  94139 66882      122.0100   519                    134.3443 29515372         
  94178 66887      119.7959   563                    134.3400 29538445         
  94190 66881      122.3207   598                    134.3380 29546287         
  94213 66876      129.0457   578                    134.3354 29560521         
  94265 66906      120.4663   584                    134.3341 29582223         
  94366 66982      121.7452   541                    134.3326 29603426         
Elapsed time = 16759.81 sec. (24192032.93 ticks, tree = 2521.15 MB, solutions = 0)
Nodefile size = 473.51 MB (318.88 MB after compression)
  94414 67002      130.4180   568                    134.3277 29624819         
  94468 67016      133.6883   588                    134.3248 29646751         
  94558 67092      129.1337   627                    134.3227 29665016         
  94590 67094      120.4012   600                    134.3175 29689362         
  94640 67112      120.0387   589                    134.3149 29708693         
  94677 67117      120.3996   559                    134.3141 29730933         
  94760 67176      121.8546   659                    134.3114 29754389         
  94802 67180      119.4530   522                    134.3079 29776014         
  94868 67208      125.9123   502                    134.3046 29802149         
  94915 67224      125.1676   666                    134.3029 29821283         
Elapsed time = 16871.76 sec. (24349581.32 ticks, tree = 2530.34 MB, solutions = 0)
Nodefile size = 483.31 MB (325.55 MB after compression)
  95005 67298      123.0812   571                    134.3004 29839704         
  95059 67312      120.7895   619                    134.2967 29866798         
  95099 67328      123.9164   584                    134.2955 29887828         
  95136 67333      122.4476   508                    134.2927 29905735         
  95206 67367      132.6193   483                    134.2900 29929484         
  95270 67417      124.8659   366                    134.2889 29950391         
  95342 67451      129.6693   366                    134.2863 29973651         
  95382 67464      128.4772   389                    134.2836 29992913         
  95451 67507      130.6373   641                    134.2790 30013663         
  95528 67564      123.9039   510                    134.2770 30035841         
Elapsed time = 16984.37 sec. (24507826.34 ticks, tree = 2543.22 MB, solutions = 0)
Nodefile size = 496.04 MB (334.26 MB after compression)
  95602 67588      123.5368   660                    134.2722 30060421         
  95632 67588      119.6955   545                    134.2705 30078628         
  95696 67632      124.0537   700                    134.2692 30100645         
  95727 67621      122.4143   381                    134.2641 30120414         
  95787 67653      125.9197   534                    134.2602 30142356         
  95837 67683      124.1203   614                    134.2568 30159736         
  95913 67741      132.7466   569                    134.2560 30181262         
  95999 67818      123.3766   512                    134.2560 30202087         
  96044 67833      124.9112   635                    134.2531 30227074         
  96089 67851      127.0506   534                    134.2507 30246973         
Elapsed time = 17096.80 sec. (24666061.95 ticks, tree = 2554.10 MB, solutions = 0)
Nodefile size = 506.80 MB (341.62 MB after compression)
  96103 67849      129.4952   510                    134.2495 30259345         
  96151 67871      123.0010   623                    134.2483 30280384         
  96213 67925      133.5232   613                    134.2474 30297253         
  96298 67994      129.7973   464                    134.2468 30316819         
  96353 68019      125.0483   455                    134.2439 30341349         
  96422 68054      125.6922   535                    134.2389 30367964         
  96504 68098      131.0498   634                    134.2358 30388933         
  96588 68174      124.9573   496                    134.2351 30407804         
  96643 68187      128.1889   457                    134.2319 30434066         
  96688 68198      132.6870   658                    134.2299 30458209         
Elapsed time = 17208.65 sec. (24824128.33 ticks, tree = 2567.25 MB, solutions = 0)
Nodefile size = 519.53 MB (350.34 MB after compression)
  96765 68263      132.1439   561                    134.2278 30476303         
  96831 68275      124.7284   576                    134.2227 30502136         
  96871 68295      123.8848   570                    134.2217 30521884         
  96971 68371        cutoff                          134.2208 30543339         
  97012 68380      127.4052   532                    134.2194 30565607         
  97084 68418      133.4371   490                    134.2137 30591620         
  97178 68508      121.7891   494                    134.2135 30609877         
  97255 68538      129.7918   578                    134.2119 30632907         
  97314 68573      125.2348   411                    134.2098 30655716         
  97412 68653        cutoff                          134.2086 30677684         
Elapsed time = 17319.72 sec. (24979456.97 ticks, tree = 2584.48 MB, solutions = 0)
Nodefile size = 537.16 MB (362.40 MB after compression)
  97481 68690      125.1552   439                    134.2055 30701495         
  97574 68754      120.8818   511                    134.2028 30725776         
  97634 68784      125.7291   612                    134.2002 30750289         
  97695 68813      121.7861   499                    134.1973 30772792         
  97735 68817      124.4062   591                    134.1950 30789999         
  97768 68820      125.6907   629                    134.1895 30808951         
  97845 68865      126.1462   498                    134.1881 30833827         
  97890 68882      120.9893   536                    134.1866 30856600         
  97937 68921      121.0042   519                    134.1864 30868395         
  97982 68928      125.1691   630                    134.1833 30891576         
Elapsed time = 17431.33 sec. (25136138.39 ticks, tree = 2594.92 MB, solutions = 0)
Nodefile size = 547.95 MB (369.79 MB after compression)
  98063 68973      119.4570   466                    134.1810 30914439         
  98105 68977        cutoff                          134.1790 30937598         
  98126 68972      125.7288   520                    134.1749 30950614         
  98169 68989        cutoff                          134.1738 30972775         
  98188 68990      124.2578   450                    134.1703 30983698         
  98225 69003      127.9047   573                    134.1661 31002316         
  98284 69032      125.0275   445                    134.1638 31027611         
  98315 69031      123.8538   444                    134.1612 31044872         
  98355 69038        cutoff                          134.1573 31065473         
  98427 69084      125.2862   466                    134.1537 31089061         
Elapsed time = 17543.62 sec. (25293843.20 ticks, tree = 2600.86 MB, solutions = 0)
Nodefile size = 553.84 MB (373.79 MB after compression)
  98461 69088      128.9820   555                    134.1503 31105531         
  98500 69098      125.1068   447                    134.1487 31122991         
  98536 69097      120.7793   525                    134.1458 31140479         
  98578 69101      132.8377   458                    134.1395 31157792         
  98673 69174      125.8048   588                    134.1347 31177273         
  98724 69195      125.9019   541                    134.1328 31198388         
  98800 69239      125.0856   583                    134.1307 31223944         
  98838 69239      127.0498   595                    134.1298 31240862         
  98914 69283      121.6239   540                    134.1251 31262723         
  98988 69337      122.9845   614                    134.1223 31283995         
Elapsed time = 17655.60 sec. (25449207.55 ticks, tree = 2610.47 MB, solutions = 0)
Nodefile size = 562.67 MB (379.83 MB after compression)
  99024 69337      127.3779   532                    134.1194 31303455         
  99068 69355      128.2994   465                    134.1168 31324031         
  99117 69372      120.1607   522                    134.1136 31346739         
  99151 69372      121.4538   654                    134.1101 31363833         
  99195 69381      121.6392   551                    134.1048 31387767         
  99234 69396      126.8251   578                    134.1026 31407688         
  99254 69395        cutoff                          134.1011 31419489         
  99306 69423      122.6942   671                    134.0988 31440701         
  99370 69461      128.6081   556                    134.0962 31464438         
  99431 69492      127.6655   603                    134.0934 31486284         
Elapsed time = 17768.83 sec. (25608711.19 ticks, tree = 2616.36 MB, solutions = 0)
Nodefile size = 569.53 MB (384.52 MB after compression)
  99501 69536      124.5796   597                    134.0911 31510643         
  99564 69579      120.8653   571                    134.0891 31531265         
  99615 69604      127.7475   543                    134.0856 31551604         
  99654 69613      130.2344   520                    134.0829 31570854         
  99700 69627      130.8465   599                    134.0800 31589104         
  99749 69642      124.3358   526                    134.0747 31609767         
  99763 69641      122.0263   532                    134.0735 31618487         
  99781 69633      128.0222   560                    134.0701 31627425         
  99812 69654      129.0637   628                    134.0688 31636316         
  99885 69707      126.2054   503                    134.0661 31662321         
Elapsed time = 17882.33 sec. (25765788.02 ticks, tree = 2624.53 MB, solutions = 0)
Nodefile size = 577.38 MB (389.90 MB after compression)
  99925 69729      126.2148   557                    134.0632 31685442         
  99957 69729      127.3070   464                    134.0590 31698680         
 100005 69749      122.6425   343                    134.0546 31721612         
 100061 69757      123.4573   606                    134.0517 31745026         
 100087 69755      122.3275   539                    134.0496 31761560         
 100149 69787      125.2176   491                    134.0481 31784127         
 100192 69800        cutoff                          134.0453 31806024         
 100221 69811      122.1624   515                    134.0430 31822144         
 100254 69806      120.3708   482                    134.0410 31841267         
 100319 69840        cutoff                          134.0390 31865311         
Elapsed time = 17996.83 sec. (25925558.84 ticks, tree = 2629.64 MB, solutions = 0)
Nodefile size = 582.28 MB (393.24 MB after compression)
 100383 69866      120.6228   614                    134.0355 31890471         
 100436 69893      127.5193   471                    134.0322 31913025         
 100493 69914      126.4042   441                    134.0308 31935007         
 100568 69961      121.3986   450                    134.0293 31958925         
 100603 69973      127.4082   479                    134.0272 31975448         
 100657 69995      123.0941   474                    134.0261 31998075         
 100711 70027      119.6523   573                    134.0253 32020919         
 100753 70037      125.2272   600                    134.0224 32043306         
 100802 70058      121.2975   519                    134.0198 32065869         
 100848 70078      128.0143   495                    134.0167 32081472         
Elapsed time = 18110.91 sec. (26084454.12 ticks, tree = 2638.64 MB, solutions = 0)
Nodefile size = 591.11 MB (399.27 MB after compression)
 100900 70086      126.8272   524                    134.0147 32104501         
 100946 70110      120.1751   659                    134.0128 32126853         
 101001 70127      122.9772   376                    134.0109 32147922         
 101083 70185      132.1935   606                    134.0092 32163571         
 101157 70245      124.2769   422                    134.0082 32184389         
 101209 70260      131.4223   584                    134.0051 32209312         
 101252 70280      121.7258   491                    134.0033 32232548         
 101321 70307      132.1786   631                    133.9999 32254690         
 101397 70357      127.2831   595                    133.9979 32278278         
 101452 70375        cutoff                          133.9946 32300488         
Elapsed time = 18219.78 sec. (26239260.24 ticks, tree = 2649.93 MB, solutions = 0)
Nodefile size = 602.87 MB (407.32 MB after compression)
 101505 70404      128.7200   413                    133.9924 32320765         
 101577 70437      120.0849   572                    133.9884 32346347         
 101615 70452      125.6380   570                    133.9848 32364977         
 101729 70562      124.5688   540                    133.9845 32382191         
 101803 70596        cutoff                          133.9823 32407256         
 101850 70633      127.4026   492                    133.9817 32427104         
 101880 70633      127.4900   509                    133.9795 32446240         
 101920 70646      126.5482   575                    133.9780 32467591         
 101967 70663      129.6437   659                    133.9760 32488504         
 102029 70703      126.0150   507                    133.9734 32513967         
Elapsed time = 18330.52 sec. (26395239.85 ticks, tree = 2662.29 MB, solutions = 0)
Nodefile size = 614.64 MB (415.38 MB after compression)
 102094 70722      120.1075   568                    133.9690 32537016         
 102156 70760      126.6784   500                    133.9660 32553259         
 102190 70756      125.2409   565                    133.9621 32573446         
 102220 70754      121.9786   592                    133.9596 32591176         
 102297 70795        cutoff                          133.9573 32616541         
 102351 70830      129.0866   492                    133.9558 32637938         
 102382 70833      123.8533   534                    133.9540 32655133         
 102425 70840      127.9437   545                    133.9522 32675813         
 102484 70865      126.6203   613                    133.9496 32700136         
 102517 70854        cutoff                          133.9451 32721330         
Elapsed time = 18442.46 sec. (26552398.33 ticks, tree = 2668.13 MB, solutions = 0)
Nodefile size = 621.51 MB (420.08 MB after compression)
 102568 70885      123.4310   554                    133.9434 32742650         
 102633 70930      129.8687   595                    133.9415 32762978         
 102675 70944      132.1140   496                    133.9400 32785167         
 102726 70967      123.3647   512                    133.9378 32806310         
 102763 70970      126.7757   538                    133.9347 32824709         
 102821 71008      126.2120   521                    133.9338 32845447         
 102880 71023        cutoff                          133.9313 32871062         
 102922 71039      133.2995   601                    133.9293 32890821         
 102977 71064      120.2528   536                    133.9278 32913171         
 103018 71073        cutoff                          133.9251 32932390         
Elapsed time = 18554.58 sec. (26710177.17 ticks, tree = 2676.45 MB, solutions = 0)
Nodefile size = 629.35 MB (425.45 MB after compression)
 103067 71096      125.0490   605                    133.9227 32953877         
 103105 71100      128.3539   466                    133.9210 32974462         
 103153 71124      128.7523   462                    133.9199 32990974         
 103219 71168      125.8920   651                    133.9181 33017612         
 103268 71181      126.5442   495                    133.9147 33043165         
 103331 71214      122.7663   526                    133.9130 33067036         
 103377 71240      119.9685   571                    133.9117 33086711         
 103445 71274        cutoff                          133.9112 33111430         
 103469 71269        cutoff                          133.9094 33126581         
 103544 71332      124.6699   561                    133.9085 33147392         
Elapsed time = 18666.18 sec. (26867331.69 ticks, tree = 2686.25 MB, solutions = 0)
Nodefile size = 639.16 MB (432.15 MB after compression)
 103598 71342      124.3042   441                    133.9065 33173197         
 103678 71398      122.1242   470                    133.9046 33196981         
 103708 71392        cutoff                          133.9019 33213684         
 103722 71392      126.5648   469                    133.9002 33221241         
 103771 71409      126.2535   563                    133.8981 33241031         
 103832 71448      128.5269   486                    133.8971 33262099         
 103868 71452      120.9017   497                    133.8947 33285412         
 103913 71479      131.3427   512                    133.8933 33305468         
 103995 71541      124.6336   545                    133.8924 33329326         
 104047 71565      121.7946   510                    133.8884 33354092         
Elapsed time = 18780.18 sec. (27026732.57 ticks, tree = 2695.10 MB, solutions = 0)
Nodefile size = 647.99 MB (438.17 MB after compression)
 104076 71568      126.0321   546                    133.8872 33370331         
 104140 71588      124.9141   489                    133.8835 33395994         
 104170 71582      125.3309   594                    133.8803 33415638         
 104211 71593      130.2938   409                    133.8773 33434783         
 104268 71618        cutoff                          133.8749 33458073         
 104345 71659      122.6151   496                    133.8728 33479748         
 104424 71730      122.3151   648                    133.8723 33499924         
 104458 71738      122.4390   625                    133.8698 33520514         
 104484 71736        cutoff                          133.8673 33536920         
 104520 71754      125.8925   535                    133.8658 33550868         
Elapsed time = 18895.64 sec. (27187733.21 ticks, tree = 2702.28 MB, solutions = 0)
Nodefile size = 654.86 MB (442.87 MB after compression)
 104574 71770      123.4893   629                    133.8644 33574129         
 104607 71769      129.2774   490                    133.8603 33588340         
 104658 71796        cutoff                          133.8588 33610507         
 104692 71796      124.3021   558                    133.8556 33630592         
 104781 71871        cutoff                          133.8545 33655131         
 104823 71883      123.7681   568                    133.8518 33680420         
 104840 71876      127.1302   522                    133.8485 33690419         
 104879 71891        cutoff                          133.8473 33713067         
 104893 71885      126.3270   415                    133.8413 33725880         
 104921 71888      131.4821   476                    133.8395 33743375         
Elapsed time = 19014.11 sec. (27351808.74 ticks, tree = 2707.39 MB, solutions = 0)
Nodefile size = 659.78 MB (446.21 MB after compression)
 104980 71913        cutoff                          133.8360 33765883         
 105013 71918        cutoff                          133.8332 33785829         
 105044 71910      122.9980   530                    133.8302 33804756         
 105070 71900      121.3239   484                    133.8250 33822187         
 105099 71897      131.2035   485                    133.8206 33842418         
 105155 71933      126.5509   508                    133.8192 33861989         
 105216 71972      121.2923   488                    133.8167 33887699         
 105283 72011      127.2244   579                    133.8143 33909446         
 105316 72013      126.2717   583                    133.8109 33930209         
 105366 72029      130.8730   513                    133.8086 33950278         
Elapsed time = 19129.11 sec. (27513321.56 ticks, tree = 2712.77 MB, solutions = 0)
Nodefile size = 665.68 MB (450.21 MB after compression)
 105434 72061      124.1423   372                    133.8070 33970795         
 105462 72065        cutoff                          133.8041 33987002         
 105515 72100      125.3803   598                    133.8024 34008512         
 105578 72109        cutoff                          133.7966 34032052         
 105609 72114        cutoff                          133.7945 34053447         
 105640 72115        cutoff                          133.7907 34071923         
 105670 72119      125.8846   587                    133.7885 34089341         
 105727 72154      130.5213   579                    133.7878 34105884         
 105806 72211      129.9610   498                    133.7861 34127365         
 105857 72236      123.8648   450                    133.7849 34150306         
Elapsed time = 19238.95 sec. (27669029.53 ticks, tree = 2720.64 MB, solutions = 0)
Nodefile size = 673.52 MB (455.58 MB after compression)
 105940 72307        cutoff                          133.7845 34164932         
 105981 72312      122.2923   601                    133.7795 34188318         
 106004 72306      120.0827   538                    133.7768 34205667         
 106074 72334      121.7546   570                    133.7740 34231700         
 106130 72354      132.8999   643                    133.7718 34251317         
 106203 72413        cutoff                          133.7711 34272179         
 106259 72437      128.6561   565                    133.7704 34292340         
 106321 72465      128.8989   522                    133.7676 34317408         
 106363 72485      126.8079   412                    133.7657 34334691         
 106422 72506      123.6839   627                    133.7618 34358730         
Elapsed time = 19353.03 sec. (27831106.74 ticks, tree = 2730.89 MB, solutions = 0)
Nodefile size = 683.33 MB (462.32 MB after compression)
 106456 72522      120.7255   554                    133.7606 34378074         
 106492 72507      129.9955   497                    133.7551 34394375         
 106563 72558      119.9766   688                    133.7516 34416104         
 106605 72566      127.0637   618                    133.7499 34439850         
 106657 72600      123.7312   362                    133.7483 34463716         
 106729 72646      122.5028   448                    133.7458 34485831         
 106777 72654      121.9560   445                    133.7438 34505865         
 106833 72674      124.2933   489                    133.7424 34531871         
 106891 72712      124.5855   519                    133.7408 34556110         
 106941 72722      120.2132   492                    133.7392 34575304         
Elapsed time = 19466.61 sec. (27990810.65 ticks, tree = 2739.10 MB, solutions = 0)
Nodefile size = 691.18 MB (467.69 MB after compression)
 106977 72720      125.4294   581                    133.7358 34592753         
 107026 72740        cutoff                          133.7315 34615302         
 107055 72747      123.3812   567                    133.7293 34635070         
 107107 72773      128.0393   517                    133.7274 34654684         
 107141 72779        cutoff                          133.7253 34674480         
 107178 72798      128.0850   556                    133.7226 34690079         
 107257 72843      126.6686   468                    133.7183 34717621         
 107296 72853      127.2409   486                    133.7143 34735296         
 107373 72908      126.9387   543                    133.7121 34758181         
 107424 72938      124.9311   552                    133.7112 34778642         
Elapsed time = 19579.73 sec. (28148151.80 ticks, tree = 2747.31 MB, solutions = 0)
Nodefile size = 700.03 MB (473.72 MB after compression)
 107481 72967      125.0169   459                    133.7071 34803205         
 107519 72971      123.4780   420                    133.7040 34824576         
 107570 72986        cutoff                          133.7010 34847026         
 107599 72991      126.8313   545                    133.6976 34860694         
 107661 73027        cutoff                          133.6957 34882851         
 107704 73034      121.8005   570                    133.6908 34905347         
 107742 73028        cutoff                          133.6862 34923838         
 107822 73098      127.4686   519                    133.6857 34940645         
 107893 73139      119.9945   507                    133.6832 34966296         
 107962 73186      120.4230   463                    133.6813 34991371         
Elapsed time = 19691.40 sec. (28305290.13 ticks, tree = 2756.74 MB, solutions = 0)
Nodefile size = 708.86 MB (479.75 MB after compression)
 107991 73177      119.6521   545                    133.6768 35008271         
 108047 73203      122.2063   514                    133.6745 35029847         
 108106 73232      128.5366   636                    133.6708 35052760         
 108171 73283      122.1992   590                    133.6681 35075418         
 108212 73286        cutoff                          133.6618 35094493         
 108242 73290      119.5110   512                    133.6586 35109691         
 108272 73298      125.7637   522                    133.6561 35118710         
 108314 73318      123.5245   610                    133.6542 35143724         
 108352 73326      121.0090   621                    133.6509 35163415         
 108419 73383      128.6514   578                    133.6486 35180093         
Elapsed time = 19804.29 sec. (28462873.37 ticks, tree = 2764.23 MB, solutions = 0)
Nodefile size = 716.71 MB (485.12 MB after compression)
 108468 73402        cutoff                          133.6455 35201647         
 108504 73418      130.6053   631                    133.6450 35217369         
 108576 73466      123.1133   543                    133.6436 35241617         
 108607 73463      127.5982   338                    133.6405 35260899         
 108644 73472      122.8455   508                    133.6377 35280216         
 108681 73469        cutoff                          133.6344 35303595         
 108759 73525      120.2767   383                    133.6332 35323901         
 108786 73518      128.9192   407                    133.6283 35338335         
 108868 73572      120.1817   500                    133.6264 35362632         
 108932 73616      129.2748   592                    133.6252 35382971         
Elapsed time = 19918.71 sec. (28622666.11 ticks, tree = 2773.09 MB, solutions = 0)
Nodefile size = 725.55 MB (491.16 MB after compression)
 108979 73627        cutoff                          133.6233 35403487         
 109011 73627      120.6769   530                    133.6198 35421959         
 109096 73696      127.0886   411                    133.6192 35442480         
 109136 73706      124.5186   425                    133.6181 35465152         
 109185 73735      121.8186   532                    133.6168 35482043         
 109225 73735        cutoff                          133.6112 35504041         
 109276 73740      129.2295   480                    133.6060 35525294         
 109334 73771      127.9527   487                    133.6034 35545405         
 109380 73787      125.8732   495                    133.6016 35568236         
 109415 73794      123.7848   666                    133.5990 35589278         
Elapsed time = 20028.18 sec. (28776317.07 ticks, tree = 2779.87 MB, solutions = 0)
Nodefile size = 732.41 MB (495.88 MB after compression)
 109443 73788      126.5446   495                    133.5966 35606086         
 109482 73793        cutoff                          133.5952 35625624         
 109559 73854      131.0801   565                    133.5939 35643049         
 109594 73855      127.8920   440                    133.5909 35666535         
 109655 73895      125.9831   540                    133.5891 35689215         
 109687 73893      124.9698   412                    133.5865 35708650         
 109741 73905        cutoff                          133.5834 35732470         
 109793 73927      119.5939   536                    133.5802 35752643         
 109814 73919      128.1398   505                    133.5787 35765937         
 109863 73928      121.7258   571                    133.5753 35789917         
Elapsed time = 20138.09 sec. (28931536.72 ticks, tree = 2784.99 MB, solutions = 0)
Nodefile size = 737.32 MB (499.24 MB after compression)
 109906 73941      122.5635   460                    133.5724 35809446         
 109980 73999      132.6604   596                    133.5713 35829397         
 110069 74064      123.2577   624                    133.5692 35852842         
 110147 74114      130.1438   410                    133.5660 35876116         
 110220 74158        cutoff                          133.5653 35901199         
 110279 74177      126.6650   602                    133.5624 35922695         
 110331 74205      129.0802   553                    133.5606 35946710         
 110409 74253      124.3184   501                    133.5601 35971813         
 110471 74301      130.9554   634                    133.5593 35987557         
 110519 74325      130.5363   389                    133.5582 36007139         
Elapsed time = 20251.46 sec. (29089765.34 ticks, tree = 2800.08 MB, solutions = 0)
Nodefile size = 753.03 MB (510.01 MB after compression)
 110596 74386      125.3354   632                    133.5578 36029763         
 110658 74412      121.2437   518                    133.5563 36055500         
 110699 74427      122.4114   456                    133.5548 36072745         
 110750 74446      126.1950   595                    133.5511 36091963         
 110791 74451        cutoff                          133.5476 36112655         
 110846 74478      119.7112   485                    133.5451 36134272         
 110909 74523      129.8221   525                    133.5427 36150500         
 110970 74574      119.8558   385                    133.5421 36174215         
 111029 74616      120.5638   465                    133.5414 36194751         
 111085 74656      122.3979   571                    133.5405 36213713         
Elapsed time = 20362.09 sec. (29246903.25 ticks, tree = 2812.66 MB, solutions = 0)
Nodefile size = 764.80 MB (518.08 MB after compression)
 111142 74684      119.6904   552                    133.5390 36239032         
 111188 74691      120.2004   483                    133.5358 36261806         
 111235 74692      126.4682   352                    133.5311 36284751         
 111296 74737      123.9169   636                    133.5296 36304646         
 111356 74755      127.4706   465                    133.5270 36327400         
 111434 74815      123.9678   516                    133.5265 36350100         
 111495 74846      132.0271   604                    133.5246 36372542         
 111554 74889      121.1842   509                    133.5234 36393916         
 111603 74912      129.7505   548                    133.5215 36413656         
 111645 74912        cutoff                          133.5193 36435076         
Elapsed time = 20472.43 sec. (29403463.58 ticks, tree = 2822.47 MB, solutions = 0)
Nodefile size = 775.60 MB (525.47 MB after compression)
 111689 74924      122.5737   496                    133.5178 36455117         
 111724 74931      124.8084   537                    133.5159 36473602         
 111764 74941      131.7403   488                    133.5127 36493238         
 111820 74951      128.7122   514                    133.5112 36519060         
 111866 74955        cutoff                          133.5098 36540670         
 111914 74963      124.0335   562                    133.5083 36560422         
 111963 74973      128.1706   521                    133.5040 36580111         
 112000 74970        cutoff                          133.5006 36599234         
 112030 74970      121.4539   551                    133.4978 36615478         
 112077 74981        cutoff                          133.4961 36635113         
Elapsed time = 20585.02 sec. (29562175.91 ticks, tree = 2825.15 MB, solutions = 0)
Nodefile size = 777.58 MB (526.80 MB after compression)
 112109 74992      126.7567   452                    133.4948 36651826         
 112148 74999      128.8856   490                    133.4922 36669020         
 112224 75047      124.7929   538                    133.4916 36695548         
 112298 75097      122.5480   513                    133.4905 36721417         
 112353 75120        cutoff                          133.4888 36742695         
 112413 75162      128.0694   512                    133.4882 36761753         
 112447 75165      128.0880   613                    133.4862 36785961         
 112499 75187      126.7996   429                    133.4838 36809740         
 112521 75187        cutoff                          133.4823 36825843         
 112578 75212        cutoff                          133.4810 36849201         
Elapsed time = 20699.15 sec. (29721063.55 ticks, tree = 2833.96 MB, solutions = 0)
Nodefile size = 786.46 MB (532.85 MB after compression)
 112626 75236      128.3689   469                    133.4794 36867424         
 112662 75230      124.3656   537                    133.4758 36885073         
 112713 75237        cutoff                          133.4735 36907635         
 112730 75232      131.0813   467                    133.4715 36916586         
 112819 75277      124.5043   511                    133.4697 36940010         
 112840 75268      127.2560   594                    133.4670 36955413         
 112907 75309        cutoff                          133.4649 36975740         
 112967 75347        cutoff                          133.4644 36998461         
 113001 75353        cutoff                          133.4627 37016819         
 113035 75359      122.6936   583                    133.4592 37038016         
Elapsed time = 20813.53 sec. (29881005.24 ticks, tree = 2839.56 MB, solutions = 0)
Nodefile size = 792.36 MB (536.88 MB after compression)
 113075 75361      125.9217   619                    133.4562 37058950         
 113136 75402      127.2877   584                    133.4547 37077926         
 113189 75427      122.1140   643                    133.4510 37103708         
 113226 75418        cutoff                          133.4474 37118981         
 113285 75443      120.3867   574                    133.4438 37140966         
 113313 75435      121.8874   546                    133.4404 37158140         
 113336 75427        cutoff                          133.4368 37171535         
 113365 75427      119.4907   575                    133.4346 37190040         
 113452 75498      123.7705   626                    133.4336 37210306         
 113483 75505      130.0808   542                    133.4323 37229900         
Elapsed time = 20926.64 sec. (30039644.90 ticks, tree = 2845.15 MB, solutions = 0)
Nodefile size = 797.27 MB (540.25 MB after compression)
 113545 75539      120.7933   622                    133.4291 37254016         
 113590 75550      124.3159   622                    133.4263 37275357         
 113633 75563      122.8419   549                    133.4232 37300065         
 113661 75555      119.7859   540                    133.4198 37318406         
 113702 75555        cutoff                          133.4163 37337226         
 113751 75577      129.0401   404                    133.4143 37360665         
 113804 75592      121.5523   606                    133.4128 37385301         
 113858 75604        cutoff                          133.4103 37406110         
 113900 75598      128.9748   514                    133.4070 37427308         
 113948 75604      120.7881   554                    133.4045 37447416         
Elapsed time = 21042.25 sec. (30201494.90 ticks, tree = 2848.97 MB, solutions = 0)
Nodefile size = 801.22 MB (542.93 MB after compression)
 114009 75646      127.4252   449                    133.4039 37467775         
 114102 75717      128.6171   639                    133.4037 37488339         
 114164 75743        cutoff                          133.4014 37517754         
 114227 75780        cutoff                          133.3997 37542241         
 114269 75800      126.1807   618                    133.3989 37559953         
 114309 75809      125.1275   550                    133.3960 37580332         
 114382 75854      120.0850   598                    133.3938 37600560         
 114409 75851      125.5265   421                    133.3926 37618003         
 114440 75846      121.3525   510                    133.3903 37636930         
 114477 75855      127.5656   538                    133.3877 37655435         
Elapsed time = 21155.31 sec. (30360294.46 ticks, tree = 2858.53 MB, solutions = 0)
Nodefile size = 811.05 MB (549.66 MB after compression)
 114526 75860      124.2699   566                    133.3857 37676405         
 114577 75889      124.4343   377                    133.3850 37697133         
 114654 75942        cutoff                          133.3843 37716657         
 114734 76010      123.3009   453                    133.3841 37739571         
 114802 76055      128.6962   453                    133.3815 37765391         
 114825 76052      127.7239   568                    133.3805 37782524         
 114850 76052      124.4933   549                    133.3785 37800016         
 114897 76049      126.3140   474                    133.3763 37821306         
 114951 76073      126.2161   498                    133.3751 37844014         
 114987 76079      123.3558   511                    133.3729 37866351         
Elapsed time = 21268.50 sec. (30518434.80 ticks, tree = 2867.06 MB, solutions = 0)
Nodefile size = 819.90 MB (555.71 MB after compression)
 115054 76124      131.4549   540                    133.3715 37886082         
 115120 76170      126.4936   581                    133.3706 37907419         
 115179 76199        cutoff                          133.3695 37931661         
 115204 76190      120.6044   477                    133.3661 37946261         
 115221 76188      126.3735   513                    133.3650 37956311         
 115252 76189      125.8435   469                    133.3630 37974425         
 115297 76188      120.1403   506                    133.3605 37993381         
 115346 76201      120.3398   576                    133.3595 38016268         
 115392 76215      126.7217   495                    133.3588 38039693         
 115413 76214      128.1017   489                    133.3566 38050642         
Elapsed time = 21385.16 sec. (30679483.46 ticks, tree = 2872.23 MB, solutions = 0)
Nodefile size = 824.82 MB (559.08 MB after compression)
 115461 76223      120.0524   622                    133.3537 38071136         
 115515 76248      125.7774   498                    133.3486 38093503         
 115560 76277      120.2367   514                    133.3482 38114361         
 115604 76288      130.7156   634                    133.3457 38132828         
 115681 76355      126.9165   536                    133.3452 38154317         
 115738 76368        cutoff                          133.3438 38179539         
 115785 76397        cutoff                          133.3422 38197922         
 115839 76417      128.6768   491                    133.3405 38220106         
 115886 76420      129.8008   490                    133.3369 38240797         
 115937 76443      130.0830   481                    133.3335 38261111         
Elapsed time = 21498.66 sec. (30837773.96 ticks, tree = 2880.97 MB, solutions = 0)
Nodefile size = 833.67 MB (565.13 MB after compression)
 115980 76452      124.5583   445                    133.3301 38280686         
 116062 76494      126.0637   589                    133.3260 38302678         
 116091 76490      120.4834   572                    133.3229 38313930         
 116129 76508      130.1469   619                    133.3212 38329362         
 116195 76548        cutoff                          133.3200 38353542         
 116230 76549      123.0417   599                    133.3161 38372951         
 116259 76536      126.3056   474                    133.3106 38388749         
 116311 76558        cutoff                          133.3086 38410217         
 116403 76635      119.7022   369                    133.3080 38433092         
 116423 76627      124.2881   542                    133.3057 38447103         
Elapsed time = 21611.96 sec. (30994899.98 ticks, tree = 2888.00 MB, solutions = 0)
Nodefile size = 840.55 MB (569.85 MB after compression)
 116482 76658      124.8100   516                    133.3018 38469000         
 116527 76683      123.2574   610                    133.2991 38488555         
 116603 76731      129.5434   592                    133.2987 38506654         
 116682 76782      129.8672   558                    133.2971 38529450         
 116718 76783        cutoff                          133.2928 38548398         
 116797 76852      123.3804   622                    133.2909 38567678         
 116839 76859      125.7336   551                    133.2881 38586397         
 116919 76925      128.5219   623                    133.2853 38601876         
 116974 76952      123.8947   620                    133.2823 38625856         
 117051 76991      120.6638   593                    133.2799 38652326         
Elapsed time = 21722.37 sec. (31150980.55 ticks, tree = 2901.84 MB, solutions = 0)
Nodefile size = 854.29 MB (579.29 MB after compression)
 117093 76995      120.7322   544                    133.2776 38675767         
 117137 76997      122.0684   577                    133.2745 38696599         
 117167 76999      123.1555   495                    133.2731 38717804         
 117199 76993      128.0522   634                    133.2702 38737594         
 117239 76999        cutoff                          133.2668 38759588         
 117259 76999      124.6583   567                    133.2661 38771467         
 117298 77000      120.1912   515                    133.2638 38794816         
 117320 76994      125.1167   598                    133.2620 38808856         
 117349 77001      125.1292   513                    133.2608 38824163         
 117388 76998        cutoff                          133.2586 38839467         
Elapsed time = 21837.65 sec. (31311157.60 ticks, tree = 2902.21 MB, solutions = 0)
Nodefile size = 855.27 MB (579.95 MB after compression)
 117424 76994      126.0948   578                    133.2550 38859355         
 117477 77020      120.2575   643                    133.2528 38879748         
 117538 77043      122.9309   427                    133.2498 38903601         
 117586 77057        cutoff                          133.2482 38926897         
 117607 77048      122.0181   599                    133.2469 38943028         
 117656 77063      127.0638   393                    133.2452 38957688         
 117730 77097      130.2252   356                    133.2401 38980082         
 117783 77114      128.1807   426                    133.2366 38996527         
 117817 77122      123.0539   486                    133.2354 39016269         
 117859 77130      122.8178   588                    133.2325 39034844         
Elapsed time = 21949.84 sec. (31468917.75 ticks, tree = 2907.23 MB, solutions = 0)
Nodefile size = 860.22 MB (583.30 MB after compression)
 117919 77144      124.9309   556                    133.2294 39054725         
 117975 77164        cutoff                          133.2274 39075231         
 118044 77211      126.9062   582                    133.2253 39097182         
 118144 77289      123.4940   532                    133.2234 39125993         
 118235 77351      128.0883   518                    133.2224 39150352         
 118285 77369      130.9382   478                    133.2200 39170698         
 118377 77433        cutoff                          133.2164 39194308         
 118428 77450      124.2487   532                    133.2151 39218216         
 118491 77476      125.6616   550                    133.2127 39240348         
 118523 77474        cutoff                          133.2097 39259487         
Elapsed time = 22061.79 sec. (31625608.28 ticks, tree = 2920.39 MB, solutions = 0)
Nodefile size = 873.02 MB (592.06 MB after compression)
 118564 77487      120.9257   626                    133.2070 39281849         
 118604 77487      122.3322   600                    133.2049 39302773         
 118629 77478      124.6586   529                    133.2026 39320039         
 118671 77482      120.7698   561                    133.1989 39341868         
 118720 77505      126.8011   608                    133.1967 39362774         
 118784 77547      126.2049   557                    133.1957 39384679         
 118825 77555      127.4344   481                    133.1912 39406920         
 118880 77582      132.0384   635                    133.1893 39429734         
 118932 77604      126.1473   496                    133.1861 39449978         
 118964 77592      120.4665   516                    133.1820 39473226         
Elapsed time = 22176.83 sec. (31787726.41 ticks, tree = 2924.89 MB, solutions = 0)
Nodefile size = 877.96 MB (595.43 MB after compression)
 119000 77590      127.7896   481                    133.1802 39494064         
 119048 77596      122.0121   523                    133.1768 39513486         
 119074 77598      128.9193   527                    133.1748 39530649         
 119114 77612      123.0127   427                    133.1737 39552531         
 119185 77643      124.1887   576                    133.1714 39574840         
 119221 77643      124.6210   605                    133.1694 39597581         
 119274 77654        cutoff                          133.1674 39621789         
 119340 77698      124.2207   509                    133.1658 39640076         
 119423 77769      121.9575   506                    133.1644 39661139         
 119462 77770        cutoff                          133.1611 39684897         
Elapsed time = 22290.52 sec. (31947505.44 ticks, tree = 2931.73 MB, solutions = 0)
Nodefile size = 884.84 MB (600.15 MB after compression)
 119496 77780      126.4794   514                    133.1587 39702128         
 119562 77812      123.3330   445                    133.1569 39726282         
 119601 77811      122.7568   584                    133.1550 39746502         
 119656 77820      122.2470   572                    133.1538 39768999         
 119720 77858      126.9689   507                    133.1518 39785861         
 119762 77864      125.6685   494                    133.1496 39808079         
 119797 77855      119.7736   598                    133.1470 39830030         
 119843 77869      125.0063   415                    133.1453 39849207         
 119886 77886      121.3976   504                    133.1440 39873107         
 119908 77884      128.6399   542                    133.1430 39887823         
Elapsed time = 22404.27 sec. (32105502.74 ticks, tree = 2936.08 MB, solutions = 0)
Nodefile size = 888.79 MB (602.83 MB after compression)
 119935 77875        cutoff                          133.1415 39905336         
 119953 77869      129.1718   414                    133.1400 39918767         
 120018 77926      126.9937   623                    133.1395 39938234         
 120089 77979      120.2596   446                    133.1370 39958417         
 120149 77999        cutoff                          133.1340 39981977         
 120213 78019      122.1233   483                    133.1304 40004828         
 120255 78017      128.0809   501                    133.1262 40028024         
 120296 78030      120.8063   610                    133.1249 40046667         
 120365 78075      126.2961   591                    133.1240 40066859         
 120402 78076      126.0344   485                    133.1213 40087412         
Elapsed time = 22516.48 sec. (32263432.22 ticks, tree = 2943.42 MB, solutions = 0)
Nodefile size = 895.68 MB (607.55 MB after compression)
 120477 78117      128.6032   568                    133.1178 40112347         
 120522 78132      122.1190   455                    133.1156 40135871         
 120564 78138      129.0497   427                    133.1137 40154368         
 120606 78152      125.2085   471                    133.1111 40173889         
 120674 78190      123.6849   583                    133.1076 40198375         
 120708 78192        cutoff                          133.1060 40221694         
 120745 78199      122.9458   395                    133.1037 40238692         
 120783 78202      124.7220   687                    133.1004 40260911         
 120843 78232      125.3718   642                    133.0983 40283404         
 120881 78228      125.8718   593                    133.0946 40305993         
Elapsed time = 22628.28 sec. (32421304.59 ticks, tree = 2949.25 MB, solutions = 0)
Nodefile size = 902.58 MB (612.25 MB after compression)
 120936 78265      124.4900   646                    133.0927 40325295         
 120975 78256        cutoff                          133.0892 40350246         
 121022 78282      120.1074   485                    133.0879 40372452         
 121078 78314      129.3653   495                    133.0871 40393781         
 121151 78363      127.3090   487                    133.0863 40418082         
 121205 78393      125.7400   533                    133.0847 40441780         
 121252 78408      120.9442   541                    133.0835 40466722         
 121307 78427      127.9450   414                    133.0813 40490437         
 121358 78455      124.4326   531                    133.0803 40515544         
 121386 78445      125.5021   520                    133.0775 40532578         
Elapsed time = 22739.79 sec. (32579413.57 ticks, tree = 2957.53 MB, solutions = 0)
Nodefile size = 910.45 MB (617.64 MB after compression)
 121458 78495      125.9955   470                    133.0756 40551950         
 121530 78527      129.8799   441                    133.0740 40575698         
 121579 78540      125.6240   441                    133.0711 40597308         
 121623 78552      131.9005   425                    133.0698 40619592         
 121716 78625      129.6636   625                    133.0686 40642899         
 121758 78633        cutoff                          133.0661 40662917         
 121804 78653      121.5792   552                    133.0649 40685733         
 121848 78655      126.3479   586                    133.0628 40705974         
 121889 78664        cutoff                          133.0614 40725881         
 121930 78683      121.0750   379                    133.0598 40745683         
Elapsed time = 22850.42 sec. (32734867.33 ticks, tree = 2966.61 MB, solutions = 0)
Nodefile size = 919.31 MB (623.67 MB after compression)
 121979 78700      125.3157   590                    133.0581 40766953         
 122038 78716      125.9119   522                    133.0559 40789531         
 122091 78735      127.3910   537                    133.0537 40811188         
 122134 78748      127.8131   537                    133.0525 40833269         
 122186 78768      124.0357   658                    133.0507 40856278         
 122260 78829      123.2203   472                    133.0502 40877569         
 122294 78823      131.3832   581                    133.0458 40900337         
 122357 78860      123.5740   547                    133.0441 40921945         
 122389 78858      123.2921   329                    133.0417 40939752         
 122443 78882      129.7109   655                    133.0381 40958482         
Elapsed time = 22962.24 sec. (32891547.55 ticks, tree = 2974.21 MB, solutions = 0)
Nodefile size = 927.18 MB (629.06 MB after compression)
 122501 78914      126.7704   544                    133.0366 40977696         
 122588 78973      127.5466   488                    133.0347 41005977         
 122686 79061      124.1757   620                    133.0346 41027115         
 122723 79061      122.0081   560                    133.0324 41048366         
 122761 79065      125.5531   539                    133.0304 41070100         
 122821 79108      121.5138   478                    133.0296 41090105         
 122869 79128      121.1354   568                    133.0275 41112551         
 122904 79125      121.6736   530                    133.0249 41134350         
 122954 79147        cutoff                          133.0239 41154585         
 123014 79177      125.2951   619                    133.0226 41174310         
Elapsed time = 23074.80 sec. (33049464.23 ticks, tree = 2985.46 MB, solutions = 0)
Nodefile size = 938.00 MB (636.47 MB after compression)
 123065 79194      124.0940   592                    133.0207 41196983         
 123110 79201      119.8889   408                    133.0181 41220790         
 123175 79246      122.3221   507                    133.0177 41244044         
 123218 79249        cutoff                          133.0154 41265026         
 123265 79274      125.2342   565                    133.0141 41283155         
 123360 79344      128.2511   357                    133.0121 41307075         
 123400 79343      127.5349   615                    133.0082 41327745         
 123429 79341      119.5180   596                    133.0068 41345741         
 123480 79340        cutoff                          133.0029 41364996         
 123519 79345      126.2149   481                    133.0015 41379609         
Elapsed time = 23185.44 sec. (33205231.10 ticks, tree = 2991.89 MB, solutions = 0)
Nodefile size = 944.90 MB (641.18 MB after compression)
 123601 79407      123.1493   585                    133.0007 41399675         
 123656 79434      124.1250   508                    132.9986 41423368         
 123701 79461      126.0281   499                    132.9973 41443929         
 123747 79463      126.1763   444                    132.9951 41466778         
 123776 79464      123.0485   526                    132.9938 41484227         
 123842 79505      123.0496   541                    132.9927 41508403         
 123875 79492        cutoff                          132.9877 41529503         
 123929 79526      129.7367   612                    132.9865 41549559         
 124004 79573      123.4335   486                    132.9857 41573017         
 124062 79603      122.5687   383                    132.9832 41592280         
Elapsed time = 23298.07 sec. (33363347.48 ticks, tree = 3001.72 MB, solutions = 0)
Nodefile size = 953.76 MB (647.27 MB after compression)
 124107 79612        cutoff                          132.9812 41610748         
 124150 79627      124.6499   482                    132.9789 41630443         
 124220 79663      125.9271   506                    132.9755 41652714         
 124284 79694      127.7924   579                    132.9736 41675532         
 124320 79699      129.1784   438                    132.9716 41693998         
 124409 79756        cutoff                          132.9698 41717659         
 124440 79756      123.2012   504                    132.9678 41735790         
 124489 79775      126.8545   595                    132.9668 41756340         
 124532 79790      120.6551   612                    132.9647 41778666         
 124560 79784      127.1371   495                    132.9625 41794894         
Elapsed time = 23410.10 sec. (33520175.89 ticks, tree = 3008.65 MB, solutions = 0)
Nodefile size = 961.64 MB (652.67 MB after compression)
 124627 79813      125.5655   557                    132.9601 41820397         
 124656 79814      122.8136   552                    132.9583 41841228         
 124712 79828        cutoff                          132.9556 41862050         
 124764 79840      128.6390   571                    132.9516 41883044         
 124840 79898      127.7452   464                    132.9509 41902836         
 124887 79901      123.3997   500                    132.9483 41922564         
 124940 79913      124.3702   595                    132.9455 41941956         
 124992 79919      120.2494   575                    132.9427 41964893         
 125027 79914      130.1085   661                    132.9400 41984741         
 125056 79911      123.4276   515                    132.9385 42004869         
Elapsed time = 23521.78 sec. (33677711.54 ticks, tree = 3013.54 MB, solutions = 0)
Nodefile size = 966.57 MB (656.04 MB after compression)
 125097 79919      119.8520   409                    132.9361 42025962         
 125149 79937      124.7359   520                    132.9342 42046150         
 125212 79970        cutoff                          132.9334 42068084         
 125266 79991      120.8856   635                    132.9314 42089924         
 125312 79996      126.9254   492                    132.9304 42115165         
 125353 79997        cutoff                          132.9273 42135291         
 125415 80021      131.3542   601                    132.9240 42155178         
 125464 80036      132.5580   514                    132.9213 42174552         
 125520 80066      121.4893   573                    132.9200 42198240         
 125588 80114      128.6271   523                    132.9188 42215556         
Elapsed time = 23634.62 sec. (33836170.49 ticks, tree = 3021.30 MB, solutions = 0)
Nodefile size = 973.47 MB (660.74 MB after compression)
 125646 80154      122.2592   492                    132.9180 42239822         
 125685 80166      127.4693   611                    132.9162 42261900         
 125778 80233      125.4388   354                    132.9145 42285457         
 125851 80282      123.2957   565                    132.9139 42309100         
 125903 80294      127.9451   671                    132.9125 42330077         
 125936 80305      130.9493   560                    132.9112 42342920         
 125986 80321      129.9118   678                    132.9089 42366479         
 126042 80353      123.1124   494                    132.9078 42388176         
 126082 80369      127.3060   623                    132.9067 42409871         
 126120 80371      127.0734   640                    132.9045 42432896         
Elapsed time = 23746.17 sec. (33991791.32 ticks, tree = 3031.10 MB, solutions = 0)
Nodefile size = 983.31 MB (667.48 MB after compression)
 126169 80380      126.4491   565                    132.9012 42455287         
 126222 80401      121.1440   597                    132.8990 42480555         
 126256 80405      123.6198   466                    132.8969 42501370         
 126294 80401      125.1534   387                    132.8948 42521279         
 126343 80430      125.1206   437                    132.8942 42537431         
 126387 80433        cutoff                          132.8920 42558702         
 126437 80437        cutoff                          132.8891 42580982         
 126511 80489      122.8542   329                    132.8873 42601300         
 126560 80508      126.0070   513                    132.8853 42621152         
 126638 80546        cutoff                          132.8826 42645044         
Elapsed time = 23857.60 sec. (34148666.20 ticks, tree = 3037.83 MB, solutions = 0)
Nodefile size = 990.21 MB (672.20 MB after compression)
 126672 80554      122.5262   613                    132.8803 42664889         
 126752 80587        cutoff                          132.8775 42689213         
 126798 80605      125.5116   474                    132.8749 42709688         
 126879 80654      126.6144   509                    132.8729 42731354         
 126938 80674        cutoff                          132.8703 42757080         
 126994 80700      125.2625   575                    132.8681 42778347         
 127033 80711      131.3631   554                    132.8663 42799762         
 127079 80729        cutoff                          132.8649 42819298         
 127138 80770        cutoff                          132.8643 42838222         
 127188 80776      125.1659   557                    132.8614 42862880         
Elapsed time = 23970.05 sec. (34307665.55 ticks, tree = 3046.57 MB, solutions = 0)
Nodefile size = 999.07 MB (678.24 MB after compression)
 127243 80815      125.1877   512                    132.8602 42881776         
 127313 80853      127.3700   617                    132.8588 42907051         
 127372 80878      130.3746   603                    132.8571 42931184         
 127426 80882      125.8399   503                    132.8557 42953053         
 127460 80878      131.5936   608                    132.8528 42970536         
 127526 80920      127.9390   559                    132.8514 42990244         
 127586 80966      125.0904   615                    132.8503 43013523         
 127651 80993    infeasible                          132.8480 43036952         
 127694 81006      123.8051   418                    132.8472 43056102         
 127767 81036      123.2547   597                    132.8457 43079706         
Elapsed time = 24081.41 sec. (34464655.30 ticks, tree = 3056.49 MB, solutions = 0)
Nodefile size = 1008.92 MB (684.97 MB after compression)
 127798 81035      131.4351   519                    132.8438 43097873         
 127888 81113      125.2808   684                    132.8431 43116214         
 127926 81106      128.5874   623                    132.8411 43140463         
 127979 81137      126.1552   448                    132.8389 43162556         
 128011 81132      122.4773   414                    132.8368 43182273         
 128076 81181      123.2190   627                    132.8360 43205025         
 128127 81194      121.5184   497                    132.8322 43228534         
 128190 81227      127.1407   647                    132.8303 43250987         
 128264 81283      130.0971   534                    132.8288 43272157         
 128339 81334      119.8638   559                    132.8280 43297330         
Elapsed time = 24191.92 sec. (34621311.92 ticks, tree = 3067.83 MB, solutions = 0)
Nodefile size = 1020.71 MB (693.08 MB after compression)
 128386 81365      123.3331   435                    132.8272 43315674         
 128436 81371      124.5789   506                    132.8249 43340393         
 128487 81380        cutoff                          132.8230 43361893         
 128518 81377      125.8022   525                    132.8186 43379957         
 128555 81378      121.5933   557                    132.8146 43399602         
 128590 81375      129.6302   626                    132.8108 43416946         
 128641 81402      128.5699   438                    132.8096 43439619         
 128689 81422      122.9108   563                    132.8083 43459447         
 128760 81467      126.2827   544                    132.8077 43482115         
 128809 81465        cutoff                          132.8038 43502219         
Elapsed time = 24302.72 sec. (34776991.05 ticks, tree = 3072.90 MB, solutions = 0)
Nodefile size = 1025.64 MB (696.45 MB after compression)
 128886 81518      131.7761   538                    132.8028 43520919         
 128946 81548      126.5985   478                    132.8012 43540864         
 129002 81570      124.1543   496                    132.7977 43562231         
 129054 81592        cutoff                          132.7968 43582202         
 129110 81608        cutoff                          132.7946 43603362         
 129144 81610      123.1044   476                    132.7934 43619734         
 129207 81653      125.6378   527                    132.7921 43634179         
 129259 81671      124.1409   640                    132.7906 43657897         
 129339 81725      119.4719   591                    132.7878 43683339         
 129388 81738      127.9399   614                    132.7859 43704037         
Elapsed time = 24413.77 sec. (34931918.39 ticks, tree = 3083.24 MB, solutions = 0)
Nodefile size = 1035.49 MB (703.20 MB after compression)
 129432 81742      128.7469   456                    132.7828 43726188         
 129498 81774      125.2679   581                    132.7811 43749279         
 129579 81799        cutoff                          132.7801 43774103         
 129650 81844      122.5635   531                    132.7780 43796585         
 129698 81856      127.2713   482                    132.7754 43817884         
 129753 81883      128.4472   573                    132.7746 43840703         
 129839 81959      122.4480   553                    132.7743 43863503         
 129872 81952      129.2614   528                    132.7717 43886443         
 129934 81971      128.6276   492                    132.7694 43909552         
 129993 82004      121.4835   372                    132.7687 43929953         
Elapsed time = 24530.19 sec. (35095733.71 ticks, tree = 3093.43 MB, solutions = 0)
Nodefile size = 1046.32 MB (710.63 MB after compression)
 130015 81996      124.3520   275                    132.7650 43941973         
 130064 82005        cutoff                          132.7628 43964029         
 130107 82027      123.7061   587                    132.7600 43983072         
 130158 82048      125.9978   526                    132.7583 44004836         
 130223 82099      127.5067   579                    132.7574 44024348         
 130268 82100      121.3122   622                    132.7546 44047501         
 130315 82115      122.8715   380                    132.7531 44066245         
 130362 82128      127.5480   654                    132.7511 44091095         
 130420 82162      125.6139   579                    132.7496 44113850         
 130486 82192        cutoff                          132.7467 44136796         
Elapsed time = 24642.14 sec. (35252440.41 ticks, tree = 3100.66 MB, solutions = 0)
Nodefile size = 1053.22 MB (715.34 MB after compression)
 130524 82212      126.1804   504                    132.7456 44153908         
 130575 82229      124.2123   503                    132.7422 44178299         
 130618 82240      120.1875   526                    132.7396 44199858         
 130650 82227      124.5753   451                    132.7366 44218429         
 130725 82270        cutoff                          132.7349 44241532         
 130779 82306      124.3908   381                    132.7336 44256688         
 130822 82311      123.8893   566                    132.7309 44276589         
 130872 82327        cutoff                          132.7297 44294923         
 130924 82339      130.1259   503                    132.7283 44317057         
 130986 82361        cutoff                          132.7264 44339490         
Elapsed time = 24753.17 sec. (35408238.01 ticks, tree = 3107.12 MB, solutions = 0)
Nodefile size = 1060.12 MB (720.07 MB after compression)
 131016 82347      120.6594   457                    132.7235 44357902         
 131057 82346      123.4323   495                    132.7208 44378881         
 131103 82364      121.4230   448                    132.7194 44397244         
 131134 82363      128.7529   479                    132.7175 44412501         
 131177 82378        cutoff                          132.7168 44432159         
 131211 82384      120.9153   261                    132.7149 44450088         
 131242 82374      122.2148   526                    132.7118 44467017         
 131282 82378      125.6255   542                    132.7083 44485289         
 131344 82394        cutoff                          132.7071 44508958         
 131394 82414        cutoff                          132.7048 44524762         
Elapsed time = 24863.48 sec. (35562901.87 ticks, tree = 3109.18 MB, solutions = 0)
Nodefile size = 1062.10 MB (721.41 MB after compression)
 131452 82416      121.3700   577                    132.7011 44547359         
 131489 82424      120.3640   525                    132.6988 44566429         
 131513 82420      121.4806   491                    132.6967 44579052         
 131542 82411      125.3278   478                    132.6950 44599648         
 131593 82422        cutoff                          132.6933 44622470         
 131653 82448        cutoff                          132.6906 44645858         
 131686 82453      122.4261   437                    132.6889 44665556         
 131754 82488      128.5555   528                    132.6878 44686661         
 131790 82498      125.7442   572                    132.6861 44705693         
 131852 82519      119.5444   560                    132.6853 44728800         
Elapsed time = 24975.52 sec. (35718968.59 ticks, tree = 3113.23 MB, solutions = 0)
Nodefile size = 1066.06 MB (724.06 MB after compression)
 131890 82533        cutoff                          132.6836 44748273         
 131950 82557      122.1329   559                    132.6812 44770395         
 131984 82543      122.4162   486                    132.6783 44790354         
 132024 82547      122.5567   537                    132.6757 44810841         
 132075 82560        cutoff                          132.6728 44832170         
 132121 82580      119.6345   460                    132.6711 44855486         
 132166 82587        cutoff                          132.6696 44878645         
 132198 82581      123.1589   577                    132.6663 44896234         
 132234 82573    infeasible                          132.6636 44916929         
 132281 82596        cutoff                          132.6623 44937230         
Elapsed time = 25087.86 sec. (35877380.58 ticks, tree = 3116.21 MB, solutions = 0)
Nodefile size = 1069.02 MB (726.08 MB after compression)
 132312 82591      127.9010   406                    132.6601 44957862         
 132356 82608        cutoff                          132.6576 44979942         
 132439 82661      131.2660   565                    132.6547 45001279         
 132493 82681      130.1317   556                    132.6530 45023240         
 132569 82733      120.6632   532                    132.6518 45046966         
 132624 82754      128.0060   629                    132.6489 45068876         
 132661 82754      123.3053   544                    132.6464 45088966         
 132699 82744      128.0993   405                    132.6433 45108735         
 132760 82785      125.9141   512                    132.6429 45130904         
 132787 82776        cutoff                          132.6405 45151080         
Elapsed time = 25200.85 sec. (36036953.16 ticks, tree = 3123.10 MB, solutions = 0)
Nodefile size = 1075.94 MB (730.81 MB after compression)
 132838 82789        cutoff                          132.6380 45174344         
 132869 82794      126.4213   436                    132.6360 45196236         
 132903 82800        cutoff                          132.6344 45212519         
 132955 82834      128.8826   431                    132.6334 45233451         
 133013 82846      124.5905   390                    132.6320 45255498         
 133061 82856      123.7334   546                    132.6310 45276259         
 133117 82866      128.7082   442                    132.6272 45296726         
 133167 82874      124.6139   599                    132.6253 45319571         
 133214 82881      123.0947   457                    132.6234 45342110         
 133287 82924      132.2269   497                    132.6229 45362140         
Elapsed time = 25315.10 sec. (36196297.36 ticks, tree = 3128.71 MB, solutions = 0)
Nodefile size = 1080.88 MB (734.17 MB after compression)
 133336 82947      125.5737   633                    132.6209 45380914         
 133385 82956        cutoff                          132.6192 45402913         
 133426 82965      126.6349   453                    132.6182 45418612         
 133491 83010      127.3611   627                    132.6170 45440718         
 133570 83075      123.4831   582                    132.6164 45462232         
 133640 83081      128.5814   479                    132.6147 45488816         
 133670 83093      120.5645   489                    132.6139 45510529         
 133733 83114      128.1402   626                    132.6125 45531484         
 133793 83152      128.4401   574                    132.6116 45552784         
 133856 83182      129.7099   486                    132.6104 45571828         
Elapsed time = 25428.22 sec. (36354292.19 ticks, tree = 3138.61 MB, solutions = 0)
Nodefile size = 1090.75 MB (740.97 MB after compression)
 133923 83201      125.4997   482                    132.6084 45596409         
 133956 83194        cutoff                          132.6065 45617491         
 134008 83196      129.7768   530                    132.6026 45637140         
 134079 83243      128.1476   575                    132.6011 45661990         
 134117 83245      127.8238   546                    132.5996 45683848         
 134165 83241      128.4990   502                    132.5977 45706409         
 134204 83248      127.8348   503                    132.5951 45724591         
 134263 83281      120.7328   354                    132.5940 45748708         
 134312 83296      122.7622   606                    132.5906 45772927         
 134339 83288      130.4147   501                    132.5895 45788396         
Elapsed time = 25539.36 sec. (36510869.90 ticks, tree = 3142.69 MB, solutions = 0)
Nodefile size = 1095.68 MB (744.33 MB after compression)
 134385 83275        cutoff                          132.5852 45810904         
 134417 83279      127.1797   573                    132.5830 45828207         
 134465 83289        cutoff                          132.5798 45850388         
 134536 83328        cutoff                          132.5781 45872762         
 134603 83369      123.9154   570                    132.5763 45893254         
 134656 83374      123.4642   556                    132.5733 45916238         
 134702 83385      120.5534   518                    132.5708 45937214         
 134738 83389      127.0708   517                    132.5699 45958651         
 134798 83407      120.9026   582                    132.5664 45981252         
 134841 83408      121.3641   457                    132.5632 46004194         
Elapsed time = 25652.49 sec. (36669946.24 ticks, tree = 3147.31 MB, solutions = 0)
Nodefile size = 1099.63 MB (747.04 MB after compression)
 134900 83421      121.9758   426                    132.5606 46025232         
 134948 83415      123.0424   507                    132.5582 46047618         
 135021 83452      125.8467   592                    132.5557 46070273         
 135077 83486      128.2810   610                    132.5545 46091907         
 135132 83509      121.6322   417                    132.5525 46116833         
 135181 83514      127.2488   565                    132.5495 46137297         
 135233 83548        cutoff                          132.5487 46155538         
 135277 83556      123.3792   623                    132.5460 46180166         
 135310 83549      121.0256   614                    132.5442 46202154         
 135371 83580        cutoff                          132.5434 46222245         
Elapsed time = 25764.16 sec. (36826214.80 ticks, tree = 3153.95 MB, solutions = 0)
Nodefile size = 1106.56 MB (751.71 MB after compression)
 135445 83636      129.0835   511                    132.5429 46240800         
 135537 83708      122.5064   518                    132.5424 46261157         
 135609 83744      127.4408   535                    132.5397 46285460         
 135660 83758      122.3582   443                    132.5377 46310154         
 135701 83761      120.5136   604                    132.5362 46331744         
 135753 83751      125.1375   463                    132.5329 46352173         
 135821 83791      126.9278   533                    132.5308 46371729         
 135872 83801      121.5179   501                    132.5297 46396674         
 135892 83795      121.3322   561                    132.5289 46410275         
 135920 83781      121.8786   485                    132.5257 46426762         
Elapsed time = 25876.97 sec. (36984257.74 ticks, tree = 3161.61 MB, solutions = 0)
Nodefile size = 1115.44 MB (757.80 MB after compression)
 135958 83777      129.8000   454                    132.5226 46442774         
 135982 83779      128.1141   417                    132.5218 46456561         
 136056 83807      130.9460   636                    132.5205 46476882         
 136132 83861      124.5549   504                    132.5183 46500809         
 136172 83863      120.6964   517                    132.5159 46523630         
 136213 83882      121.4238   556                    132.5147 46539208         
 136243 83868      123.2105   601                    132.5120 46559797         
 136280 83861      121.9283   488                    132.5091 46579945         
 136315 83868      130.0862   557                    132.5082 46594228         
 136362 83889      125.3688   659                    132.5061 46618849         
Elapsed time = 25989.54 sec. (37141498.22 ticks, tree = 3165.78 MB, solutions = 0)
Nodefile size = 1118.40 MB (759.82 MB after compression)
 136403 83892      121.0148   513                    132.5028 46643212         
 136441 83896      119.6705   516                    132.5006 46664096         
 136480 83895        cutoff                          132.4962 46678656         
 136524 83903      129.8074   590                    132.4935 46693530         
 136591 83940      120.4972   440                    132.4919 46717548         
 136633 83958      120.4585   549                    132.4896 46738540         
 136685 83978      121.6600   577                    132.4883 46759648         
 136724 83983        cutoff                          132.4864 46778953         
 136763 83976      129.1601   458                    132.4834 46797552         
 136821 83988      126.5019   545                    132.4800 46818867         
Elapsed time = 26103.17 sec. (37300365.13 ticks, tree = 3169.62 MB, solutions = 0)
Nodefile size = 1122.36 MB (762.52 MB after compression)
 136896 84035      127.5568   547                    132.4780 46837303         
 136957 84044      128.9647   571                    132.4754 46863067         
 137002 84049      125.8676   612                    132.4735 46885990         
 137040 84035      121.8634   566                    132.4693 46904838         
 137074 84030      120.6708   426                    132.4673 46923974         
 137111 84027      120.5723   451                    132.4662 46944093         
 137179 84073      124.7874   461                    132.4644 46965712         
 137221 84066        cutoff                          132.4619 46987361         
 137250 84059      121.9844   467                    132.4595 47008776         
 137298 84059      120.2996   491                    132.4582 47028327         
Elapsed time = 26216.19 sec. (37458750.47 ticks, tree = 3172.39 MB, solutions = 0)
Nodefile size = 1125.33 MB (764.54 MB after compression)
 137337 84054      121.3176   501                    132.4560 47048210         
 137385 84078      125.7103   476                    132.4547 47068483         
 137446 84087      126.7923   573                    132.4509 47092931         
 137485 84077        cutoff                          132.4491 47110930         
 137516 84076      120.5794   603                    132.4478 47131992         
 137564 84086      125.7423   569                    132.4466 47153915         
 137644 84126        cutoff                          132.4457 47176663         
 137675 84131      121.0765   388                    132.4441 47192486         
 137722 84140        cutoff                          132.4423 47212318         
 137772 84156      130.7509   568                    132.4399 47230427         
Elapsed time = 26328.67 sec. (37615901.73 ticks, tree = 3176.16 MB, solutions = 0)
Nodefile size = 1129.30 MB (767.24 MB after compression)
 137858 84198      120.8321   550                    132.4363 47254606         
 137907 84213        cutoff                          132.4338 47276529         
 137943 84210        cutoff                          132.4308 47294551         
 137992 84219        cutoff                          132.4293 47313483         
 138033 84232      124.6152   574                    132.4276 47332913         
 138109 84280      123.4676   400                    132.4261 47357120         
 138166 84306        cutoff                          132.4248 47375203         
 138208 84316      122.5838   610                    132.4224 47398789         
 138256 84336      127.5582   539                    132.4213 47418428         
 138315 84361      125.3433   399                    132.4203 47441556         
Elapsed time = 26441.50 sec. (37773232.30 ticks, tree = 3184.04 MB, solutions = 0)
Nodefile size = 1136.24 MB (771.98 MB after compression)
 138339 84351        cutoff                          132.4170 47456818         
 138414 84378      127.5587   511                    132.4147 47483047         
 138442 84373      122.2722   437                    132.4128 47502095         
 138490 84379        cutoff                          132.4109 47524287         
 138528 84383      128.0629   474                    132.4091 47543524         
 138557 84388      119.9894   507                    132.4073 47561606         
 138601 84398      121.3068   509                    132.4044 47580368         
 138670 84425      127.0184   573                    132.4022 47601606         
 138715 84446      127.9682   613                    132.3995 47622820         
 138761 84464        cutoff                          132.3979 47642421         
Elapsed time = 26554.04 sec. (37929399.86 ticks, tree = 3188.06 MB, solutions = 0)
Nodefile size = 1141.19 MB (775.37 MB after compression)
 138789 84453      124.4783   561                    132.3950 47658567         
 138823 84445        cutoff                          132.3933 47680158         
 138863 84453      128.8782   485                    132.3911 47699109         
 138902 84460      123.2276   601                    132.3894 47720387         
 138927 84447      120.8213   462                    132.3864 47736230         
 138947 84445        cutoff                          132.3857 47747588         
 139010 84468        cutoff                          132.3839 47768128         
 139085 84525      122.1847   490                    132.3814 47788483         
 139140 84548        cutoff                          132.3788 47810501         
 139176 84536      124.8173   457                    132.3759 47831339         
Elapsed time = 26669.42 sec. (38089580.30 ticks, tree = 3190.84 MB, solutions = 0)
Nodefile size = 1144.17 MB (777.40 MB after compression)
 139233 84565      131.0639   462                    132.3748 47848498         
 139290 84587      119.8766   554                    132.3736 47874344         
 139348 84601      121.7197   403                    132.3717 47899157         
 139387 84602      126.7620   508                    132.3698 47922332         
 139436 84604        cutoff                          132.3673 47944395         
 139468 84606      127.4558   452                    132.3654 47962345         
 139520 84626      123.2957   445                    132.3642 47982197         
 139547 84629      127.4468   566                    132.3633 47997694         
 139600 84632      126.8658   504                    132.3593 48021161         
 139655 84646      119.5898   438                    132.3569 48043127         
Elapsed time = 26781.89 sec. (38247296.07 ticks, tree = 3195.10 MB, solutions = 0)
Nodefile size = 1147.14 MB (779.42 MB after compression)
 139724 84677      121.0701   477                    132.3552 48067389         
 139747 84670      125.4076   596                    132.3532 48081571         
 139775 84666      122.0974   566                    132.3518 48100621         
 139831 84674      122.0277   467                    132.3495 48120483         
 139882 84701      119.9370   530                    132.3488 48143910         
 139984 84781      127.4100   625                    132.3478 48164937         
 140063 84830      126.9840   495                    132.3458 48190784         
 140115 84848        cutoff                          132.3441 48213423         
 140161 84858      121.9804   520                    132.3419 48235612         
 140206 84865      120.6283   533                    132.3386 48257508         
Elapsed time = 26894.49 sec. (38404045.08 ticks, tree = 3203.54 MB, solutions = 0)
Nodefile size = 1156.06 MB (785.53 MB after compression)
 140243 84856      122.5274   527                    132.3358 48280431         
 140278 84861      123.3203   599                    132.3348 48298391         
 140314 84871      121.1721   510                    132.3338 48321729         
 140349 84859        cutoff                          132.3318 48339966         
 140400 84882      122.7050   485                    132.3306 48362000         
 140450 84892      127.6959   422                    132.3281 48383557         
 140503 84904      121.3535   474                    132.3250 48403249         
 140567 84952      126.2078   366                    132.3242 48423607         
 140614 84963      128.1864   577                    132.3216 48445620         
 140659 84974      122.7454   507                    132.3191 48467041         
Elapsed time = 27009.40 sec. (38564790.62 ticks, tree = 3207.73 MB, solutions = 0)
Nodefile size = 1160.02 MB (788.24 MB after compression)
 140700 84969      124.8758   579                    132.3166 48487249         
 140738 84979      126.1717   535                    132.3148 48503551         
 140793 84997      123.7983   620                    132.3126 48528438         
 140838 85004      120.2816   575                    132.3107 48547039         
 140888 85031      120.0856   455                    132.3098 48563598         
 140976 85089      121.9154   526                    132.3081 48587428         
 141022 85097      123.1241   412                    132.3057 48611653         
 141056 85085      123.4211   440                    132.3028 48632236         
 141095 85076      121.8061   527                    132.2991 48650599         
 141136 85071      122.1900   517                    132.2963 48669053         
Elapsed time = 27124.97 sec. (38726400.87 ticks, tree = 3211.50 MB, solutions = 0)
Nodefile size = 1164.98 MB (791.64 MB after compression)
 141197 85090      124.5076   537                    132.2942 48689379         
 141247 85096      125.6102   518                    132.2904 48711025         
 141299 85096        cutoff                          132.2871 48731927         
 141326 85097      124.6742   520                    132.2863 48745733         
 141392 85123      126.8451   545                    132.2847 48767140         
 141457 85152      121.4949   489                    132.2831 48791349         
 141530 85197      128.5236   434                    132.2826 48810342         
 141585 85204      120.8004   468                    132.2793 48830070         
 141621 85206      129.7708   426                    132.2772 48845883         
 141670 85215      131.3226   648                    132.2743 48866622         
Elapsed time = 27237.94 sec. (38882847.73 ticks, tree = 3217.09 MB, solutions = 0)
Nodefile size = 1169.95 MB (795.01 MB after compression)
 141730 85240      124.6876   493                    132.2727 48889239         
 141779 85254        cutoff                          132.2715 48913488         
 141835 85286      122.5875   419                    132.2704 48933249         
 141886 85305      131.7011   608                    132.2683 48954785         
 141932 85314        cutoff                          132.2662 48978205         
 142009 85371      121.0484   567                    132.2650 48993478         
 142060 85390      128.2599   642                    132.2635 49014938         
 142129 85434      128.0052   535                    132.2622 49038899         
 142180 85445      122.0066   591                    132.2604 49061227         
 142247 85464      124.1867   571                    132.2575 49084101         
Elapsed time = 27348.50 sec. (39038664.58 ticks, tree = 3226.65 MB, solutions = 0)
Nodefile size = 1179.83 MB (801.78 MB after compression)
 142285 85474      126.8799   489                    132.2559 49100192         
 142321 85474      123.0976   421                    132.2533 49120886         
 142365 85484      124.3796   650                    132.2503 49137596         
 142402 85481      122.7985   415                    132.2470 49157356         
 142464 85499      124.5655   652                    132.2456 49179837         
 142510 85499      122.5265   439                    132.2426 49201630         
 142550 85511      120.3915   485                    132.2403 49219396         
 142587 85512        cutoff                          132.2384 49237948         
 142621 85514      129.0311   492                    132.2367 49253505         
 142676 85541      124.7413   466                    132.2348 49277061         
Elapsed time = 27460.71 sec. (39194123.43 ticks, tree = 3229.66 MB, solutions = 0)
Nodefile size = 1181.82 MB (803.12 MB after compression)
 142727 85550        cutoff                          132.2317 49298627         
 142762 85559      121.4833   566                    132.2294 49316371         
 142803 85559      127.0393   518                    132.2278 49336215         
 142857 85586        cutoff                          132.2271 49360108         
 142920 85597        cutoff                          132.2241 49383407         
 142966 85603      123.7892   555                    132.2209 49404717         
 143015 85606        cutoff                          132.2193 49423241         
 143051 85614      124.1281   323                    132.2182 49441637         
 143076 85607      125.9606   475                    132.2173 49459360         
 143109 85612      121.0517   325                    132.2154 49479773         
Elapsed time = 27574.29 sec. (39352814.95 ticks, tree = 3232.43 MB, solutions = 0)
Nodefile size = 1184.79 MB (805.15 MB after compression)
 143156 85624      122.7257   529                    132.2132 49499930         
 143193 85615      124.7785   508                    132.2106 49515576         
 143218 85606      123.7572   440                    132.2096 49533439         
 143266 85608      121.5084   464                    132.2068 49555754         
 143293 85611      127.8420   614                    132.2059 49567301         
 143349 85627        cutoff                          132.2046 49591349         
 143407 85649      131.0606   610                    132.2025 49614024         
 143478 85680      130.6865   489                    132.2020 49637304         
 143516 85701      125.1007   579                    132.2005 49655300         
 143593 85742      120.1377   501                    132.1984 49677988         
Elapsed time = 27685.77 sec. (39508544.00 ticks, tree = 3237.47 MB, solutions = 0)
Nodefile size = 1189.75 MB (808.53 MB after compression)
 143645 85756      128.8104   581                    132.1958 49699388         
 143692 85773        cutoff                          132.1931 49719562         
 143733 85780      127.5356   571                    132.1912 49737521         
 143786 85795      128.8118   399                    132.1895 49757391         
 143870 85839      128.9621   458                    132.1872 49778593         
 143921 85840      125.1419   566                    132.1841 49803060         
 143978 85862      121.7438   641                    132.1815 49826276         
 144032 85867      120.8653   512                    132.1791 49850278         
 144068 85859      123.8509   641                    132.1764 49870195         
 144112 85863        cutoff                          132.1747 49891001         
Elapsed time = 27801.12 sec. (39669360.76 ticks, tree = 3242.19 MB, solutions = 0)
Nodefile size = 1194.71 MB (811.94 MB after compression)
 144158 85889      122.8694   421                    132.1726 49911896         
 144217 85920      123.1754   330                    132.1718 49935536         
 144255 85923      123.8695   431                    132.1696 49954127         
 144291 85913      125.3592   454                    132.1665 49973203         
 144358 85955      126.2098   466                    132.1655 49991487         
 144402 85948      127.1925   506                    132.1604 50014493         
 144465 85963      120.1184   539                    132.1583 50039135         
 144498 85964      125.1795   415                    132.1572 50056976         
 144534 85970      124.3135   429                    132.1551 50074123         
 144598 85984      127.8757   551                    132.1537 50096607         
Elapsed time = 27914.17 sec. (39826623.70 ticks, tree = 3246.83 MB, solutions = 0)
Nodefile size = 1199.67 MB (815.30 MB after compression)
 144648 85992      127.1403   514                    132.1505 50120157         
 144719 86031      126.0168   486                    132.1497 50142778         
 144771 86049      125.6264   563                    132.1476 50162691         
 144809 86041      125.8307   491                    132.1458 50182351         
 144846 86036      122.5887   537                    132.1437 50199503         
 144880 86022        cutoff                          132.1404 50218784         
 144904 86017      121.2916   530                    132.1382 50234925         
 144926 86009      125.9621   574                    132.1370 50248169         
 144998 86025      120.5365   493                    132.1345 50272879         
 145026 86015      129.7408   424                    132.1318 50287857         
Elapsed time = 28028.43 sec. (39986393.14 ticks, tree = 3248.08 MB, solutions = 0)
Nodefile size = 1201.65 MB (816.66 MB after compression)
 145106 86057      126.3042   494                    132.1297 50310163         
 145161 86088        cutoff                          132.1289 50330498         
 145227 86130        cutoff                          132.1276 50354208         
 145260 86136      125.1533   662                    132.1258 50370050         
 145297 86129        cutoff                          132.1243 50388754         
 145330 86126        cutoff                          132.1227 50407117         
 145384 86146      125.3471   478                    132.1212 50428650         
 145429 86142      122.5011   561                    132.1197 50446454         
 145456 86129        cutoff                          132.1180 50462588         
 145500 86143      127.4346   564                    132.1164 50484505         
Elapsed time = 28142.65 sec. (40147400.85 ticks, tree = 3253.03 MB, solutions = 0)
Nodefile size = 1205.61 MB (819.37 MB after compression)
 145550 86168      124.3731   474                    132.1153 50505741         
 145588 86166        cutoff                          132.1138 50526453         
 145655 86205      126.6998   589                    132.1116 50545371         
 145711 86233      121.4268   577                    132.1093 50569263         
 145756 86228      120.1942   507                    132.1075 50591295         
 145798 86234      125.0993   477                    132.1050 50614219         
 145834 86240      126.8466   460                    132.1036 50633837         
 145881 86235      120.5762   495                    132.0995 50655227         
 145953 86279      120.5917   455                    132.0983 50677138         
 145984 86268      128.7775   516                    132.0960 50694982         
Elapsed time = 28254.65 sec. (40304966.90 ticks, tree = 3257.86 MB, solutions = 0)
Nodefile size = 1210.57 MB (822.75 MB after compression)
 146057 86309      124.5328   492                    132.0943 50719109         
 146092 86316      124.2418   527                    132.0930 50737544         
 146160 86372      121.4156   557                    132.0926 50758464         
 146197 86369      120.7061   549                    132.0907 50778983         
 146259 86385      126.3011   376                    132.0897 50801675         
 146333 86411      122.4182   548                    132.0884 50824973         
 146359 86397      120.9869   637                    132.0865 50838589         
 146427 86445      124.2415   456                    132.0848 50859492         
 146464 86452      120.6423   494                    132.0842 50878482         
 146506 86460      127.7656   548                    132.0815 50891757         
Elapsed time = 28367.82 sec. (40462675.52 ticks, tree = 3265.25 MB, solutions = 0)
Nodefile size = 1217.50 MB (827.49 MB after compression)
 146559 86469        cutoff                          132.0800 50911002         
 146613 86476      124.0714   598                    132.0775 50933236         
 146664 86488      128.7004   342                    132.0762 50956512         
 146731 86509      122.7219   417                    132.0738 50978600         
 146765 86493      120.9344   462                    132.0710 50995849         
 146822 86506      127.1559   513                    132.0697 51014095         
 146857 86497        cutoff                          132.0675 51028083         
 146885 86485      121.1918   432                    132.0662 51041622         
 146914 86472      124.4961   581                    132.0635 51059732         
 146977 86505      121.7899   522                    132.0613 51083030         
Elapsed time = 28480.75 sec. (40620105.18 ticks, tree = 3267.04 MB, solutions = 0)
Nodefile size = 1219.49 MB (828.84 MB after compression)
 147033 86517      121.4169   561                    132.0598 51107988         
 147081 86527      123.4622   604                    132.0581 51132633         
 147116 86512      124.4969   570                    132.0551 51151749         
 147172 86520        cutoff                          132.0524 51174486         
 147208 86512      125.8409   485                    132.0501 51190065         
 147257 86523      128.1370   411                    132.0485 51210452         
 147311 86533        cutoff                          132.0472 51231974         
 147352 86546      123.8705   534                    132.0464 51250713         
 147388 86540      122.5273   459                    132.0440 51272177         
 147415 86531      120.2430   518                    132.0421 51287593         
Elapsed time = 28594.59 sec. (40779671.91 ticks, tree = 3268.11 MB, solutions = 0)
Nodefile size = 1221.47 MB (830.18 MB after compression)
 147458 86518      124.8646   536                    132.0400 51306001         
 147494 86514      125.4084   525                    132.0383 51323189         
 147538 86525      121.3779   578                    132.0369 51345997         
 147582 86536      126.9611   465                    132.0358 51361936         
 147627 86543        cutoff                          132.0347 51381007         
 147679 86555      119.7019   497                    132.0319 51404175         
 147702 86544        cutoff                          132.0309 51420422         
 147753 86567      126.4849   486                    132.0295 51437374         
 147807 86577        cutoff                          132.0252 51459134         
 147855 86595      126.2026   388                    132.0238 51481616         
Elapsed time = 28710.49 sec. (40940281.82 ticks, tree = 3270.58 MB, solutions = 0)
Nodefile size = 1223.45 MB (831.51 MB after compression)
 147913 86608      121.9245   472                    132.0226 51504684         
 147966 86615        cutoff                          132.0192 51527361         
 148025 86624      124.6534   491                    132.0172 51550522         
 148052 86610        cutoff                          132.0154 51564324         
 148102 86620      120.1978   505                    132.0132 51585359         
 148141 86625      123.7453   448                    132.0123 51605780         
 148184 86642      120.0344   389                    132.0111 51623049         
 148224 86642      127.3143   481                    132.0098 51642899         
 148268 86660      127.9470   623                    132.0077 51660076         
 148313 86659      123.3522   436                    132.0058 51683485         
Elapsed time = 28823.59 sec. (41097217.67 ticks, tree = 3273.14 MB, solutions = 0)
Nodefile size = 1226.44 MB (833.51 MB after compression)
 148347 86659      122.8674   563                    132.0043 51702821         
 148398 86668      124.8686   484                    132.0016 51722542         
 148438 86668      122.4006   575                    131.9998 51742990         
 148482 86658      127.0532   574                    131.9977 51761591         
 148518 86656      125.7184   485                    131.9957 51779285         
 148564 86667      124.1409   543                    131.9938 51798124         
 148600 86663      124.2608   480                    131.9916 51818004         
 148638 86665      125.0110   438                    131.9904 51836781         
 148686 86680      125.8972   586                    131.9877 51858270         
 148735 86665        cutoff                          131.9839 51879940         
Elapsed time = 28936.35 sec. (41255041.77 ticks, tree = 3273.50 MB, solutions = 0)
Nodefile size = 1226.44 MB (833.51 MB after compression)
 148804 86703      122.6617   628                    131.9817 51905281         
 148870 86735      127.3306   511                    131.9800 51927327         
 148949 86786      120.7638   510                    131.9777 51953136         
 149009 86822      122.2138   647                    131.9769 51972121         
 149060 86819      131.4933   621                    131.9735 51995112         
 149115 86841      121.3221   480                    131.9729 52013638         
 149168 86854      125.5643   570                    131.9712 52034309         
 149211 86863      128.3167   544                    131.9696 52053075         
 149281 86885      125.6759   550                    131.9671 52076186         
 149342 86912        cutoff                          131.9662 52098492         
Elapsed time = 29047.13 sec. (41410951.98 ticks, tree = 3282.94 MB, solutions = 0)
Nodefile size = 1235.37 MB (839.56 MB after compression)
 149385 86922      119.5946   327                    131.9650 52119244         
 149428 86917      126.0718   610                    131.9627 52137753         
 149466 86925      122.5935   593                    131.9608 52157442         
 149500 86931      126.6787   536                    131.9595 52177408         
 149536 86925      130.3429   579                    131.9566 52198107         
 149581 86938      125.7451   541                    131.9553 52220529         
 149612 86922      122.1503   514                    131.9532 52237853         
 149662 86929      121.1957   456                    131.9506 52261034         
 149688 86923      121.8927   446                    131.9482 52278027         
 149744 86950        cutoff                          131.9468 52298566         
Elapsed time = 29159.87 sec. (41569272.60 ticks, tree = 3284.50 MB, solutions = 0)
Nodefile size = 1237.35 MB (840.90 MB after compression)
 149804 86964      121.5062   588                    131.9440 52321255         
 149856 86960      123.8949   427                    131.9387 52341431         
 149903 86952        cutoff                          131.9361 52363897         
 149945 86966      126.7528   466                    131.9347 52383947         
 149988 86971      122.9740   611                    131.9332 52404936         
 150057 87016      121.9289   560                    131.9324 52428037         
 150106 87023      122.0098   554                    131.9311 52451486         
 150151 87034        cutoff                          131.9304 52473070         
 150181 87034      122.0703   454                    131.9291 52493089         
 150234 87047      123.5334   507                    131.9282 52515350         
Elapsed time = 29273.21 sec. (41729857.18 ticks, tree = 3288.28 MB, solutions = 0)
Nodefile size = 1241.32 MB (843.59 MB after compression)
 150277 87048      121.1331   484                    131.9263 52536681         
 150323 87040      123.3088   532                    131.9225 52557660         
 150363 87028        cutoff                          131.9204 52579558         
 150399 87016        cutoff                          131.9186 52598767         
 150449 87036        cutoff                          131.9177 52618917         
 150492 87057      128.5989   520                    131.9159 52637123         
 150559 87102      130.3147   518                    131.9152 52657513         
 150634 87151      119.9322   663                    131.9129 52681335         
 150675 87147        cutoff                          131.9116 52703664         
 150702 87140        cutoff                          131.9097 52722563         
Elapsed time = 29382.67 sec. (41885108.96 ticks, tree = 3291.89 MB, solutions = 0)
Nodefile size = 1245.30 MB (846.29 MB after compression)
 150750 87152    infeasible                          131.9083 52745346         
 150792 87152        cutoff                          131.9067 52762895         
 150842 87166      125.2421   450                    131.9060 52780059         
 150893 87167        cutoff                          131.9031 52804160         
 150924 87164      125.8366   401                    131.8996 52821982         
 150985 87172        cutoff                          131.8971 52844197         
 151040 87189    infeasible                          131.8944 52864920         
 151067 87180      121.0116   373                    131.8928 52881582         
 151123 87194      127.7990   407                    131.8902 52901868         
 151179 87214      120.9833   518                    131.8889 52925457         
Elapsed time = 29494.36 sec. (42042264.07 ticks, tree = 3294.75 MB, solutions = 0)
Nodefile size = 1247.28 MB (847.64 MB after compression)
 151215 87210        cutoff                          131.8856 52945392         
 151279 87248      119.8023   438                    131.8838 52968713         
 151339 87252        cutoff                          131.8818 52992343         
 151380 87237        cutoff                          131.8790 53012730         
 151400 87231      122.7830   616                    131.8776 53025902         
 151455 87228      127.2406   375                    131.8749 53047273         
 151512 87251      125.2882   458                    131.8737 53070290         
 151550 87245        cutoff                          131.8718 53088602         
 151577 87236      124.3417   584                    131.8699 53106728         
 151636 87233        cutoff                          131.8672 53127546         
Elapsed time = 29607.87 sec. (42201618.35 ticks, tree = 3295.56 MB, solutions = 0)
Nodefile size = 1249.27 MB (848.98 MB after compression)
 151680 87237      124.7804   439                    131.8653 53149818         
 151727 87222        cutoff                          131.8630 53172365         
 151760 87217      120.4020   534                    131.8613 53190540         
 151788 87203      125.3647   457                    131.8593 53205492         
 151839 87208        cutoff                          131.8570 53229130         
 151898 87219      127.9347   447                    131.8559 53253532         
 151977 87260      119.6339   562                    131.8538 53277120         
 152022 87268      126.0479   628                    131.8528 53298176         
 152063 87273      123.7882   522                    131.8508 53320624         
 152105 87265      125.9056   359                    131.8493 53342010         
Elapsed time = 29720.87 sec. (42360858.79 ticks, tree = 3296.87 MB, solutions = 0)
Nodefile size = 1249.27 MB (848.98 MB after compression)
 152159 87277      126.3794   541                    131.8474 53360733         
 152247 87335      120.9156   487                    131.8449 53385941         
 152303 87345        cutoff                          131.8422 53408796         
 152321 87337        cutoff                          131.8411 53420091         
 152357 87333      122.3997   566                    131.8391 53438852         
 152388 87328      125.9621   511                    131.8381 53456244         
 152460 87364      121.7401   539                    131.8370 53479755         
 152521 87389      125.0385   531                    131.8351 53500534         
 152566 87388        cutoff                          131.8329 53520967         
 152606 87396      125.5672   528                    131.8312 53541455         
Elapsed time = 29832.58 sec. (42516379.81 ticks, tree = 3301.94 MB, solutions = 0)
Nodefile size = 1254.23 MB (852.32 MB after compression)
 152651 87409      128.2386   477                    131.8302 53559229         
 152719 87445      129.5406   527                    131.8294 53584900         
 152773 87455        cutoff                          131.8278 53607977         
 152821 87457      124.3359   551                    131.8256 53630635         
 152864 87450        cutoff                          131.8243 53651255         
 152898 87448        cutoff                          131.8231 53672708         
 152926 87445      128.6749   529                    131.8213 53687436         
 152966 87464      127.1356   533                    131.8208 53708236         
 153032 87481      126.2885   518                    131.8168 53731200         
 153075 87477        cutoff                          131.8151 53751424         
Elapsed time = 29943.27 sec. (42672361.09 ticks, tree = 3305.13 MB, solutions = 0)
Nodefile size = 1258.19 MB (855.02 MB after compression)
 153100 87472      120.4111   359                    131.8131 53765427         
 153154 87484        cutoff                          131.8123 53787198         
 153214 87517      130.0633   381                    131.8112 53810713         
 153265 87534      129.8998   535                    131.8103 53827760         
 153312 87555      126.9072   421                    131.8097 53846958         
 153360 87555      120.0715   577                    131.8081 53864207         
 153424 87591      120.8197   621                    131.8072 53886591         
 153471 87598      122.7653   410                    131.8056 53907642         
 153522 87614      125.9001   436                    131.8041 53926051         
 153564 87612      122.4581   516                    131.8014 53944959         
Elapsed time = 30054.39 sec. (42827531.09 ticks, tree = 3310.31 MB, solutions = 0)
Nodefile size = 1263.16 MB (858.41 MB after compression)
 153610 87618        cutoff                          131.8000 53968663         
 153649 87607      128.1102   410                    131.7961 53987781         
 153679 87601      119.8737   555                    131.7951 54004291         
 153738 87628        cutoff                          131.7933 54026494         
 153762 87618      121.4481   479                    131.7923 54040332         
 153795 87613        cutoff                          131.7898 54061455         
 153875 87653        cutoff                          131.7876 54083993         
 153916 87662      123.8286   576                    131.7866 54102862         
 153961 87653      121.8253   564                    131.7845 54124007         
 153995 87645      119.4369   421                    131.7828 54143469         
Elapsed time = 30168.05 sec. (42986516.62 ticks, tree = 3311.64 MB, solutions = 0)
Nodefile size = 1265.14 MB (859.76 MB after compression)
 154040 87648        cutoff                          131.7808 54165933         
 154096 87666      120.2808   535                    131.7788 54188993         
 154168 87696      129.1396   463                    131.7771 54209901         
 154227 87703      120.2931   501                    131.7750 54232492         
 154271 87701        cutoff                          131.7737 54252074         
 154325 87731      126.3389   527                    131.7729 54273606         
 154386 87759      130.0646   489                    131.7711 54296977         
 154434 87769        cutoff                          131.7697 54313704         
 154470 87765      122.9189   521                    131.7680 54331057         
 154503 87750      120.2082   577                    131.7664 54348297         
Elapsed time = 30278.97 sec. (43142722.35 ticks, tree = 3315.73 MB, solutions = 0)
Nodefile size = 1269.11 MB (862.46 MB after compression)
 154534 87735      127.8476   572                    131.7642 54365588         
 154599 87782      125.2605   616                    131.7638 54385055         
 154673 87816      125.2565   405                    131.7611 54410048         
 154708 87807      124.0393   584                    131.7593 54429182         
 154765 87821      119.7920   481                    131.7584 54453615         
 154839 87869      127.0565   414                    131.7574 54474818         
 154875 87871      124.9740   467                    131.7560 54494151         
 154909 87861      126.0472   464                    131.7543 54513137         
 154963 87881      119.6557   539                    131.7527 54530795         
 155016 87904      123.0510   499                    131.7513 54551141         
Elapsed time = 30391.17 sec. (43300391.93 ticks, tree = 3321.66 MB, solutions = 0)
Nodefile size = 1274.07 MB (865.85 MB after compression)
 155054 87900      121.2341   511                    131.7491 54571696         
 155088 87882        cutoff                          131.7473 54589512         
 155133 87895      128.3131   394                    131.7451 54611002         
 155199 87911        cutoff                          131.7433 54635568         
 155260 87925        cutoff                          131.7414 54659084         
 155288 87913      125.0389   524                    131.7398 54671643         
 155336 87936      129.0728   624                    131.7386 54687882         
 155409 87978      122.5267   467                    131.7375 54713681         
 155456 87995      129.0225   586                    131.7368 54734997         
 155529 88018        cutoff                          131.7362 54758575         
Elapsed time = 30501.69 sec. (43456434.66 ticks, tree = 3326.12 MB, solutions = 0)
Nodefile size = 1279.02 MB (869.23 MB after compression)
 155574 88021      119.7305   498                    131.7330 54779725         
 155639 88034        cutoff                          131.7306 54801963         
 155698 88047        cutoff                          131.7283 54825938         
 155763 88074      119.5950   512                    131.7255 54847050         
 155814 88086      126.7474   487                    131.7237 54867785         
 155845 88085      122.3880   480                    131.7226 54887925         
 155882 88075      122.3922   583                    131.7207 54907098         
 155964 88129        cutoff                          131.7194 54928508         
 156002 88132      120.9210   539                    131.7180 54947391         
 156051 88141      119.6818   557                    131.7167 54968856         
Elapsed time = 30611.90 sec. (43612522.32 ticks, tree = 3330.85 MB, solutions = 0)
Nodefile size = 1282.99 MB (871.94 MB after compression)
 156096 88131      122.4446   451                    131.7139 54986642         
 156158 88147      121.6161   448                    131.7118 55010060         
 156202 88163      120.5381   489                    131.7108 55027908         
 156256 88169      126.7381   439                    131.7087 55048384         
 156286 88159        cutoff                          131.7073 55067842         
 156309 88152      125.4718   544                    131.7064 55081944         
 156351 88158      119.5426   493                    131.7045 55103655         
 156401 88175        cutoff                          131.7032 55126575         
 156432 88171      120.8178   478                    131.7013 55141118         
 156492 88175      126.9600   451                    131.6996 55159480         
Elapsed time = 30724.75 sec. (43769543.69 ticks, tree = 3332.22 MB, solutions = 0)
Nodefile size = 1284.98 MB (873.29 MB after compression)
 156566 88213      120.0082   427                    131.6977 55182518         
 156616 88223      128.7567   582                    131.6956 55201998         
 156651 88218      128.2937   603                    131.6934 55220576         
 156706 88241      130.4621   567                    131.6919 55243534         
 156768 88251      124.3740   498                    131.6894 55265000         
 156822 88262    infeasible                          131.6876 55287077         
 156904 88298      124.9780   533                    131.6866 55309097         
 156971 88330        cutoff                          131.6855 55336178         
 157002 88325      121.3244   494                    131.6838 55355673         
 157059 88342      120.9317   388                    131.6826 55378312         
Elapsed time = 30837.57 sec. (43928153.84 ticks, tree = 3338.66 MB, solutions = 0)
Nodefile size = 1291.93 MB (878.00 MB after compression)
 157102 88329        cutoff                          131.6796 55399688         
 157142 88339      120.1999   466                    131.6788 55420584         
 157169 88328      124.4977   449                    131.6753 55436856         
 157217 88337      119.7824   507                    131.6729 55460114         
 157241 88323      124.2380   398                    131.6706 55474628         
 157316 88363      129.7670   632                    131.6697 55498166         
 157356 88371      125.8422   590                    131.6687 55517790         
 157409 88378      120.0763   657                    131.6665 55542977         
 157448 88369      121.7827   561                    131.6643 55561360         
 157500 88371      130.9009   532                    131.6617 55580396         
Elapsed time = 30949.79 sec. (44086134.42 ticks, tree = 3339.85 MB, solutions = 0)
Nodefile size = 1292.92 MB (878.67 MB after compression)
 157570 88399      122.9990   478                    131.6599 55602952         
 157628 88416      122.0376   579                    131.6585 55624173         
 157671 88419      124.0349   534                    131.6570 55644730         
 157713 88416      121.2713   484                    131.6548 55667113         
 157764 88405      122.9618   564                    131.6519 55687001         
 157830 88435      123.5494   525                    131.6506 55705601         
 157915 88486      124.9558   530                    131.6483 55730461         
 157950 88486      125.8950   458                    131.6465 55753280         
 158004 88494      125.2879   544                    131.6448 55776465         
 158043 88503      121.8541   497                    131.6432 55795061         
Elapsed time = 31062.28 sec. (44244281.70 ticks, tree = 3344.96 MB, solutions = 0)
Nodefile size = 1297.88 MB (882.04 MB after compression)
 158088 88503        cutoff                          131.6411 55817661         
 158132 88501      123.3776   443                    131.6393 55836898         
 158166 88493        cutoff                          131.6379 55858885         
 158230 88483      125.4096   423                    131.6351 55882098         
 158270 88483      126.0064   480                    131.6331 55905289         
 158302 88477      129.2764   533                    131.6309 55925360         
 158366 88513      122.2020   505                    131.6292 55946831         
 158422 88525      127.2848   385                    131.6276 55967621         
 158492 88544      123.0750   572                    131.6249 55993091         
 158534 88552      125.5250   551                    131.6237 56013915         
Elapsed time = 31174.99 sec. (44402474.37 ticks, tree = 3346.91 MB, solutions = 0)
Nodefile size = 1299.86 MB (883.37 MB after compression)
 158595 88557      124.4976   502                    131.6206 56038824         
 158627 88559      124.3595   417                    131.6190 56060852         
 158664 88542      127.1782   359                    131.6146 56077850         
 158705 88541      121.9045   456                    131.6122 56098516         
 158761 88545      121.8084   585                    131.6114 56122229         
 158833 88577      126.9888   453                    131.6100 56142255         
 158904 88618      121.0751   570                    131.6091 56168656         
 158936 88613      125.7701   566                    131.6072 56188091         
 158980 88607      121.2379   482                    131.6040 56206684         
 159025 88605        cutoff                          131.6022 56232124         
Elapsed time = 31287.24 sec. (44560279.05 ticks, tree = 3349.06 MB, solutions = 0)
Nodefile size = 1301.85 MB (884.72 MB after compression)
 159057 88599      123.1894   431                    131.5997 56250048         
 159122 88610      125.5762   504                    131.5970 56273070         
 159161 88607      119.9959   537                    131.5940 56295243         
 159222 88636      125.6110   483                    131.5913 56319377         
 159273 88643      120.4959   547                    131.5887 56341298         
 159328 88653        cutoff                          131.5871 56364803         
 159386 88673      120.7907   601                    131.5852 56386833         
 159424 88667      126.7405   458                    131.5837 56405889         
 159469 88662      127.1185   597                    131.5813 56426360         
 159546 88697      126.9214   302                    131.5797 56452586         
Elapsed time = 31400.30 sec. (44717940.57 ticks, tree = 3352.62 MB, solutions = 0)
Nodefile size = 1304.83 MB (886.71 MB after compression)
 159603 88724      127.4704   531                    131.5783 56476032         
 159634 88727      122.4570   580                    131.5773 56494989         
 159708 88749      123.9437   469                    131.5747 56517262         
 159755 88746      123.3036   414                    131.5728 56537993         
 159801 88753      129.2917   424                    131.5720 56559778         
 159855 88783      119.6176   467                    131.5709 56581835         
 159906 88780        cutoff                          131.5683 56601647         
 159958 88806      123.5754   403                    131.5669 56620816         

GUB cover cuts applied:  27
Clique cuts applied:  17
Cover cuts applied:  10
Implied bound cuts applied:  57
Flow cuts applied:  11
Mixed integer rounding cuts applied:  39
Zero-half cuts applied:  119
Lift and project cuts applied:  4
Gomory fractional cuts applied:  2

Root node processing (before b&c):
  Real time             =   12.86 sec. (19726.87 ticks)
Sequential b&c:
  Real time             = 31486.14 sec. (44843348.02 ticks)
                          ------------
Total (root+branch&cut) = 31499.00 sec. (44863074.88 ticks)

CPLEX Sol status: Unknown
Instance Name: sarp-50-25-A-12

K: 8
Multi parcel
MIP Node V2
_______________________________________
Cutoff Value: 141.667
Max Run Time: 58060
_______________________________________
Selected Max Time: 58060
_______________________________________
Version identifier: 22.1.1.0 | 2022-11-28 | 9160aff4d
CPXPARAM_Threads                                 1
CPXPARAM_TimeLimit                               58060
CPXPARAM_MIP_Tolerances_LowerCutoff              141.66699999999997
Tried aggregator 2 times.
MIP Presolve eliminated 4697 rows and 1667 columns.
MIP Presolve modified 7393 coefficients.
Aggregator did 5 substitutions.
Reduced MIP has 3020 rows, 41015 columns, and 152831 nonzeros.
Reduced MIP has 40965 binaries, 0 generals, 0 SOSs, and 0 indicators.
Presolve time = 0.15 sec. (174.04 ticks)
Tried aggregator 1 time.
Detecting symmetries...
Reduced MIP has 3020 rows, 41015 columns, and 152831 nonzeros.
Reduced MIP has 40965 binaries, 0 generals, 0 SOSs, and 0 indicators.
Presolve time = 0.08 sec. (74.76 ticks)
Probing time = 0.02 sec. (12.74 ticks)
Clique table members: 54884.
MIP emphasis: balance optimality and feasibility.
MIP search method: dynamic search.
Parallel mode: none, using 1 thread.
Root relaxation solution time = 1.11 sec. (1802.07 ticks)

        Nodes                                         Cuts/
   Node  Left     Objective  IInf  Best Integer    Best Bound    ItCnt     Gap

      0     0      169.8065   403                    169.8065     5247         
      0     0      166.7209   433                    Cuts: 89     7095         
      0     0      165.4449   564                    Cuts: 70     8626         
      0     0      165.2217   562                    Cuts: 90    10104         
      0     0      165.1656   567                    Cuts: 46    10609         
      0     0      164.9457   527                    Cuts: 22    11255         
Detecting symmetries...
      0     0      164.7888   556                    Cuts: 45    12124         
      0     0      164.4911   502                    Cuts: 26    12971         
      0     0      164.3215   572                    Cuts: 42    13697         
      0     0      164.2853   558                    Cuts: 64    14431         
      0     0      164.2761   584                    Cuts: 23    14772         
      0     0      164.2279   580                    Cuts: 15    15125         
      0     0      164.0916   626                    Cuts: 19    15862         
      0     0      164.0601   637                    Cuts: 39    16133         
      0     0      164.0475   659                    Cuts: 10    16394         
Detecting symmetries...
      0     2      164.0475   659                    164.0475    16394         
Elapsed time = 17.21 sec. (25892.06 ticks, tree = 0.01 MB, solutions = 0)
      1     3      163.3449   573                    164.0475    17444         
      3     5      164.0329   642                    164.0412    17790         
      4     6      163.2187   587                    164.0327    19009         
      6     8      162.7811   589                    164.0283    20967         
      7     9      163.9945   673                    164.0283    21309         
      8    10      163.9605   617                    163.9945    21683         
      9    11      163.9458   610                    163.9945    21794         
     10    12      163.8800   625                    163.9945    22060         
     11    13      160.2926   506                    163.9945    23568         
     17    19      162.5223   580                    163.9945    25657         
Elapsed time = 23.71 sec. (37924.20 ticks, tree = 0.64 MB, solutions = 0)
     21    23      163.3407   529                    163.9945    27129         
     25    27      161.5169   387                    163.9945    28497         
     29    31      161.0406   403                    163.9945    29948         
     36    38      159.4740   399                    163.9945    31589         
     40    42      159.7720   407                    163.9945    32522         
     44    46      155.0913   359                    163.9945    34211         
     49    51      157.3601   386                    163.9945    35651         
     57    59      153.2677   294                    163.9945    37370         
     68    68      149.8669   192                    163.9945    39184         
    105    93      163.9567   594                    163.9932    41846         
Elapsed time = 30.90 sec. (49246.53 ticks, tree = 3.57 MB, solutions = 0)
    107    95      162.7019   582                    163.9932    43111         
    110    98      163.8225   550                    163.9932    44015         
    112   100      162.6098   581                    163.9932    45446         
    116   104      163.6978   593                    163.9932    46606         
    120   108      162.3191   510                    163.9932    48194         
    125   113      160.4816   417                    163.9932    50056         
    129   117      159.7644   410                    163.9932    51518         
    130   118      160.0134   356                    163.9932    51590         
    135   123      159.6495   422                    163.9932    52962         
    141   129      155.3260   291                    163.9932    54425         
Elapsed time = 39.70 sec. (63567.50 ticks, tree = 4.97 MB, solutions = 0)
    147   135      153.3623   325                    163.9932    56152         
    153   141      153.5901   336                    163.9932    57721         
    160   148      152.8890   308                    163.9932    59316         
    166   154      148.3242   314                    163.9932    61007         
    177   163      142.7219   311                    163.9932    63755         
    195   167      163.9201   641                    163.9585    65821         
    200   172      163.8071   621                    163.9585    66650         
    206   178      163.5846   676                    163.9585    67784         
    211   183      163.3094   668                    163.9585    68854         
    217   189      163.0019   680                    163.9585    69916         
Elapsed time = 47.54 sec. (76278.34 ticks, tree = 7.23 MB, solutions = 0)
    220   192      162.2612   642                    163.9585    71241         
    226   198      161.7663   685                    163.9585    72769         
    232   204      161.2944   738                    163.9585    74011         
    236   208      160.9422   684                    163.9585    75147         
    239   211      160.2866   732                    163.9585    76242         
    240   212      160.2068   714                    163.9585    76400         
    246   218      159.6131   701                    163.9585    77588         
    252   224      159.0824   645                    163.9585    78662         
    256   228      158.4044   741                    163.9585    79777         
    259   231      158.0180   692                    163.9585    80871         
Elapsed time = 56.85 sec. (91809.61 ticks, tree = 8.69 MB, solutions = 0)
    264   236      157.4789   691                    163.9585    82192         
    270   242      157.0182   611                    163.9585    83397         
    275   247      156.6212   631                    163.9585    84562         
    280   252      155.7208   606                    163.9585    85924         
    284   256      154.6621   538                    163.9585    87183         
    290   262      153.6113   544                    163.9585    88333         
    300   272      152.5110   555                    163.9585    89596         
    307   279      151.0752   540                    163.9585    90994         
    315   287      149.7833   474                    163.9585    92407         
    321   293      149.1322   485                    163.9585    93357         
Elapsed time = 63.49 sec. (102525.19 ticks, tree = 11.06 MB, solutions = 0)
    330   302      147.5853   578                    163.9585    95091         
    342   310      163.2299   576                    163.9543    97991         
    347   315      162.2075   590                    163.9543    99270         
    353   321      161.7864   616                    163.9543   100479         
    358   326      160.8822   556                    163.9543   101911         
    360   328      160.6227   592                    163.9543   102451         
    367   335      159.9842   573                    163.9543   103679         
    371   339      158.7714   528                    163.9543   104939         
    377   345      157.9157   488                    163.9543   106116         
    385   353      157.2249   476                    163.9543   107314         
Elapsed time = 70.53 sec. (113770.39 ticks, tree = 13.43 MB, solutions = 0)
    392   360      156.3253   541                    163.9543   108506         
    399   367      155.3236   573                    163.9543   109659         
    409   377      154.4305   539                    163.9543   110872         
    418   386      153.3787   503                    163.9543   112177         
    420   388      153.1352   518                    163.9543   112448         
    430   398      151.7377   475                    163.9543   113754         
    439   407      150.2484   506                    163.9543   115078         
    440   408      150.2356   483                    163.9543   115144         
    449   417      148.9422   524                    163.9543   116631         
    464   432      147.6421   561                    163.9543   118278         
Elapsed time = 77.33 sec. (124270.60 ticks, tree = 16.54 MB, solutions = 0)
    476   444      142.6475   509                    163.9543   121055         
    480   444      163.1616   559                    163.9383   122736         
    484   448      162.2287   558                    163.9383   123786         
    487   451      162.0858   564                    163.9383   124214         
    493   457      161.6309   560                    163.9383   125437         
    499   463      160.9505   556                    163.9383   126946         
    505   469      160.3544   552                    163.9383   128198         

Performing restart 1

Repeating presolve.
Tried aggregator 1 time.
MIP Presolve eliminated 0 rows and 2 columns.
MIP Presolve modified 41718 coefficients.
Reduced MIP has 3020 rows, 41013 columns, and 139789 nonzeros.
Reduced MIP has 40963 binaries, 0 generals, 0 SOSs, and 0 indicators.
Presolve time = 0.09 sec. (117.55 ticks)
Tried aggregator 2 times.
MIP Presolve eliminated 2 rows and 196 columns.
Aggregator did 1 substitutions.
Reduced MIP has 3017 rows, 40816 columns, and 139153 nonzeros.
Reduced MIP has 40766 binaries, 0 generals, 0 SOSs, and 0 indicators.
Presolve time = 0.10 sec. (100.89 ticks)
Represolve time = 2.35 sec. (2489.51 ticks)
    509     0      163.7794   661                    Cuts: 79   140806         
    509     0      163.6062   742                    Cuts: 28   141890         
    509     0      163.2651   649                    Cuts: 21   142722         
    509     0      163.1574   684                    Cuts: 21   143203         
    509     0      162.9731   681                    Cuts: 16   144074         
    509     0      162.9459   709                    Cuts: 41   144402         
    509     0      162.9281   735                    Cuts: 14   144643         
    509     0      162.9253   755                     Cuts: 7   144763         
    509     0      162.9051   728                     Cuts: 7   145094         
    509     0      162.8686   734                    Cuts: 19   145572         
    509     0      162.8563   801                    Cuts: 13   145729         
    509     0      162.8546   801                     Cuts: 5   145805         
    509     0      162.8061   744                     Cuts: 8   146123         
    509     0      162.7606   739                    Cuts: 57   146418         
    509     0      162.7507   753                    Cuts: 11   146578         
    509     0      162.7239   742                     Cuts: 6   146892         
    509     0      162.7234   758                    Cuts: 10   146937         
    509     0      162.7110   747                    Cuts: 11   147165         
    509     0      162.7093   788                    Cuts: 12   147239         
    509     2      162.7093   787                    162.7092   147239         
    510     3      162.6570   744                    162.6567   147688         
    511     4      162.6191   752                    162.6556   147976         
Elapsed time = 180.08 sec. (290918.86 ticks, tree = 0.08 MB, solutions = 0)
    512     5      162.5875   744                    162.6556   148275         
    513     6      162.5358   704                    162.6556   148588         
    514     7      160.8369   574                    162.6556   149920         
    515     8      162.4790   698                    162.6556   150362         
    516     9      162.1863   641                    162.6556   151514         
    517    10      161.8107   575                    162.6556   152394         
    518    11      161.7846   616                    162.6556   152638         
    519    12      159.3595   553                    162.6556   153685         
    520    13      161.7340   597                    162.6556   153948         
    521    14      161.6966   601                    162.6556   154152         
Elapsed time = 285.43 sec. (467161.28 ticks, tree = 0.43 MB, solutions = 0)
    522    15      161.6467   603                    162.6556   154323         
    523    16      161.6003   571                    162.6556   154562         
    524    17      161.5755   582                    162.6556   154714         
    525    18      161.5244   614                    162.6556   154905         
    526    19      160.6541   621                    162.6556   155890         
    527    20      161.5146   632                    162.6556   156007         
    528    21      161.4795   602                    162.6556   156316         
    529    22      160.2363   435                    162.6556   157923         
    530    23      160.1463   472                    162.6556   158201         
    531    24      157.8375   431                    162.6556   159595         
Elapsed time = 332.90 sec. (544218.85 ticks, tree = 0.78 MB, solutions = 0)
    532    25      157.6154   468                    162.6556   160006         
    533    26      156.7764   473                    162.6556   160819         
    534    27      157.4968   435                    162.6556   161060         
    535    28      153.2059   472                    162.6556   162276         
    537    30      157.4383   514                    162.6556   162527         
    538    31      153.8156   421                    162.6556   163517         
    541    34      157.3985   491                    162.6556   163910         
    542    34      150.6882   484                    162.6556   165158         
    543    35      150.6882   489                    162.6556   165227         
    547    38      142.7236   322                    162.6556   166438         
Elapsed time = 377.40 sec. (612965.37 ticks, tree = 1.37 MB, solutions = 0)
    548    38      142.6065   432                    162.6556   166741         
    553    38      160.7507   644                    162.6152   168845         
    554    39      160.7507   647                    162.6152   168872         
    557    42      160.6690   647                    162.6152   169304         
    558    43      159.9903   542                    162.6152   170921         
    562    47      158.6979   557                    162.6152   172880         
    564    49      159.3412   506                    162.6152   173901         
    571    56      155.2777   488                    162.6152   175306         
    579    64      158.0289   428                    162.6152   177236         
    583    68      159.0289   518                    162.6152   178446         
Elapsed time = 420.71 sec. (683426.08 ticks, tree = 2.44 MB, solutions = 0)
    589    74      158.5507   470                    162.6152   179630         
    594    79      158.4445   536                    162.6152   180724         
    599    84      158.2698   515                    162.6152   181746         
    602    87      157.2271   384                    162.6152   182647         
    604    89      155.8950   473                    162.6152   183464         
    613    98      157.4927   427                    162.6152   184269         
    620   105      153.0962   387                    162.6152   186001         
    625   110      157.9504   516                    162.6152   187125         
    627   112      155.3520   479                    162.6152   188109         
    629   114      151.0922   392                    162.6152   189127         
Elapsed time = 456.54 sec. (740030.92 ticks, tree = 4.28 MB, solutions = 0)
    632   117      154.8556   466                    162.6152   189597         
    634   119      154.1852   476                    162.6152   190396         
    640   125      149.3700   388                    162.6152   191655         
    642   127      152.2218   432                    162.6152   192610         
    646   131      152.7873   491                    162.6152   193966         
    653   138      150.9682   417                    162.6152   195071         
    658   143      152.2844   445                    162.6152   196397         
    663   148      149.0105   448                    162.6152   198191         
    667   152      148.3634   392                    162.6152   199325         
    678   163      151.7085   456                    162.6152   201194         
Elapsed time = 489.28 sec. (791185.45 ticks, tree = 6.17 MB, solutions = 0)
    687   172      149.6076   424                    162.6152   202685         
    693   178      149.8706   389                    162.6152   204670         
    699   184      150.6389   420                    162.6152   206025         
    710   194      149.2822   386                    162.6152   207269         
    716   199      148.9343   379                    162.6152   208315         
    724   205      146.3692   348                    162.6152   209509         
    734   210      142.4364   275                    162.6152   210758         
    754   212      160.2320   622                    162.4790   213009         
    755   213      159.0556   636                    162.4790   214373         
    762   220      158.5723   530                    162.4790   215874         
Elapsed time = 520.77 sec. (838544.63 ticks, tree = 8.44 MB, solutions = 0)
    766   224      158.1060   548                    162.4790   216956         
    773   231      157.6894   534                    162.4790   218024         
    786   244      157.3341   518                    162.4790   219491         
    803   261      157.1763   499                    162.4790   220588         
    821   279      156.9560   584                    162.4790   221849         
    837   295      156.6166   518                    162.4790   223166         
    845   303      156.4942   502                    162.4790   223703         
    860   318      156.2509   463                    162.4790   224544         
    871   329      155.9703   468                    162.4790   225513         
    884   342      155.5501   432                    162.4790   226597         
Elapsed time = 546.46 sec. (878973.92 ticks, tree = 13.24 MB, solutions = 0)
    898   356      155.4106   462                    162.4790   227457         
    915   373      162.3498   698                    162.4790   228742         
    929   387      162.0914   655                    162.4790   230815         
    964   422      161.8266   639                    162.4790   233928         
    982   440      161.4743   626                    162.4790   235902         
    999   457      160.9438   526                    162.4790   238190         
   1012   470      160.3383   559                    162.4790   240044         
   1029   487      160.1440   479                    162.4790   241287         
   1042   500      159.0583   516                    162.4790   243172         
   1049   507      158.1097   527                    162.4790   244693         
Elapsed time = 574.46 sec. (922825.21 ticks, tree = 19.09 MB, solutions = 0)
   1059   517      157.9116   518                    162.4790   245754         
   1068   526      157.6563   502                    162.4790   246760         
   1082   540      157.2360   545                    162.4790   248078         
   1094   552      156.6748   562                    162.4790   249727         
   1102   560      156.1864   563                    162.4790   250999         
   1111   569      161.0501   588                    162.4728   253405         
   1122   580      160.8317   595                    162.4728   254885         
   1127   585      160.5236   604                    162.4728   255659         
   1142   600      160.2272   564                    162.4728   257450         
   1172   630      159.6252   559                    162.4728   260222         
Elapsed time = 603.03 sec. (966034.41 ticks, tree = 23.91 MB, solutions = 0)
   1189   647      159.2517   553                    162.4728   261686         
   1216   674      158.5148   591                    162.4728   264351         
   1243   701      157.8548   529                    162.4728   266598         
   1263   721      157.1449   526                    162.4728   268450         
   1277   735      156.4938   576                    162.4728   270057         
   1300   758      155.8527   528                    162.4728   272259         
   1309   767      155.0774   509                    162.4728   273880         
   1315   773      159.0244   551                    162.3515   277362         
   1320   778      161.5701   631                    162.3515   279416         
   1327   785      157.5871   546                    162.3515   283765         
Elapsed time = 635.27 sec. (1014740.56 ticks, tree = 29.96 MB, solutions = 0)
   1329   787      160.4685   515                    162.3515   284982         
   1335   793      161.3494   640                    162.3515   286687         
   1340   798      158.6227   508                    162.3515   288839         
   1348   806      160.0666   445                    162.3515   292112         
   1352   810      157.8424   479                    162.3515   294054         
   1360   818      156.2561   441                    162.3515   296033         
   1366   824      155.9906   460                    162.3515   298335         
   1371   829      157.6089   469                    162.3515   300110         
   1379   837      156.2622   432                    162.3515   302576         
   1388   846      155.3661   358                    162.3515   304751         
Elapsed time = 664.35 sec. (1059468.15 ticks, tree = 32.36 MB, solutions = 0)
   1393   851      152.0079   257                    162.3515   306864         
   1404   862      155.5310   281                    162.3515   308269         
   1416   874      150.4128   340                    162.3515   311071         
   1424   882      152.2018   433                    162.3515   313265         
   1428   886      151.6945   343                    162.3515   315341         
   1436   894      155.6625   278                    162.3515   315920         
   1443   901      152.7160   369                    162.3515   317153         
   1450   907      152.4342   353                    162.3515   318106         
   1465   922      151.3818   361                    162.3515   321104         
   1480   937      152.0877   387                    162.3515   322198         
Elapsed time = 697.01 sec. (1106365.09 ticks, tree = 35.95 MB, solutions = 0)
   1498   955      152.6691   312                    162.3515   324299         
   1511   968      158.8552   637                    162.3498   326805         
   1515   972      157.1703   664                    162.3498   329582         
   1520   977      155.6496   612                    162.3498   332922         

Performing restart 2

Repeating presolve.
Tried aggregator 1 time.
MIP Presolve eliminated 0 rows and 48 columns.
MIP Presolve modified 25352 coefficients.
Reduced MIP has 3017 rows, 40768 columns, and 143821 nonzeros.
Reduced MIP has 40718 binaries, 0 generals, 0 SOSs, and 0 indicators.
Presolve time = 0.07 sec. (84.40 ticks)
Tried aggregator 1 time.
Reduced MIP has 3017 rows, 40768 columns, and 143821 nonzeros.
Reduced MIP has 40718 binaries, 0 generals, 0 SOSs, and 0 indicators.
Presolve time = 0.08 sec. (78.45 ticks)
Represolve time = 0.79 sec. (600.78 ticks)
   1527     0      162.6052   748                    Cuts: 22   344892         
   1527     0      162.4837   739                    Cuts: 52   345361         
   1527     0      162.3501   750                    Cuts: 20   345982         
   1527     0      162.2624   789                    Cuts: 19   346377         
   1527     0      161.7903   699                    Cuts: 27   347189         
   1527     0      161.5964   682                    Cuts: 32   348007         
   1527     0      161.5744   728                    Cuts: 15   348332         
   1527     0      161.4835   713                    Cuts: 26   348735         
   1527     0      161.4762   733                    Cuts: 23   348930         
   1527     0      161.2865   699                    Cuts: 13   349487         
   1527     0      161.2530   724                    Cuts: 15   349744         
   1527     0      161.2311   713                    Cuts: 12   349945         
   1527     0      161.2144   753                    Cuts: 10   350096         
   1527     0      161.1099   757                    Cuts: 13   350571         
   1527     0      161.1044   752                    Cuts: 12   350696         
   1527     0      161.0993   776                     Cuts: 7   350808         
   1527     0      161.0943   789                     Cuts: 8   350978         
   1527     0      161.0793   767                    Cuts: 40   351108         
   1527     0      161.0758   771                    Cuts: 37   351246         
   1527     0      161.0698   795                     Cuts: 9   351370         
   1527     0      161.0652   801                     Cuts: 6   351489         
   1527     2      161.0652   801                    161.0651   351489         
   1529     4      160.9918   749                    161.0327   351997         
   1531     6      160.0972   643                    161.0327   353310         
   1533     8      159.9200   587                    161.0327   354703         
   1535    10      160.8569   764                    161.0327   355159         
   1536    11      159.2806   609                    161.0327   356629         
Elapsed time = 773.77 sec. (1225990.73 ticks, tree = 0.33 MB, solutions = 0)
   1538    13      159.0407   640                    161.0327   358303         
   1541    16      160.7581   745                    161.0327   358755         
   1545    20      160.6237   741                    161.0327   359524         
   1549    24      160.5458   732                    161.0327   360102         
   1553    28      160.4823   749                    161.0327   361335         
   1556    31      160.3735   710                    161.0327   363785         
   1557    32      160.2119   670                    161.0327   364404         
   1562    37      158.6537   629                    161.0327   367242         
   1566    41      160.2942   717                    161.0327   368999         
   1571    46      156.2184   554                    161.0327   372037         
Elapsed time = 800.71 sec. (1271591.53 ticks, tree = 1.58 MB, solutions = 0)
   1575    50      159.4811   642                    161.0327   374246         
   1581    56      158.9338   611                    161.0327   376088         
   1586    61      158.8601   608                    161.0327   378730         
   1593    68      158.7154   619                    161.0327   380293         
   1597    72      154.3759   467                    161.0327   383429         
   1603    78      158.5530   631                    161.0327   385470         
   1607    82      158.4788   566                    161.0327   386725         
   1612    87      158.4206   591                    161.0327   389402         
   1617    92      158.3192   566                    161.0327   392115         
   1623    98      157.9082   551                    161.0327   394431         
Elapsed time = 825.72 sec. (1313073.35 ticks, tree = 3.62 MB, solutions = 0)
   1629   104      156.9808   525                    161.0327   397040         
   1637   112      158.0158   566                    161.0327   399452         
   1643   118      157.8825   553                    161.0327   402778         
   1649   124      157.7889   571                    161.0327   405720         
   1655   130      157.6849   559                    161.0327   408954         
   1659   134      154.2042   598                    161.0327   412345         
   1667   142      155.6600   565                    161.0327   415411         
   1674   149      155.7292   424                    161.0327   418080         
   1681   156      156.3098   434                    161.0327   421282         
   1687   162      155.1230   441                    161.0327   425337         
Elapsed time = 851.57 sec. (1355892.01 ticks, tree = 6.15 MB, solutions = 0)
   1695   170      151.3330   457                    161.0327   429065         
   1703   178      156.5470   549                    161.0327   431489         
   1707   182      154.9208   489                    161.0327   434152         
   1715   190      156.2887   555                    161.0327   436830         
   1721   196      156.1524   576                    161.0327   439195         
   1727   202      153.5139   435                    161.0327   443265         
   1734   209      155.1023   510                    161.0327   446790         
   1742   217      155.6186   567                    161.0327   449176         
   1747   222      146.6905   514                    161.0327   451976         
   1756   231      155.3357   575                    161.0327   453868         
Elapsed time = 880.67 sec. (1403029.28 ticks, tree = 8.82 MB, solutions = 0)
   1764   239      151.3325   452                    161.0327   457664         
   1772   247      152.5308   556                    161.0327   460883         
   1780   255      152.4766   442                    161.0327   464951         
   1787   262      153.2207   583                    161.0327   466247         
   1794   269      152.9535   530                    161.0327   469578         
   1801   276      151.3809   531                    161.0327   472013         
   1808   283      150.4287   511                    161.0327   474725         
   1817   292      150.0043   536                    161.0327   478397         
   1826   301      146.6908   385                    161.0327   482502         
   1836   311      146.7677   354                    161.0327   485529         
Elapsed time = 907.38 sec. (1445857.58 ticks, tree = 12.03 MB, solutions = 0)
   1846   321      149.0930   495                    161.0327   489047         
   1854   329      148.5611   402                    161.0327   491183         
   1868   343      147.6362   397                    161.0327   494296         
   1881   356      147.3303   412                    161.0327   499251         
   1898   371      146.7311   422                    161.0327   503057         
   1918   384      160.2380   641                    161.0102   508511         
   1924   390      160.0520   600                    161.0102   511538         
   1927   393      159.9855   524                    161.0102   512331         
   1934   400      159.7437   537                    161.0102   515556         
   1940   406      156.9706   398                    161.0102   519434         
Elapsed time = 936.42 sec. (1491522.60 ticks, tree = 15.76 MB, solutions = 0)
   1945   411      155.4757   416                    161.0102   522780         
   1953   419      158.2838   466                    161.0102   525369         
   1961   427      158.3803   550                    161.0102   527499         
   1967   433      157.9307   484                    161.0102   529550         
   1974   440      157.0952   473                    161.0102   532345         
   1981   447      157.0248   510                    161.0102   535791         
   1989   455      155.4610   385                    161.0102   539361         
   1995   461      156.6425   457                    161.0102   542974         
   2004   468      156.5353   482                    161.0102   545516         
   2009   473      156.2300   495                    161.0102   546684         
Elapsed time = 961.59 sec. (1532722.29 ticks, tree = 18.40 MB, solutions = 0)
   2018   482      156.0144   508                    161.0102   549492         
   2027   491      154.5281   431                    161.0102   551951         
   2035   499      154.9854   404                    161.0102   554153         
   2045   509      154.7118   469                    161.0102   556028         
   2053   517      149.5857   384                    161.0102   558769         
   2062   526      153.1360   309                    161.0102   561649         
   2072   536      150.7505   295                    161.0102   564670         
   2084   548      152.3789   378                    161.0102   567038         
   2093   557      147.1460   247                    161.0102   570108         
   2102   566      151.8842   395                    161.0102   572867         
Elapsed time = 986.44 sec. (1572746.47 ticks, tree = 22.08 MB, solutions = 0)
   2112   576      151.6430   345                    161.0102   575243         
   2123   587      149.2409   253                    161.0102   577255         
   2134   598      150.7886   378                    161.0102   580096         
   2143   604      159.9446   636                    160.9458   585957         
   2145   606      159.0494   660                    160.7928   588728         
   2154   615      158.6362   649                    160.7928   590671         
   2161   622      157.9103   618                    160.7928   593238         
   2168   629      157.7517   584                    160.7928   594222         
   2178   639      157.2972   552                    160.7928   595776         
   2188   649      156.5639   551                    160.7928   598093         
Elapsed time = 1011.98 sec. (1614882.73 ticks, tree = 25.29 MB, solutions = 0)
   2200   661      156.3778   564                    160.7928   599110         
   2207   668      156.0304   504                    160.7928   600378         
   2216   677      155.3168   532                    160.7928   602281         
   2227   688      154.9672   508                    160.7928   604030         
   2239   700      154.3025   546                    160.7928   605634         
   2247   708      154.0253   516                    160.7928   606509         
   2259   720      153.3678   536                    160.7928   608480         
   2269   730      150.4455   505                    160.7928   610951         
   2284   745      149.0801   474                    160.7928   612669         
   2302   763      148.3721   457                    160.7928   614155         
Elapsed time = 1036.62 sec. (1655183.86 ticks, tree = 29.79 MB, solutions = 0)
   2322   783      147.5449   463                    160.7928   615934         
   2330   791      157.8038   646                    160.7721   618133         
   2336   797      157.6259   659                    160.7721   621275         
   2341   802      156.4656   642                    160.7721   624599         
   2347   808      156.4190   571                    160.7721   627490         
   2352   813      155.8348   558                    160.7721   630946         
   2361   820      153.4609   540                    160.7721   634003         
   2370   829      154.3020   512                    160.7721   636192         
   2378   837      153.6190   435                    160.7721   639101         
   2386   845      152.5228   415                    160.7721   642454         
Elapsed time = 1061.65 sec. (1696271.63 ticks, tree = 33.01 MB, solutions = 0)
   2396   855      146.2877   438                    160.7721   645622         
   2409   867      142.2753   399                    160.7721   648842         
   2414   870      158.3968   619                    160.7577   651498         
   2422   878      157.9198   628                    160.7577   653586         
   2430   886      156.6254   546                    160.7577   656459         
   2440   896      155.8967   545                    160.7577   657829         
   2452   908      155.4596   555                    160.7577   658931         
   2463   919      155.0055   572                    160.7577   660331         
   2476   932      154.5186   571                    160.7577   661892         
   2487   943      153.6850   585                    160.7577   663345         
Elapsed time = 1087.39 sec. (1738660.29 ticks, tree = 36.82 MB, solutions = 0)
   2501   957      152.9077   496                    160.7577   664670         
   2517   973      152.3564   546                    160.7577   665997         
   2532   988      151.4987   535                    160.7577   667554         
   2551  1007      150.8945   506                    160.7577   669002         
   2570  1026      149.9221   499                    160.7577   670841         
   2598  1054      148.9158   450                    160.7577   673103         
   2628  1084      147.9040   461                    160.7577   675417         
   2656  1112      143.6635   442                    160.7577   678549         
   2696  1143      159.0375   622                    160.7246   682902         
   2703  1150      158.2660   647                    160.7246   685475         
Elapsed time = 1112.59 sec. (1778859.03 ticks, tree = 45.04 MB, solutions = 0)
   2712  1159      157.7388   630                    160.7246   687781         
   2723  1170      157.3713   614                    160.7246   689631         
   2728  1175      156.1889   561                    160.7246   692866         
   2737  1184      155.6641   582                    160.7246   695377         
   2747  1194      154.8813   594                    160.7246   698429         
   2762  1209      154.0672   576                    160.7246   700620         
   2773  1220      153.0509   519                    160.7246   703502         
   2786  1233      151.6017   427                    160.7246   706005         
   2804  1251      150.5897   392                    160.7246   708317         
   2820  1267      149.7826   427                    160.7246   710315         
Elapsed time = 1137.08 sec. (1819425.07 ticks, tree = 49.65 MB, solutions = 0)
   2848  1295      147.9556   434                    160.7246   713433         
   2879  1326      143.4490   379                    160.7246   718265         
   2891  1332      158.5425   565                    160.6918   722626         
   2901  1342      156.3794   532                    160.6918   725319         
   2915  1356      154.3998   530                    160.6918   728306         
   2928  1369      152.5676   483                    160.6918   731433         
   2950  1391      150.1335   397                    160.6918   734300         
   2977  1415      146.1472   376                    160.6918   737159         
   2995  1426      158.5221   655                    160.6891   740785         
   3007  1438      157.9779   629                    160.6891   742910         
Elapsed time = 1162.59 sec. (1860012.41 ticks, tree = 56.33 MB, solutions = 0)
   3021  1452      157.3426   618                    160.6891   745415         
   3034  1465      155.9883   549                    160.6891   748425         
   3047  1478      155.3292   548                    160.6891   750238         
   3069  1500      154.3967   491                    160.6891   752727         
   3102  1533      152.9654   517                    160.6891   756161         
   3125  1556      151.9102   536                    160.6891   759583         
   3156  1587      150.4926   549                    160.6891   763124         
   3189  1620      149.1730   520                    160.6891   765835         
   3207  1638      148.6395   539                    160.6891   767145         
   3254  1685      146.9749   508                    160.6891   770412         
Elapsed time = 1188.49 sec. (1900399.40 ticks, tree = 65.98 MB, solutions = 0)
   3300  1731      145.3719   497                    160.6891   773560         
   3329  1760      158.6712   729                    160.6234   776326         
   3337  1768      157.0183   614                    160.6234   781073         
   3346  1777      156.2862   628                    160.6234   785767         
   3352  1783      154.0291   636                    160.6234   788969         
   3358  1789      157.1685   583                    160.6234   792040         
   3365  1796      156.5075   533                    160.6234   794809         
   3372  1803      153.9056   479                    160.6234   799214         
   3379  1810      155.0981   511                    160.6234   804493         
   3388  1819      151.5256   453                    160.6234   808308         
Elapsed time = 1215.53 sec. (1945081.01 ticks, tree = 71.24 MB, solutions = 0)
   3400  1829      150.7022   483                    160.6234   811651         
   3409  1838      146.5882   467                    160.6234   816411         
   3422  1849        cutoff                          160.6234   821308         
   3439  1863      142.7220   445                    160.6234   827468         
   3448  1868      158.3424   633                    160.6152   830611         
   3459  1879      157.6313   639                    160.6152   834231         
   3475  1895      156.7039   602                    160.6152   838035         
   3492  1912      155.1873   537                    160.6152   841471         
   3510  1930      154.2326   504                    160.6152   845174         
   3527  1947      153.3205   577                    160.6152   849162         
Elapsed time = 1243.29 sec. (1989420.06 ticks, tree = 76.21 MB, solutions = 0)
   3552  1972      152.3024   499                    160.6152   853069         
   3564  1984      146.1979   530                    160.6152   858128         
   3608  2026      142.3777   457                    160.6152   865255         
   3623  2037      158.9343   698                    160.5939   868747         
   3635  2049      156.9830   634                    160.5939   872211         
   3650  2064      155.5167   586                    160.5939   876178         
   3680  2094      153.8912   545                    160.5939   880811         
   3698  2112      150.7331   504                    160.5939   885024         
   3715  2129      149.2234   491                    160.5939   888148         
   3747  2161      147.7262   454                    160.5939   891706         
Elapsed time = 1269.52 sec. (2030695.02 ticks, tree = 84.77 MB, solutions = 0)
   3782  2196      145.9558   427                    160.5939   894910         
   3830  2243      142.3543   440                    160.5939   899162         
   3847  2255      157.3121   708                    160.5672   902846         
   3863  2271      156.3603   608                    160.5672   906769         
   3880  2288      154.3914   568                    160.5672   910562         
   3903  2311      152.9594   564                    160.5672   914023         
   3927  2335      151.5816   552                    160.5672   917352         
   3950  2358      146.4671   382                    160.5672   921169         
   3977  2378      158.8474   669                    160.5438   925877         
   3989  2390      158.0311   584                    160.5438   929066         
Elapsed time = 1294.89 sec. (2070305.12 ticks, tree = 93.80 MB, solutions = 0)
   4004  2405      156.9182   575                    160.5438   932967         
   4022  2423      155.4261   435                    160.5438   937057         
   4053  2454      153.3804   442                    160.5438   941156         
   4080  2481      150.1108   431                    160.5438   944788         
   4116  2517      147.1736   381                    160.5438   948928         
   4135  2530      158.1276   572                    160.4869   953735         
   4142  2537      154.9104   486                    160.4869   957868         
   4148  2543      156.0598   572                    160.4869   961901         
   4153  2548      155.8499   579                    160.4869   966709         
   4161  2556      150.0121   462                    160.4869   971943         
Elapsed time = 1320.84 sec. (2111933.06 ticks, tree = 100.35 MB, solutions = 0)
   4171  2566      151.0866   396                    160.4869   976326         
   4180  2575      143.7206   361                    160.4869   980673         
   4197  2592      146.0122   421                    160.4869   985729         
   4208  2603      150.1545   459                    160.4869   991273         
   4224  2617      144.2580   379                    160.4869   997019         
   4251  2636      144.0709   314                    160.4869  1002554         
   4301  2659      157.3300   661                    160.3657  1007492         
   4313  2671      156.2105   684                    160.3657  1010989         
   4336  2694      155.3570   591                    160.3657  1014846         
   4360  2718      153.5489   501                    160.3657  1019200         
Elapsed time = 1346.11 sec. (2152075.44 ticks, tree = 106.76 MB, solutions = 0)
   4390  2748      151.9302   482                    160.3657  1023439         
   4427  2785      150.0827   498                    160.3657  1027371         
   4456  2814      147.4853   499                    160.3657  1031240         
   4502  2860      145.9833   556                    160.3657  1035281         
   4539  2892      159.0436   648                    160.2949  1040915         
   4551  2904      157.7646   612                    160.2949  1045021         
   4565  2918      156.3460   580                    160.2949  1049341         
   4584  2937      153.8037   542                    160.2949  1053394         
   4602  2955      152.1158   596                    160.2949  1057463         
   4634  2987      149.2254   515                    160.2949  1061523         
Elapsed time = 1371.36 sec. (2191690.13 ticks, tree = 117.39 MB, solutions = 0)
   4673  3026      147.8389   480                    160.2949  1065506         
   4709  3059      143.0492   456                    160.2949  1070614         
   4728  3073      156.8415   667                    160.2837  1075097         
   4744  3089      155.9036   625                    160.2837  1078814         
   4759  3104      155.0924   642                    160.2837  1082958         
   4789  3134      154.1925   625                    160.2837  1087116         
   4818  3163      151.4418   598                    160.2837  1091935         
   4856  3201      150.2482   565                    160.2837  1095894         
   4897  3242      148.7657   548                    160.2837  1100038         
   4944  3289      146.8247   492                    160.2837  1104246         
Elapsed time = 1396.71 sec. (2231118.26 ticks, tree = 129.34 MB, solutions = 0)
   4983  3326      143.3532   480                    160.2837  1110301         
   5034  3372      157.1851   676                    160.2119  1115606         
   5047  3385      155.8006   562                    160.2119  1119727         
   5075  3413      154.2932   565                    160.2119  1123819         
   5099  3437      152.9609   493                    160.2119  1127962         
   5128  3466      151.7188   542                    160.2119  1132470         
   5174  3512      149.8609   484                    160.2119  1137213         
   5222  3557      158.3030   567                    160.2119  1144002         
   5231  3566      156.5483   520                    160.2119  1149115         
   5238  3573      153.9517   457                    160.2119  1153629         
Elapsed time = 1424.38 sec. (2274097.54 ticks, tree = 140.58 MB, solutions = 0)
   5251  3586      152.6079   417                    160.2119  1158045         
   5267  3602      148.4168   362                    160.2119  1163342         
   5295  3628      145.7123   312                    160.2119  1168504         
   5326  3648      159.4741   622                    160.2111  1173491         
   5339  3661      158.7623   600                    160.2111  1177542         
   5351  3673      157.4359   591                    160.2111  1181797         
   5369  3691      156.4407   575                    160.2111  1185996         
   5395  3717      155.2339   539                    160.2111  1190334         
   5431  3753      153.7669   539                    160.2111  1194646         
   5465  3787      152.6073   551                    160.2111  1198650         
Elapsed time = 1449.31 sec. (2313227.76 ticks, tree = 148.97 MB, solutions = 0)
   5501  3823      149.5540   461                    160.2111  1202681         
   5534  3856      147.8472   484                    160.2111  1206026         
   5583  3905      145.2118   378                    160.2111  1210081         
   5630  3942      156.4381   521                    160.1931  1216417         
   5643  3955      155.2390   548                    160.1931  1220084         
   5665  3977      153.4641   494                    160.1931  1224417         
   5695  4007      151.7883   544                    160.1931  1228819         
   5726  4038      146.3663   344                    160.1931  1233803         
   5755  4064      158.5867   559                    160.0944  1238665         
   5769  4078      157.2880   562                    160.0944  1242996         
Elapsed time = 1475.24 sec. (2353231.13 ticks, tree = 160.52 MB, solutions = 0)
   5789  4098      155.8969   536                    160.0944  1247475         
   5810  4117      152.8400   540                    160.0944  1252024         
   5845  4152      151.6832   528                    160.0944  1255839         
   5860  4163      158.9827   671                    160.0900  1260901         
   5867  4170      158.1796   601                    160.0900  1264646         
   5878  4181      157.3410   625                    160.0900  1268245         
   5892  4195      156.3615   584                    160.0900  1271625         
   5905  4208      155.0554   557                    160.0900  1275240         
   5919  4222      153.4319   519                    160.0900  1278928         
   5927  4230      152.9760   532                    160.0900  1280417         
Elapsed time = 1501.66 sec. (2393889.61 ticks, tree = 166.65 MB, solutions = 0)
   5946  4249      151.7872   576                    160.0900  1283831         
   5967  4270      150.4037   535                    160.0900  1286911         
   5990  4293      149.3100   554                    160.0900  1290328         
   6019  4322      147.3960   540                    160.0900  1294450         
   6059  4362      146.1430   482                    160.0900  1298457         
   6108  4411      144.1717   510                    160.0900  1303343         
   6132  4430      156.3781   629                    160.0806  1308175         
   6133  4431      155.8926   629                    160.0806  1308984         
   6135  4433      155.9773   597                    160.0806  1309829         
   6137  4435      155.6481   605                    160.0806  1310345         
Elapsed time = 1536.01 sec. (2441233.88 ticks, tree = 174.75 MB, solutions = 0)
   6147  4445      154.1594   540                    160.0806  1314783         
   6155  4453      152.5731   431                    160.0806  1319185         
   6166  4464      149.6773   363                    160.0806  1323758         
   6178  4476      150.5264   381                    160.0806  1328492         
   6204  4498      144.4831   231                    160.0806  1334619         
   6217  4507      159.2152   679                    160.0802  1339632         
   6230  4520      158.2816   629                    160.0802  1342926         
   6246  4536      157.5363   664                    160.0802  1346058         
   6259  4549      156.3570   576                    160.0802  1350316         
   6278  4568      155.3935   577                    160.0802  1354451         
Elapsed time = 1564.15 sec. (2483452.49 ticks, tree = 179.93 MB, solutions = 0)
   6294  4584      154.9970   560                    160.0802  1357872         
   6305  4595      154.1202   609                    160.0802  1361662         
   6323  4613      153.4928   624                    160.0802  1365141         
   6335  4625      153.2543   653                    160.0802  1366543         
   6356  4646      152.7996   600                    160.0802  1369545         
   6380  4670      152.1778   621                    160.0802  1372414         
   6405  4695      151.5652   596                    160.0802  1375380         
   6435  4725      150.9540   632                    160.0802  1378041         
   6463  4753      150.3180   578                    160.0802  1380797         
   6492  4782      149.5703   602                    160.0802  1383431         
Elapsed time = 1591.77 sec. (2522420.46 ticks, tree = 188.41 MB, solutions = 0)
   6527  4817      148.4789   541                    160.0802  1386159         
   6559  4849      147.1102   515                    160.0802  1389510         
   6599  4889      145.7512   560                    160.0802  1392849         
   6637  4927      144.2783   530                    160.0802  1397051         
   6644  4931      156.2899   616                    160.0650  1402282         
   6654  4941      154.6644   564                    160.0650  1405886         
   6668  4955      153.3185   561                    160.0650  1409399         
   6684  4971      152.4256   549                    160.0650  1412835         
   6700  4987      151.6673   483                    160.0650  1416726         
   6716  5003      148.7036   466                    160.0650  1420778         
Elapsed time = 1619.36 sec. (2561399.96 ticks, tree = 197.16 MB, solutions = 0)
   6739  5026      147.4814   515                    160.0650  1423938         
   6762  5044        cutoff                          160.0650  1432101         
   6768  5050      158.0195   637                    160.0519  1436122         
   6782  5064      157.1718   585                    160.0519  1439435         
   6793  5075      155.9531   556                    160.0519  1443158         
   6804  5086      155.1589   558                    160.0519  1445938         
   6817  5099      153.6540   527                    160.0519  1449248         
   6833  5115      152.8558   500                    160.0519  1451696         
   6858  5140      152.0595   482                    160.0519  1453918         
   6889  5171      150.8239   354                    160.0519  1456170         
Elapsed time = 1646.95 sec. (2601760.58 ticks, tree = 203.84 MB, solutions = 0)
   6919  5201      148.7328   390                    160.0519  1458919         
   6953  5235      146.6041   353                    160.0519  1462190         
   6997  5275      160.0083   611                    160.0449  1466250         
   7006  5284      158.9504   621                    160.0449  1469754         
   7016  5294      158.3708   570                    160.0449  1472121         
   7025  5303      157.4971   527                    160.0449  1474742         
   7038  5316      156.4768   510                    160.0449  1477048         
   7051  5329      155.8696   476                    160.0449  1479341         
   7070  5348      154.9281   470                    160.0449  1481922         
   7087  5365      153.8152   533                    160.0449  1484587         
Elapsed time = 1673.94 sec. (2641638.04 ticks, tree = 211.50 MB, solutions = 0)
   7113  5391      153.2237   529                    160.0449  1486614         
   7138  5416      152.6852   441                    160.0449  1488880         
   7166  5444      151.8029   410                    160.0449  1491251         
   7178  5452      159.2638   541                    160.0349  1494453         
   7183  5457      157.7223   438                    160.0349  1497708         
   7189  5463      154.7277   422                    160.0349  1501644         
   7196  5470      153.8381   445                    160.0349  1505469         
   7203  5477      157.4718   443                    160.0349  1508250         
   7213  5487      156.0712   393                    160.0349  1511053         
   7224  5498      149.9157   344                    160.0349  1514538         
Elapsed time = 1701.22 sec. (2683519.56 ticks, tree = 216.79 MB, solutions = 0)
   7233  5507      152.5510   257                    160.0349  1518093         
   7240  5514      154.1117   404                    160.0349  1522223         
   7249  5523      152.4974   341                    160.0349  1527027         
   7259  5533      153.3054   380                    160.0349  1531028         
   7268  5542      147.2220   264                    160.0349  1535284         
   7277  5544      158.3045   450                    160.0286  1539333         
   7290  5557      156.3657   413                    160.0286  1542318         
   7314  5581      155.2152   430                    160.0286  1544854         
   7331  5594      158.9274   668                    160.0007  1548901         
   7338  5601      157.9143   598                    160.0007  1551165         
Elapsed time = 1727.47 sec. (2723577.59 ticks, tree = 220.89 MB, solutions = 0)
   7349  5612      157.0485   589                    160.0007  1554309         
   7364  5627      155.7684   443                    160.0007  1557439         
   7386  5649      154.4277   476                    160.0007  1559915         
   7411  5674      153.0572   468                    160.0007  1562534         
   7437  5700      151.8288   465                    160.0007  1564987         
   7467  5730      150.9927   458                    160.0007  1567429         
   7493  5756      149.3886   435                    160.0007  1569830         
   7527  5790      147.5246   364                    160.0007  1572423         
   7571  5834      146.6307   313                    160.0007  1575214         
   7622  5885      145.4565   282                    160.0007  1577702         
Elapsed time = 1755.10 sec. (2762433.97 ticks, tree = 232.19 MB, solutions = 0)
   7663  5923      159.3095   556                    159.9723  1582205         
   7675  5935      158.3348   525                    159.9723  1585753         
   7686  5946      157.2026   505                    159.9723  1589510         
   7700  5960      156.4953   494                    159.9723  1593179         
   7721  5981      155.2174   510                    159.9723  1596680         
   7744  6004      154.2157   512                    159.9723  1599815         
   7768  6028      153.4483   527                    159.9723  1602782         
   7797  6057      150.5255   403                    159.9723  1605796         
   7835  6091      142.5829   385                    159.9723  1611015         
   7843  6095      154.9378   642                    159.9670  1614368         
Elapsed time = 1783.14 sec. (2803237.38 ticks, tree = 240.56 MB, solutions = 0)
   7851  6103      153.1687   510                    159.9670  1618075         
   7870  6122      151.6695   481                    159.9670  1621681         
   7899  6151      150.1955   436                    159.9670  1625477         
   7935  6187      148.2146   430                    159.9670  1629342         
   7973  6225      146.0198   453                    159.9670  1634258         
   8027  6278      143.9831   374                    159.9670  1639430         
   8043  6290      156.3431   477                    159.9660  1645025         
   8048  6295      152.3374   396                    159.9660  1648813         
   8055  6302      154.6558   419                    159.9660  1653589         
   8065  6312      152.0115   358                    159.9660  1658420         
Elapsed time = 1811.12 sec. (2843760.79 ticks, tree = 249.20 MB, solutions = 0)
   8073  6320      149.5722   451                    159.9660  1663385         
   8081  6328      152.3192   461                    159.9660  1667376         
   8088  6335      146.2531   411                    159.9660  1672641         
   8099  6340      156.9192   551                    159.9638  1677069         
   8113  6354      154.2327   448                    159.9638  1679944         
   8135  6376      152.4768   412                    159.9638  1682923         
   8157  6398      150.2795   434                    159.9638  1685669         
   8186  6427      146.1667   393                    159.9638  1688219         
   8224  6459      155.6803   526                    159.9585  1693803         
   8239  6474      152.7930   484                    159.9585  1697380         
Elapsed time = 1838.75 sec. (2884501.29 ticks, tree = 255.65 MB, solutions = 0)
   8253  6485        cutoff                          159.9585  1702142         
   8262  6494      153.5257   549                    159.9494  1705511         
   8270  6502      152.3279   611                    159.9494  1709716         
   8286  6518      151.3210   489                    159.9494  1713091         
   8304  6536      149.4676   520                    159.9494  1717143         
   8327  6559      148.2386   529                    159.9494  1720176         
   8365  6597      146.0873   478                    159.9494  1724610         
   8397  6625      157.0562   623                    159.9443  1731628         
   8407  6635      155.9272   571                    159.9443  1734978         
   8421  6649      154.9733   614                    159.9443  1738370         
Elapsed time = 1868.10 sec. (2927628.87 ticks, tree = 262.62 MB, solutions = 0)
   8436  6664      153.6735   589                    159.9443  1741838         
   8446  6674      152.6046   574                    159.9443  1745952         
   8462  6690      151.6039   571                    159.9443  1749924         
   8484  6712      150.4713   621                    159.9443  1753552         
   8514  6742      146.4294   483                    159.9443  1757479         
   8559  6787      143.9520   421                    159.9443  1763120         
   8578  6802      156.9046   544                    159.9442  1768004         
   8589  6813      154.7214   502                    159.9442  1772488         
   8601  6825      154.0936   357                    159.9442  1776681         
   8623  6845      149.8523   321                    159.9442  1780815         
Elapsed time = 1895.59 sec. (2967593.89 ticks, tree = 270.44 MB, solutions = 0)
   8650  6865      159.7656   665                    159.9416  1785109         
   8656  6871      158.7089   623                    159.9416  1787887         
   8665  6880      158.0152   609                    159.9416  1790589         
   8674  6889      156.7803   614                    159.9416  1793325         
   8681  6896      155.8149   568                    159.9416  1796148         
   8687  6902      153.8689   595                    159.9416  1799362         
   8694  6909      151.7124   559                    159.9416  1802849         
   8708  6923      150.7811   606                    159.9416  1805317         
   8722  6937      149.7626   455                    159.9416  1808451         
   8747  6962      145.9633   425                    159.9416  1812067         
Elapsed time = 1922.26 sec. (3008383.02 ticks, tree = 274.99 MB, solutions = 0)
   8766  6976      159.3799   729                    159.9136  1817005         
   8773  6983      158.6383   679                    159.9136  1819584         
   8782  6992      158.2221   667                    159.9136  1822192         
   8788  6998      156.9338   710                    159.9136  1824998         
   8794  7004      156.1103   643                    159.9136  1828007         
   8802  7012      155.4352   547                    159.9136  1830559         
   8810  7020      154.6065   582                    159.9136  1833428         
   8820  7030      153.8263   558                    159.9136  1835980         
   8834  7044      153.0256   561                    159.9136  1838518         
   8851  7061      152.0868   530                    159.9136  1841158         
Elapsed time = 1948.66 sec. (3049746.39 ticks, tree = 278.83 MB, solutions = 0)
   8872  7082      151.2433   543                    159.9136  1843812         
   8886  7096      149.2206   548                    159.9136  1847046         
   8909  7119      148.4573   487                    159.9136  1849871         
   8940  7150      146.1991   472                    159.9136  1853740         
   8970  7178      141.9204   430                    159.9136  1858941         
   8978  7182      158.1325   583                    159.8992  1861708         
   8988  7192      157.1167   507                    159.8992  1864278         
   8995  7199      154.2046   428                    159.8992  1867278         
   9006  7210      152.7954   451                    159.8992  1870070         
   9018  7222      150.6402   480                    159.8992  1873025         
Elapsed time = 1975.35 sec. (3089244.54 ticks, tree = 285.18 MB, solutions = 0)
   9033  7237      148.9634   459                    159.8992  1876505         
   9060  7264      147.6374   415                    159.8992  1879768         
   9083  7282      158.3587   689                    159.8915  1884968         
   9093  7292      157.9689   586                    159.8915  1887127         
   9101  7300      156.9445   567                    159.8915  1890461         
   9109  7308      154.1610   515                    159.8915  1893557         
   9123  7322      152.7810   450                    159.8915  1897069         
   9134  7333      152.0138   471                    159.8915  1899070         
   9157  7356      150.9763   476                    159.8915  1902356         
   9171  7370      148.8817   461                    159.8915  1906650         
Elapsed time = 2002.43 sec. (3129652.94 ticks, tree = 291.04 MB, solutions = 0)
   9204  7403      146.9790   384                    159.8915  1910453         
   9243  7438      159.6790   660                    159.8825  1915807         
   9249  7444      154.9370   582                    159.8825  1919594         
   9254  7449      157.2769   577                    159.8825  1923938         
   9261  7456      157.9758   638                    159.8825  1927683         
   9267  7462      154.5025   653                    159.8825  1932044         
   9273  7468      151.1884   555                    159.8825  1935670         
   9280  7475      149.3341   503                    159.8825  1939667         
   9292  7487      143.5012   365                    159.8825  1944370         
   9312  7498      159.0571   599                    159.8772  1948554         
Elapsed time = 2030.33 sec. (3171925.97 ticks, tree = 296.08 MB, solutions = 0)
   9322  7508      157.4666   635                    159.8772  1952092         
   9334  7520      156.5330   547                    159.8772  1955979         
   9345  7531      155.1722   444                    159.8772  1959639         
   9361  7547      153.4547   462                    159.8772  1963109         
   9378  7564      152.4835   495                    159.8772  1966581         
   9401  7587      150.9077   508                    159.8772  1969707         
   9426  7612      149.4903   458                    159.8772  1973033         
   9461  7647      147.4091   502                    159.8772  1976625         
   9503  7687      144.7181   425                    159.8772  1981099         
   9519  7699      155.0348   578                    159.8507  1986626         
Elapsed time = 2057.69 sec. (3211584.93 ticks, tree = 304.03 MB, solutions = 0)
   9527  7707      152.1185   556                    159.8507  1988790         
   9544  7724      149.8164   554                    159.8507  1993067         
   9571  7751      147.0933   497                    159.8507  1997812         
   9616  7796      145.0205   437                    159.8507  2002738         
   9639  7815      156.3876   589                    159.8502  2008047         
   9652  7828      154.9815   521                    159.8502  2011670         
   9669  7845      153.1829   514                    159.8502  2015052         
   9688  7864      151.5844   522                    159.8502  2018934         
   9707  7883      150.3137   485                    159.8502  2022953         
   9728  7904      148.2491   435                    159.8502  2028134         
Elapsed time = 2085.16 sec. (3250898.16 ticks, tree = 312.20 MB, solutions = 0)
   9747  7919      159.4948   627                    159.8496  2032826         
   9755  7927      158.2708   620                    159.8496  2036329         
   9766  7938      156.5237   582                    159.8496  2040221         
   9783  7955      155.5296   545                    159.8496  2043386         
   9796  7968      154.5984   566                    159.8496  2047296         
   9811  7983      153.7406   504                    159.8496  2051111         
   9825  7997      152.7750   555                    159.8496  2054994         
   9838  8010      151.3582   538                    159.8496  2059150         
   9862  8034      150.2921   487                    159.8496  2063172         
   9888  8059      142.3568   336                    159.8496  2068174         
Elapsed time = 2112.12 sec. (3290570.40 ticks, tree = 318.39 MB, solutions = 0)
   9895  8063      156.1742   428                    159.8106  2072349         
   9905  8073      151.5571   358                    159.8106  2075979         
   9925  8093      144.5968   245                    159.8106  2082101         
   9938  8100      158.0064   605                    159.8017  2086222         
   9951  8113      156.1591   583                    159.8017  2090022         
   9967  8129      154.3561   511                    159.8017  2093619         
   9986  8148      152.0392   519                    159.8017  2097081         
  10006  8168      149.5443   459                    159.8017  2100316         
  10042  8204      145.7380   402                    159.8017  2104094         
  10066  8224      158.7684   680                    159.7951  2108621         
Elapsed time = 2139.59 sec. (3330470.15 ticks, tree = 325.24 MB, solutions = 0)
  10076  8234      157.4965   630                    159.7951  2112788         
  10087  8245      156.7920   634                    159.7951  2116232         
  10099  8257      155.6270   559                    159.7951  2120085         
  10110  8268      154.9532   627                    159.7951  2123993         
  10127  8285      154.1481   602                    159.7951  2127378         
  10143  8301      153.3356   609                    159.7951  2131317         
  10158  8316      152.1013   554                    159.7951  2134941         
  10178  8336      151.4611   548                    159.7951  2137134         
  10207  8365      150.8028   539                    159.7951  2139498         
  10227  8385      148.8452   488                    159.7951  2142786         
Elapsed time = 2167.58 sec. (3371580.52 ticks, tree = 331.64 MB, solutions = 0)
  10255  8413      143.6491   290                    159.7951  2147367         
  10266  8421      156.8984   533                    159.7921  2151477         
  10279  8434      155.8441   494                    159.7921  2154038         
  10297  8452      154.7749   458                    159.7921  2156553         
  10321  8476      153.2544   382                    159.7921  2159043         
  10346  8501      150.9941   350                    159.7921  2161255         
  10387  8542      149.5572   384                    159.7921  2163809         
  10427  8582      145.7204   297                    159.7921  2167227         
  10448  8600      158.6379   648                    159.7656  2170788         
  10458  8610      157.3890   454                    159.7656  2174002         
Elapsed time = 2194.67 sec. (3410690.60 ticks, tree = 340.61 MB, solutions = 0)
  10472  8624      156.5676   471                    159.7656  2176619         
  10486  8638      155.5370   492                    159.7656  2179255         
  10501  8653      154.5548   433                    159.7656  2181956         
  10514  8666      153.5771   491                    159.7656  2184705         
  10537  8689      152.2717   469                    159.7656  2187290         
  10569  8721      150.9416   460                    159.7656  2189572         
  10599  8751      148.3240   374                    159.7656  2192073         
  10638  8790      145.3048   398                    159.7656  2195488         
  10663  8811      158.2302   530                    159.7155  2201031         
  10672  8820      154.0762   402                    159.7155  2205281         
Elapsed time = 2222.29 sec. (3450579.19 ticks, tree = 348.99 MB, solutions = 0)
  10683  8831      146.9006   401                    159.7155  2208971         
  10703  8851      146.8596   327                    159.7155  2213364         
  10712  8852      157.4269   480                    159.6807  2217301         
  10720  8860      156.3723   497                    159.6807  2219830         
  10727  8867      155.0689   492                    159.6807  2222080         
  10745  8885      154.0905   471                    159.6807  2224726         
  10761  8901      152.5661   481                    159.6807  2227580         
  10779  8919      150.9964   455                    159.6807  2230558         
  10799  8939      149.4591   431                    159.6807  2233692         
  10828  8968      142.6174   277                    159.6807  2238505         
Elapsed time = 2249.49 sec. (3490713.80 ticks, tree = 354.89 MB, solutions = 0)
  10834  8970      155.4087   544                    159.6805  2242560         
  10842  8978      154.3745   512                    159.6805  2245054         
  10851  8987      153.6177   490                    159.6805  2248110         
  10864  9000      152.8739   520                    159.6805  2250935         
  10881  9017      151.9452   479                    159.6805  2253928         
  10899  9035      151.1343   449                    159.6805  2256962         
  10920  9056      149.7846   463                    159.6805  2260531         
  10947  9083      148.1602   463                    159.6805  2263762         
  10979  9109      155.9439   519                    159.6800  2271553         
  10988  9118      154.9715   519                    159.6800  2274693         
Elapsed time = 2277.27 sec. (3532722.65 ticks, tree = 360.87 MB, solutions = 0)
  11000  9130      153.2328   394                    159.6800  2278583         
  11027  9157      152.2715   440                    159.6800  2281689         
  11047  9177      150.5403   458                    159.6800  2285669         
  11074  9204      148.9344   487                    159.6800  2290059         
  11110  9240      147.5411   420                    159.6800  2294415         
  11144  9274      145.3523   388                    159.6800  2298696         
  11161  9286      158.7589   714                    159.6760  2302687         
  11169  9294      158.2328   647                    159.6760  2305398         
  11177  9302      157.3670   679                    159.6760  2308306         
  11188  9313      155.9166   604                    159.6760  2311602         
Elapsed time = 2304.33 sec. (3571959.69 ticks, tree = 368.56 MB, solutions = 0)
  11202  9327      154.8261   557                    159.6760  2314737         
  11215  9340      153.2328   526                    159.6760  2318263         
  11230  9355      152.1931   520                    159.6760  2321782         
  11250  9375      150.0293   497                    159.6760  2325512         
  11284  9409      148.0865   507                    159.6760  2329266         
  11327  9452      146.2905   461                    159.6760  2333242         
  11351  9472      159.1050   622                    159.6683  2337803         
  11357  9478      156.1866   441                    159.6683  2341685         
  11363  9484      154.9938   492                    159.6683  2345497         
  11375  9496      153.4916   443                    159.6683  2349339         
Elapsed time = 2332.13 sec. (3612489.06 ticks, tree = 375.84 MB, solutions = 0)
  11385  9506      154.0544   466                    159.6683  2353671         
  11393  9514      153.0432   451                    159.6683  2358198         
  11403  9524      151.4612   449                    159.6683  2362160         
  11418  9539      146.8686   432                    159.6683  2367810         
  11437  9554      159.3935   575                    159.6446  2373880         
  11448  9565      157.3903   552                    159.6446  2377813         
  11465  9582      156.1671   466                    159.6446  2381614         
  11485  9602      155.1528   508                    159.6446  2384829         
  11506  9623      153.7064   444                    159.6446  2388207         
  11525  9642      151.9615   506                    159.6446  2391583         
Elapsed time = 2359.76 sec. (3653012.61 ticks, tree = 381.65 MB, solutions = 0)
  11538  9655      151.4992   486                    159.6446  2393031         
  11565  9682      150.3113   568                    159.6446  2396275         
  11602  9719      149.4991   505                    159.6446  2399073         
  11617  9730      158.5840   520                    159.6311  2404591         
  11633  9746      156.9460   470                    159.6311  2408615         
  11644  9757      151.0302   453                    159.6311  2412751         
  11668  9781      148.8194   449                    159.6311  2416871         
  11678  9788      158.2730   586                    159.6049  2421190         
  11692  9802      157.2994   512                    159.6049  2424673         
  11710  9820      155.7836   441                    159.6049  2428242         
Elapsed time = 2387.79 sec. (3693326.13 ticks, tree = 388.76 MB, solutions = 0)
  11734  9844      154.5805   454                    159.6049  2431800         
  11759  9867      150.1690   433                    159.6049  2436305         
  11795  9903      147.2664   339                    159.6049  2440528         
  11808  9912      158.7851   590                    159.5667  2445341         
  11819  9923      158.0487   622                    159.5667  2448713         
  11830  9934      157.6526   590                    159.5667  2452167         
  11838  9942      156.5848   513                    159.5667  2455907         
  11856  9960      155.3947   518                    159.5667  2459258         
  11872  9976      154.7495   527                    159.5667  2462977         
  11886  9990      153.6280   511                    159.5667  2466861         
Elapsed time = 2414.50 sec. (3732834.06 ticks, tree = 395.50 MB, solutions = 0)
  11901 10005      149.4206   464                    159.5667  2470926         
  11927 10031      147.3335   490                    159.5667  2475195         
  11966 10068        cutoff                          159.5667  2480656         
  11972 10072      153.6766   535                    159.5437  2484348         
  11979 10079      152.8224   489                    159.5437  2487959         
  11990 10090      149.0542   346                    159.5437  2491944         
  12006 10100      158.1548   510                    159.5219  2497985         
  12017 10111      157.0041   515                    159.5219  2501517         
  12034 10128      155.8164   391                    159.5219  2504890         
  12050 10144      153.4845   449                    159.5219  2508700         
Elapsed time = 2442.22 sec. (3773466.96 ticks, tree = 401.64 MB, solutions = 0)
  12077 10171      147.2250   303                    159.5219  2512448         
  12101 10189      156.0809   597                    159.4948  2516670         
  12110 10198      154.0282   628                    159.4948  2519795         
  12119 10207      152.9972   612                    159.4948  2523620         
  12133 10221      151.1190   543                    159.4948  2527085         
  12153 10241      149.0492   552                    159.4948  2530190         
  12176 10264      147.2160   553                    159.4948  2533935         
  12187 10271      157.6708   568                    159.4900  2538452         
  12196 10280      156.0257   554                    159.4900  2541818         
  12207 10291      153.9771   394                    159.4900  2545491         
Elapsed time = 2468.90 sec. (3812887.53 ticks, tree = 407.51 MB, solutions = 0)
  12219 10303      152.2586   469                    159.4900  2549280         
  12236 10320      151.2514   388                    159.4900  2552781         
  12264 10348      147.0617   326                    159.4900  2557329         
  12318 10400      141.7124   229                    159.4900  2562917         
  12327 10407      151.0800   578                    159.4893  2566760         
  12342 10422      149.6405   554                    159.4893  2571107         
  12352 10432      148.0505   498                    159.4893  2575474         
  12371 10450      142.1200   465                    159.4893  2581290         
  12378 10453      152.6283   561                    159.4863  2585286         
  12385 10458      149.9224   494                    159.4863  2589193         
Elapsed time = 2496.53 sec. (3853435.73 ticks, tree = 414.14 MB, solutions = 0)
  12393 10466      147.3099   398                    159.4863  2594163         
  12408 10477      156.1440   495                    159.4734  2600790         
  12415 10484      153.2560   547                    159.4734  2603514         
  12428 10497      150.6907   524                    159.4734  2606832         
  12446 10514      149.2310   469                    159.4734  2610097         
  12462 10526      158.9901   548                    159.4734  2614075         
  12475 10539      157.5072   533                    159.4734  2616675         
  12488 10552      156.5083   521                    159.4734  2619407         
  12504 10568      155.1992   482                    159.4734  2622173         
  12519 10583      154.1921   517                    159.4734  2624782         
Elapsed time = 2523.99 sec. (3894976.56 ticks, tree = 419.17 MB, solutions = 0)
  12535 10599      153.1131   483                    159.4734  2627506         
  12553 10617      151.8955   528                    159.4734  2630303         
  12581 10645      150.9067   460                    159.4734  2633076         
  12615 10679      148.9704   379                    159.4734  2635998         
  12653 10717      147.5842   385                    159.4734  2638792         
  12679 10739      157.8323   528                    159.4698  2642533         
  12697 10757      156.3591   413                    159.4698  2645844         
  12722 10782      155.0626   431                    159.4698  2648632         
  12728 10788      154.2554   421                    159.4698  2649696         
  12745 10805      153.0258   438                    159.4698  2652622         
Elapsed time = 2552.00 sec. (3934885.56 ticks, tree = 428.04 MB, solutions = 0)
  12767 10827      151.6382   417                    159.4698  2655436         
  12796 10856      150.1259   385                    159.4698  2658197         
  12825 10881      158.3225   529                    159.4231  2662612         
  12832 10888      157.0228   562                    159.4231  2665282         
  12841 10897      155.4879   471                    159.4231  2668280         
  12856 10912      154.1940   461                    159.4231  2670843         
  12871 10927      152.6258   511                    159.4231  2673966         
  12888 10944      151.5851   493                    159.4231  2676708         
  12911 10967      149.2052   508                    159.4231  2679984         
  12934 10990      147.3714   494                    159.4231  2683766         
Elapsed time = 2579.69 sec. (3975672.06 ticks, tree = 435.41 MB, solutions = 0)
  12967 11023      144.3653   466                    159.4231  2688641         
  12989 11040      157.5707   567                    159.4231  2693612         
  12994 11045      155.5881   540                    159.4231  2696852         
  13000 11051      152.4632   528                    159.4231  2699948         
  13007 11058      149.7790   397                    159.4231  2703560         
  13014 11065      151.5258   401                    159.4231  2707580         
  13026 11077      150.5238   387                    159.4231  2711348         
  13038 11087      142.6697   324                    159.4231  2716596         
  13056 11098      156.8753   520                    159.4091  2722208         
  13067 11109      155.5994   466                    159.4091  2724878         
Elapsed time = 2606.75 sec. (4016325.28 ticks, tree = 440.16 MB, solutions = 0)
  13083 11125      153.9807   470                    159.4091  2728028         
  13100 11142      153.1174   498                    159.4091  2730960         
  13121 11163      151.8773   451                    159.4091  2734326         
  13143 11185      150.1296   429                    159.4091  2737280         
  13179 11221      147.4449   378                    159.4091  2740986         
  13199 11237      157.2228   675                    159.3983  2745631         
  13209 11247      155.5325   601                    159.3983  2748749         
  13221 11259      154.0733   597                    159.3983  2752114         
  13240 11278      153.0945   482                    159.3983  2755460         
  13259 11297      151.2016   548                    159.3983  2758974         
Elapsed time = 2633.95 sec. (4055645.98 ticks, tree = 447.68 MB, solutions = 0)
  13282 11320      149.6563   445                    159.3983  2762474         
  13310 11348      148.5092   528                    159.3983  2766278         
  13340 11378      147.1535   485                    159.3983  2770660         
  13385 11423      144.7642   487                    159.3983  2775169         
  13426 11460      157.6039   636                    159.3931  2780507         
  13438 11472      156.3305   535                    159.3931  2783609         
  13457 11491      155.0826   448                    159.3931  2787008         
  13477 11511      153.9525   481                    159.3931  2790377         
  13496 11530      152.7636   434                    159.3931  2793860         
  13515 11549      149.6904   488                    159.3931  2798090         
Elapsed time = 2662.19 sec. (4095233.67 ticks, tree = 457.74 MB, solutions = 0)
  13540 11574      147.8248   483                    159.3931  2802341         
  13587 11621      145.6834   479                    159.3931  2806633         
  13610 11640      154.5342   440                    159.3866  2812541         
  13629 11659      153.2826   489                    159.3866  2815735         
  13654 11684      151.5095   474                    159.3866  2818550         
  13687 11717      148.6891   395                    159.3866  2822233         
  13730 11760      147.3055   494                    159.3866  2825920         
  13776 11806      145.2353   469                    159.3866  2829316         
  13814 11840      155.5592   580                    159.3769  2834270         
  13821 11847      145.3437   444                    159.3769  2839065         
Elapsed time = 2691.19 sec. (4135386.07 ticks, tree = 469.65 MB, solutions = 0)
  13829 11852      155.5699   579                    159.3751  2844980         
  13840 11863      152.7733   533                    159.3751  2848968         
  13857 11880      151.4005   462                    159.3751  2853037         
  13878 11901      149.5409   503                    159.3751  2856885         
  13904 11925      146.6839   522                    159.3751  2861858         
  13937 11958      144.6291   511                    159.3751  2867216         
  13966 11981      158.6573   520                    159.3743  2873560         
  13979 11994      156.8590   507                    159.3743  2876860         
  13996 12011      155.1978   438                    159.3743  2879921         
  14017 12032      153.6520   439                    159.3743  2883267         
Elapsed time = 2719.05 sec. (4175419.03 ticks, tree = 477.03 MB, solutions = 0)
  14037 12052      151.0744   437                    159.3743  2887184         
  14072 12087      149.6488   492                    159.3743  2890576         
  14105 12120      144.7119   396                    159.3743  2895764         
  14119 12130      153.8318   587                    159.3734  2900746         
  14133 12144      152.0172   546                    159.3734  2904474         
  14156 12167      150.8576   499                    159.3734  2908194         
  14181 12192      148.2899   416                    159.3734  2912298         
  14212 12223      144.1810   375                    159.3734  2919235         
  14224 12231      155.0280   635                    159.3637  2924257         
  14235 12242      153.8314   583                    159.3637  2928005         
Elapsed time = 2746.59 sec. (4214637.35 ticks, tree = 485.42 MB, solutions = 0)
  14247 12254      152.8782   596                    159.3637  2931788         
  14261 12268      151.4920   533                    159.3637  2935891         
  14280 12287      150.4649   611                    159.3637  2939615         
  14299 12306      149.0589   599                    159.3637  2943867         
  14319 12326      147.9227   588                    159.3637  2948643         
  14327 12334      147.4058   573                    159.3637  2950136         
  14365 12372      145.7921   615                    159.3637  2955143         
  14405 12408      155.5350   568                    159.3622  2962457         
  14413 12416      154.3890   521                    159.3622  2966636         
  14420 12423      151.4480   481                    159.3622  2970898         
Elapsed time = 2774.70 sec. (4254641.50 ticks, tree = 492.64 MB, solutions = 0)
  14429 12432      151.9309   472                    159.3622  2974856         
  14440 12443      152.0176   488                    159.3622  2979039         
  14454 12451        cutoff                          159.3622  2984606         
  14461 12458      155.0763   518                    159.3547  2988751         
  14472 12469      152.6770   450                    159.3547  2993127         
  14487 12484      150.9117   460                    159.3547  2996469         
  14512 12509      148.3940   410                    159.3547  3000202         
  14548 12545      145.3946   398                    159.3547  3005600         
  14591 12584      158.0330   591                    159.3346  3012641         
  14604 12597      155.4752   592                    159.3346  3016193         
Elapsed time = 2802.71 sec. (4295272.23 ticks, tree = 499.60 MB, solutions = 0)
  14626 12619      153.2075   521                    159.3346  3019268         
  14645 12638      148.7991   442                    159.3346  3023279         
  14662 12652      154.4554   532                    159.3311  3028112         
  14679 12669      152.2229   487                    159.3311  3031719         
  14698 12688      149.7541   577                    159.3311  3035921         
  14727 12717      144.7176   449                    159.3311  3041067         
  14745 12732      155.9106   573                    159.3249  3046739         
  14756 12743      154.2797   613                    159.3249  3049837         
  14769 12756      153.0916   538                    159.3249  3053069         
  14783 12770      151.3742   552                    159.3249  3056217         
Elapsed time = 2829.69 sec. (4334298.50 ticks, tree = 506.52 MB, solutions = 0)
  14809 12796      149.9992   496                    159.3249  3059464         
  14840 12827      147.3042   472                    159.3249  3063300         
  14882 12869      145.3027   450                    159.3249  3067443         
  14900 12882      157.0276   561                    159.3171  3072263         
  14906 12888      152.9100   478                    159.3171  3076445         
  14914 12896      153.3325   517                    159.3171  3080451         
  14922 12904      154.5512   449                    159.3171  3084075         
  14926 12908      155.2737   519                    159.3171  3087014         
  14934 12916      154.1045   445                    159.3171  3090891         
  14972 12954      152.0048   419                    159.3171  3104604         
Elapsed time = 2863.96 sec. (4385870.50 ticks, tree = 513.87 MB, solutions = 0)
  15008 12990      151.0899   422                    159.3171  3120593         
  15056 13034      155.0935   474                    159.3171  3132367         
  15112 13086      156.5862   571                    159.3078  3146337         
  15166 13140      151.5982   536                    159.3078  3155182         
  15297 13269      142.8636   335                    159.3078  3168534         
  15345 13313      151.8339   418                    159.3053  3182113         
  15430 13392      155.3988   602                    159.2979  3197875         
  15480 13442      150.3057   463                    159.2979  3209276         
  15570 13528      154.2487   379                    159.2956  3224458         
  15611 13563      154.1001   516                    159.2806  3242599         
Elapsed time = 2969.06 sec. (4540783.98 ticks, tree = 538.22 MB, solutions = 0)
  15668 13614      157.7909   553                    159.2803  3256729         
  15739 13685      152.4332   529                    159.2803  3269142         
  15877 13823      148.2897   381                    159.2803  3280531         
  15972 13915      155.5487   509                    159.2778  3293524         
  16038 13981      150.3416   479                    159.2778  3307783         
  16146 14085      156.4258   598                    159.2713  3323754         
  16198 14137      152.5599   590                    159.2713  3337804         
  16322 14261      145.0108   392                    159.2713  3352869         
  16368 14295      156.1811   675                    159.2536  3369687         
  16422 14349      151.8713   586                    159.2536  3384310         
Elapsed time = 3076.21 sec. (4694678.23 ticks, tree = 569.60 MB, solutions = 0)
  16543 14466      157.5148   528                    159.2487  3401707         
  16614 14537      151.1349   476                    159.2487  3415751         
  16721 14641      156.7230   585                    159.2147  3432910         
  16783 14703      148.7901   395                    159.2147  3446100         
  16873 14790      156.7539   558                    159.2006  3462368         
  16921 14838      152.8203   576                    159.2006  3477387         
  16995 14912      148.4700   599                    159.2006  3493159         
  17108 15021      156.9252   564                    159.1956  3511841         
  17154 15063      147.5753   318                    159.1956  3528947         
  17217 15121      148.9837   463                    159.1904  3544939         
Elapsed time = 3184.49 sec. (4850105.88 ticks, tree = 600.42 MB, solutions = 0)
  17325 15224      157.1228   504                    159.1826  3563725         
  17386 15285      152.9180   509                    159.1826  3577323         
  17513 15405      155.7786   492                    159.1760  3592877         
  17574 15466      144.9454   453                    159.1760  3605563         
  17622 15506      156.0086   541                    159.1742  3618841         
  17662 15546      150.7227   503                    159.1742  3631695         
  17788 15668      155.9070   570                    159.1618  3648227         
  17821 15694      157.6538   637                    159.1572  3662942         
  17872 15745      154.6252   538                    159.1572  3673490         
  17944 15817      150.8353   465                    159.1572  3683850         
Elapsed time = 3290.35 sec. (5005390.50 ticks, tree = 628.19 MB, solutions = 0)
  18017 15884      151.9379   549                    159.1510  3697137         
  18088 15951      155.6773   611                    159.1421  3711907         
  18136 15999      148.5397   478                    159.1421  3725137         
  18208 16067      155.4336   483                    159.1185  3740550         
  18284 16143      146.9766   417                    159.1185  3755861         
  18340 16193      148.4698   381                    159.1177  3770182         
  18405 16251      146.8452   351                    159.1143  3787889         
  18467 16307      150.1631   368                    159.1081  3804976         
  18543 16377      150.8860   462                    159.1081  3821551         
  18640 16468      152.6991   439                    159.0962  3837509         
Elapsed time = 3396.13 sec. (5159570.31 ticks, tree = 654.93 MB, solutions = 0)
  18729 16553      145.7205   338                    159.0899  3859474         
  18783 16600      150.0786   412                    159.0898  3876920         
  18916 16727      156.6755   539                    159.0835  3896373         
  18977 16788      150.2855   451                    159.0835  3911345         
  19096 16903      155.2991   610                    159.0738  3930309         
  19142 16949      148.5998   457                    159.0738  3942848         
  19223 17026      150.9355   443                    159.0702  3961062         
  19318 17117      150.8685   412                    159.0635  3980615         
  19360 17156      152.2694   514                    159.0611  3997060         
  19461 17253      152.6866   601                    159.0569  4016925         
Elapsed time = 3503.67 sec. (5313734.57 ticks, tree = 686.33 MB, solutions = 0)
  19541 17329      157.2206   587                    159.0513  4035399         
  19605 17393      151.3498   557                    159.0513  4048176         
  19730 17514      158.0891   521                    159.0482  4066314         
  19799 17583      148.5196   401                    159.0482  4082868         
  19868 17643      157.0473   607                    159.0367  4102709         
  19901 17676      152.5204   481                    159.0367  4118665         
  19976 17745        cutoff                          159.0367  4137374         
  20016 17785      155.9390   624                    159.0363  4147248         
  20099 17868      150.9528   540                    159.0363  4157287         
  20177 17936      154.7137   544                    159.0347  4168999         
Elapsed time = 3609.64 sec. (5468330.24 ticks, tree = 713.66 MB, solutions = 0)
  20229 17988      148.8494   474                    159.0347  4182883         
  20304 18058      153.9444   552                    159.0330  4199242         
  20375 18127        cutoff                          159.0330  4216201         
  20407 18151      154.0981   690                    159.0127  4234463         
  20445 18189      150.6278   504                    159.0127  4247045         
  20520 18259      155.2289   633                    159.0117  4263988         
  20577 18316      150.1033   564                    159.0117  4275107         
  20686 18420      156.8051   594                    159.0117  4290851         
  20740 18474      152.1220   495                    159.0117  4302684         
  20851 18585      146.2007   484                    159.0117  4316823         
Elapsed time = 3717.24 sec. (5624768.43 ticks, tree = 739.62 MB, solutions = 0)
  20914 18644      154.3473   507                    159.0106  4332620         
  20986 18716      147.5590   414                    159.0106  4349041         
  21064 18790      155.5234   425                    159.0092  4366459         
  21109 18831      154.3748   488                    159.0083  4383036         
  21216 18935      157.9333   495                    159.0042  4399695         
  21285 19004      151.5211   411                    159.0042  4413943         
  21438 19152      157.0213   539                    159.0023  4428820         
  21501 19215      148.1106   538                    159.0023  4444235         
  21591 19301      155.9625   646                    159.0019  4461878         
  21642 19352      152.0116   585                    159.0019  4477145         
Elapsed time = 3824.14 sec. (5779285.10 ticks, tree = 770.33 MB, solutions = 0)
  21736 19446      148.1831   552                    159.0019  4493513         
  21832 19536      157.3546   620                    159.0016  4514443         
  21850 19554      151.5306   537                    159.0016  4531399         
  21887 19588      155.4156   575                    158.9989  4547897         
  21927 19628      151.2052   547                    158.9989  4562834         
  22016 19713      155.5323   601                    158.9934  4578624         
  22069 19766      150.4985   452                    158.9934  4594137         
  22156 19850      156.9108   652                    158.9930  4612971         
  22201 19895      152.7364   606                    158.9930  4627329         
  22266 19960      147.6046   500                    158.9930  4643649         
Elapsed time = 3930.33 sec. (5935068.90 ticks, tree = 794.61 MB, solutions = 0)
  22366 20056      152.3665   456                    158.9889  4662844         
  22454 20140      150.1231   391                    158.9880  4680839         
  22539 20221      149.3573   448                    158.9876  4699836         
  22657 20335      156.5542   651                    158.9837  4718142         
  22704 20382      153.5747   407                    158.9837  4729918         
  22778 20451      156.9083   482                    158.9827  4742941         
  22857 20530      150.6384   390                    158.9827  4754313         
  22981 20646      155.7261   530                    158.9814  4769072         
  23041 20706      149.6467   446                    158.9814  4782005         
  23080 20740      155.7629   543                    158.9787  4796115         
Elapsed time = 4037.75 sec. (6090486.50 ticks, tree = 825.76 MB, solutions = 0)
  23099 20759      150.8406   577                    158.9787  4810902         
  23138 20798      147.1612   304                    158.9787  4825502         
  23208 20849      152.4948   481                    158.9753  4841889         
  23289 20925      156.1922   615                    158.9725  4861942         
  23320 20956      152.5016   555                    158.9725  4874183         
  23365 21001      146.9086   504                    158.9725  4888589         
  23438 21070      145.3735   394                    158.9607  4907350         
  23484 21112      150.2684   585                    158.9559  4923200         
  23535 21159      154.9564   567                    158.9554  4941810         
  23560 21184      151.7049   370                    158.9554  4957950         
Elapsed time = 4141.51 sec. (6246991.32 ticks, tree = 843.59 MB, solutions = 0)
  23596 21217      154.7467   500                    158.9517  4977982         
  23687 21302      157.9746   621                    158.9510  4996579         
  23732 21347      150.2381   509                    158.9510  5011270         
  23850 21461      156.3117   566                    158.9494  5032199         
  23900 21511      150.2434   461                    158.9494  5047674         
  23975 21580      151.0849   449                    158.9461  5065807         
  24080 21681      154.7949   427                    158.9419  5085441         
  24113 21714      149.9514   325                    158.9419  5103404         
  24198 21780      154.0170   481                    158.9410  5120386         
  24263 21842      155.0824   543                    158.9334  5137474         
Elapsed time = 4248.72 sec. (6403276.96 ticks, tree = 869.93 MB, solutions = 0)
  24319 21898      149.2878   430                    158.9334  5153836         
  24440 22015      156.3328   516                    158.9327  5171381         
  24517 22092      148.8600   482                    158.9327  5186856         
  24638 22209      154.0095   580                    158.9310  5204804         
  24716 22287      147.5944   524                    158.9310  5222015         
  24781 22348      149.8192   403                    158.9306  5242664         
  24858 22419        cutoff                          158.9306  5267616         
  24942 22494      154.7024   562                    158.9274  5288522         
  25039 22591      142.9477   318                    158.9274  5307928         
  25101 22648      153.2575   469                    158.9269  5322682         
Elapsed time = 4356.99 sec. (6557360.72 ticks, tree = 902.26 MB, solutions = 0)
  25218 22765      145.5652   414                    158.9269  5338123         
  25302 22845      146.8848   479                    158.9232  5356322         
  25369 22908      153.4584   501                    158.9200  5374534         
  25403 22939      153.9508   526                    158.9181  5388147         
  25497 23029      154.0843   459                    158.9141  5404366         
  25596 23128      145.5768   322                    158.9141  5419023         
  25650 23178      151.5484   412                    158.9105  5432995         
  25736 23256      155.2685   541                    158.9095  5447883         
  25806 23326      149.8224   405                    158.9095  5460575         
  25916 23432      155.2892   691                    158.9060  5478300         
Elapsed time = 4464.28 sec. (6712040.32 ticks, tree = 933.73 MB, solutions = 0)
  25929 23445      157.9343   705                    158.9060  5491320         
  25955 23471      148.0834   302                    158.9060  5507170         
  26017 23529      146.4797   447                    158.8980  5522806         
  26125 23633      146.0579   374                    158.8954  5540409         
  26183 23687      151.0850   590                    158.8928  5554461         
  26244 23743      155.0902   511                    158.8919  5578266         
  26335 23834      147.8294   273                    158.8919  5593027         
  26419 23898      156.4473   546                    158.8749  5613901         
  26482 23961      147.2202   526                    158.8749  5629864         
  26549 24024      148.7744   375                    158.8729  5647572         
Elapsed time = 4570.20 sec. (6868113.93 ticks, tree = 957.49 MB, solutions = 0)
  26641 24113      154.4836   518                    158.8694  5665292         
  26727 24199      147.4261   492                    158.8694  5682193         
  26830 24298      153.9744   454                    158.8682  5699980         
  26957 24425      145.1294   416                    158.8682  5715433         
  27035 24496      158.6300   611                    158.8636  5733679         
  27081 24542      154.6006   569                    158.8636  5747723         
  27127 24588      151.3355   551                    158.8636  5759768         
  27229 24685      156.4467   517                    158.8636  5778872         
  27300 24756      149.8270   465                    158.8636  5794524         
  27400 24849      151.7267   452                    158.8596  5811524         
Elapsed time = 4678.09 sec. (7021942.11 ticks, tree = 990.59 MB, solutions = 0)
  27525 24970      152.3620   503                    158.8588  5829565         
  27574 25014      154.6937   538                    158.8574  5845608         
  27608 25048      147.3400   317                    158.8574  5862861         
  27682 25116      149.7275   508                    158.8562  5881919         
  27788 25218      151.9579   488                    158.8555  5902775         
  27868 25294      154.8089   510                    158.8541  5925166         
  27909 25335      150.1772   563                    158.8541  5941963         
  28008 25429      157.5548   589                    158.8510  5961878         
  28066 25487      151.4968   462                    158.8510  5975878         
  28200 25615      158.4549   625                    158.8500  5993089         
Elapsed time = 4786.29 sec. (7176591.43 ticks, tree = 1021.30 MB, solutions = 0)
  28245 25660      154.2854   525                    158.8500  6007424         
  28316 25731      148.6962   525                    158.8500  6023944         
  28426 25838      154.5047   538                    158.8496  6045563         
  28486 25894      156.3326   599                    158.8473  6059438         
  28534 25942      148.6123   470                    158.8473  6073245         
  28581 25985      153.2651   543                    158.8469  6086329         
  28671 26075      145.3186   478                    158.8469  6101226         
  28734 26129      155.1241   386                    158.8400  6119502         
  28832 26223      154.6975   585                    158.8334  6136717         
  28874 26265      151.3364   505                    158.8334  6149852         
Elapsed time = 4892.71 sec. (7332185.56 ticks, tree = 1047.38 MB, solutions = 0)
  28949 26336      157.5079   607                    158.8300  6165921         
  28988 26375      153.5691   576                    158.8300  6177955         
  29041 26428      148.6671   441                    158.8300  6192751         
  29150 26533      156.9983   510                    158.8260  6209695         
  29225 26608      150.0863   343                    158.8260  6222193         
  29330 26709      153.2444   653                    158.8242  6238027         
  29348 26727      153.6336   550                    158.8242  6252448         
  29381 26760      147.0057   384                    158.8242  6270183         
  29438 26808      157.7863   607                    158.8206  6291971         
  29483 26853      153.4718   512                    158.8206  6305535         
Elapsed time = 4997.48 sec. (7487316.72 ticks, tree = 1070.91 MB, solutions = 0)
  29593 26963      146.8866   498                    158.8206  6320441         
  29704 27070      152.9842   425                    158.8138  6336247         
  29801 27164      154.2454   565                    158.8110  6352298         
  29878 27241      147.7297   500                    158.8110  6368555         
  29982 27341      156.0798   594                    158.8084  6388451         
  30018 27377      150.9939   528                    158.8084  6404344         
  30106 27459      157.5461   636                    158.8071  6426069         
  30125 27478      155.5354   545                    158.8071  6443575         
  30161 27511      156.8006   538                    158.8061  6462822         
  30244 27594      148.1952   419                    158.8061  6478668         
Elapsed time = 5104.82 sec. (7642126.21 ticks, tree = 1100.66 MB, solutions = 0)
  30351 27697      150.7346   455                    158.8060  6495975         
  30458 27799      150.7925   625                    158.8057  6514100         
  30546 27881      153.9408   574                    158.8056  6531559         
  30644 27979      144.9725   441                    158.8056  6548914         
  30680 28011      151.8733   266                    158.8001  6566485         
  30739 28064      155.7537   561                    158.7907  6578971         
  30801 28126      150.2310   483                    158.7907  6594706         
  30911 28232      152.4494   526                    158.7894  6615792         
  30993 28314      144.2380   443                    158.7894  6636732         
  31052 28369      151.3582   508                    158.7843  6655640         
Elapsed time = 5213.00 sec. (7796590.07 ticks, tree = 1131.74 MB, solutions = 0)
  31149 28464      142.8195   442                    158.7843  6678808         
  31215 28526      151.4433   422                    158.7823  6693597         
  31298 28603      155.3490   481                    158.7804  6711858         
  31345 28646      153.1276   553                    158.7748  6727543         
  31448 28749      145.9224   462                    158.7748  6744821         
  31526 28823      153.7939   418                    158.7734  6762288         
  31594 28887      153.1171   543                    158.7705  6775408         
  31645 28934      156.4833   628                    158.7683  6788750         
  31714 29003      150.3492   395                    158.7683  6800715         
  31821 29105      155.9884   568                    158.7679  6816152         
Elapsed time = 5321.06 sec. (7952407.48 ticks, tree = 1161.29 MB, solutions = 0)
  31847 29131      149.3403   427                    158.7679  6831938         
  31903 29178      152.2185   365                    158.7621  6848519         
  31980 29252      153.7533   577                    158.7565  6866829         
  32011 29283      148.7058   513                    158.7565  6882453         
  32074 29342      152.4176   549                    158.7550  6901862         
  32150 29418      143.6105   458                    158.7550  6919829         
  32205 29468      154.7919   408                    158.7544  6932150         
  32313 29576      145.4529   325                    158.7544  6946642         
  32363 29617      157.4318   533                    158.7500  6964825         
  32429 29683      150.4911   499                    158.7500  6976910         
Elapsed time = 5427.58 sec. (8108466.87 ticks, tree = 1184.51 MB, solutions = 0)
  32531 29781      156.4458   491                    158.7463  6993149         
  32598 29848      148.5068   397                    158.7463  7005758         
  32676 29922      156.4047   635                    158.7455  7021248         
  32721 29967      150.9825   558                    158.7455  7033645         
  32840 30082      155.6543   640                    158.7447  7053081         
  32907 30149      151.1147   493                    158.7447  7065318         
  33028 30268        cutoff                          158.7447  7083379         
  33050 30286      154.8183   566                    158.7436  7099837         
  33083 30319      151.6017   454                    158.7436  7115975         
  33167 30392      156.7690   617                    158.7433  7138448         
Elapsed time = 5535.18 sec. (8262935.82 ticks, tree = 1212.98 MB, solutions = 0)
  33224 30449      150.1162   438                    158.7433  7153699         
  33357 30578      152.7286   496                    158.7430  7171999         
  33431 30648      153.0155   538                    158.7423  7191030         
  33522 30735      157.9230   472                    158.7398  7213096         
  33544 30752      154.9379   528                    158.7376  7230154         
  33577 30782      153.9981   560                    158.7354  7247428         
  33650 30855      145.8528   480                    158.7354  7266204         
  33726 30927      149.1486   539                    158.7287  7284696         
  33826 31023      149.1119   533                    158.7275  7304933         
  33892 31085      154.1174   601                    158.7268  7325267         
Elapsed time = 5642.98 sec. (8417866.26 ticks, tree = 1240.83 MB, solutions = 0)
  33961 31154      147.2780   512                    158.7268  7338960         
  34010 31197      143.1433   459                    158.7236  7359171         
  34058 31239      154.2302   544                    158.7197  7381653         
  34163 31341      154.2549   605                    158.7182  7402504         
  34239 31417      147.4994   458                    158.7182  7418667         
  34299 31473      153.1208   477                    158.7162  7436085         
  34367 31541      146.9940   494                    158.7162  7454266         
  34453 31621      154.7137   589                    158.7152  7471919         
  34523 31691      147.7788   538                    158.7152  7487031         
  34585 31749      144.1069   435                    158.7150  7509366         
Elapsed time = 5750.43 sec. (8571969.73 ticks, tree = 1267.46 MB, solutions = 0)
  34631 31791      151.5730   513                    158.7147  7526210         
  34719 31875      157.2035   613                    158.7135  7547648         
  34742 31898      153.9977   497                    158.7135  7557975         
  34819 31971      156.8083   527                    158.7133  7578129         
  34886 32038      150.6799   445                    158.7133  7590986         
  35013 32161      156.8322   590                    158.7089  7605248         
  35068 32216      151.6774   407                    158.7089  7617686         
  35182 32327      153.0557   487                    158.7021  7634199         
  35220 32365      149.7696   500                    158.7021  7649202         
  35272 32407      152.8104   569                    158.7016  7667780         
Elapsed time = 5857.87 sec. (8727291.27 ticks, tree = 1293.94 MB, solutions = 0)
  35331 32466      143.9137   407                    158.7016  7684339         
  35398 32529      150.9352   475                    158.6951  7697559         
  35482 32609      155.0309   502                    158.6946  7713265         
  35556 32683      146.6368   391                    158.6946  7727861         
  35614 32738      152.3872   519                    158.6907  7744167         
  35681 32805      143.8178   454                    158.6907  7763178         
  35714 32830      153.5142   594                    158.6849  7781117         
  35757 32873      148.4465   554                    158.6849  7796150         
  35828 32940      153.2456   391                    158.6823  7814209         
  35955 33063      156.1514   520                    158.6820  7829210         
Elapsed time = 5964.10 sec. (8882459.43 ticks, tree = 1321.69 MB, solutions = 0)
  36057 33165      148.7017   505                    158.6820  7841526         
  36132 33237      153.3660   678                    158.6816  7855933         
  36194 33299      147.5044   638                    158.6816  7871155         
  36218 33319      153.0089   447                    158.6803  7889884         
  36268 33362      157.3509   606                    158.6791  7909284         
  36322 33416      152.4611   503                    158.6791  7924133         
  36402 33496      147.3864   461                    158.6791  7936412         
  36500 33591      154.3361   552                    158.6746  7953177         
  36610 33701      145.6730   467                    158.6746  7968541         
  36666 33752      155.2835   618                    158.6706  7984000         
Elapsed time = 6070.89 sec. (9036543.02 ticks, tree = 1349.43 MB, solutions = 0)
  36742 33828      149.7358   515                    158.6706  7998527         
  36861 33939      153.5233   618                    158.6692  8015933         
  36928 34006      147.7064   529                    158.6692  8033969         
  36976 34050      149.3026   454                    158.6674  8054267         
  37044 34112      150.2729   465                    158.6670  8070480         
  37136 34200      155.1432   547                    158.6634  8088532         
  37230 34294      145.0021   480                    158.6634  8106147         
  37306 34366      147.5021   456                    158.6602  8122707         
  37414 34470      149.6429   510                    158.6595  8142669         
  37477 34523      156.1510   554                    158.6559  8160254         
Elapsed time = 6178.85 sec. (9190082.24 ticks, tree = 1380.46 MB, solutions = 0)
  37564 34610      147.7582   489                    158.6559  8175999         
  37684 34725      151.6104   371                    158.6518  8193212         
  37773 34810      151.9687   526                    158.6453  8208907         
  37892 34926      154.0545   581                    158.6450  8227017         
  37968 35002      147.0760   486                    158.6450  8243809         
  38034 35060      154.6273   596                    158.6415  8264331         
  38141 35167      146.1858   349                    158.6415  8280010         
  38196 35218      152.1743   568                    158.6409  8296418         
  38265 35283      153.4985   539                    158.6378  8316311         
  38355 35367      156.6376   635                    158.6374  8335486         
Elapsed time = 6287.69 sec. (9344090.10 ticks, tree = 1414.43 MB, solutions = 0)
  38384 35394      147.4209   410                    158.6374  8353670         
  38449 35453      151.3209   456                    158.6350  8372057         
  38530 35530      156.7459   631                    158.6340  8388474         
  38597 35597      150.8605   479                    158.6340  8402867         
  38721 35716      155.8042   570                    158.6329  8420432         
  38759 35754      152.2945   430                    158.6329  8427808         
  38866 35855      156.8667   596                    158.6319  8444280         
  38916 35905      152.4698   435                    158.6319  8456810         
  38988 35964      146.9254   497                    158.6285  8477615         
  39030 36002      153.1330   524                    158.6279  8490649         
Elapsed time = 6393.66 sec. (9498375.18 ticks, tree = 1439.97 MB, solutions = 0)
  39087 36059      147.7331   480                    158.6279  8505364         
  39164 36131      151.7917   520                    158.6267  8521728         
  39225 36188      154.6293   558                    158.6267  8535888         
  39316 36275      157.0020   556                    158.6236  8553333         
  39345 36302      148.2911   346                    158.6236  8568240         
  39387 36340      152.2326   423                    158.6194  8584233         
  39458 36407      156.0698   563                    158.6180  8600205         
  39537 36486      148.8810   344                    158.6180  8612121         
  39621 36564      152.6776   532                    158.6174  8627976         
  39710 36653      145.7618   483                    158.6174  8644029         
Elapsed time = 6501.06 sec. (9654376.09 ticks, tree = 1466.17 MB, solutions = 0)
  39788 36728      150.7812   481                    158.6169  8659446         
  39872 36804      144.8927   291                    158.6155  8676786         
  39937 36859      148.1476   387                    158.6142  8692595         
  39996 36914      153.8516   645                    158.6123  8707385         
  40048 36966      149.1604   506                    158.6123  8721093         
  40130 37045      151.3224   481                    158.6117  8739370         
  40245 37157      154.8227   417                    158.6114  8757322         
  40335 37234      149.8330   458                    158.6111  8776027         
  40386 37280      154.3350   582                    158.6111  8794707         
  40502 37396      144.1990   506                    158.6111  8812258         
Elapsed time = 6609.52 sec. (9809641.16 ticks, tree = 1496.05 MB, solutions = 0)
  40567 37457      151.0951   498                    158.6107  8827397         
  40682 37568      153.6521   446                    158.6102  8850377         
  40788 37670      153.4668   481                    158.6059  8866278         
  40864 37742      156.1584   504                    158.6053  8885483         
  40913 37783      155.4882   574                    158.6053  8902332         
  40965 37835      150.1173   407                    158.6053  8919584         
  41076 37942      156.0458   432                    158.6020  8937013         
  41169 38026      157.3420   666                    158.6005  8953012         
  41221 38078      151.8382   584                    158.6005  8967547         
  41299 38152      155.8689   527                    158.6000  8985391         
Elapsed time = 6718.67 sec. (9965312.54 ticks, tree = 1526.48 MB, solutions = 0)
  41394 38247      142.2968   373                    158.6000  9001123         
  41426 38275      149.2045   508                    158.5991  9019199         
  41476 38319      148.5595   482                    158.5967  9038307         
  41528 38367      148.6221   515                    158.5946  9053409         
  41617 38452      154.5484   551                    158.5900  9074138         
  41689 38524      148.7436   473                    158.5900  9090289         
  41829 38660      155.4201   557                    158.5897  9107804         
  41909 38740      146.2889   516                    158.5897  9126028         
  41980 38804      150.0230   327                    158.5892  9144706         
  42047 38861      145.0297   572                    158.5889  9167015         
Elapsed time = 6826.29 sec. (10119321.36 ticks, tree = 1555.01 MB, solutions = 0)
  42138 38948      142.9317   338                    158.5886  9186063         
  42210 39016      153.2888   430                    158.5884  9199382         
  42382 39188      144.5130   337                    158.5884  9214809         
  42470 39272      146.6694   417                    158.5882  9233292         
  42503 39301      154.2642   552                    158.5864  9251189         
  42538 39336      143.1240   298                    158.5864  9271995         
  42622 39414      150.6232   450                    158.5863  9289455         
  42730 39518      151.5410   388                    158.5855  9309267         
  42819 39599      151.1017   496                    158.5837  9328432         
  42898 39674      155.3616   604                    158.5805  9347471         
Elapsed time = 6935.19 sec. (10273357.44 ticks, tree = 1587.75 MB, solutions = 0)
  42936 39712      148.9008   463                    158.5805  9365567         
  43008 39780      148.0929   164                    158.5805  9388146         
  43086 39854      142.3198   469                    158.5778  9409679         
  43167 39929      148.4419   347                    158.5762  9423033         
  43221 39980      154.2726   646                    158.5758  9434932         
  43291 40050      149.4916   428                    158.5758  9447594         
  43410 40165      150.5056   380                    158.5747  9464526         
  43505 40256      153.2403   600                    158.5747  9481048         
  43534 40285      148.1806   467                    158.5747  9494957         
  43577 40322      154.1148   513                    158.5740  9512408         
Elapsed time = 7042.23 sec. (10428171.15 ticks, tree = 1613.83 MB, solutions = 0)
  43615 40360      147.3701   479                    158.5740  9528249         
  43699 40437      154.7847   422                    158.5663  9544304         
  43818 40552      157.9841   644                    158.5610  9561237         
  43857 40591      152.9198   552                    158.5610  9574240         
  43941 40675      146.0189   478                    158.5610  9590775         
  44025 40754      152.2400   484                    158.5605  9607637         
  44056 40778      142.3898   388                    158.5594  9625112         
  44110 40828      151.8513   478                    158.5587  9638291         
  44204 40917      157.2574   497                    158.5583  9656719         
  44257 40970      149.2060   498                    158.5583  9671433         
Elapsed time = 7149.50 sec. (10584192.43 ticks, tree = 1639.91 MB, solutions = 0)
  44349 41056      153.9144   545                    158.5578  9689533         
  44440 41142      157.5374   543                    158.5570  9709225         
  44475 41177      152.2726   556                    158.5570  9725009         
  44555 41254      152.7914   468                    158.5568  9744487         
  44605 41296      157.1496   525                    158.5562  9763092         
  44674 41365      148.4632   448                    158.5562  9779555         
  44738 41425      150.8485   628                    158.5557  9793502         
  44796 41479      153.0720   547                    158.5507  9811417         
  44877 41560      145.2346   478                    158.5507  9830974         
  44979 41658      148.5068   287                    158.5480  9848694         
Elapsed time = 7256.51 sec. (10738422.76 ticks, tree = 1667.60 MB, solutions = 0)
  45048 41716      155.5503   464                    158.5460  9867437         
  45123 41787      154.5452   449                    158.5458  9883909         
  45244 41908      145.9087   429                    158.5458  9901486         
  45303 41962      153.5513   504                    158.5446  9917862         
  45370 42029      145.5192   492                    158.5446  9938034         
  45447 42102      145.7680   335                    158.5443  9958853         
  45494 42143      151.9182   460                    158.5430  9977326         
  45561 42204      150.9749   456                    158.5426  9998937         
  45629 42268      150.4567   480                    158.5426 10016522         
  45709 42344      153.8805   629                    158.5426 10037038         
Elapsed time = 7364.14 sec. (10892858.58 ticks, tree = 1695.25 MB, solutions = 0)
  45750 42385      149.1506   518                    158.5426 10055030         
  45831 42462      154.2679   596                    158.5422 10078402         
  45891 42522      147.3937   542                    158.5422 10094726         
  45971 42593      156.2444   577                    158.5385 10115585         
  46043 42665      145.7009   426                    158.5385 10132637         
  46107 42725      147.9840   585                    158.5344 10152094         
  46174 42788      149.3893   578                    158.5332 10170765         
  46221 42832      152.4625   561                    158.5329 10189280         
  46316 42927      143.6733   452                    158.5329 10209497         
  46357 42960      148.5761   275                    158.5297 10229407         
Elapsed time = 7471.24 sec. (11047741.46 ticks, tree = 1720.06 MB, solutions = 0)
  46396 42993      155.8876   611                    158.5291 10245238         
  46433 43030      152.9073   631                    158.5291 10261023         
  46498 43095      149.1265   554                    158.5291 10277102         
  46623 43216      155.8111   546                    158.5268 10296071         
  46741 43334      144.5701   329                    158.5268 10309658         
  46798 43387      152.7422   536                    158.5267 10326213         
  46899 43488      143.5187   357                    158.5267 10343787         
  46979 43561      146.9092   331                    158.5249 10359001         
  47041 43608      155.1791   543                    158.5226 10377471         
  47122 43689      146.9240   443                    158.5226 10392583         
Elapsed time = 7577.89 sec. (11201595.00 ticks, tree = 1749.36 MB, solutions = 0)
  47199 43762      151.5417   524                    158.5224 10410123         
  47299 43858      156.4009   641                    158.5208 10428950         
  47336 43895      153.0744   610                    158.5208 10441278         
  47398 43957      147.2397   546                    158.5208 10456818         
  47486 44040      151.7758   523                    158.5206 10474735         
  47571 44121      152.3221   395                    158.5200 10493584         
  47618 44162      154.7983   578                    158.5198 10512407         
  47698 44242      146.6392   388                    158.5198 10527160         
  47792 44332      151.3814   504                    158.5194 10542733         
  47904 44440      157.0036   472                    158.5168 10561617         
Elapsed time = 7686.21 sec. (11356135.78 ticks, tree = 1779.60 MB, solutions = 0)
  47950 44486      151.4388   379                    158.5168 10573603         
  48023 44554      150.4636   552                    158.5165 10590939         
  48102 44629      153.4899   526                    158.5145 10609983         
  48167 44687      153.2316   437                    158.5120 10627517         
  48270 44786      154.6139   577                    158.5095 10646542         
  48358 44874      144.9011   426                    158.5095 10662668         
  48426 44938      150.4491   459                    158.5091 10680199         
  48504 45012      149.6399   471                    158.5089 10699622         
  48567 45066      151.8485   433                    158.5082 10720975         
  48619 45106      153.4172   536                    158.5075 10739895         
Elapsed time = 7793.14 sec. (11510159.63 ticks, tree = 1806.44 MB, solutions = 0)
  48716 45199      157.1179   648                    158.5068 10760289         
  48759 45242      151.6709   589                    158.5068 10775527         
  48838 45317      155.4085   594                    158.5063 10796312         
  48907 45386      146.4341   447                    158.5063 10815076         
  49010 45485      151.9586   454                    158.5059 10832345         
  49098 45569      147.1594   200                    158.5047 10851714         
  49204 45669      143.2373   369                    158.5034 10869245         
  49313 45769      155.7678   546                    158.4988 10887930         
  49387 45843      142.5497   482                    158.4988 10907914         
  49467 45912      156.9339   569                    158.4976 10925502         
Elapsed time = 7902.30 sec. (11665445.25 ticks, tree = 1838.92 MB, solutions = 0)
  49500 45942      142.2335   378                    158.4976 10946216         
  49548 45983      151.9023   547                    158.4949 10962062         
  49643 46074      154.6077   577                    158.4940 10981256         
  49728 46156      157.1903   640                    158.4907 10999728         
  49781 46209      152.6764   503                    158.4907 11014027         
  49873 46297      154.4136   563                    158.4889 11032871         
  49926 46350      145.1725   431                    158.4889 11051142         
  49958 46376      151.1420   455                    158.4869 11069314         
  50000 46412      151.3156   407                    158.4867 11089116         
  50055 46461      149.6475   573                    158.4839 11106531         
Elapsed time = 8008.16 sec. (11820335.47 ticks, tree = 1861.02 MB, solutions = 0)
  50124 46524      153.7408   606                    158.4828 11125215         
  50188 46588      147.8538   578                    158.4828 11142266         
  50271 46667      146.5380   254                    158.4824 11164046         
  50338 46724      150.9784   425                    158.4809 11182139         
  50445 46827      154.0713   559                    158.4808 11203024         
  50518 46900      145.6754   385                    158.4808 11219870         
  50598 46976      152.4308   438                    158.4805 11235657         
  50721 47095      153.4208   390                    158.4800 11253870         
  50803 47166      156.9382   633                    158.4796 11274909         
  50861 47224      150.6870   463                    158.4796 11290145         
Elapsed time = 8117.15 sec. (11974850.04 ticks, tree = 1891.74 MB, solutions = 0)
  50985 47344      155.1829   574                    158.4795 11308447         
  51045 47400      157.5808   556                    158.4782 11324472         
  51099 47454      150.3574   442                    158.4782 11337335         
  51190 47541      156.0962   618                    158.4779 11352243         
  51236 47587      150.7064   493                    158.4779 11365484         
  51309 47656      149.9059   517                    158.4771 11384051         
  51347 47688      153.0030   483                    158.4768 11401883         
  51419 47756      155.0247   556                    158.4747 11420757         
  51496 47833      148.0629   498                    158.4747 11433397         
  51617 47950      155.9320   432                    158.4741 11450230         
Elapsed time = 8225.14 sec. (12129896.32 ticks, tree = 1920.99 MB, solutions = 0)
  51704 48033      153.1623   488                    158.4704 11464631         
  51798 48123      149.5458   471                    158.4694 11481634         
  51849 48170      154.6820   521                    158.4693 11500282         
  51899 48220      148.8603   537                    158.4693 11514596         
  51978 48296      153.5251   384                    158.4686 11531773         
  52095 48409      156.0946   500                    158.4671 11548889         
  52197 48507      156.6455   539                    158.4655 11563504         
  52237 48547      152.6319   469                    158.4655 11577156         
  52331 48637      157.0823   595                    158.4645 11598207         
  52367 48668      154.1801   630                    158.4627 11615890         
Elapsed time = 8335.61 sec. (12288827.20 ticks, tree = 1949.92 MB, solutions = 0)
  52426 48727      146.4759   508                    158.4627 11632727         
  52482 48778      154.0550   504                    158.4609 11651349         
  52546 48842      146.5145   449                    158.4609 11669679         
  52633 48926      151.2595   511                    158.4597 11686487         
  52727 49016      154.8027   557                    158.4594 11704927         
  52791 49080      148.8491   470                    158.4594 11719918         
  52881 49167      155.0017   507                    158.4549 11739676         
  52928 49209      154.9552   553                    158.4538 11761778         
  52989 49270      148.3516   511                    158.4538 11778670         
  53091 49369      149.1522   440                    158.4515 11801126         
Elapsed time = 8444.35 sec. (12443518.48 ticks, tree = 1978.16 MB, solutions = 0)
  53192 49460      153.5528   537                    158.4507 11817014         
  53273 49541      145.8067   444                    158.4507 11835077         
  53347 49611      150.6892   413                    158.4502 11851438         
  53445 49703      152.0345   473                    158.4501 11869738         
  53506 49757      154.6647   605                    158.4500 11888122         
  53561 49809      154.7832   644                    158.4491 11904472         
  53645 49893      147.1244   555                    158.4491 11920758         
  53721 49966      156.5136   609                    158.4490 11938542         
  53758 50003      153.1011   621                    158.4490 11953956         
  53823 50068      148.2813   589                    158.4490 11970687         
Elapsed time = 8552.13 sec. (12597854.36 ticks, tree = 2006.23 MB, solutions = 0)
  53915 50156      154.1393   568                    158.4471 11990455         
  54020 50261      144.5613   458                    158.4471 12008359         
  54080 50310      156.2380   570                    158.4465 12027858         
  54187 50417      147.2574   282                    158.4465 12043649         
  54285 50511      154.7985   520                    158.4452 12058895         
  54390 50616      147.1419   507                    158.4452 12073613         
  54491 50713      149.7273   493                    158.4445 12091245         
  54576 50794      149.6690   402                    158.4426 12110456         
  54649 50863      151.8269   441                    158.4425 12130550         
  54715 50920      154.9143   455                    158.4379 12147530         
Elapsed time = 8661.60 sec. (12751736.92 ticks, tree = 2040.57 MB, solutions = 0)
  54810 51010      154.3153   558                    158.4374 12167523         
  54867 51067      149.3942   466                    158.4374 12184475         
  54971 51167      152.6687   528                    158.4366 12205397         
  55071 51263      156.8600   517                    158.4364 12225915         
  55133 51325      150.7900   451                    158.4364 12239242         
  55243 51429      146.1058   387                    158.4352 12260286         
  55308 51489      149.7555   497                    158.4346 12275811         
  55405 51583      155.5003   574                    158.4338 12296985         
  55493 51671      145.9452   296                    158.4338 12314153         
  55594 51768      152.4406   420                    158.4301 12328262         
Elapsed time = 8772.04 sec. (12906088.03 ticks, tree = 2074.67 MB, solutions = 0)
Nodefile size = 27.27 MB (18.48 MB after compression)
  55782 51952      155.8473   654                    158.4286 12344340         
  55841 52011      150.9571   519                    158.4286 12357864         
  55967 52132      154.9245   514                    158.4279 12377594         
  56016 52175      154.9384   558                    158.4263 12393918         
  56055 52214      148.3492   601                    158.4263 12410162         
  56113 52269      154.6928   456                    158.4252 12430091         
  56159 52315      148.1640   472                    158.4252 12445832         
  56249 52401      154.6457   583                    158.4228 12461636         
  56310 52462      148.5161   501                    158.4228 12476293         
  56406 52554      152.5032   534                    158.4192 12493381         
Elapsed time = 8881.88 sec. (13062942.78 ticks, tree = 2106.29 MB, solutions = 0)
Nodefile size = 59.05 MB (40.35 MB after compression)
  56513 52661      143.4754   432                    158.4192 12511275         
  56571 52709      151.0030   423                    158.4186 12528124         
  56680 52813      155.0165   551                    158.4156 12547601         
  56735 52868      149.3792   436                    158.4156 12560195         
  56828 52957      155.8567   556                    158.4154 12577592         
  56877 53006      150.6584   515                    158.4154 12590861         
  56959 53085      154.3903   470                    158.4132 12608487         
  57086 53205      157.5151   507                    158.4122 12625203         
  57123 53237      155.3306   514                    158.4106 12642545         
  57199 53309      150.9351   543                    158.4103 12655594         
Elapsed time = 8990.36 sec. (13218038.21 ticks, tree = 2136.67 MB, solutions = 0)
Nodefile size = 88.89 MB (61.03 MB after compression)
  57285 53391      152.7340   500                    158.4060 12673049         
  57385 53487      156.4665   609                    158.4016 12690269         
  57441 53543      151.8098   540                    158.4016 12704689         
  57547 53645      152.9486   469                    158.4008 12726117         
  57602 53692      153.3912   568                    158.3996 12742136         
  57700 53789      141.7551   470                    158.3996 12759068         
  57811 53895      158.2730   668                    158.3966 12775313         
  57857 53941      155.0022   579                    158.3966 12789306         
  57912 53996      150.9032   552                    158.3966 12803905         
  58018 54098        cutoff                          158.3966 12821284         
Elapsed time = 9100.91 sec. (13374406.34 ticks, tree = 2168.37 MB, solutions = 0)
Nodefile size = 120.65 MB (83.16 MB after compression)
  58082 54162      152.4982   411                    158.3959 12835140         
  58188 54265      152.3907   442                    158.3944 12854971         
  58244 54315      150.1848   431                    158.3937 12873888         
  58325 54393      151.1466   484                    158.3933 12891578         
  58422 54490      144.9720   485                    158.3933 12910682         
  58514 54579      146.9049   490                    158.3929 12932271         
  58605 54667      144.5226   474                    158.3911 12954462         
  58663 54714      154.3541   519                    158.3859 12972161         
  58727 54775      152.6575   628                    158.3828 12989847         
  58794 54842      147.0062   641                    158.3828 13007463         
Elapsed time = 9211.35 sec. (13529615.40 ticks, tree = 2198.29 MB, solutions = 0)
Nodefile size = 150.53 MB (104.03 MB after compression)
  58877 54921      146.8807   296                    158.3822 13025260         
  58960 55000      153.0338   470                    158.3814 13041206         
  59071 55107      147.0450   412                    158.3746 13061321         
  59140 55171      149.1075   493                    158.3726 13078505         
  59206 55233      154.9883   577                    158.3720 13097362         
  59264 55291      149.2183   487                    158.3720 13112561         
  59370 55393      150.2184   433                    158.3653 13132072         
  59459 55478      152.5062   507                    158.3648 13149140         
  59565 55580      155.6090   566                    158.3647 13166908         
  59608 55615      155.8011   568                    158.3645 13186037         
Elapsed time = 9320.07 sec. (13683396.18 ticks, tree = 2229.36 MB, solutions = 0)
Nodefile size = 181.39 MB (125.66 MB after compression)
  59702 55709      146.9395   399                    158.3645 13201207         
  59813 55816      150.4821   421                    158.3643 13219584         
  59913 55911      149.7479   505                    158.3604 13239281         
  59988 55983      149.9417   445                    158.3603 13257961         
  60053 56044      148.5469   348                    158.3596 13278423         
  60109 56097      149.8089   469                    158.3594 13295205         
  60214 56198      154.4061   475                    158.3588 13315490         
  60311 56288      155.8207   483                    158.3543 13332577         
  60401 56378      146.7933   409                    158.3543 13346990         
  60475 56448      148.1658   571                    158.3537 13366653         
Elapsed time = 9429.91 sec. (13837255.18 ticks, tree = 2262.90 MB, solutions = 0)
Nodefile size = 215.09 MB (149.35 MB after compression)
  60559 56521      155.9429   529                    158.3530 13387524         
  60628 56590      147.7537   429                    158.3530 13404099         
  60725 56683      150.3294   450                    158.3470 13422812         
  60839 56794      153.3211   486                    158.3463 13440386         
  61001 56952      153.3190   552                    158.3442 13454590         
  61089 57036      156.3797   557                    158.3432 13471756         
  61109 57056      153.3772   521                    158.3432 13487981         
  61152 57095      150.6599   535                    158.3398 13505090         
  61239 57178      156.5228   587                    158.3370 13523790         
  61279 57218      150.2519   442                    158.3370 13536881         
Elapsed time = 9539.19 sec. (13991761.85 ticks, tree = 2293.92 MB, solutions = 0)
Nodefile size = 246.86 MB (171.73 MB after compression)
  61365 57300      153.5684   511                    158.3369 13553970         
  61435 57370      146.9276   423                    158.3369 13570433         
  61540 57471      142.7634   353                    158.3352 13591245         
  61577 57498      156.6365   559                    158.3330 13608980         
  61660 57581      144.5794   429                    158.3330 13623480         
  61705 57619      153.3340   494                    158.3303 13637986         
  61799 57709      156.0173   492                    158.3298 13654407         
  61850 57760      149.3822   463                    158.3298 13668561         
  61914 57818      149.2064   440                    158.3286 13688116         
  61936 57834      154.6324   648                    158.3279 13700309         
Elapsed time = 9647.11 sec. (14147395.89 ticks, tree = 2318.74 MB, solutions = 0)
Nodefile size = 270.97 MB (188.71 MB after compression)
  61981 57879      149.3120   513                    158.3279 13714947         
  62065 57959      156.9091   523                    158.3270 13732089         
  62127 58021      152.3643   560                    158.3270 13743954         
  62240 58130      157.4924   671                    158.3268 13761771         
  62282 58172      153.1352   589                    158.3268 13774559         
  62348 58238      146.3205   435                    158.3268 13788676         
  62403 58284      156.2963   561                    158.3225 13808626         
  62452 58333      147.8412   446                    158.3225 13822621         
  62509 58386      151.9756   459                    158.3220 13839953         
  62613 58482      157.2332   610                    158.3215 13857566         
Elapsed time = 9754.90 sec. (14302525.80 ticks, tree = 2344.83 MB, solutions = 0)
Nodefile size = 296.96 MB (207.07 MB after compression)
  62651 58520      151.9705   598                    158.3215 13872988         
  62733 58602      146.2666   515                    158.3215 13891227         
  62827 58690      151.8391   427                    158.3198 13909659         
  62904 58763      151.4161   360                    158.3196 13926563         
  62953 58807      149.3683   614                    158.3188 13943076         
  63006 58855      155.5708   521                    158.3185 13961423         
  63093 58942      148.7709   470                    158.3185 13976337         
  63211 59055      155.6834   574                    158.3139 13992323         
  63294 59138      147.7613   386                    158.3139 14007690         
  63412 59252      149.5563   481                    158.3130 14025731         
Elapsed time = 9863.31 sec. (14456216.55 ticks, tree = 2375.82 MB, solutions = 0)
Nodefile size = 328.79 MB (229.59 MB after compression)
  63488 59324      148.8492   278                    158.3130 14043814         
  63527 59360      153.5471   655                    158.3128 14055638         
  63579 59412      145.6305   547                    158.3128 14074380         
  63641 59470      155.8016   617                    158.3095 14090879         
  63682 59511      152.0624   588                    158.3095 14106783         
  63765 59594      144.9370   533                    158.3095 14127515         
  63834 59659      152.0565   531                    158.3088 14145020         
  63913 59738      143.4624   416                    158.3088 14166700         
  64015 59832      155.1007   607                    158.3084 14184183         
  64050 59867      143.5375   334                    158.3084 14203318         
Elapsed time = 9971.26 sec. (14611114.42 ticks, tree = 2400.47 MB, solutions = 0)
Nodefile size = 352.86 MB (246.63 MB after compression)
  64151 59959      155.0385   606                    158.3053 14222302         
  64220 60028      149.9445   523                    158.3053 14236592         
  64327 60131      153.6726   590                    158.3045 14258331         
  64402 60206      146.8997   465                    158.3045 14277483         
  64481 60278      143.5927   195                    158.3043 14302292         
  64553 60344      150.0783   508                    158.3030 14319136         
  64669 60451      154.6283   513                    158.3005 14340070         
  64767 60545      154.4120   488                    158.3000 14360234         
  64871 60649      144.9017   376                    158.3000 14378348         
  64942 60716      151.0856   414                    158.2986 14395799         
Elapsed time = 10085.18 sec. (14770304.39 ticks, tree = 2434.70 MB, solutions = 0)
Nodefile size = 387.54 MB (271.21 MB after compression)
  64972 60731        cutoff                          158.2979 14420979         
  65046 60801      154.6463   579                    158.2954 14439741         
  65148 60903      144.8419   508                    158.2954 14454855         
  65214 60965      153.9657   560                    158.2952 14472022         
  65320 61071      146.3596   426                    158.2952 14488949         
  65393 61140      147.2454   438                    158.2950 14507404         
  65477 61216      156.2415   578                    158.2942 14528787         
  65542 61281      150.3786   540                    158.2942 14541240         
  65628 61364      151.0162   450                    158.2935 14558712         
  65711 61443      154.6353   573                    158.2923 14578653         
Elapsed time = 10195.02 sec. (14924946.03 ticks, tree = 2463.92 MB, solutions = 0)
Nodefile size = 416.44 MB (291.73 MB after compression)
  65797 61529      146.0663   472                    158.2923 14595399         
  65861 61584      147.8858   396                    158.2890 14617565         
  65933 61650      151.5825   441                    158.2873 14633388         
  66049 61762      156.2249   495                    158.2871 14650149         
  66127 61840      145.8937   336                    158.2871 14664863         
  66192 61899      149.5401   383                    158.2866 14680999         
  66239 61940      145.4303   348                    158.2856 14699582         
  66327 62021      156.5832   532                    158.2837 14717682         
  66402 62096      146.7389   453                    158.2837 14731973         
  66474 62164      153.6823   470                    158.2833 14748023         
Elapsed time = 10305.45 sec. (15081656.87 ticks, tree = 2492.95 MB, solutions = 0)
Nodefile size = 445.33 MB (312.23 MB after compression)
  66585 62271      157.5762   406                    158.2832 14764276         
  66670 62355      144.3692   245                    158.2832 14780168         
  66706 62387      148.8006   343                    158.2830 14796330         
  66758 62435      149.5732   479                    158.2821 14814430         
  66867 62540      151.3861   321                    158.2817 14832312         
  66928 62597      151.6630   628                    158.2787 14847427         
  67024 62693      143.8996   466                    158.2787 14865039         
  67087 62753      149.2974   490                    158.2786 14878773         
  67166 62824      141.0785   340                    158.2782 14897254         
  67240 62894      148.5600   451                    158.2762 14913263         
Elapsed time = 10414.11 sec. (15236254.47 ticks, tree = 2522.35 MB, solutions = 0)
Nodefile size = 475.18 MB (333.47 MB after compression)
  67352 63001      153.2858   455                    158.2760 14930913         
  67431 63076      156.4684   639                    158.2730 14948193         
  67478 63123      151.5633   507                    158.2730 14961964         
  67575 63216      156.5330   478                    158.2725 14980054         
  67650 63285      156.2651   537                    158.2723 14998326         
  67692 63327      152.0026   580                    158.2723 15013051         
  67804 63439      144.3352   519                    158.2723 15030673         
  67885 63516      148.0989   472                    158.2722 15046955         
  67994 63621      149.5333   396                    158.2714 15064122         
  68102 63724      155.3766   608                    158.2711 15082032         
Elapsed time = 10523.55 sec. (15390581.00 ticks, tree = 2555.80 MB, solutions = 0)
Nodefile size = 507.94 MB (356.80 MB after compression)
  68156 63778      150.0712   547                    158.2711 15097551         
  68258 63872      148.7878   443                    158.2700 15119802         
  68343 63948      151.0649   342                    158.2698 15138194         
  68452 64044      152.4873   580                    158.2691 15154884         
  68507 64095      146.6075   493                    158.2691 15174039         
  68578 64163      152.2487   402                    158.2685 15189566         
  68711 64290      149.5455   547                    158.2683 15207951         
  68759 64334      153.9614   631                    158.2672 15226401         
  68820 64395      146.4118   581                    158.2672 15244665         
  68890 64457      157.2187   603                    158.2648 15266334         
Elapsed time = 10632.68 sec. (15545576.79 ticks, tree = 2585.35 MB, solutions = 0)
Nodefile size = 537.82 MB (378.07 MB after compression)
  68929 64496      151.8120   531                    158.2648 15282213         
  69011 64574      152.7564   469                    158.2620 15300872         
  69132 64691      157.1626   616                    158.2620 15321781         
  69165 64722      145.0655   390                    158.2620 15339545         
  69247 64800      146.6461   362                    158.2613 15356290         
  69307 64856      148.8232   558                    158.2609 15374842         
  69387 64932      149.2925   354                    158.2608 15394514         
  69462 65003      149.6848   468                    158.2603 15412187         
  69541 65072      153.9986   524                    158.2602 15433930         
  69646 65174      154.0945   509                    158.2585 15451716         
Elapsed time = 10742.23 sec. (15700688.66 ticks, tree = 2614.24 MB, solutions = 0)
Nodefile size = 566.76 MB (398.72 MB after compression)
  69725 65249      155.0399   527                    158.2574 15473235         
  69798 65318      154.3970   477                    158.2563 15489702         
  69875 65383      157.2426   647                    158.2517 15510266         
  69935 65443      152.0356   467                    158.2517 15521353         
  70104 65608      153.6318   396                    158.2498 15538960         
  70221 65722      153.9866   376                    158.2488 15556573         
  70327 65822      152.7315   321                    158.2479 15576097         
  70397 65883      155.1729   530                    158.2462 15596252         
  70443 65929      150.1414   431                    158.2462 15613303         
  70535 66017      153.7451   369                    158.2451 15632384         
Elapsed time = 10853.03 sec. (15856012.54 ticks, tree = 2648.22 MB, solutions = 0)
Nodefile size = 600.50 MB (422.77 MB after compression)
  70652 66130      147.8428   370                    158.2449 15647957         
  70733 66207      154.4317   510                    158.2447 15661171         
  70853 66327      145.7154   391                    158.2447 15678181         
  70916 66378      155.9811   614                    158.2401 15697001         
  70996 66458      146.0599   429                    158.2401 15714218         
  71074 66532      151.9731   463                    158.2400 15730755         
  71166 66620      154.6534   542                    158.2397 15746213         
  71290 66744      145.1063   375                    158.2397 15762746         
  71372 66822      151.7991   517                    158.2396 15778612         
  71455 66901      154.1732   472                    158.2395 15800525         
Elapsed time = 10963.83 sec. (16010537.56 ticks, tree = 2683.87 MB, solutions = 0)
Nodefile size = 636.20 MB (448.32 MB after compression)
  71492 66938      144.9821   386                    158.2395 15821294         
  71553 66995      147.8429   488                    158.2384 15839375         
  71628 67066      152.0328   451                    158.2365 15856764         
  71740 67173      155.7814   604                    158.2356 15874455         
  71810 67243      149.4688   507                    158.2356 15887947         
  71927 67356      154.8359   378                    158.2351 15903767         
  72045 67470      146.7590   514                    158.2345 15918686         
  72084 67503      152.8236   569                    158.2344 15936597         
  72149 67564      153.6215   512                    158.2342 15956993         
  72203 67618      144.4994   412                    158.2342 15973649         
Elapsed time = 11072.54 sec. (16165633.38 ticks, tree = 2712.79 MB, solutions = 0)
Nodefile size = 665.14 MB (469.01 MB after compression)
  72246 67656      154.2716   538                    158.2339 15988291         
  72307 67717      148.4685   519                    158.2339 16003066         
  72409 67815      153.1792   516                    158.2327 16021106         
  72451 67857      150.0657   501                    158.2327 16036114         
  72545 67947      156.2781   601                    158.2315 16055731         
  72601 67990      156.8756   699                    158.2303 16070888         
  72642 68031      152.5211   581                    158.2303 16084395         
  72737 68126      145.2543   452                    158.2303 16100597         
  72856 68238      156.5105   619                    158.2286 16119488         
  72892 68274      152.9539   602                    158.2286 16132835         
Elapsed time = 11179.71 sec. (16320757.57 ticks, tree = 2739.21 MB, solutions = 0)
Nodefile size = 692.14 MB (488.28 MB after compression)
  72944 68326      146.7950   526                    158.2286 16149283         
  73003 68382      152.4726   565                    158.2281 16164665         
  73109 68484      156.2682   520                    158.2280 16183718         
  73167 68537      156.7352   532                    158.2278 16203529         
  73228 68598      151.3704   492                    158.2278 16217967         
  73327 68693      155.4460   641                    158.2276 16235988         
  73371 68737      151.6992   525                    158.2276 16250116         
  73461 68827      143.5179   444                    158.2276 16270014         
  73529 68891      150.5911   452                    158.2254 16285875         
  73614 68972      153.9450   610                    158.2252 16304673         
Elapsed time = 11289.15 sec. (16477063.55 ticks, tree = 2767.36 MB, solutions = 0)
Nodefile size = 720.14 MB (508.33 MB after compression)
  73707 69065      145.0323   457                    158.2252 16323558         
  73760 69113      153.0273   538                    158.2229 16342112         
  73789 69136      156.4379   532                    158.2223 16362291         
  73838 69185      152.8539   557                    158.2223 16376803         
  73936 69280      154.5097   629                    158.2207 16397572         
  73978 69316      154.3943   565                    158.2206 16418913         
  74047 69382      156.1768   613                    158.2197 16438002         
  74090 69425      147.7759   492                    158.2197 16454752         
  74143 69471      155.8657   610                    158.2187 16474237         
  74208 69536      148.9352   534                    158.2187 16489752         
Elapsed time = 11396.83 sec. (16634332.51 ticks, tree = 2790.09 MB, solutions = 0)
Nodefile size = 742.36 MB (524.21 MB after compression)
  74281 69605      153.4403   552                    158.2186 16508700         
  74366 69686      156.3629   681                    158.2150 16524260         
  74405 69725      151.0159   549                    158.2150 16540193         
  74498 69814      157.7886   653                    158.2134 16565801         
  74540 69856      152.5070   559                    158.2134 16580534         
  74609 69921      155.3694   561                    158.2128 16602308         
  74656 69965      155.9234   617                    158.2100 16617812         
  74722 70031      149.7046   537                    158.2100 16632619         
  74809 70114      157.0237   588                    158.2087 16649573         
  74880 70185      149.6157   523                    158.2087 16663520         
Elapsed time = 11506.65 sec. (16791492.12 ticks, tree = 2816.12 MB, solutions = 0)
Nodefile size = 768.37 MB (542.85 MB after compression)
  74976 70277      151.2958   509                    158.2073 16682799         
  75075 70372      153.9118   479                    158.2061 16702203         
  75163 70456      153.4274   426                    158.2057 16720984         
  75222 70512      152.4661   457                    158.2043 16741936         
  75311 70597      153.4654   488                    158.2011 16760294         
  75414 70696      155.1834   414                    158.2005 16779864         
  75487 70764      153.8696   498                    158.2003 16797299         
  75603 70876      155.5342   381                    158.1996 16815952         
  75652 70921      156.8118   544                    158.1988 16835452         
  75700 70969      152.3292   476                    158.1988 16850698         
Elapsed time = 11616.29 sec. (16946315.51 ticks, tree = 2847.71 MB, solutions = 0)
Nodefile size = 800.22 MB (565.65 MB after compression)
  75819 71087      141.8484   342                    158.1988 16871086         
  75906 71172      147.3582   486                    158.1981 16886906         
  76013 71275      152.8966   440                    158.1973 16903790         
  76155 71413      154.2822   446                    158.1971 16922028         
  76280 71534      154.2371   496                    158.1930 16940939         
  76318 71568      155.9756   615                    158.1925 16959995         
  76372 71622      150.9135   572                    158.1925 16975870         
  76476 71722      151.8190   561                    158.1920 17001811         
  76537 71779      155.9830   635                    158.1909 17017946         
  76616 71858      149.1436   369                    158.1909 17030918         
Elapsed time = 11728.31 sec. (17103711.29 ticks, tree = 2883.50 MB, solutions = 0)
Nodefile size = 835.89 MB (591.22 MB after compression)
  76747 71985      150.6967   562                    158.1908 17047797         
  76806 72040      147.7760   532                    158.1904 17068696         
  76896 72123      145.5544   338                    158.1903 17087650         
  76992 72211      150.4079   449                    158.1884 17108449         
  77033 72247      155.4104   563                    158.1870 17124975         
  77067 72281      151.1981   518                    158.1870 17140672         
  77119 72330      152.8822   554                    158.1851 17158382         
  77160 72368      156.9644   618                    158.1850 17171791         
  77237 72445      148.0052   468                    158.1850 17186257         
  77349 72545      151.9644   385                    158.1835 17202853         
Elapsed time = 11837.27 sec. (17260335.75 ticks, tree = 2911.24 MB, solutions = 0)
Nodefile size = 863.86 MB (611.30 MB after compression)
  77418 72607      156.0485   631                    158.1825 17221730         
  77474 72663      149.5324   475                    158.1825 17235384         
  77553 72738      147.7026   402                    158.1823 17254900         
  77615 72794      153.9889   375                    158.1818 17271931         
  77746 72925      145.2173   351                    158.1818 17287012         
  77819 72994      152.9309   533                    158.1814 17302817         
  77881 73052      153.8443   618                    158.1796 17319284         
  77945 73116      146.2719   586                    158.1796 17333063         
  78004 73171      152.9581   548                    158.1796 17350854         
  78070 73237      146.5040   465                    158.1796 17367425         
Elapsed time = 11945.09 sec. (17414486.86 ticks, tree = 2939.09 MB, solutions = 0)
Nodefile size = 891.83 MB (631.35 MB after compression)
  78119 73282      149.6786   493                    158.1795 17387149         
  78166 73325      155.5087   441                    158.1789 17404486         
  78238 73397      146.8487   455                    158.1789 17419375         
  78324 73480      151.7499   443                    158.1769 17436285         
  78465 73617      156.1239   465                    158.1756 17452126         
  78583 73735      144.6563   373                    158.1756 17469603         
  78669 73817      149.3010   344                    158.1750 17484184         
  78747 73885      156.7199   585                    158.1731 17503195         
  78814 73952      152.0300   522                    158.1731 17516891         
  78915 74048      151.1493   410                    158.1728 17537706         
Elapsed time = 12054.30 sec. (17569083.42 ticks, tree = 2971.82 MB, solutions = 0)
Nodefile size = 924.62 MB (654.84 MB after compression)
  79004 74133      152.5291   444                    158.1723 17556924         
  79089 74214      155.7372   598                    158.1719 17576728         
  79133 74258      149.6783   516                    158.1719 17591041         
  79189 74310      154.7498   540                    158.1697 17611346         
  79211 74332      152.6477   529                    158.1697 17630025         
  79252 74369      153.6892   509                    158.1684 17647989         
  79353 74470      142.8341   320                    158.1684 17666819         
  79444 74553      157.3762   612                    158.1656 17682890         
  79505 74614      152.9349   453                    158.1656 17696431         
  79570 74675      153.2148   409                    158.1637 17711040         
Elapsed time = 12161.08 sec. (17722959.92 ticks, tree = 2997.05 MB, solutions = 0)
Nodefile size = 949.69 MB (672.83 MB after compression)
  79664 74769      144.3172   392                    158.1637 17729677         
  79725 74819      156.5849   648                    158.1623 17751671         
  79791 74885      151.1026   468                    158.1623 17766063         
  79892 74982      146.1299   409                    158.1609 17787197         
  79948 75034      150.6455   479                    158.1595 17805376         
  80034 75116      154.0226   491                    158.1594 17824688         
  80100 75178      150.3777   467                    158.1553 17843456         
  80160 75232      152.4244   547                    158.1547 17862073         
  80262 75331      154.8047   461                    158.1488 17881948         
  80344 75413      144.4491   355                    158.1488 17901978         
Elapsed time = 12270.25 sec. (17878581.96 ticks, tree = 3026.82 MB, solutions = 0)
Nodefile size = 979.61 MB (694.24 MB after compression)
  80417 75478      156.7029   580                    158.1455 17925374         
  80486 75547      148.4014   457                    158.1455 17941497         
  80590 75643      154.6080   413                    158.1451 17962457         
  80684 75733      149.9121   347                    158.1449 17983911         
  80767 75812      152.3828   479                    158.1441 18001200         
  80863 75904      155.6228   334                    158.1431 18020031         
  80975 76012      154.1443   407                    158.1428 18037530         
  81032 76057      150.2176   447                    158.1427 18057928         
  81117 76139      151.0034   538                    158.1410 18076524         
  81210 76228      154.7501   570                    158.1402 18094396         
Elapsed time = 12380.85 sec. (18034018.58 ticks, tree = 3059.68 MB, solutions = 0)
Nodefile size = 1012.41 MB (717.71 MB after compression)
  81267 76285      148.8058   528                    158.1402 18110674         
  81381 76389      155.0273   427                    158.1379 18132086         
  81483 76487      155.3255   607                    158.1356 18149898         
  81583 76587      146.6036   449                    158.1356 18164297         
  81663 76663      152.5503   512                    158.1323 18181596         
  81752 76748      154.9907   461                    158.1301 18202407         
  81824 76816      151.9805   436                    158.1270 18222672         
  81896 76880      150.0401   374                    158.1259 18239154         
  81995 76975      150.1090   538                    158.1253 18255088         
  82099 77075      156.0778   615                    158.1251 18275203         
Elapsed time = 12490.92 sec. (18188066.66 ticks, tree = 3093.85 MB, solutions = 0)
Nodefile size = 1046.19 MB (741.97 MB after compression)
  82148 77124      150.6408   520                    158.1251 18291673         
  82241 77213      155.5505   568                    158.1237 18313891         
  82334 77302      155.4296   488                    158.1225 18332166         
  82383 77343      152.9915   574                    158.1218 18350740         
  82433 77393      148.6781   505                    158.1218 18365173         
  82539 77495      153.3414   594                    158.1214 18381936         
  82619 77575      146.9024   482                    158.1214 18396940         
  82708 77660      154.8691   545                    158.1203 18414884         
  82794 77746      146.8238   476                    158.1203 18429556         
  82884 77831      150.0821   489                    158.1187 18447366         
Elapsed time = 12599.56 sec. (18342780.25 ticks, tree = 3124.32 MB, solutions = 0)
Nodefile size = 1077.06 MB (764.12 MB after compression)
  82951 77894      154.0308   348                    158.1181 18467885         
  83013 77953      150.7794   410                    158.1170 18483502         
  83097 78032      154.0469   625                    158.1168 18501995         
  83143 78078      149.3319   540                    158.1168 18513883         
  83242 78173      154.1933   629                    158.1139 18535364         
  83308 78239      149.2025   452                    158.1139 18548350         
  83405 78332      148.4530   666                    158.1137 18567364         
  83431 78353      151.4116   355                    158.1135 18584732         
  83491 78410      149.3909   512                    158.1130 18598381         
  83557 78473      152.5808   511                    158.1130 18618352         
Elapsed time = 12707.76 sec. (18498025.22 ticks, tree = 3150.20 MB, solutions = 0)
Nodefile size = 1103.10 MB (782.81 MB after compression)
  83614 78526      152.7755   466                    158.1117 18638444         
  83699 78607      154.9005   508                    158.1116 18655507         
  83784 78692      144.8927   375                    158.1116 18672559         
  83829 78728      151.9560   626                    158.1098 18690790         
  83885 78784      146.8228   620                    158.1098 18707287         
  83955 78850      148.6549   390                    158.1095 18727289         
  84041 78932      147.7070   533                    158.1072 18745007         
  84114 79001      154.5081   620                    158.1060 18760672         
  84163 79050      147.1574   527                    158.1060 18777458         
  84247 79128      140.5083   301                    158.1058 18799343         
Elapsed time = 12816.00 sec. (18653128.69 ticks, tree = 3176.60 MB, solutions = 0)
Nodefile size = 1129.15 MB (801.50 MB after compression)
  84308 79182      152.4297   565                    158.1034 18820302         
  84365 79236      153.7045   479                    158.1030 18838795         
  84461 79332      146.9192   434                    158.1030 18854270         
  84530 79393      153.9163   503                    158.1011 18875068         
  84570 79428      149.7559   547                    158.0975 18891288         
  84638 79492      149.0200   520                    158.0973 18908073         
  84727 79576      153.8508   467                    158.0926 18925537         
  84847 79692      157.5759   579                    158.0923 18944412         
  84905 79750      152.8537   493                    158.0923 18958443         
  84991 79832      153.3057   494                    158.0916 18977980         
Elapsed time = 12925.21 sec. (18808871.63 ticks, tree = 3204.94 MB, solutions = 0)
Nodefile size = 1157.13 MB (821.61 MB after compression)
  85039 79868      156.3556   608                    158.0891 19002102         
  85119 79948      146.8001   443                    158.0891 19018301         
  85226 80051      144.6599   382                    158.0877 19040116         
  85339 80160      144.4573   431                    158.0877 19060855         
  85409 80226      152.5502   449                    158.0855 19075621         
  85523 80336      153.1154   399                    158.0854 19096597         
  85577 80381      153.7088   501                    158.0842 19119067         
  85671 80475      145.2822   436                    158.0842 19137421         
  85756 80556      150.3882   507                    158.0838 19153702         
  85863 80659      153.8798   599                    158.0835 19172273         
Elapsed time = 13036.40 sec. (18965031.03 ticks, tree = 3238.27 MB, solutions = 0)
Nodefile size = 1190.91 MB (845.76 MB after compression)
  85967 80763      146.3915   451                    158.0835 19187906         
  86044 80836      148.0554   558                    158.0834 19206205         
  86127 80908      157.1182   644                    158.0832 19228257         
  86167 80948      152.8725   585                    158.0832 19244093         
  86243 81024      147.6060   501                    158.0832 19260640         
  86346 81123      153.0458   554                    158.0808 19280842         
  86440 81213      155.6552   531                    158.0805 19299510         
  86522 81290      155.9787   610                    158.0800 19320328         
  86580 81348      148.1808   534                    158.0800 19336361         
  86653 81407      155.0912   385                    158.0790 19358122         
Elapsed time = 13146.80 sec. (19120457.77 ticks, tree = 3268.42 MB, solutions = 0)
Nodefile size = 1220.84 MB (867.26 MB after compression)
  86753 81507      147.2864   303                    158.0790 19374652         
  86832 81583      150.5766   462                    158.0786 19393680         
  86934 81681      144.0522   376                    158.0773 19415263         
  87012 81755      149.9738   486                    158.0766 19429684         
  87101 81837      153.9983   571                    158.0753 19449536         
  87198 81934      143.6007   404                    158.0753 19467550         
  87278 82011      146.6465   462                    158.0708 19483790         
  87332 82061      149.2506   558                    158.0674 19503173         
  87415 82140      153.7844   509                    158.0669 19522911         
  87496 82217      147.6676   513                    158.0662 19543592         
Elapsed time = 13256.48 sec. (19274345.42 ticks, tree = 3301.04 MB, solutions = 0)
Nodefile size = 1253.64 MB (890.81 MB after compression)
  87563 82277      149.0623   440                    158.0659 19560753         
  87667 82378      155.1621   542                    158.0656 19579927         
  87759 82470      147.3342   507                    158.0656 19594990         
  87825 82532      155.1949   512                    158.0656 19610201         
  87909 82616      148.0571   375                    158.0656 19622865         
  87994 82698      149.7297   415                    158.0655 19639865         
  88073 82774      149.8969   314                    158.0636 19658597         
  88122 82820      152.2281   542                    158.0632 19672954         
  88192 82890      146.1138   560                    158.0632 19689550         
  88277 82971      149.6556   485                    158.0620 19707321         
Elapsed time = 13364.52 sec. (19427819.67 ticks, tree = 3331.41 MB, solutions = 0)
Nodefile size = 1283.55 MB (912.28 MB after compression)
  88360 83050      150.4707   535                    158.0608 19725468         
  88477 83163      156.3505   516                    158.0600 19745394         
  88550 83231      150.1177   509                    158.0598 19762422         
  88592 83268      154.2211   574                    158.0583 19776603         
  88666 83342      147.9477   424                    158.0583 19791784         
  88753 83425      150.3598   545                    158.0580 19808338         
  88834 83502      152.7963   539                    158.0579 19825997         
  88904 83569      144.3744   332                    158.0574 19843185         
  88963 83621      148.5465   419                    158.0573 19859899         
  89044 83698      148.7378   466                    158.0566 19877100         
Elapsed time = 13473.23 sec. (19582503.77 ticks, tree = 3360.73 MB, solutions = 0)
Nodefile size = 1313.46 MB (933.72 MB after compression)
  89123 83773      151.5667   509                    158.0559 19895823         
  89238 83885      157.1062   620                    158.0559 19917314         
  89289 83936      152.0268   473                    158.0559 19929768         
  89360 84003      151.7128   478                    158.0553 19949150         
  89403 84042      153.7300   554                    158.0545 19966003         
  89514 84153      144.6556   338                    158.0545 19981710         
  89569 84204      150.2002   531                    158.0545 19997836         
  89650 84281      150.4037   427                    158.0543 20015007         
  89747 84374      149.0575   404                    158.0536 20033820         
  89817 84436      157.0491   682                    158.0528 20053904         
Elapsed time = 13582.70 sec. (19738647.11 ticks, tree = 3390.52 MB, solutions = 0)
Nodefile size = 1343.39 MB (955.12 MB after compression)
  89878 84497      152.4708   574                    158.0528 20066356         
  89938 84557      147.0714   454                    158.0528 20083997         
  90012 84625      153.1466   537                    158.0503 20100542         
  90091 84700      153.6044   464                    158.0501 20118194         
  90187 84796      144.6504   347                    158.0501 20134902         
  90247 84845      153.4015   509                    158.0468 20152649         
  90327 84921      155.0873   604                    158.0466 20168761         
  90420 85014      144.5545   400                    158.0466 20185704         
  90485 85075      148.9172   477                    158.0459 20203098         
  90572 85158      154.1354   534                    158.0458 20220510         
Elapsed time = 13691.82 sec. (19893042.19 ticks, tree = 3419.55 MB, solutions = 0)
Nodefile size = 1372.33 MB (975.94 MB after compression)
  90637 85223      147.3800   509                    158.0458 20236357         
  90709 85291      153.8355   491                    158.0454 20255395         
  90754 85330      154.9281   486                    158.0453 20271982         
  90803 85379      148.4265   486                    158.0453 20289288         
  90877 85449      153.6957   565                    158.0447 20310055         
  90940 85509      154.4598   475                    158.0440 20333489         
  91009 85574      155.6505   552                    158.0424 20350706         
  91063 85628      150.2782   522                    158.0424 20366929         
  91147 85708      144.7178   374                    158.0422 20391899         
  91250 85800      154.3912   395                    158.0407 20414301         
Elapsed time = 13799.76 sec. (20046824.02 ticks, tree = 3445.43 MB, solutions = 0)
Nodefile size = 1398.36 MB (994.65 MB after compression)
  91349 85895      155.4931   572                    158.0402 20432737         
  91406 85952      148.0770   439                    158.0402 20449689         
  91492 86035      151.4687   468                    158.0402 20467684         
  91597 86136      153.8032   448                    158.0389 20487584         
  91662 86196      156.4908   570                    158.0381 20510986         
  91715 86249      149.9922   497                    158.0381 20525622         
  91800 86330      153.4243   406                    158.0368 20544761         
  91898 86423      153.0841   515                    158.0368 20560651         
  91999 86520      156.3943   532                    158.0364 20581245         
  92056 86577      149.3735   480                    158.0364 20597486         
Elapsed time = 13910.02 sec. (20202627.91 ticks, tree = 3476.76 MB, solutions = 0)
Nodefile size = 1429.24 MB (1016.83 MB after compression)
  92147 86663      152.2287   415                    158.0353 20615979         
  92265 86777      150.5029   567                    158.0344 20634632         
  92314 86823      152.0505   609                    158.0333 20652592         
  92386 86895      144.0807   530                    158.0333 20671795         
  92440 86945      148.6029   559                    158.0333 20689316         
  92492 86993      151.7657   446                    158.0300 20714460         
  92531 87025      153.8395   631                    158.0298 20738704         
  92577 87071      149.2031   540                    158.0298 20755945         
  92670 87160      152.1685   572                    158.0286 20775600         
  92760 87246      150.9425   536                    158.0283 20794745         
Elapsed time = 14020.01 sec. (20358008.71 ticks, tree = 3503.76 MB, solutions = 0)
Nodefile size = 1456.28 MB (1036.24 MB after compression)
  92862 87344      152.8020   563                    158.0252 20815240         
  92957 87432      149.0767   403                    158.0248 20835227         
  93010 87481      149.8911   543                    158.0245 20850983         
  93122 87589      153.7343   496                    158.0239 20868662         
  93222 87689      143.6823   350                    158.0239 20885336         
  93312 87775      150.0802   395                    158.0237 20900962         
  93460 87917      153.4073   482                    158.0232 20917974         
  93552 88005      144.7016   284                    158.0220 20937679         
  93631 88075      147.6688   487                    158.0213 20957004         
  93705 88144      150.8632   519                    158.0205 20976508         
Elapsed time = 14130.34 sec. (20511740.76 ticks, tree = 3540.01 MB, solutions = 0)
Nodefile size = 1492.02 MB (1061.77 MB after compression)
  93809 88242        cutoff                          158.0205 21000842         
  93854 88287      150.8349   517                    158.0193 21015013         
  93953 88381      155.3250   499                    158.0190 21035852         
  93994 88418      155.9990   555                    158.0185 21053521         
  94077 88501      149.6613   401                    158.0185 21066904         
  94220 88640      152.8249   512                    158.0170 21083507         
  94324 88738      150.4404   401                    158.0168 21100937         
  94406 88811      157.5287   562                    158.0165 21120955         
  94478 88883      149.3801   464                    158.0165 21134296         
  94581 88981      154.4437   586                    158.0163 21152204         
Elapsed time = 14240.41 sec. (20667002.73 ticks, tree = 3573.79 MB, solutions = 0)
Nodefile size = 1525.84 MB (1085.99 MB after compression)
  94630 89030      148.9119   513                    158.0163 21166968         
  94714 89110      153.9488   664                    158.0145 21185466         
  94753 89149      149.5420   590                    158.0145 21195580         
  94825 89218      149.3287   526                    158.0140 21213441         
  94893 89277      156.1478   650                    158.0134 21236723         
  94944 89328      149.9409   583                    158.0134 21250342         
  95006 89387      154.2210   489                    158.0131 21272497         
  95103 89480      154.6393   424                    158.0125 21291765         
  95175 89552      148.5127   356                    158.0125 21303459         
  95245 89619      149.5805   491                    158.0119 21319739         
Elapsed time = 14349.59 sec. (20823479.05 ticks, tree = 3599.50 MB, solutions = 0)
Nodefile size = 1551.90 MB (1104.69 MB after compression)
  95306 89676      151.9565   354                    158.0117 21342571         
  95361 89728      153.6502   431                    158.0100 21358070         
  95458 89821      153.3239   523                    158.0098 21372715         
  95586 89945      152.4644   477                    158.0091 21388751         
  95683 90038      153.3710   417                    158.0091 21407226         
  95784 90135      151.0206   322                    158.0090 21425329         
  95850 90195      148.5614   295                    158.0090 21440652         
  95945 90284      152.5216   585                    158.0084 21455933         
  96045 90379      154.9715   527                    158.0082 21473168         
  96114 90448      148.1840   452                    158.0082 21489030         
Elapsed time = 14458.84 sec. (20977765.12 ticks, tree = 3632.93 MB, solutions = 0)
Nodefile size = 1585.70 MB (1128.92 MB after compression)
  96222 90549      156.5262   462                    158.0073 21510911         
  96281 90604      154.1351   549                    158.0053 21530928         
  96352 90675      148.4042   438                    158.0053 21547234         
  96448 90766      148.7877   482                    158.0050 21568200         
  96515 90828      149.7833   581                    158.0035 21587671         
  96596 90905      151.6942   432                    158.0029 21608731         
  96665 90970      151.8881   543                    158.0027 21626748         
  96723 91024      154.2744   573                    158.0017 21647453         
  96795 91096      144.1540   428                    158.0017 21664874         
  96881 91178      145.0444   358                    158.0017 21685092         
Elapsed time = 14567.59 sec. (21131168.12 ticks, tree = 3662.39 MB, solutions = 0)
Nodefile size = 1614.67 MB (1149.64 MB after compression)
  96965 91259      149.3266   475                    158.0002 21702507         
  97069 91359      156.8535   677                    158.0000 21722881         
  97110 91400      153.4364   659                    158.0000 21737577         
  97154 91444      149.4422   544                    158.0000 21752696         
  97248 91534      153.5625   448                    157.9989 21776960         
  97286 91568      153.4978   602                    157.9988 21796214         
  97367 91649      145.2062   449                    157.9988 21814679         
  97460 91738      148.7124   436                    157.9986 21831534         
  97520 91794      153.5048   524                    157.9966 21849138         
  97609 91883      144.7309   473                    157.9966 21868122         
Elapsed time = 14674.95 sec. (21284944.54 ticks, tree = 3690.73 MB, solutions = 0)
Nodefile size = 1643.63 MB (1170.37 MB after compression)
  97676 91935      153.4374   569                    157.9945 21890133         
  97752 92007      155.7235   462                    157.9940 21910261         
  97837 92088      153.5907   528                    157.9928 21928657         
  97934 92183        cutoff                          157.9928 21950467         
  97988 92235      149.6163   412                    157.9927 21966650         
  98060 92304      145.7820   349                    157.9926 21989948         
  98162 92398      154.2600   575                    157.9914 22010946         
  98259 92495      145.8282   302                    157.9914 22025990         
  98337 92569      151.4363   557                    157.9903 22041131         
  98435 92663      153.8184   525                    157.9891 22061757         
Elapsed time = 14783.78 sec. (21438841.77 ticks, tree = 3722.21 MB, solutions = 0)
Nodefile size = 1674.55 MB (1192.46 MB after compression)
  98497 92725      146.8767   514                    157.9891 22080205         
  98555 92779      150.5697   562                    157.9886 22105722         
  98617 92837      149.8120   455                    157.9883 22122613         
  98745 92961      153.6732   523                    157.9872 22143201         
  98821 93033      152.2857   577                    157.9848 22159985         
  98894 93103      156.0279   342                    157.9846 22182343         
  99003 93205      155.2346   559                    157.9843 22198429         
  99071 93264      151.0932   539                    157.9841 22219556         
  99157 93346      153.8015   553                    157.9832 22237329         
  99253 93438      155.7145   638                    157.9813 22254640         
Elapsed time = 14893.42 sec. (21593389.70 ticks, tree = 3753.47 MB, solutions = 0)
Nodefile size = 1706.41 MB (1215.31 MB after compression)
  99304 93489      150.8873   508                    157.9813 22269253         
  99421 93602      152.6528   381                    157.9809 22289668         
  99488 93664      141.7965   368                    157.9807 22312024         
  99562 93734      144.6629   454                    157.9799 22332480         
  99615 93783      149.1843   524                    157.9781 22351703         
  99698 93862      151.1155   525                    157.9750 22372531         
  99796 93957      153.2994   624                    157.9743 22393115         
  99895 94053      152.9410   359                    157.9737 22413689         
  99976 94130      149.6722   341                    157.9726 22430106         
 100072 94222      151.7455   532                    157.9719 22445303         
Elapsed time = 15003.41 sec. (21748311.91 ticks, tree = 3785.09 MB, solutions = 0)
Nodefile size = 1737.32 MB (1237.49 MB after compression)
 100170 94316      155.6617   662                    157.9717 22464671         
 100212 94358      151.7071   541                    157.9717 22479224         
 100338 94480      156.9233   582                    157.9711 22495367         
 100396 94538      151.3533   432                    157.9711 22508602         
 100528 94662      156.2160   562                    157.9693 22526069         
 100594 94728      149.2922   485                    157.9693 22539666         
 100692 94822      148.8924   553                    157.9682 22557271         
 100774 94899      148.3822   329                    157.9682 22574502         
 100859 94976      150.5357   500                    157.9668 22593525         
 100912 95023      152.6543   537                    157.9633 22609045         
Elapsed time = 15111.58 sec. (21902845.97 ticks, tree = 3817.41 MB, solutions = 0)
Nodefile size = 1770.17 MB (1261.06 MB after compression)
 100976 95087      144.8838   433                    157.9633 22628379         
 101046 95147      157.0069   578                    157.9621 22647257         
 101104 95205      150.5389   533                    157.9621 22660164         
 101194 95291      155.9074   608                    157.9619 22678424         
 101249 95341      150.6322   459                    157.9617 22694779         
 101314 95402      152.1409   488                    157.9617 22708112         
 101386 95470      155.2733   598                    157.9616 22723349         
 101469 95553      146.8449   467                    157.9616 22737790         
 101538 95618      150.3925   612                    157.9615 22750955         
 101619 95695      154.3067   527                    157.9615 22768356         
Elapsed time = 15220.41 sec. (22057858.84 ticks, tree = 3844.51 MB, solutions = 0)
Nodefile size = 1797.20 MB (1280.52 MB after compression)
 101725 95796      148.0393   396                    157.9614 22786982         
 101760 95826      154.8391   492                    157.9612 22807415         
 101822 95888      147.8266   395                    157.9612 22823415         
 101898 95960      151.6388   500                    157.9611 22842625         
 101982 96040      153.5778   443                    157.9610 22860585         
 102109 96163      155.5838   609                    157.9609 22876057         
 102188 96242      149.2273   464                    157.9609 22889510         
 102270 96320      144.6613   344                    157.9608 22910928         
 102328 96370      150.1332   508                    157.9593 22927522         
 102420 96459      154.7046   589                    157.9588 22946272         
Elapsed time = 15329.73 sec. (22213402.28 ticks, tree = 3875.31 MB, solutions = 0)
Nodefile size = 1828.12 MB (1302.66 MB after compression)
 102525 96564      144.5034   439                    157.9588 22963274         
 102619 96649      154.4291   510                    157.9584 22984655         
 102698 96725      155.8728   533                    157.9531 23003516         
 102742 96768      141.8032   324                    157.9531 23021874         
 102818 96841      145.7856   414                    157.9531 23039765         
 102906 96921      154.9983   541                    157.9503 23061137         
 102987 96998      155.5454   501                    157.9503 23081273         
 103083 97094      144.2492   349                    157.9503 23098112         
 103102 97109      148.9557   497                    157.9499 23116868         
 103166 97163      149.4092   549                    157.9481 23135280         
Elapsed time = 15439.06 sec. (22368424.03 ticks, tree = 3903.73 MB, solutions = 0)
Nodefile size = 1856.13 MB (1322.72 MB after compression)
 103257 97250      154.5983   552                    157.9474 23153403         
 103347 97340      146.5611   453                    157.9474 23168683         
 103430 97415      150.4039   396                    157.9466 23189876         
 103500 97477      153.0774   590                    157.9454 23207708         
 103575 97551      142.9395   394                    157.9454 23224614         
 103682 97649      153.7212   432                    157.9450 23245350         
 103763 97725      155.6102   585                    157.9441 23261801         
 103811 97773      148.9455   447                    157.9441 23278483         
 103888 97846      146.0476   401                    157.9435 23302298         
 103947 97899      148.4722   475                    157.9435 23320147         
Elapsed time = 15548.51 sec. (22522305.60 ticks, tree = 3933.41 MB, solutions = 0)
Nodefile size = 1886.07 MB (1344.17 MB after compression)
 104024 97973      152.8963   499                    157.9429 23338792         
 104127 98073      156.3546   564                    157.9419 23359870         
 104195 98137      153.4916   466                    157.9375 23379512         
 104281 98217      148.2993   331                    157.9371 23400034         
 104330 98259      154.2287   559                    157.9368 23414606         
 104424 98353      145.0043   509                    157.9368 23432178         
 104500 98425      153.4437   509                    157.9363 23448686         
 104597 98518      157.5475   581                    157.9349 23469107         
 104658 98579      152.2633   446                    157.9349 23482868         
 104749 98666      154.9014   533                    157.9333 23500418         
Elapsed time = 15659.23 sec. (22677654.80 ticks, tree = 3964.35 MB, solutions = 0)
Nodefile size = 1916.97 MB (1366.32 MB after compression)
 104823 98740      146.4583   516                    157.9333 23519796         
 104885 98799      148.1721   434                    157.9332 23541194         
 104945 98855      148.3021   468                    157.9330 23558138         
 105027 98931      151.3523   479                    157.9326 23578079         
 105128 99028      154.2288   507                    157.9323 23600911         
 105215 99109      155.0101   483                    157.9313 23620456         
 105316 99210      144.7004   422                    157.9313 23638290         
 105361 99251      143.5525   286                    157.9307 23658738         
 105464 99344      151.8447   471                    157.9305 23675438         
 105581 99453      146.5376   426                    157.9301 23695075         
Elapsed time = 15768.74 sec. (22831543.59 ticks, tree = 3996.09 MB, solutions = 0)
Nodefile size = 1948.83 MB (1389.15 MB after compression)
 105674 99543      151.1933   504                    157.9294 23710774         
 105783 99646      149.8124   288                    157.9292 23730512         
 105836 99695      152.0031   518                    157.9282 23748393         
 105922 99777      156.8082   478                    157.9277 23770665         
 105990 99845      150.1274   431                    157.9277 23782315         
 106115 99966      153.5242   492                    157.9262 23800532         
 106213 100061      148.9514   330                    157.9257 23819829         
 106285 100120      151.6681   571                    157.9227 23841577         
 106372 100203      155.5571   535                    157.9227 23861000         
 106443 100274      148.2563   566                    157.9227 23876183         
Elapsed time = 15878.52 sec. (22985701.02 ticks, tree = 4029.20 MB, solutions = 0)
Nodefile size = 1981.68 MB (1412.69 MB after compression)
 106535 100362      153.5176   471                    157.9222 23895751         
 106646 100468      153.1778   481                    157.9217 23915481         
 106766 100583      150.8512   579                    157.9217 23932992         
 106854 100661      155.9587   459                    157.9206 23951904         
 106957 100758  -1.00000e+75   471                    157.9203 23969913         
 107032 100830      143.6256   507                    157.9201 23985210         
 107072 100864      153.9356   568                    157.9197 24001742         
 107134 100926      147.9983   529                    157.9197 24017164         
 107233 101021      151.7931   513                    157.9187 24033669         
 107344 101127      155.6206   626                    157.9181 24052187         
Elapsed time = 15988.03 sec. (23141241.05 ticks, tree = 4063.62 MB, solutions = 0)
Nodefile size = 2016.48 MB (1437.61 MB after compression)
 107381 101164      151.8906   510                    157.9181 24066798         
 107456 101239      143.8146   466                    157.9181 24088108         
 107517 101296      150.4438   469                    157.9174 24103263         
 107602 101377      147.7993   454                    157.9155 24123795         
 107668 101439      149.7720   428                    157.9155 24139161         
 107774 101541      150.3079   482                    157.9152 24157388         
 107857 101621      153.0442   495                    157.9146 24176123         
 107966 101726      152.6225   503                    157.9144 24195531         
 108033 101789      155.6506   481                    157.9131 24216888         
 108076 101822      152.6114   511                    157.9129 24234663         
Elapsed time = 16095.96 sec. (23296952.00 ticks, tree = 4091.66 MB, solutions = 0)
Nodefile size = 2044.49 MB (1457.65 MB after compression)
 108179 101921      152.9989   471                    157.9125 24252906         
 108272 102010      151.5145   591                    157.9118 24270173         
 108348 102083      152.6007   465                    157.9112 24285912         
 108406 102141      148.1626   326                    157.9112 24302690         
 108521 102248      156.2014   444                    157.9110 24322375         
 108626 102350      156.2596   640                    157.9103 24339470         
 108688 102412      150.6770   457                    157.9103 24352616         
 108775 102496      151.7451   426                    157.9094 24373136         
 108853 102569      152.6057   562                    157.9092 24390285         
 108936 102648      150.9168   448                    157.9079 24408666         
Elapsed time = 16203.81 sec. (23451556.27 ticks, tree = 4125.00 MB, solutions = 0)
Nodefile size = 2077.35 MB (1481.12 MB after compression)
 108984 102693      154.8998   536                    157.9054 24424701         
 109054 102763      147.1258   476                    157.9054 24440991         
 109129 102835      151.7348   526                    157.9051 24456905         
 109220 102923      153.8283   582                    157.9044 24475798         
 109323 103022      155.9503   540                    157.9039 24493175         
 109375 103074      150.1486   598                    157.9039 24508328         
 109457 103148      144.5283   403                    157.9016 24530275         
 109531 103220      146.6360   519                    157.9015 24546533         
 109659 103344      144.2359   393                    157.8991 24567089         
 109757 103438      148.2129   332                    157.8988 24583972         
Elapsed time = 16311.97 sec. (23605456.16 ticks, tree = 4156.86 MB, solutions = 0)
Nodefile size = 2109.21 MB (1503.94 MB after compression)
 109875 103551      146.0412   395                    157.8981 24605218         
 109928 103594      149.5817   335                    157.8971 24629551         
 110028 103687      154.9239   531                    157.8960 24649407         
 110124 103779      154.4829   434                    157.8957 24669282         
 110217 103868      146.2674   363                    157.8957 24689202         
 110288 103924      150.1069   505                    157.8939 24710587         
 110379 104011      153.3434   472                    157.8937 24727568         
 110486 104114      152.7346   553                    157.8935 24745303         
 110545 104173      142.6373   381                    157.8935 24765616         
 110637 104257      150.6107   435                    157.8926 24787618         
Elapsed time = 16422.85 sec. (23761974.56 ticks, tree = 4189.90 MB, solutions = 0)
Nodefile size = 2142.08 MB (1527.49 MB after compression)
 110720 104334      149.5784   377                    157.8922 24805974         
 110829 104439      153.0475   423                    157.8920 24823979         
 110954 104558      152.2641   520                    157.8913 24840801         
 111043 104635      155.7916   489                    157.8893 24864622         
 111134 104726      149.0929   342                    157.8893 24879513         
 111264 104848      155.8542   538                    157.8868 24899682         
 111361 104941      150.6533   544                    157.8867 24918593         
 111427 105003      146.5346   422                    157.8860 24939436         
 111482 105052      153.0002   450                    157.8855 24960006         
 111572 105138      150.1112   427                    157.8846 24979246         
Elapsed time = 16532.85 sec. (23917020.21 ticks, tree = 4225.46 MB, solutions = 0)
Nodefile size = 2177.84 MB (1553.06 MB after compression)
 111669 105223      152.2050   484                    157.8832 25002434         
 111736 105278      153.3256   597                    157.8819 25025245         
 111815 105353      156.1443   562                    157.8815 25047168         
 111868 105406      150.3992   480                    157.8815 25063303         
 111950 105484      152.0764   616                    157.8812 25086228         
 112014 105544      154.2447   419                    157.8800 25107105         
 112091 105618      154.5963   510                    157.8798 25127492         
 112131 105656      144.1256   313                    157.8798 25148267         
 112222 105743      149.0744   422                    157.8793 25163254         
 112295 105813      149.8850   417                    157.8792 25179499         
Elapsed time = 16640.72 sec. (24071340.99 ticks, tree = 4252.70 MB, solutions = 0)
Nodefile size = 2204.89 MB (1572.42 MB after compression)
 112423 105935      145.7789   375                    157.8787 25199653         
 112515 106023      144.7883   389                    157.8785 25220998         
 112573 106070      155.8239   488                    157.8777 25243274         
 112664 106160      143.5005   282                    157.8777 25262305         
 112745 106237      148.6056   306                    157.8771 25279600         
 112864 106346      155.7909   453                    157.8766 25300501         
 112942 106420      151.2088   387                    157.8762 25320575         
 113006 106472      150.2206   570                    157.8762 25340900         
 113095 106557      154.5036   558                    157.8756 25366107         
 113150 106612      148.2834   516                    157.8756 25382111         
Elapsed time = 16750.09 sec. (24225144.10 ticks, tree = 4284.94 MB, solutions = 0)
Nodefile size = 2237.76 MB (1595.91 MB after compression)
 113261 106718      143.2588   448                    157.8755 25403299         
 113314 106767      151.9951   539                    157.8750 25417542         
 113427 106880      145.2685   444                    157.8750 25435730         
 113511 106957      154.1937   439                    157.8745 25457108         
 113610 107052      151.8946   537                    157.8733 25473581         
 113689 107127      150.1783   444                    157.8727 25493069         
 113774 107208      152.6488   539                    157.8716 25510822         
 113841 107271      148.0997   336                    157.8705 25530237         
 113894 107319      149.9827   520                    157.8696 25545775         
 113970 107391      154.6458   502                    157.8691 25561404         
Elapsed time = 16859.03 sec. (24380409.15 ticks, tree = 4316.38 MB, solutions = 0)
Nodefile size = 2268.69 MB (1618.08 MB after compression)
 114063 107480      155.8295   571                    157.8683 25577112         
 114108 107525      150.2090   562                    157.8683 25591760         
 114200 107613      155.9724   417                    157.8682 25612106         
 114315 107724      156.8275   489                    157.8679 25629536         
 114373 107768      151.9744   522                    157.8676 25646293         
 114455 107846      154.4896   603                    157.8665 25664028         
 114531 107922      147.4098   437                    157.8665 25678801         
 114607 107994      154.1741   532                    157.8642 25693416         
 114700 108087      144.7470   554                    157.8642 25709047         
 114771 108148      149.9001   435                    157.8618 25727609         
Elapsed time = 16966.91 sec. (24534694.79 ticks, tree = 4346.85 MB, solutions = 0)
Nodefile size = 2299.60 MB (1640.28 MB after compression)
 114805 108172      155.7179   597                    157.8612 25745068         
 114836 108203      152.1139   592                    157.8612 25759649         
 114916 108283      143.3012   454                    157.8612 25777673         
 114980 108343      144.7314   414                    157.8606 25797050         
 115057 108410      151.8142   425                    157.8585 25816477         
 115129 108473      149.2105   362                    157.8580 25835957         
 115226 108566      149.3645   462                    157.8564 25853255         
 115319 108655      154.8830   354                    157.8557 25871099         
 115440 108772      154.8681   590                    157.8556 25888059         
 115515 108847      146.6769   428                    157.8556 25904509         
Elapsed time = 17074.30 sec. (24689919.61 ticks, tree = 4375.04 MB, solutions = 0)
Nodefile size = 2327.63 MB (1660.35 MB after compression)
 115563 108890      154.6669   455                    157.8554 25921379         
 115601 108923      154.6353   521                    157.8547 25938953         
 115686 109008      146.5837   471                    157.8547 25955559         
 115784 109102      150.5031   520                    157.8535 25973361         
 115859 109173      154.9487   598                    157.8533 25991987         
 115904 109218      149.3251   493                    157.8533 26008142         
 115968 109276      152.9803   539                    157.8522 26028351         
 116047 109355      142.8049   527                    157.8522 26050406         
 116084 109380      154.5585   582                    157.8506 26069967         
 116154 109450      146.7310   506                    157.8506 26085780         
Elapsed time = 17180.21 sec. (24844342.55 ticks, tree = 4399.34 MB, solutions = 0)
Nodefile size = 2351.78 MB (1677.63 MB after compression)
 116267 109555      155.0631   636                    157.8491 26108699         
 116361 109649      144.9071   362                    157.8491 26126704         
 116426 109710      148.2187   454                    157.8486 26145703         
 116489 109767      146.6930   386                    157.8474 26166419         
 116577 109849      146.3326   356                    157.8459 26184821         
 116640 109908      151.4386   579                    157.8448 26200471         
 116727 109991      156.5872   541                    157.8448 26223131         
 116795 110059      148.7547   438                    157.8448 26239286         
 116879 110138      148.6249   451                    157.8446 26258150         
 116986 110224      157.4502   564                    157.8438 26280421         
Elapsed time = 17292.95 sec. (25003907.32 ticks, tree = 4430.53 MB, solutions = 0)
Nodefile size = 2382.70 MB (1699.72 MB after compression)
 117058 110296      150.4590   473                    157.8438 26294594         
 117177 110411      154.4509   474                    157.8434 26313999         
 117258 110489      155.0571   538                    157.8432 26330291         
 117355 110586      145.9582   405                    157.8432 26346342         
 117430 110657      154.8063   626                    157.8431 26363315         
 117488 110715      149.7183   573                    157.8431 26378282         
 117593 110816      152.3824   464                    157.8417 26401657         
 117666 110881      149.0509   398                    157.8412 26421046         
 117748 110959      149.3887   564                    157.8402 26440502         
 117802 111009      151.6037   480                    157.8396 26461425         
Elapsed time = 17401.77 sec. (25158654.74 ticks, tree = 4462.14 MB, solutions = 0)
Nodefile size = 2414.57 MB (1722.52 MB after compression)
 117879 111082      152.4336   484                    157.8393 26481821         
 117954 111153      144.6287   356                    157.8375 26503399         
 118027 111218      155.2524   486                    157.8355 26522706         
 118149 111337      155.1670   533                    157.8352 26540151         
 118215 111403      150.3324   540                    157.8352 26555800         
 118323 111507      156.3947   563                    157.8347 26577136         
 118389 111573      150.5337   579                    157.8347 26591650         
 118507 111687      154.0841   484                    157.8347 26610725         
 118592 111768      150.4493   434                    157.8347 26627552         
 118677 111850      151.4899   431                    157.8341 26643834         
Elapsed time = 17511.17 sec. (25313082.98 ticks, tree = 4496.09 MB, solutions = 0)
Nodefile size = 2448.41 MB (1746.77 MB after compression)
 118787 111955      156.6112   607                    157.8339 26660332         
 118837 112005      152.1375   588                    157.8339 26674393         
 118943 112107      155.7486   458                    157.8320 26695773         
 119043 112207      145.3450   432                    157.8320 26713427         
 119141 112297      151.8874   495                    157.8310 26732752         
 119193 112343      154.6356   562                    157.8305 26751160         
 119280 112427      156.6400   521                    157.8299 26771256         
 119369 112516      145.6928   410                    157.8299 26788430         
 119455 112595      152.3989   462                    157.8297 26806763         
 119544 112674      157.3060   529                    157.8283 26828875         
Elapsed time = 17621.01 sec. (25468945.29 ticks, tree = 4529.25 MB, solutions = 0)
Nodefile size = 2482.22 MB (1770.98 MB after compression)
 119626 112756      148.0266   500                    157.8283 26843400         
 119722 112848      150.5002   361                    157.8280 26860667         
 119822 112944      151.8708   581                    157.8280 26879566         
 119914 113032      149.1879   385                    157.8276 26899236         
 119985 113095      151.4115   514                    157.8270 26918717         
 120060 113166      153.9994   522                    157.8269 26939012         
 120138 113244      146.1442   506                    157.8269 26957178         
 120237 113335      155.4735   520                    157.8251 26977589         
 120280 113374      153.5545   456                    157.8241 26995285         
 120335 113419      151.0057   461                    157.8229 27012316         
Elapsed time = 17729.85 sec. (25624169.18 ticks, tree = 4559.33 MB, solutions = 0)
Nodefile size = 2512.19 MB (1792.40 MB after compression)
 120400 113477      155.1542   496                    157.8216 27028748         
 120468 113545      147.6098   440                    157.8216 27043035         
 120561 113632      147.8085   381                    157.8211 27064856         
 120639 113702      148.8072   408                    157.8208 27080943         
 120755 113812      148.8326   478                    157.8206 27099242         
 120856 113909      153.9989   462                    157.8197 27116404         
 120991 114040      153.6958   500                    157.8194 27133688         
 121055 114104      146.1661   594                    157.8194 27150720         
 121113 114150      156.6561   503                    157.8189 27172120         
 121186 114223      148.9386   515                    157.8189 27185975         
Elapsed time = 17839.78 sec. (25779808.50 ticks, tree = 4591.81 MB, solutions = 0)
Nodefile size = 2544.10 MB (1815.25 MB after compression)
 121283 114316      152.6020   356                    157.8180 27203921         
 121403 114430      152.5680   403                    157.8175 27222002         
 121484 114508      151.3345   472                    157.8167 27238547         
 121563 114583      153.2407   597                    157.8164 27257121         
 121616 114632      151.0017   452                    157.8162 27272506         
 121720 114732      150.6085   502                    157.8158 27290168         
 121807 114814      155.1883   410                    157.8157 27308462         
 121897 114900      150.9602   487                    157.8151 27324025         
 121952 114949      150.7439   444                    157.8148 27341020         
 122021 115013      147.5486   368                    157.8147 27360495         
Elapsed time = 17948.55 sec. (25934040.02 ticks, tree = 4623.73 MB, solutions = 0)
Nodefile size = 2576.02 MB (1838.15 MB after compression)
 122103 115091      152.9231   552                    157.8143 27376032         
 122167 115155      145.4690   464                    157.8143 27393167         
 122289 115267      156.2950   451                    157.8131 27413789         
 122360 115334      148.8583   521                    157.8124 27433027         
 122429 115394      150.6026   576                    157.8111 27455692         
 122493 115450      156.7658   421                    157.8109 27474226         
 122571 115523      147.7149   431                    157.8108 27491016         
 122634 115579      156.7947   600                    157.8091 27510533         
 122671 115616      152.4615   554                    157.8091 27525325         
 122758 115699      156.6498   601                    157.8089 27542270         
Elapsed time = 18058.18 sec. (26091552.65 ticks, tree = 4651.45 MB, solutions = 0)
Nodefile size = 2604.07 MB (1858.21 MB after compression)
 122822 115763      149.8602   507                    157.8089 27556249         
 122903 115840      153.5084   505                    157.8085 27573041         
 123021 115954      154.7840   645                    157.8078 27592308         
 123069 115999      154.3963   446                    157.8067 27609042         
 123151 116077      152.0136   420                    157.8056 27627797         
 123275 116197      154.8163   636                    157.8056 27644585         
 123339 116261      147.9163   558                    157.8056 27660104         
 123417 116335      149.1227   477                    157.8044 27683041         
 123492 116398      153.1292   482                    157.8036 27709149         
 123591 116491      157.1338   566                    157.8032 27725718         
Elapsed time = 18169.56 sec. (26248431.36 ticks, tree = 4683.43 MB, solutions = 0)
Nodefile size = 2635.99 MB (1881.02 MB after compression)
 123651 116551      152.4264   597                    157.8032 27739471         
 123764 116664      144.0683   414                    157.8032 27757948         
 123850 116735      155.5767   594                    157.8024 27781642         
 123926 116811      149.1991   451                    157.8024 27795610         
 124012 116893      153.7501   548                    157.8018 27813122         
 124106 116987      145.3066   493                    157.8018 27830451         
 124183 117059      149.0434   492                    157.8017 27849544         
 124287 117159      152.6714   499                    157.8006 27869180         
 124378 117246      147.5209   441                    157.7998 27888986         
 124437 117296      155.5846   581                    157.7998 27907951         
Elapsed time = 18280.10 sec. (26403852.57 ticks, tree = 4715.93 MB, solutions = 0)
Nodefile size = 2668.89 MB (1904.58 MB after compression)
 124501 117360      148.9582   551                    157.7998 27924103         
 124611 117466      149.7541   485                    157.7994 27944822         
 124699 117550      149.9905   465                    157.7992 27965452         
 124794 117641      149.4288   499                    157.7991 27984445         
 124869 117712      146.9089   346                    157.7988 28004310         
 124928 117766      149.1785   447                    157.7988 28021281         
 125016 117848      147.4894   515                    157.7986 28041628         
 125126 117954      142.2026   291                    157.7970 28062378         
 125232 118052      146.6923   328                    157.7963 28080901         
 125322 118134      156.0060   567                    157.7956 28099959         
Elapsed time = 18389.52 sec. (26557641.83 ticks, tree = 4749.79 MB, solutions = 0)
Nodefile size = 2702.76 MB (1928.82 MB after compression)
 125398 118210      149.2395   458                    157.7956 28114142         
 125508 118316      153.7967   510                    157.7952 28134313         
 125589 118397      144.6132   478                    157.7952 28153555         
 125675 118479      143.5264   446                    157.7951 28177021         
 125719 118517      154.1900   575                    157.7945 28193045         
 125764 118562      150.1096   627                    157.7945 28209387         
 125861 118655      151.7765   473                    157.7940 28231996         
 125960 118750      151.4903   524                    157.7936 28250715         
 126046 118832      148.5660   358                    157.7936 28272855         
 126093 118872      153.1110   541                    157.7926 28293699         
Elapsed time = 18498.08 sec. (26711459.43 ticks, tree = 4779.58 MB, solutions = 0)
Nodefile size = 2731.79 MB (1949.58 MB after compression)
 126200 118975      152.9155   458                    157.7919 28312255         
 126308 119079      154.7010   539                    157.7918 28331217         
 126423 119194      144.6051   247                    157.7918 28348347         
 126475 119243      150.1694   456                    157.7906 28365642         
 126555 119319      151.3307   507                    157.7897 28388380         
 126621 119377      153.5147   375                    157.7897 28407678         
 126715 119467      149.1780   411                    157.7889 28423282         
 126807 119555      149.0417   436                    157.7888 28442825         
 126883 119627      152.7960   488                    157.7884 28463502         
 126952 119691      155.1780   460                    157.7876 28483798         
Elapsed time = 18607.36 sec. (26866100.75 ticks, tree = 4812.68 MB, solutions = 0)
Nodefile size = 2764.69 MB (1973.09 MB after compression)
 127027 119758      153.7184   501                    157.7872 28502558         
 127145 119872      152.4280   516                    157.7869 28518744         
 127223 119946      153.9757   549                    157.7867 28537299         
 127293 120016      145.0771   454                    157.7867 28556590         
 127343 120062      150.5837   509                    157.7867 28574351         
 127402 120117      144.5037   468                    157.7864 28600344         
 127427 120142      147.3051   320                    157.7864 28620313         
 127490 120200      148.4155   372                    157.7862 28636650         
 127568 120272      152.6334   459                    157.7858 28654638         
 127713 120412      154.7268   514                    157.7856 28669591         
Elapsed time = 18716.24 sec. (27022700.54 ticks, tree = 4841.83 MB, solutions = 0)
Nodefile size = 2794.69 MB (1994.58 MB after compression)
 127795 120489      155.3577   589                    157.7855 28691305         
 127849 120543      148.6976   510                    157.7855 28706376         
 127907 120597      149.0788   460                    157.7851 28727555         
 127962 120648      149.0230   497                    157.7843 28744030         
 128081 120763      146.7795   345                    157.7839 28763039         
 128155 120833      150.8228   498                    157.7837 28779232         
 128230 120904      150.9263   428                    157.7830 28799612         
 128310 120976        cutoff                          157.7827 28820474         
 128395 121055      146.7734   409                    157.7820 28838464         
 128468 121124      145.7203   389                    157.7807 28856599         
Elapsed time = 18824.52 sec. (27176959.98 ticks, tree = 4870.63 MB, solutions = 0)
Nodefile size = 2822.77 MB (2014.67 MB after compression)
 128537 121189      149.3980   398                    157.7797 28873166         
 128606 121250      156.7477   462                    157.7788 28892154         
 128690 121330      156.8177   567                    157.7780 28907423         
 128746 121386      148.8401   496                    157.7780 28920820         
 128851 121487      147.9082   519                    157.7777 28938644         
 128920 121553      153.3528   578                    157.7764 28953146         
 129007 121640      144.8931   449                    157.7764 28969179         
 129056 121686      149.4375   325                    157.7760 28986860         
 129133 121760      148.3206   414                    157.7753 29003353         
 129185 121808      148.4110   518                    157.7742 29020503         
Elapsed time = 18931.94 sec. (27330501.07 ticks, tree = 4898.27 MB, solutions = 0)
Nodefile size = 2850.83 MB (2034.81 MB after compression)
 129269 121888      154.1155   466                    157.7741 29038035         
 129356 121970      154.5369   540                    157.7725 29058157         
 129440 122054      146.4384   473                    157.7725 29072527         
 129493 122103      149.7497   419                    157.7720 29091577         
 129561 122165      151.9875   442                    157.7718 29107221         
 129668 122268      148.0428   200                    157.7717 29126253         
 129758 122354      151.6697   346                    157.7713 29140431         
 129855 122448      149.8295   444                    157.7713 29158508         
 129922 122511      146.0934   401                    157.7710 29178945         
 129990 122575      153.2002   481                    157.7694 29192216         
Elapsed time = 19040.65 sec. (27485671.88 ticks, tree = 4929.27 MB, solutions = 0)
Nodefile size = 2881.79 MB (2056.89 MB after compression)
 130099 122680      155.5609   637                    157.7688 29210311         
 130183 122764      146.1815   497                    157.7688 29225596         
 130282 122859      146.9697   449                    157.7687 29242565         
 130366 122939      152.3652   521                    157.7687 29259552         
 130443 123010      152.3040   543                    157.7685 29281448         
 130482 123043      152.2588   538                    157.7684 29300105         
 130577 123138      144.8095   480                    157.7684 29318831         
 130678 123231      153.8663   529                    157.7680 29339809         
 130750 123303      145.0291   376                    157.7680 29358633         
 130819 123368      150.8257   443                    157.7676 29374632         
Elapsed time = 19150.64 sec. (27640818.53 ticks, tree = 4961.32 MB, solutions = 0)
Nodefile size = 2913.72 MB (2079.72 MB after compression)
 130934 123480      151.6598   267                    157.7671 29395712         
 130994 123529      153.0340   550                    157.7671 29413118         
 131060 123591      154.3099   520                    157.7671 29434259         
 131161 123689      153.8544   425                    157.7662 29451730         
 131279 123801      148.2320   404                    157.7659 29469724         
 131357 123874      142.3057   356                    157.7641 29493462         
 131406 123921      149.9140   508                    157.7630 29510563         
 131515 124024      150.2503   440                    157.7617 29530699         
 131599 124104      152.8239   576                    157.7614 29547558         
 131682 124186      142.6342   478                    157.7614 29568322         
Elapsed time = 19260.38 sec. (27796008.43 ticks, tree = 4994.46 MB, solutions = 0)
Nodefile size = 2946.66 MB (2103.22 MB after compression)
 131758 124255      148.5907   371                    157.7608 29586925         
 131887 124380      145.0721   424                    157.7606 29604279         
 131957 124446      150.7061   538                    157.7601 29617984         
 132078 124559      154.7423   528                    157.7591 29636603         
 132161 124638      154.2035   466                    157.7586 29654761         
 132213 124685      154.1597   515                    157.7579 29677317         
 132315 124783      155.8779   610                    157.7579 29694920         
 132379 124847      148.8502   474                    157.7579 29707903         
 132481 124945      150.3846   495                    157.7575 29727211         
 132587 125047      150.7917   348                    157.7573 29745448         
Elapsed time = 19370.01 sec. (27949758.04 ticks, tree = 5029.25 MB, solutions = 0)
Nodefile size = 2981.52 MB (2128.10 MB after compression)
 132669 125125      144.9011   346                    157.7571 29766160         
 132756 125201      156.4755   527                    157.7563 29788755         
 132850 125291      155.8020   514                    157.7551 29807732         
 132925 125362      153.9911   437                    157.7548 29828144         
 133026 125458      154.4695   569                    157.7541 29847165         
 133057 125484      155.6134   544                    157.7536 29869074         
 133147 125574      147.4598   405                    157.7536 29884293         
 133220 125643      154.6884   550                    157.7533 29902363         
 133260 125683      150.9145   625                    157.7533 29918762         
 133341 125759      152.6149   477                    157.7526 29940137         
Elapsed time = 19478.01 sec. (28104050.94 ticks, tree = 5058.01 MB, solutions = 0)
Nodefile size = 3010.56 MB (2148.84 MB after compression)
 133456 125870      152.8681   358                    157.7507 29958959         
 133557 125967      147.4862   474                    157.7504 29977832         
 133599 126005      151.5796   542                    157.7502 29996419         
 133673 126076      154.5934   469                    157.7498 30017149         
 133762 126161      149.9599   449                    157.7497 30038208         
 133850 126246      148.4269   374                    157.7481 30057494         
 133998 126390      154.5794   539                    157.7462 30074155         
 134042 126428      155.6653   557                    157.7459 30092988         
 134108 126494      150.6313   477                    157.7459 30107515         
 134224 126606      154.0685   523                    157.7443 30128573         
Elapsed time = 19586.37 sec. (28258081.50 ticks, tree = 5092.27 MB, solutions = 0)
Nodefile size = 3044.46 MB (2173.07 MB after compression)
 134326 126703      149.4105   527                    157.7439 30148544         
 134403 126776      147.8664   403                    157.7430 30166232         
 134473 126838      154.9913   531                    157.7416 30186732         
 134592 126957      146.7838   477                    157.7416 30201584         
 134688 127049      152.6764   510                    157.7412 30218359         
 134772 127129      153.8797   559                    157.7410 30241477         
 134858 127211      155.8299   579                    157.7409 30263323         
 134949 127302      145.9758   454                    157.7409 30278849         
 135017 127359      155.8747   517                    157.7382 30300770         
 135102 127444      147.7756   481                    157.7382 30316807         
Elapsed time = 19696.65 sec. (28413024.31 ticks, tree = 5126.17 MB, solutions = 0)
Nodefile size = 3078.34 MB (2197.32 MB after compression)
 135165 127498      154.0118   592                    157.7376 30337124         
 135257 127586      155.4226   612                    157.7375 30353779         
 135354 127679      157.5907   625                    157.7372 30372772         
 135379 127702      149.8626   545                    157.7372 30389360         
 135467 127784      156.4211   477                    157.7370 30408314         
 135557 127874      145.3693   315                    157.7370 30425432         
 135680 127990      146.6594   439                    157.7369 30441649         
 135737 128044      149.4243   529                    157.7361 30460270         
 135816 128117      148.2393   329                    157.7357 30482278         
 135903 128200      147.1805   501                    157.7356 30497865         
Elapsed time = 19805.16 sec. (28567652.29 ticks, tree = 5156.77 MB, solutions = 0)
Nodefile size = 3109.36 MB (2219.47 MB after compression)
 135989 128282      152.2758   528                    157.7354 30513609         
 136074 128363      153.2431   588                    157.7346 30531223         
 136170 128455      153.2399   565                    157.7344 30550052         
 136226 128511      147.5053   556                    157.7344 30566230         
 136277 128558      153.9546   449                    157.7341 30586478         
 136299 128580      153.9975   477                    157.7341 30604112         
 136342 128619      155.2700   451                    157.7333 30618161         
 136465 128742      143.9416   355                    157.7333 30635067         
 136510 128784      152.2322   557                    157.7324 30649260         
 136592 128862      149.9716   460                    157.7322 30667347         
Elapsed time = 19913.15 sec. (28722939.89 ticks, tree = 5183.55 MB, solutions = 0)
Nodefile size = 3136.46 MB (2238.84 MB after compression)
 136685 128947      156.9291   556                    157.7306 30687257         
 136715 128971      154.8557   549                    157.7305 30711702         
 136778 129034      147.7883   417                    157.7305 30726037         
 136843 129095      153.1366   510                    157.7303 30744901         
 136942 129190      146.7624   334                    157.7302 30763872         
 137027 129271      150.1851   408                    157.7300 30779270         
 137116 129350      156.4703   575                    157.7299 30800869         
 137176 129410      150.1673   413                    157.7299 30812483         
 137245 129475      148.1663   438                    157.7299 30829988         
 137330 129556      150.9998   464                    157.7299 30847835         
Elapsed time = 20022.38 sec. (28879204.07 ticks, tree = 5211.65 MB, solutions = 0)
Nodefile size = 3164.55 MB (2258.91 MB after compression)
 137417 129637      154.9225   569                    157.7297 30867451         
 137492 129712      147.7583   341                    157.7297 30883143         
 137553 129767      150.2375   440                    157.7294 30900484         
 137606 129813      149.3765   482                    157.7289 30919097         
 137675 129879      149.5948   534                    157.7264 30936840         
 137746 129946      153.5497   579                    157.7262 30959265         
 137827 130027      147.2183   490                    157.7262 30974116         
 137918 130114      153.2466   443                    157.7261 30990534         
 138014 130205      157.6561   572                    157.7261 31010964         
 138069 130256      153.8474   518                    157.7253 31030749         
Elapsed time = 20131.04 sec. (29033585.43 ticks, tree = 5239.94 MB, solutions = 0)
Nodefile size = 3192.63 MB (2279.01 MB after compression)
 138184 130368      155.8728   546                    157.7252 31047631         
 138272 130456      144.5119   469                    157.7252 31065293         
 138327 130507      150.7530   559                    157.7251 31080399         
 138433 130609      153.0761   427                    157.7219 31099289         
 138529 130701      150.4789   373                    157.7217 31119855         
 138594 130762      144.7736   422                    157.7212 31138982         
 138651 130815      150.3430   446                    157.7210 31157563         
 138727 130887      154.6963   561                    157.7210 31173838         
 138807 130963      153.2601   458                    157.7192 31193760         
 138871 131023      147.3052   512                    157.7186 31213673         
Elapsed time = 20240.41 sec. (29188610.44 ticks, tree = 5270.98 MB, solutions = 0)
Nodefile size = 3223.63 MB (2301.12 MB after compression)
 138933 131080      155.0716   434                    157.7178 31230289         
 139049 131192      156.2516   590                    157.7175 31250200         
 139102 131245      150.2062   521                    157.7175 31266342         
 139194 131333      151.6884   444                    157.7170 31286838         
 139337 131472      152.1064   380                    157.7155 31303606         
 139414 131543      145.9354   383                    157.7152 31323592         
 139496 131616      151.8781   446                    157.7145 31342992         
 139577 131693      153.7195   482                    157.7141 31364971         
 139697 131809      154.1039   513                    157.7138 31382834         
 139803 131911      151.7594   446                    157.7138 31404279         
Elapsed time = 20351.42 sec. (29343758.62 ticks, tree = 5306.93 MB, solutions = 0)
Nodefile size = 3259.49 MB (2326.73 MB after compression)
 139886 131991      146.0155   409                    157.7134 31425362         
 139987 132084      149.9785   430                    157.7124 31445509         
 140061 132155      152.9887   524                    157.7112 31466266         
 140148 132238      149.6935   424                    157.7109 31486457         
 140209 132293      150.7171   503                    157.7104 31507093         
 140271 132351      154.2456   591                    157.7094 31531835         
 140328 132408      147.8553   504                    157.7094 31546032         
 140429 132505      150.6860   463                    157.7088 31565516         
 140568 132640      152.5834   505                    157.7086 31582779         
 140650 132718      145.6824   404                    157.7080 31602930         
Elapsed time = 20461.65 sec. (29498336.65 ticks, tree = 5339.58 MB, solutions = 0)
Nodefile size = 3292.44 MB (2350.23 MB after compression)
 140727 132785      149.2926   447                    157.7079 31622048         
 140817 132870      149.3635   459                    157.7079 31642528         
 140900 132949      154.7843   520                    157.7078 31661616         
 140996 133045      146.8407   503                    157.7078 31677760         
 141069 133114      149.2187   487                    157.7078 31697286         
 141133 133173      142.0983   401                    157.7073 31727818         
 141215 133251      147.1357   499                    157.7073 31744396         
 141290 133322      150.2880   501                    157.7072 31763067         
 141376 133404      155.2904   614                    157.7059 31779441         
 141453 133481      146.5008   389                    157.7059 31796862         
Elapsed time = 20574.56 sec. (29659019.60 ticks, tree = 5370.45 MB, solutions = 0)
Nodefile size = 3322.46 MB (2371.67 MB after compression)
 141547 133572      149.8780   537                    157.7058 31816670         
 141637 133657      154.4981   541                    157.7057 31841744         
 141685 133702      151.0517   535                    157.7050 31859877         
 141806 133819      145.7642   385                    157.7050 31878848         
 141905 133914      146.5742   398                    157.7050 31897955         
 142007 134012      148.3604   427                    157.7048 31916838         
 142054 134055      155.2271   519                    157.7046 31936574         
 142101 134096      148.6009   534                    157.7045 31956210         
 142178 134169      148.2555   549                    157.7039 31977081         
 142253 134240      149.0372   416                    157.7039 31996885         
Elapsed time = 20683.39 sec. (29813580.24 ticks, tree = 5401.17 MB, solutions = 0)
Nodefile size = 3353.47 MB (2393.78 MB after compression)
 142327 134310      154.0520   566                    157.7038 32013552         
 142421 134404      144.2753   438                    157.7038 32032533         
 142454 134433      146.0585   388                    157.7024 32053145         
 142503 134478      155.1377   491                    157.7011 32071548         
 142595 134570      146.6499   513                    157.7011 32085669         
 142681 134652      154.5829   550                    157.7010 32101927         
 142750 134721      149.3824   542                    157.7010 32116239         
 142856 134823      149.9670   315                    157.7010 32135199         
 142950 134914      150.4033   591                    157.7004 32153511         
 143039 134997      148.3969   505                    157.7001 32172981         
Elapsed time = 20793.41 sec. (29970107.92 ticks, tree = 5431.78 MB, solutions = 0)
Nodefile size = 3384.48 MB (2415.96 MB after compression)
 143095 135049      151.9613   479                    157.7000 32190046         
 143197 135147      152.7905   521                    157.6999 32207430         
 143275 135221      154.4403   416                    157.6996 32231190         
 143363 135304      153.4450   484                    157.6993 32248240         
 143453 135390      151.6230   502                    157.6993 32266899         
 143499 135428      154.2417   639                    157.6989 32288709         
 143554 135483      147.4774   435                    157.6989 32302343         
 143610 135535      152.8387   447                    157.6977 32317888         
 143708 135631      144.0762   432                    157.6977 32336501         
 143778 135697      146.7001   441                    157.6976 32354225         
Elapsed time = 20903.56 sec. (30127276.66 ticks, tree = 5460.15 MB, solutions = 0)
Nodefile size = 3412.59 MB (2436.03 MB after compression)
 143854 135765      151.7110   537                    157.6974 32375618         
 143905 135808      153.8401   513                    157.6965 32393593         
 144017 135916      152.8522   602                    157.6965 32413956         
 144088 135983      155.0055   460                    157.6960 32433419         
 144173 136064      153.6877   574                    157.6958 32449567         
 144240 136127      155.6388   551                    157.6955 32470976         
 144282 136161      153.9040   470                    157.6946 32491289         
 144380 136255      149.2026   385                    157.6946 32508061         
 144474 136345      149.1872   539                    157.6939 32525377         
 144549 136415      147.5911   415                    157.6936 32545826         
Elapsed time = 21014.20 sec. (30284142.30 ticks, tree = 5489.21 MB, solutions = 0)
Nodefile size = 3441.66 MB (2456.76 MB after compression)
 144615 136475      151.8427   510                    157.6929 32564385         
 144736 136592      153.1859   509                    157.6926 32583298         
 144799 136651      150.7492   304                    157.6923 32601275         
 144902 136748      142.7265   337                    157.6916 32622099         
 144952 136790      150.1320   492                    157.6905 32638476         
 145048 136882      154.7031   448                    157.6903 32655555         
 145149 136979      153.3610   553                    157.6898 32673022         
 145224 137054      143.1925   469                    157.6898 32693031         
 145267 137093      148.7128   432                    157.6896 32712161         
 145343 137157      153.4285   375                    157.6896 32731641         
Elapsed time = 21123.26 sec. (30438188.34 ticks, tree = 5519.26 MB, solutions = 0)
Nodefile size = 3471.71 MB (2478.19 MB after compression)
 145465 137270      156.2572   561                    157.6893 32750334         
 145527 137332      148.8476   477                    157.6893 32765365         
 145640 137441      146.6593   416                    157.6886 32786320         
 145752 137548      146.0634   407                    157.6874 32804261         
 145845 137637      148.2560   480                    157.6870 32823815         
 145976 137764      145.3185   381                    157.6867 32842167         
 146083 137863      152.0323   442                    157.6855 32863297         
 146147 137922      151.2666   423                    157.6853 32881451         
 146242 138013      154.9650   583                    157.6852 32899096         
 146306 138077      146.5308   509                    157.6852 32918245         
Elapsed time = 21234.42 sec. (30592914.47 ticks, tree = 5556.51 MB, solutions = 0)
Nodefile size = 3508.56 MB (2504.48 MB after compression)
 146376 138144      151.2987   422                    157.6847 32936275         
 146464 138228      155.1968   503                    157.6835 32953113         
 146549 138313      147.8071   575                    157.6835 32967700         
 146644 138404      154.9132   509                    157.6829 32987258         
 146678 138432      153.7699   479                    157.6823 33008721         
 146774 138524      153.1037   462                    157.6822 33028461         
 146890 138636      152.6745   553                    157.6822 33047666         
 146966 138708      156.3068   580                    157.6811 33067853         
 147035 138777      149.1689   393                    157.6811 33082948         
 147113 138847      154.8481   509                    157.6801 33102723         
Elapsed time = 21343.04 sec. (30746935.91 ticks, tree = 5587.64 MB, solutions = 0)
Nodefile size = 3540.52 MB (2527.28 MB after compression)
 147178 138912      147.1915   337                    157.6801 33118439         
 147322 139049      146.7491   375                    157.6800 33135534         
 147396 139119      150.1421   503                    157.6800 33154713         
 147468 139185      151.7212   493                    157.6794 33176574         
 147525 139231      154.9131   477                    157.6784 33198860         
 147611 139313      154.9190   475                    157.6782 33216490         
 147705 139403      154.7881   517                    157.6777 33235569         
 147803 139501      141.7696   428                    157.6777 33255000         
 147902 139591      154.1674   608                    157.6766 33274349         
 147931 139620      147.9766   382                    157.6766 33293382         
Elapsed time = 21451.51 sec. (30901206.90 ticks, tree = 5618.89 MB, solutions = 0)
Nodefile size = 3571.54 MB (2549.35 MB after compression)
 148009 139694      152.3326   528                    157.6762 33307896         
 148113 139792      149.3018   510                    157.6759 33327891         
 148194 139869      152.0938   438                    157.6750 33348863         
 148307 139976      150.8180   549                    157.6744 33370656         
 148394 140059      154.1364   538                    157.6742 33390758         
 148481 140143      154.2182   601                    157.6737 33409148         
 148564 140226      146.6122   469                    157.6737 33425084         
 148626 140284      151.3869   557                    157.6730 33442573         
 148726 140380      151.2186   658                    157.6717 33463502         
 148765 140416      152.6677   399                    157.6710 33476609         
Elapsed time = 21561.55 sec. (31055366.52 ticks, tree = 5651.14 MB, solutions = 0)
Nodefile size = 3603.52 MB (2572.18 MB after compression)
 148882 140524      154.8884   598                    157.6708 33496063         
 148956 140594      155.3757   530                    157.6706 33515630         
 149033 140671      147.4317   391                    157.6706 33531864         
 149087 140717      155.4980   557                    157.6695 33552242         
 149183 140807      155.9803   463                    157.6678 33574232         
 149250 140874      148.4814   410                    157.6678 33590543         
 149325 140945      147.9887   494                    157.6663 33609650         
 149383 140996      149.0874   551                    157.6645 33627717         
 149475 141084      151.6196   503                    157.6643 33648401         
 149584 141189      154.3846   436                    157.6637 33670350         
Elapsed time = 21671.19 sec. (31210430.26 ticks, tree = 5682.43 MB, solutions = 0)
Nodefile size = 3634.53 MB (2594.30 MB after compression)
 149692 141289      157.2472   602                    157.6632 33690163         
 149749 141342      152.5934   442                    157.6622 33708937         
 149864 141453      147.1298   468                    157.6621 33727749         
 149955 141540      150.5052   456                    157.6609 33744692         
 150057 141638      148.8929   337                    157.6600 33764451         
 150123 141697      156.1002   565                    157.6599 33783913         
 150212 141786      149.1340   488                    157.6599 33798226         
 150317 141888      153.0022   470                    157.6598 33816479         
 150444 142010      154.6464   545                    157.6589 33835314         
 150545 142111      146.3325   416                    157.6589 33852031         
Elapsed time = 21781.75 sec. (31364377.36 ticks, tree = 5719.76 MB, solutions = 0)
Nodefile size = 3672.32 MB (2621.24 MB after compression)
 150643 142201      154.6267   604                    157.6581 33873473         
 150687 142240      153.9526   480                    157.6571 33888386         
 150781 142334      145.3974   329                    157.6571 33904069         
 150855 142399      155.3007   577                    157.6564 33922425         
 150921 142465      146.4933   500                    157.6564 33938270         
 151002 142542      151.3783   489                    157.6556 33955245         
 151069 142605      151.0340   424                    157.6543 33971386         
 151170 142700      145.9498   396                    157.6539 33988245         
 151281 142807      147.7915   442                    157.6538 34004711         
 151371 142893      149.7343   515                    157.6537 34022020         
Elapsed time = 21889.92 sec. (31518179.41 ticks, tree = 5751.40 MB, solutions = 0)
Nodefile size = 3704.30 MB (2644.02 MB after compression)
 151477 142994      149.9375   352                    157.6535 34040554         
 151558 143066      154.6963   596                    157.6523 34059396         
 151621 143129      147.9332   536                    157.6523 34074807         
 151706 143210      149.6573   493                    157.6517 34095181         
 151797 143297      152.1635   488                    157.6516 34111658         
 151898 143393      155.8862   582                    157.6515 34127225         
 151978 143473      148.4901   472                    157.6515 34141508         
 152055 143542      153.3260   525                    157.6510 34161039         
 152150 143633      153.3965   406                    157.6506 34181460         
 152229 143712      147.8470   506                    157.6506 34197076         
Elapsed time = 21999.87 sec. (31673504.31 ticks, tree = 5784.54 MB, solutions = 0)
Nodefile size = 3737.26 MB (2667.57 MB after compression)
 152327 143805      148.0130   365                    157.6504 34216926         
 152420 143890      151.7477   494                    157.6486 34238110         
 152454 143924      143.2466   337                    157.6486 34260932         
 152516 143976      150.0136   582                    157.6477 34277692         
 152611 144067      149.9529   443                    157.6463 34297367         
 152689 144141      152.6232   509                    157.6461 34313545         
 152777 144229      142.2398   475                    157.6461 34329822         
 152838 144286      149.9376   451                    157.6460 34343687         
 152916 144360      143.0662   276                    157.6456 34365360         
 153009 144443      156.7583   525                    157.6452 34382492         
Elapsed time = 22108.94 sec. (31828041.24 ticks, tree = 5814.14 MB, solutions = 0)
Nodefile size = 3766.34 MB (2688.29 MB after compression)
 153100 144534      149.3844   337                    157.6452 34395283         
 153217 144646      147.1972   374                    157.6452 34413324         
 153294 144719      146.9482   439                    157.6448 34431084         
 153376 144789      153.9578   573                    157.6437 34451440         
 153457 144866      150.1673   456                    157.6431 34471416         
 153507 144908      152.9027   507                    157.6427 34486555         
 153578 144979      145.7565   479                    157.6427 34502851         
 153651 145045      152.9888   604                    157.6420 34521534         
 153728 145122      145.4733   507                    157.6420 34539639         
 153832 145216      150.4608   470                    157.6411 34561728         
Elapsed time = 22217.53 sec. (31982389.87 ticks, tree = 5845.44 MB, solutions = 0)
Nodefile size = 3798.36 MB (2711.09 MB after compression)
 153916 145296      152.4651   565                    157.6410 34578910         
 153988 145368      146.0684   513                    157.6410 34595093         
 154066 145439      151.3682   477                    157.6405 34614749         
 154168 145535      151.9265   549                    157.6402 34634388         
 154261 145624      153.2564   531                    157.6395 34658153         
 154367 145730      145.9592   427                    157.6395 34672929         
 154455 145814      149.8964   523                    157.6385 34689351         
 154530 145883      151.4522   349                    157.6382 34709339         
 154587 145932      155.3948   598                    157.6379 34726069         
 154653 145998      150.2113   470                    157.6379 34740393         
Elapsed time = 22326.86 sec. (32137377.29 ticks, tree = 5877.09 MB, solutions = 0)
Nodefile size = 3829.39 MB (2733.19 MB after compression)
 154755 146095      154.0057   476                    157.6376 34761011         
 154852 146188      153.2828   589                    157.6371 34777721         
 154933 146269      146.2150   516                    157.6371 34794381         
 155029 146361      146.9377   366                    157.6365 34813174         
 155118 146440      151.2951   342                    157.6353 34831970         
 155205 146523      150.5569   508                    157.6350 34851051         
 155301 146615      155.4704   530                    157.6340 34871969         
 155394 146708      143.0452   397                    157.6340 34890071         
 155451 146757      150.0996   423                    157.6336 34910326         
 155527 146829      148.4244   400                    157.6327 34927740         
Elapsed time = 22436.82 sec. (32291659.23 ticks, tree = 5910.72 MB, solutions = 0)
Nodefile size = 3863.32 MB (2757.35 MB after compression)
 155630 146922      156.1896   606                    157.6317 34946440         
 155703 146995      147.8121   376                    157.6317 34962208         
 155808 147088      146.9409   438                    157.6306 34984830         
 155901 147175      148.4264   362                    157.6296 35000961         
 155981 147251      153.1372   484                    157.6281 35018274         
 156080 147344      154.8999   568                    157.6275 35037089         
 156154 147418      147.8546   531                    157.6275 35052662         
 156221 147476      153.6872   470                    157.6274 35074229         
 156324 147575      154.0735   583                    157.6272 35092552         
 156407 147658      145.0183   477                    157.6272 35107609         
Elapsed time = 22546.14 sec. (32445436.58 ticks, tree = 5944.30 MB, solutions = 0)
Nodefile size = 3897.26 MB (2781.54 MB after compression)
 156504 147751      145.6753   475                    157.6270 35124696         
 156598 147837      153.1859   488                    157.6263 35145342         
 156676 147907      148.2623   479                    157.6263 35166401         
 156730 147953      151.8362   421                    157.6260 35185814         
 156831 148050      153.6784   347                    157.6256 35203567         
 156967 148182      146.6485   409                    157.6248 35222279         
 157063 148270      147.2461   356                    157.6246 35240542         
 157138 148342      148.4980   560                    157.6242 35258895         
 157208 148409      152.1594   508                    157.6237 35276781         
 157298 148495      154.7458   574                    157.6235 35296592         
Elapsed time = 22656.49 sec. (32599942.56 ticks, tree = 5978.20 MB, solutions = 0)
Nodefile size = 3930.25 MB (2805.12 MB after compression)
 157350 148547      148.7283   519                    157.6235 35313330         
 157430 148623      149.3492   429                    157.6228 35337090         
 157510 148691      152.7668   406                    157.6220 35358828         
 157602 148780      149.5655   412                    157.6210 35377384         
 157699 148869      153.1867   299                    157.6202 35398702         
 157762 148923      149.4452   466                    157.6197 35416355         
 157850 149005      153.9277   468                    157.6191 35437307         
 157971 149123      153.8750   532                    157.6188 35456145         
 158053 149199      152.1388   456                    157.6180 35476865         
 158149 149285      156.5523   660                    157.6171 35495347         
Elapsed time = 22766.12 sec. (32754009.85 ticks, tree = 6010.21 MB, solutions = 0)
Nodefile size = 3962.26 MB (2827.91 MB after compression)
 158213 149349      150.4582   559                    157.6171 35509744         
 158308 149440      154.8179   452                    157.6167 35531476         
 158392 149524      144.6541   381                    157.6167 35547513         
 158451 149567      152.4572   489                    157.6142 35568653         
 158580 149692      155.3386   609                    157.6133 35587154         
 158640 149752      149.0079   505                    157.6133 35603187         
 158723 149831      152.9912   546                    157.6131 35625752         
 158801 149909      147.0931   384                    157.6131 35640140         
 158902 150002      149.3971   421                    157.6128 35661051         
 159010 150102      156.7889   608                    157.6114 35681030         
Elapsed time = 22876.44 sec. (32908254.02 ticks, tree = 6043.29 MB, solutions = 0)
Nodefile size = 3996.19 MB (2852.08 MB after compression)
 159073 150165      150.1891   486                    157.6114 35695769         
 159145 150229      154.5040   532                    157.6110 35716394         
 159214 150292      149.5151   440                    157.6108 35736406         
 159296 150367      146.8484   465                    157.6107 35756521         
 159371 150438      148.6798   484                    157.6105 35776490         
 159465 150528      151.6547   386                    157.6101 35797947         
 159559 150616      147.5912   414                    157.6077 35814935         
 159623 150672      154.6741   411                    157.6052 35834598         
 159722 150767      153.2018   484                    157.6050 35851542         
 159823 150863      152.1481   467                    157.6049 35870376         
Elapsed time = 22986.28 sec. (33063072.27 ticks, tree = 6074.10 MB, solutions = 0)
Nodefile size = 4026.26 MB (2873.51 MB after compression)
 159930 150965      156.3939   616                    157.6044 35889699         
 160009 151044      148.8850   471                    157.6044 35902869         
 160089 151114      153.3159   637                    157.6037 35924884         
 160147 151172      148.0173   504                    157.6037 35940610         
 160232 151253      147.8929   460                    157.6034 35961212         
 160335 151348      156.5076   592                    157.6031 35980820         
 160385 151398      153.1798   603                    157.6031 35993565         
 160458 151471      146.0892   545                    157.6031 36010649         
 160509 151515      154.1445   470                    157.6028 36031099         
 160596 151602      148.0323   438                    157.6028 36046753         
Elapsed time = 23094.87 sec. (33216956.77 ticks, tree = 6104.00 MB, solutions = 0)
Nodefile size = 4056.30 MB (2894.92 MB after compression)
 160683 151685      150.4247   483                    157.6028 36066416         
 160780 151778      149.4602   459                    157.6023 36084620         
 160861 151855      151.9107   474                    157.6021 36104382         
 160952 151940      147.7050   378                    157.6020 36124090         
 161030 152004      153.4949   536                    157.6016 36143231         
 161110 152081      153.2347   453                    157.6013 36160141         
 161236 152203      153.4417   398                    157.6002 36177409         
 161326 152286      156.0266   480                    157.5997 36196521         
 161418 152378      147.2592   326                    157.5997 36210546         
 161502 152458      153.5877   541                    157.5978 36225259         
Elapsed time = 23204.96 sec. (33371686.02 ticks, tree = 6138.68 MB, solutions = 0)
Nodefile size = 4091.22 MB (2919.81 MB after compression)
 161594 152550      145.0642   390                    157.5978 36241979         
 161692 152640      151.9815   530                    157.5973 36262661         
 161784 152728      152.9519   511                    157.5965 36284480         
 161835 152776      149.9219   493                    157.5965 36303619         
 161929 152867      147.6922   350                    157.5964 36324267         
 162022 152953      153.4557   443                    157.5963 36345841         
 162101 153031      142.0381   412                    157.5963 36365421         
 162138 153054      152.7967   509                    157.5949 36388722         
 162208 153120      150.9202   435                    157.5945 36406283         
 162326 153233      153.9438   533                    157.5943 36423581         
Elapsed time = 23315.85 sec. (33528276.17 ticks, tree = 6170.04 MB, solutions = 0)
Nodefile size = 4122.27 MB (2941.88 MB after compression)
 162387 153290      154.8614   490                    157.5942 36439964         
 162471 153374      147.1772   526                    157.5942 36455075         
 162540 153435      147.8218   363                    157.5931 36475518         
 162647 153538      145.8817   357                    157.5927 36494445         
 162735 153622      147.9966   484                    157.5925 36511719         
 162824 153707      149.6099   538                    157.5921 36528297         
 162897 153776      155.7340   471                    157.5917 36549449         
 162966 153837      148.4994   355                    157.5908 36567600         
 163055 153922      148.3562   555                    157.5903 36584418         
 163118 153981      150.2248   461                    157.5902 36600543         
Elapsed time = 23424.27 sec. (33681514.62 ticks, tree = 6200.33 MB, solutions = 0)
Nodefile size = 4153.30 MB (2963.99 MB after compression)
 163197 154053      151.2112   544                    157.5892 36621387         
 163238 154094      150.0963   467                    157.5892 36640041         
 163360 154208      152.8421   460                    157.5881 36658177         
 163486 154331      156.2703   415                    157.5880 36677140         
 163585 154427      156.0587   610                    157.5879 36694691         
 163641 154483      150.0006   508                    157.5879 36710664         
 163711 154546      155.0247   475                    157.5875 36735389         
 163784 154614      153.5302   512                    157.5870 36754878         
 163901 154728      155.9060   639                    157.5868 36773648         
 163947 154774      152.2140   553                    157.5868 36785118         
Elapsed time = 23534.11 sec. (33836171.60 ticks, tree = 6232.42 MB, solutions = 0)
Nodefile size = 4185.30 MB (2986.81 MB after compression)
 164043 154866      153.8703   516                    157.5865 36806703         
 164120 154939      150.1070   413                    157.5864 36826806         
 164217 155022      148.9340   415                    157.5854 36847755         
 164332 155133      154.4248   414                    157.5848 36866063         
 164440 155238      156.2853   465                    157.5842 36883544         
 164552 155346      153.5166   525                    157.5840 36903180         
 164631 155421      156.2084   493                    157.5837 36923620         
 164694 155478      153.1734   497                    157.5835 36943757         
 164797 155577      152.9090   424                    157.5835 36962396         
 164898 155674      152.4503   440                    157.5831 36981004         
Elapsed time = 23645.48 sec. (33990025.21 ticks, tree = 6268.86 MB, solutions = 0)
Nodefile size = 4221.19 MB (3012.39 MB after compression)
 165003 155775      147.1051   354                    157.5830 37000305         
 165069 155833      152.8252   549                    157.5827 37021465         
 165134 155894      154.4204   544                    157.5826 37037775         
 165214 155974      146.6931   514                    157.5826 37054945         
 165306 156058      151.9336   542                    157.5822 37078674         
 165361 156106      153.8150   477                    157.5814 37100485         
 165455 156196      152.3698   437                    157.5805 37119432         
 165529 156266      156.6191   605                    157.5798 37142113         
 165575 156312      152.8729   515                    157.5798 37157157         
 165682 156419      144.6786   419                    157.5798 37176040         
Elapsed time = 23754.54 sec. (34144024.90 ticks, tree = 6299.03 MB, solutions = 0)
Nodefile size = 4251.26 MB (3033.81 MB after compression)
 165762 156496      152.3878   506                    157.5798 37191530         
 165873 156603      147.9817   381                    157.5798 37211275         
 165968 156686      153.5848   469                    157.5789 37234152         
 166097 156811      156.5747   592                    157.5781 37250613         
 166148 156862      151.8308   539                    157.5781 37265590         
 166240 156950      154.9174   499                    157.5777 37288739         
 166334 157044      142.6109   360                    157.5777 37306106         
 166429 157131      154.2845   484                    157.5774 37322593         
 166512 157210      148.9421   327                    157.5772 37342601         
 166620 157310      154.4067   511                    157.5763 37362413         
Elapsed time = 23866.06 sec. (34300135.51 ticks, tree = 6335.06 MB, solutions = 0)
Nodefile size = 4287.13 MB (3059.32 MB after compression)
 166717 157407      142.7297   432                    157.5763 37381277         
 166797 157483      148.9519   301                    157.5759 37395287         
 166906 157577      152.6969   633                    157.5757 37417645         
 167012 157679      154.8561   545                    157.5755 37438426         
 167081 157748      146.8745   500                    157.5755 37455673         
 167168 157831      149.3272   413                    157.5745 37473961         
 167257 157916      151.0406   482                    157.5744 37493219         
 167343 157998      150.3215   433                    157.5740 37513978         
 167406 158057      154.1800   447                    157.5738 37532904         
 167516 158163      150.1839   390                    157.5724 37552060         
Elapsed time = 23977.90 sec. (34455556.82 ticks, tree = 6369.58 MB, solutions = 0)
Nodefile size = 4322.05 MB (3084.25 MB after compression)
 167650 158287      154.3574   383                    157.5722 37572220         
 167723 158356      145.7424   391                    157.5722 37591989         
 167780 158406      150.2237   524                    157.5719 37610175         
 167852 158474      150.8855   474                    157.5718 37630778         
 167935 158553      148.5333   364                    157.5715 37649248         
 167996 158606      153.6367   491                    157.5698 37671660         
 168101 158711      146.4027   364                    157.5698 37688066         
 168203 158810      153.1347   510                    157.5693 37704646         
 168281 158888      146.6183   410                    157.5693 37720209         
 168367 158969      148.6536   397                    157.5692 37737516         
Elapsed time = 24087.29 sec. (34608988.13 ticks, tree = 6402.21 MB, solutions = 0)
Nodefile size = 4355.04 MB (3107.72 MB after compression)
 168471 159065      152.4570   507                    157.5683 37756411         
 168590 159184      144.6267   330                    157.5683 37774690         
 168637 159221      154.6396   492                    157.5676 37793372         
 168724 159304      151.7546   438                    157.5674 37812381         
 168799 159375      152.8639   464                    157.5673 37829192         
 168893 159469      145.0030   404                    157.5673 37847596         
 168958 159530      149.7179   505                    157.5668 37863654         
 169039 159607      150.0252   445                    157.5668 37884096         
 169133 159691      155.7028   559                    157.5667 37906053         
 169186 159744      150.7056   548                    157.5667 37920479         
Elapsed time = 24197.36 sec. (34764609.26 ticks, tree = 6433.59 MB, solutions = 0)
Nodefile size = 4386.08 MB (3129.81 MB after compression)
 169274 159827      153.2450   403                    157.5666 37942463         
 169355 159902      152.2700   433                    157.5662 37959430         
 169434 159977      149.1020   401                    157.5661 37979140         
 169488 160025      149.4890   526                    157.5660 37996763         
 169577 160110      150.1193   373                    157.5646 38017391         
 169660 160189      145.8061   492                    157.5645 38036833         
 169759 160285      145.5167   383                    157.5643 38053956         
 169814 160331      155.7379   599                    157.5638 38077759         
 169852 160369      152.5703   488                    157.5638 38091713         
 169924 160441      144.6788   493                    157.5638 38110824         
Elapsed time = 24306.17 sec. (34919851.04 ticks, tree = 6461.81 MB, solutions = 0)
Nodefile size = 4414.21 MB (3149.85 MB after compression)
 169977 160490      151.1519   584                    157.5634 38128363         
 170060 160568      153.8086   451                    157.5631 38146909         
 170140 160645      149.2285   450                    157.5630 38165127         
 170217 160718      146.2530   328                    157.5629 38186097         
 170265 160762      147.8256   472                    157.5625 38203860         
 170332 160825      149.2018   371                    157.5625 38223907         
 170420 160909      151.0327   571                    157.5618 38241839         
 170517 161002      149.0690   407                    157.5616 38261074         
 170588 161069      145.6430   408                    157.5614 38283692         
 170628 161102      152.1985   510                    157.5614 38300388         
Elapsed time = 24414.70 sec. (35075344.77 ticks, tree = 6488.59 MB, solutions = 0)
Nodefile size = 4441.40 MB (3169.20 MB after compression)
 170716 161186      152.1634   488                    157.5613 38321809         
 170795 161261      155.3667   511                    157.5605 38338802         
 170891 161353      155.0114   488                    157.5599 38357103         
 171003 161465      143.6344   315                    157.5599 38374156         
 171077 161531      147.2189   343                    157.5589 38393146         
 171141 161589      154.5186   636                    157.5584 38408586         
 171216 161664      147.8625   491                    157.5584 38424666         
 171296 161740      148.4370   575                    157.5582 38443529         
 171396 161836      148.7950   287                    157.5581 38464582         
 171472 161900      152.0930   445                    157.5575 38483659         
Elapsed time = 24525.02 sec. (35229654.67 ticks, tree = 6520.94 MB, solutions = 0)
Nodefile size = 4473.44 MB (3192.02 MB after compression)
 171567 161991      149.1512   514                    157.5574 38501334         
 171644 162064      151.3553   414                    157.5574 38519957         
 171760 162176      152.4478   491                    157.5568 38539845         
 171846 162258      152.0861   337                    157.5565 38558690         
 171902 162307      150.3032   536                    157.5562 38577111         
 171992 162393      150.8387   404                    157.5559 38599434         
 172058 162455      153.1029   492                    157.5549 38615410         
 172133 162530      145.3357   536                    157.5549 38634768         
 172232 162621      156.8050   570                    157.5544 38657606         
 172252 162641      154.8274   449                    157.5544 38674301         
Elapsed time = 24633.87 sec. (35384886.04 ticks, tree = 6550.92 MB, solutions = 0)
Nodefile size = 4503.52 MB (3213.40 MB after compression)
 172299 162683      151.9373   571                    157.5543 38694999         
 172382 162762      152.9549   576                    157.5540 38715220         
 172461 162841      145.3261   503                    157.5540 38734345         
 172560 162936      148.8875   418                    157.5540 38750611         
 172665 163026      147.8043   429                    157.5536 38769865         
 172744 163101      147.7234   443                    157.5535 38789763         
 172833 163186      150.9239   415                    157.5534 38809514         
 172919 163266      153.6870   497                    157.5532 38831600         
 172957 163298      153.7804   568                    157.5532 38852192         
 173036 163377      147.6995   378                    157.5532 38867723         
Elapsed time = 24743.07 sec. (35539715.28 ticks, tree = 6580.79 MB, solutions = 0)
Nodefile size = 4533.61 MB (3234.84 MB after compression)
 173147 163479      142.5223   410                    157.5524 38894872         
 173255 163579      153.8236   510                    157.5519 38914709         
 173308 163625      154.6586   470                    157.5518 38933168         
 173437 163751      154.2779   513                    157.5516 38951841         
 173523 163833      148.8888   461                    157.5516 38971092         
 173615 163922      149.0743   400                    157.5512 38989536         
 173689 163992      151.2987   452                    157.5508 39010530         
 173795 164089      153.2652   482                    157.5488 39031739         
 173886 164176      153.7206   507                    157.5485 39049252         
 174001 164287      152.9882   567                    157.5484 39068721         
Elapsed time = 24857.62 sec. (35700176.65 ticks, tree = 6617.68 MB, solutions = 0)
Nodefile size = 4570.52 MB (3261.11 MB after compression)
 174096 164379      152.8057   542                    157.5483 39088095         
 174132 164410      151.7312   591                    157.5474 39105824         
 174199 164473      154.1930   602                    157.5473 39128531         
 174277 164547      151.0096   542                    157.5473 39148570         
 174366 164632      151.1192   388                    157.5472 39164675         
 174455 164717      154.2675   565                    157.5471 39184625         
 174487 164749      145.5930   398                    157.5471 39205380         
 174533 164789      149.9012   551                    157.5468 39223948         
 174632 164884      155.4658   487                    157.5467 39246674         
 174714 164962      152.8624   630                    157.5465 39269529         
Elapsed time = 24968.77 sec. (35858286.14 ticks, tree = 6645.04 MB, solutions = 0)
Nodefile size = 4597.69 MB (3280.50 MB after compression)
 174785 165029      157.0130   516                    157.5461 39284494         
 174873 165117      149.1078   405                    157.5461 39298233         
 174938 165176        cutoff                          157.5455 39320941         
 175026 165262      145.5934   435                    157.5450 39340556         
 175154 165383      157.1622   560                    157.5440 39361188         
 175197 165426      152.3529   517                    157.5440 39376692         
 175287 165516      143.3817   477                    157.5440 39399113         
 175381 165606      144.3410   446                    157.5439 39418419         
 175461 165680      145.7771   448                    157.5437 39438598         
 175527 165742      150.1735   506                    157.5437 39456674         
Elapsed time = 25080.67 sec. (36015303.62 ticks, tree = 6676.61 MB, solutions = 0)
Nodefile size = 4628.73 MB (3302.52 MB after compression)
 175613 165824      152.3804   560                    157.5431 39479661         
 175677 165884      153.3421   435                    157.5429 39497932         
 175749 165952      148.3252   421                    157.5429 39516840         
 175823 166021      150.4983   433                    157.5427 39536864         
 175927 166122      149.2335   318                    157.5426 39555495         
 176012 166203      149.6001   443                    157.5425 39575323         
 176104 166291      154.9765   510                    157.5423 39597009         
 176164 166351      147.8484   458                    157.5423 39612550         
 176245 166422      155.1785   453                    157.5409 39635180         
 176321 166492      151.1049   562                    157.5404 39651804         
Elapsed time = 25191.01 sec. (36170880.08 ticks, tree = 6707.00 MB, solutions = 0)
Nodefile size = 4659.78 MB (3324.59 MB after compression)
 176370 166537      152.8759   526                    157.5403 39669437         
 176500 166663      142.6666   442                    157.5403 39689422         
 176544 166698      141.8515   316                    157.5397 39708138         
 176641 166783      152.8558   468                    157.5392 39724853         
 176753 166891      154.8804   402                    157.5389 39742189         
 176865 166997      151.1517   522                    157.5380 39758668         
 176959 167087      151.1882   495                    157.5376 39781642         
 177033 167147      153.1255   412                    157.5374 39799754         
 177146 167256      153.7961   489                    157.5371 39819206         
 177230 167336      153.2737   554                    157.5366 39838984         
Elapsed time = 25302.33 sec. (36326485.03 ticks, tree = 6741.23 MB, solutions = 0)
Nodefile size = 4693.79 MB (3348.86 MB after compression)
 177318 167420      154.0914   460                    157.5362 39858023         
 177397 167488      155.2039   473                    157.5359 39877122         
 177535 167622      154.3588   548                    157.5354 39894613         
 177620 167703      152.7509   426                    157.5353 39912264         
 177721 167800      154.1432   507                    157.5353 39930126         
 177817 167896      145.3820   477                    157.5353 39945279         
 177896 167966      152.1733   420                    157.5350 39965593         
 177993 168060      153.4525   602                    157.5349 39983503         
 178068 168135      146.8822   477                    157.5349 39999608         
 178182 168245      146.1990   357                    157.5341 40018522         
Elapsed time = 25412.63 sec. (36480780.87 ticks, tree = 6778.07 MB, solutions = 0)
Nodefile size = 4730.68 MB (3375.03 MB after compression)
 178272 168331      144.3506   375                    157.5339 40038449         
 178316 168365      150.9542   485                    157.5322 40065228         
 178362 168406      142.3367   431                    157.5320 40080483         
 178412 168454      150.4682   531                    157.5320 40094750         
 178495 168533      151.7332   586                    157.5314 40114499         
 178559 168593      151.6624   500                    157.5312 40133626         
 178595 168629      147.3031   404                    157.5312 40153669         
 178708 168735      145.2569   428                    157.5304 40174179         
 178824 168843      149.7082   498                    157.5297 40192640         
 178879 168894      150.5829   567                    157.5291 40207087         
Elapsed time = 25521.87 sec. (36636185.58 ticks, tree = 6804.39 MB, solutions = 0)
Nodefile size = 4756.90 MB (3393.74 MB after compression)
 178976 168987      153.9351   454                    157.5289 40225455         
 179022 169027      153.6988   511                    157.5289 40244362         
 179117 169118      150.7996   487                    157.5288 40261821         
 179223 169220      152.1013   497                    157.5287 40279546         
 179322 169315      155.2646   536                    157.5286 40296480         
 179420 169413      148.1567   475                    157.5286 40310272         
 179508 169497      151.8740   463                    157.5280 40330320         
 179553 169537      152.6685   438                    157.5277 40345189         
 179663 169643      154.4303   433                    157.5274 40364438         
 179766 169742      156.2905   646                    157.5273 40382086         
Elapsed time = 25632.99 sec. (36790445.01 ticks, tree = 6838.78 MB, solutions = 0)
Nodefile size = 4790.90 MB (3418.03 MB after compression)
 179854 169830      145.0639   421                    157.5273 40398384         
 179978 169950      144.4657   312                    157.5271 40417326         
 180044 170008      151.7620   451                    157.5260 40437155         
 180164 170120      152.0192   497                    157.5247 40461265         
 180249 170201      152.9064   455                    157.5246 40481390         
 180320 170268      145.4112   366                    157.5240 40501667         
 180388 170328      152.3816   348                    157.5228 40521416         
 180488 170423      152.3078   448                    157.5228 40540101         
 180580 170511      152.0404   567                    157.5221 40560011         
 180668 170595      150.9413   429                    157.5220 40581455         
Elapsed time = 25744.51 sec. (36945408.59 ticks, tree = 6873.39 MB, solutions = 0)
Nodefile size = 4825.90 MB (3442.95 MB after compression)
 180724 170643      151.7983   584                    157.5208 40597237         
 180820 170739      144.7899   416                    157.5208 40614758         
 180901 170817      148.9487   555                    157.5201 40634260         
 180996 170908      154.8171   529                    157.5198 40656278         
 181124 171036      146.0567   382                    157.5198 40671730         
 181246 171155      146.3709   479                    157.5197 40689250         
 181317 171213      155.6915   549                    157.5195 40713941         
 181387 171283      147.8127   464                    157.5195 40730585         
 181459 171352      150.7916   610                    157.5195 40750107         
 181549 171438      151.6344   485                    157.5193 40770089         
Elapsed time = 25855.85 sec. (37100245.91 ticks, tree = 6907.56 MB, solutions = 0)
Nodefile size = 4859.90 MB (3467.14 MB after compression)
 181637 171522      155.2669   531                    157.5192 40790038         
 181757 171638      153.7987   503                    157.5181 40809365         
 181777 171656      152.9832   533                    157.5181 40829124         
 181795 171670    infeasible                          157.5181 40849992         
 181872 171747      150.8711   465                    157.5175 40863636         
 181986 171857      149.1055   374                    157.5171 40881603         
 182090 171957      146.6515   375                    157.5168 40898927         
 182179 172042      149.0144   511                    157.5165 40915721         
 182254 172109      152.1697   416                    157.5158 40937664         
 182339 172190      152.6779   525                    157.5157 40953088         
Elapsed time = 25966.47 sec. (37256185.56 ticks, tree = 6938.05 MB, solutions = 0)
Nodefile size = 4890.96 MB (3489.30 MB after compression)
 182419 172270      145.3145   499                    157.5157 40973208         
 182487 172334      147.0613   416                    157.5154 40994579         
 182609 172448      153.6852   503                    157.5148 41017569         
 182644 172483      149.7037   391                    157.5148 41036043         
 182697 172533      150.4827   527                    157.5147 41053140         
 182792 172624      152.0680   429                    157.5136 41073465         
 182896 172720      153.2426   485                    157.5127 41096959         
 182975 172795      154.5556   409                    157.5125 41115879         
 183010 172826      151.2553   469                    157.5123 41134336         
 183102 172910      152.7390   545                    157.5110 41151288         
Elapsed time = 26075.88 sec. (37411419.84 ticks, tree = 6967.26 MB, solutions = 0)
Nodefile size = 4920.12 MB (3510.03 MB after compression)
 183209 173013      151.3801   549                    157.5109 41171224         
 183254 173058      142.3246   324                    157.5109 41191612         
 183311 173111      149.7385   478                    157.5108 41206696         
 183387 173182      152.9108   507                    157.5103 41225386         
 183475 173266      154.0088   384                    157.5094 41245253         
 183574 173360      154.1475   458                    157.5092 41264182         
 183682 173468      145.0823   333                    157.5092 41280162         
 183730 173506      151.7245   503                    157.5088 41300079         
 183836 173608      156.2014   502                    157.5086 41320170         
 183910 173678      156.1173   569                    157.5085 41339122         
Elapsed time = 26185.71 sec. (37566033.40 ticks, tree = 6998.43 MB, solutions = 0)
Nodefile size = 4951.22 MB (3532.23 MB after compression)
 183983 173751      147.8656   513                    157.5085 41349865         
 184101 173865      151.6549   611                    157.5078 41367515         
 184216 173976      151.6786   633                    157.5078 41388825         
 184279 174033      152.1184   487                    157.5076 41406725         
 184381 174132      150.6056   545                    157.5075 41423824         
 184490 174237      148.3038   452                    157.5067 41442773         
 184565 174308      154.0665   617                    157.5064 41459933         
 184623 174366      149.2034   622                    157.5064 41475541         
 184700 174439      148.3697   447                    157.5063 41500353         
 184801 174534      147.0117   358                    157.5061 41521799         
Elapsed time = 26298.16 sec. (37722199.57 ticks, tree = 7033.13 MB, solutions = 0)
Nodefile size = 4985.21 MB (3556.37 MB after compression)
 184911 174638      149.3232   395                    157.5056 41538383         
 184998 174721      146.4729   605                    157.5054 41557713         
 185084 174803      151.6369   471                    157.5053 41578565         
 185153 174862      152.1464   470                    157.5033 41600480         
 185256 174961      149.4091   476                    157.5031 41616793         
 185340 175036      153.9773   334                    157.5030 41635363         
 185429 175121      147.1491   401                    157.5026 41654770         
 185480 175167      149.9774   491                    157.5025 41672107         
 185575 175258      154.8156   323                    157.5023 41691465         
 185689 175368      154.3217   509                    157.5019 41707559         
Elapsed time = 26408.97 sec. (37878098.00 ticks, tree = 7066.97 MB, solutions = 0)
Nodefile size = 5019.21 MB (3580.54 MB after compression)
 185765 175444      144.5752   461                    157.5019 41726978         
 185872 175547      145.0293   418                    157.5019 41745611         
 185926 175591      153.9482   563                    157.5016 41765976         
 185992 175653      154.9242   552                    157.5016 41785342         
 186062 175719      154.9312   399                    157.5011 41805327         
 186185 175838      154.7640   517                    157.5010 41825265         
 186261 175914      146.5964   472                    157.5010 41840754         
 186327 175973      143.9854   268                    157.5009 41862256         
 186382 176026      148.5383   556                    157.5008 41878754         
 186455 176095      151.9355   488                    157.5005 41898163         
Elapsed time = 26518.96 sec. (38034453.11 ticks, tree = 7096.47 MB, solutions = 0)
Nodefile size = 5049.34 MB (3601.95 MB after compression)
 186531 176167      153.5421   478                    157.5002 41918736         
 186649 176281      151.9876   460                    157.5000 41935658         
 186743 176371      154.1834   594                    157.4995 41955067         
 186789 176409      155.3200   521                    157.4995 41974515         
 186879 176495      148.2172   469                    157.4993 41992281         
 186991 176599      153.7837   588                    157.4978 42016788         
 187054 176662      145.3108   495                    157.4978 42033856         
 187086 176688      148.1390   450                    157.4978 42055157         
 187109 176711      148.3224   445                    157.4978 42075791         
 187170 176764      151.9277   545                    157.4973 42093020         
Elapsed time = 26629.43 sec. (38192184.90 ticks, tree = 7123.62 MB, solutions = 0)
Nodefile size = 5076.57 MB (3621.34 MB after compression)
 187273 176863      151.7652   421                    157.4970 42110879         
 187401 176987      151.8688   512                    157.4969 42127800         
 187509 177091      151.8559   476                    157.4968 42145592         
 187528 177107      149.1235   438                    157.4965 42162626         
 187596 177169      154.4144   625                    157.4963 42179201         
 187675 177248      146.3008   431                    157.4963 42193728         
 187756 177325      151.7356   431                    157.4957 42209930         
 187868 177433      151.4391   449                    157.4955 42227717         
 187978 177539      151.7629   508                    157.4942 42244950         
 188051 177608      151.9264   392                    157.4941 42264776         
Elapsed time = 26739.17 sec. (38346062.21 ticks, tree = 7157.88 MB, solutions = 0)
Nodefile size = 5110.58 MB (3645.47 MB after compression)
 188125 177677      151.3944   499                    157.4934 42283228         
 188216 177764      152.5710   552                    157.4931 42303385         
 188281 177822      155.1802   563                    157.4925 42324647         
 188331 177872      150.1219   546                    157.4925 42341605         
 188433 177971      153.9208   483                    157.4920 42357408         
 188524 178057      149.9124   388                    157.4919 42377634         
 188600 178128      153.6538   509                    157.4919 42394039         
 188714 178237      152.7555   533                    157.4914 42412627         
 188797 178316      150.5221   460                    157.4913 42431411         
 188890 178405      150.9116   450                    157.4907 42451022         
Elapsed time = 26849.44 sec. (38500866.79 ticks, tree = 7190.23 MB, solutions = 0)
Nodefile size = 5142.64 MB (3668.28 MB after compression)
 188952 178463      147.7951   363                    157.4904 42473056         
 188995 178501      150.2351   581                    157.4901 42490597         
 189075 178577      153.4375   558                    157.4901 42510614         
 189127 178629      147.8873   521                    157.4901 42527776         
 189252 178750      141.9503   265                    157.4893 42551206         
 189315 178809      148.1589   485                    157.4893 42567680         
 189399 178889      151.8016   444                    157.4890 42588697         
 189480 178960      155.7484   443                    157.4877 42608655         
 189573 179049      145.0917   355                    157.4877 42626099         
 189639 179111      150.1764   546                    157.4869 42643663         
Elapsed time = 26958.24 sec. (38655109.62 ticks, tree = 7218.90 MB, solutions = 0)
Nodefile size = 5171.80 MB (3689.05 MB after compression)
 189722 179190      144.9558   381                    157.4866 42666675         
 189816 179276      144.8652   403                    157.4864 42685468         
 189877 179333      145.6777   515                    157.4859 42705819         
 189979 179431      145.6584   360                    157.4859 42725644         
 190082 179528      151.5422   492                    157.4854 42744770         
 190145 179583      146.3397   369                    157.4853 42769944         
 190211 179645      151.3828   416                    157.4853 42786635         
 190303 179733      154.0106   544                    157.4849 42804657         
 190391 179817      152.0766   578                    157.4845 42823988         
 190478 179900      150.8830   482                    157.4841 42843995         
Elapsed time = 27069.02 sec. (38809138.76 ticks, tree = 7250.92 MB, solutions = 0)
Nodefile size = 5203.89 MB (3711.97 MB after compression)
 190559 179977      146.8360   268                    157.4830 42862956         
 190632 180046      151.5119   510                    157.4829 42881790         
 190727 180135      152.7473   533                    157.4825 42901382         
 190804 180212      143.3592   472                    157.4825 42922892         
 190903 180307      147.3963   446                    157.4817 42938123         
 190961 180357      152.0005   438                    157.4812 42959397         
 191043 180433      154.4401   648                    157.4811 42979004         
 191103 180493      149.1537   536                    157.4811 42994959         
 191188 180574      152.7314   517                    157.4810 43014569         
 191313 180693      154.2175   573                    157.4799 43035004         
Elapsed time = 27179.50 sec. (38964443.10 ticks, tree = 7283.13 MB, solutions = 0)
Nodefile size = 5235.99 MB (3734.80 MB after compression)
 191388 180768      146.6844   539                    157.4799 43053830         
 191451 180821      154.6744   566                    157.4788 43076340         
 191543 180913      146.2078   432                    157.4788 43093903         
 191652 181014      154.9066   466                    157.4786 43115353         
 191747 181105      151.5891   491                    157.4782 43134812         
 191833 181185      153.1773   493                    157.4780 43155746         
 191875 181221      151.6129   439                    157.4777 43174924         
 191985 181327      147.8818   375                    157.4770 43193766         
 192076 181414      153.3813   494                    157.4767 43209236         
 192188 181520      154.5146   517                    157.4764 43229311         
Elapsed time = 27290.55 sec. (39119569.54 ticks, tree = 7316.72 MB, solutions = 0)
Nodefile size = 5269.07 MB (3758.33 MB after compression)
 192287 181608      155.5354   464                    157.4757 43249573         
 192367 181688      147.9408   497                    157.4757 43264861         
 192440 181757      148.6669   440                    157.4754 43284596         
 192510 181823      148.7130   479                    157.4753 43302268         
 192577 181886      148.7561   571                    157.4749 43320866         
 192639 181940      150.4783   569                    157.4747 43340018         
 192725 182022      150.5762   518                    157.4747 43359288         
 192808 182101      156.6034   654                    157.4744 43378542         
 192878 182171      149.8779   529                    157.4744 43393292         
 192967 182256      152.1865   527                    157.4736 43412165         
Elapsed time = 27400.25 sec. (39273728.92 ticks, tree = 7346.62 MB, solutions = 0)
Nodefile size = 5299.22 MB (3779.86 MB after compression)
 193045 182328      142.8744   181                    157.4718 43432997         
 193109 182386      150.4726   570                    157.4715 43447999         
 193188 182461      149.5579   377                    157.4712 43467571         
 193293 182558      155.3353   561                    157.4705 43489328         
 193360 182625      149.9628   504                    157.4705 43504055         
 193444 182705      143.9237   436                    157.4699 43526892         
 193539 182788      152.3037   423                    157.4696 43552260         
 193643 182888      152.2293   553                    157.4695 43571745         
 193710 182955      146.1939   525                    157.4695 43590923         
 193796 183037      151.1822   428                    157.4695 43606372         
Elapsed time = 27510.44 sec. (39428013.70 ticks, tree = 7378.36 MB, solutions = 0)
Nodefile size = 5330.37 MB (3802.05 MB after compression)
 193960 183197      155.0721   403                    157.4690 43622433         
 194014 183247      153.3043   546                    157.4687 43640907         
 194101 183330      153.0582   464                    157.4680 43659901         
 194199 183424      151.3476   469                    157.4677 43678556         
 194278 183499      150.0436   396                    157.4675 43696129         
 194369 183580      155.2127   551                    157.4673 43716623         
 194420 183631      150.2211   495                    157.4673 43732339         
 194516 183720      151.9545   584                    157.4666 43750082         
 194625 183826      156.3666   675                    157.4666 43769062         
 194687 183888      152.5001   629                    157.4666 43780686         
Elapsed time = 27621.02 sec. (39583212.41 ticks, tree = 7412.92 MB, solutions = 0)
Nodefile size = 5365.42 MB (3827.05 MB after compression)
 194778 183979      146.3844   541                    157.4666 43794704         
 194856 184053      151.9042   473                    157.4660 43813877         
 194908 184099      151.2595   462                    157.4656 43831394         
 194993 184180      153.2573   584                    157.4655 43846806         
 195097 184280      154.4620   547                    157.4654 43863301         
 195195 184378      146.1931   378                    157.4654 43877630         
 195294 184470      149.3636   501                    157.4643 43899641         
 195352 184524      148.7236   475                    157.4642 43916409         
 195447 184613      148.3460   414                    157.4633 43934541         
 195531 184687        cutoff                          157.4630 43955780         
Elapsed time = 27730.33 sec. (39736850.74 ticks, tree = 7445.39 MB, solutions = 0)
Nodefile size = 5397.53 MB (3849.89 MB after compression)
 195588 184740      148.0706   583                    157.4621 43971538         
 195685 184833      146.3214   449                    157.4620 43992742         
 195742 184886      149.1126   428                    157.4619 44009176         
 195818 184958      151.9962   485                    157.4612 44027276         
 195874 185010      147.1681   422                    157.4609 44047040         
 195928 185060      148.8529   450                    157.4602 44062503         
 195981 185108      152.3578   593                    157.4601 44080340         
 196072 185195      155.4183   487                    157.4601 44100451         
 196181 185300      155.4441   517                    157.4600 44118614         
 196254 185373      144.4849   449                    157.4600 44135113         
Elapsed time = 27840.47 sec. (39893756.29 ticks, tree = 7473.27 MB, solutions = 0)
Nodefile size = 5425.74 MB (3869.98 MB after compression)
 196296 185408      153.4807   619                    157.4599 44154686         
 196377 185489      146.1381   456                    157.4599 44168810         
 196431 185539      149.9396   514                    157.4598 44185418         
 196506 185610      148.6715   497                    157.4590 44203030         
 196622 185717      152.9205   507                    157.4584 44224454         
 196673 185760      155.9655   603                    157.4583 44242922         
 196730 185817      150.7965   543                    157.4583 44256112         
 196838 185921      151.2785   417                    157.4581 44273667         
 196929 186008      152.3868   475                    157.4578 44290397         
 197010 186085      149.1823   610                    157.4575 44310228         
Elapsed time = 27949.26 sec. (40048077.56 ticks, tree = 7502.23 MB, solutions = 0)
Nodefile size = 5454.96 MB (3890.82 MB after compression)
 197048 186118      146.0478   459                    157.4572 44327321         
 197148 186207      145.3089   404                    157.4568 44345229         
 197240 186295      146.5910   454                    157.4567 44362760         
 197302 186353      151.0498   544                    157.4563 44380346         
 197404 186455      143.9722   494                    157.4563 44402067         
 197511 186555      152.1639   507                    157.4560 44423558         
 197549 186589      155.0839   532                    157.4556 44441429         
 197620 186660      145.6643   479                    157.4556 44458809         
 197725 186761      142.4466   255                    157.4556 44480580         
 197832 186860      147.2256   306                    157.4550 44500161         
Elapsed time = 28058.23 sec. (40201601.73 ticks, tree = 7533.74 MB, solutions = 0)
Nodefile size = 5486.13 MB (3912.94 MB after compression)
 197895 186916      149.8144   499                    157.4549 44520946         
 197943 186960      154.2207   592                    157.4544 44535231         
 198023 187040      146.6321   398                    157.4544 44551351         
 198112 187124      150.1545   378                    157.4540 44569411         
 198201 187209      146.1078   471                    157.4540 44587149         
 198264 187264      153.4515   536                    157.4536 44608740         
 198361 187356      155.7498   496                    157.4530 44626517         
 198432 187423      149.3409   395                    157.4518 44643345         
 198545 187530      149.9173   478                    157.4516 44661857         
 198609 187587      157.2522   560                    157.4505 44682149         
Elapsed time = 28168.06 sec. (40356024.67 ticks, tree = 7563.30 MB, solutions = 0)
Nodefile size = 5515.33 MB (3933.76 MB after compression)
 198652 187630      153.0755   578                    157.4505 44696779         
 198747 187725      145.9570   503                    157.4505 44713471         
 198837 187811      147.0762   429                    157.4504 44733311         
 198934 187900      155.4545   441                    157.4498 44755037         
 199027 187993      147.9038   300                    157.4498 44770752         
 199123 188078      152.6924   343                    157.4496 44792921         
 199213 188164      149.7978   442                    157.4496 44811188         
 199305 188250      151.8178   458                    157.4496 44828983         
 199389 188330      153.3032   487                    157.4494 44851269         
 199456 188397      145.9341   432                    157.4494 44871526         
Elapsed time = 28278.06 sec. (40510460.33 ticks, tree = 7596.23 MB, solutions = 0)
Nodefile size = 5548.43 MB (3957.34 MB after compression)
 199526 188459      154.0026   392                    157.4488 44895091         
 199621 188550      148.8694   424                    157.4486 44913781         
 199768 188693      149.0490   361                    157.4483 44932103         
 199893 188814      149.7833   473                    157.4483 44950779         
 199975 188879      153.0535   524                    157.4473 44976218         
 200071 188971      154.9174   372                    157.4466 44998096         
 200166 189062      153.9842   495                    157.4464 45014790         
 200241 189133      155.9118   537                    157.4462 45034739         
 200330 189222      147.1540   472                    157.4462 45048524         
 200371 189259      150.6041   519                    157.4460 45067427         
Elapsed time = 28388.66 sec. (40665560.88 ticks, tree = 7631.28 MB, solutions = 0)
Nodefile size = 5583.49 MB (3982.24 MB after compression)
 200406 189289      151.3568   367                    157.4443 45086894         
 200506 189383      150.4871   514                    157.4442 45106770         
 200602 189470      156.8997   540                    157.4436 45125137         
 200668 189536      151.3219   423                    157.4436 45138991         
 200739 189603      145.7246   302                    157.4436 45159568         
 200787 189647      154.1685   667                    157.4434 45175830         
 200847 189707      149.4406   609                    157.4434 45190473         
 200957 189813      154.1705   487                    157.4429 45211537         
 201033 189885      153.3877   487                    157.4424 45227239         
 201133 189981      153.6627   494                    157.4418 45246532         
Elapsed time = 28497.54 sec. (40819829.27 ticks, tree = 7660.59 MB, solutions = 0)
Nodefile size = 5612.66 MB (4002.98 MB after compression)
 201217 190055        cutoff                          157.4411 45270748         
 201311 190145      148.0723   437                    157.4403 45285758         
 201406 190232      152.7406   408                    157.4401 45307212         
 201512 190333      149.4092   511                    157.4382 45325559         
 201604 190419      146.9855   389                    157.4378 45350726         
 201665 190473      152.7276   471                    157.4375 45372231         
 201751 190555      153.7732   480                    157.4373 45392940         
 201847 190647      154.5968   550                    157.4372 45413682         
 201918 190718      145.6013   450                    157.4372 45430301         
 202003 190793      155.0683   622                    157.4345 45449431         
Elapsed time = 28608.54 sec. (40973342.76 ticks, tree = 7693.61 MB, solutions = 0)
Nodefile size = 5645.77 MB (4026.54 MB after compression)
 202071 190857      150.4585   559                    157.4344 45466541         
 202183 190965      151.8563   540                    157.4332 45486528         
 202265 191043      147.3357   415                    157.4330 45507618         
 202327 191101      151.9911   480                    157.4330 45523396         
 202425 191194      156.1397   604                    157.4322 45543218         
 202484 191253      150.5368   473                    157.4322 45558502         
 202602 191367      150.7727   356                    157.4321 45578595         
 202753 191511      152.6313   416                    157.4312 45595925         
 202818 191570      149.9137   448                    157.4309 45614214         
 202905 191653      153.5305   479                    157.4309 45635850         
Elapsed time = 28719.42 sec. (41127324.25 ticks, tree = 7728.58 MB, solutions = 0)
Nodefile size = 5680.84 MB (4051.57 MB after compression)
 203023 191767      155.7808   538                    157.4295 45653860         
 203063 191807      151.1853   523                    157.4295 45669157         
 203163 191899      152.9803   621                    157.4291 45686970         
 203270 192006      146.7472   387                    157.4291 45702380         
 203328 192060      150.2804   429                    157.4289 45721731         
 203402 192124      156.1186   500                    157.4263 45743325         
 203485 192203      155.9284   520                    157.4260 45759365         
 203596 192314      144.4176   320                    157.4260 45775327         
 203684 192398      148.3421   331                    157.4254 45790166         
 203763 192473      149.8215   392                    157.4254 45809101         
Elapsed time = 28828.99 sec. (41281819.36 ticks, tree = 7761.93 MB, solutions = 0)
Nodefile size = 5713.94 MB (4075.16 MB after compression)
 203838 192544      150.7340   516                    157.4249 45826136         
 203927 192629      152.8569   536                    157.4249 45841894         
 204004 192706      144.5272   574                    157.4249 45859803         
 204092 192790      144.2009   511                    157.4240 45880332         
 204177 192869        cutoff                          157.4234 45900815         
 204215 192902      154.8076   521                    157.4224 45919103         
 204337 193020      155.4190   586                    157.4220 45937506         
 204393 193076      150.1075   542                    157.4220 45952240         
 204471 193150      153.4626   632                    157.4217 45969672         
 204535 193214      147.0817   509                    157.4217 45986048         
Elapsed time = 28939.83 sec. (41438888.06 ticks, tree = 7792.05 MB, solutions = 0)
Nodefile size = 5744.13 MB (4096.65 MB after compression)
 204649 193320      154.2567   293                    157.4210 46008239         
 204696 193361      151.3089   483                    157.4207 46027689         
 204792 193453      155.7249   540                    157.4206 46050289         
 204841 193502      149.9319   435                    157.4206 46065668         
 204946 193603      151.9654   278                    157.4205 46084222         
 205044 193697      152.6057   429                    157.4194 46099763         
 205123 193772      147.2905   471                    157.4194 46119250         
 205194 193836      151.4346   529                    157.4183 46139692         
 205294 193932      149.5219   262                    157.4176 46156982         
 205371 194005      150.9038   549                    157.4173 46172155         
Elapsed time = 29049.22 sec. (41592967.10 ticks, tree = 7824.21 MB, solutions = 0)
Nodefile size = 5776.24 MB (4119.46 MB after compression)
 205438 194064      151.4079   506                    157.4172 46192113         
 205522 194140      148.4939   462                    157.4170 46208466         
 205621 194231      153.9259   561                    157.4163 46226347         
 205683 194293      147.9450   569                    157.4163 46243316         
 205767 194373      155.3801   616                    157.4163 46263732         
 205830 194436      149.2855   545                    157.4163 46278246         
 205906 194508      151.1659   518                    157.4158 46297511         
 205944 194542      150.3730   493                    157.4155 46316416         
 206027 194621      149.8451   419                    157.4155 46335890         
 206135 194723      153.5451   560                    157.4148 46353307         
Elapsed time = 29159.07 sec. (41747842.05 ticks, tree = 7853.41 MB, solutions = 0)
Nodefile size = 5805.46 MB (4140.25 MB after compression)
 206234 194822      143.4485   471                    157.4148 46373161         
 206297 194881      148.7838   443                    157.4144 46388655         
 206359 194939      152.3444   405                    157.4131 46408865         
 206401 194977      151.8250   518                    157.4128 46427119         
 206500 195073      155.8594   610                    157.4116 46446495         
 206574 195147      149.6232   608                    157.4116 46459827         
 206680 195249      153.0639   432                    157.4114 46479036         
 206791 195356      147.4417   363                    157.4113 46498552         
 206871 195430      146.1275   375                    157.4112 46519837         
 206944 195499      151.5461   469                    157.4102 46536177         
Elapsed time = 29269.46 sec. (41902545.87 ticks, tree = 7884.95 MB, solutions = 0)
Nodefile size = 5837.57 MB (4163.00 MB after compression)
 207042 195593      150.8757   544                    157.4099 46555027         
 207100 195647      153.3216   517                    157.4098 46579585         
 207204 195746      156.0488   565                    157.4088 46597369         
 207292 195834      148.5473   464                    157.4088 46610536         
 207378 195912      150.3364   443                    157.4085 46631407         
 207441 195966      154.7629   599                    157.4080 46650223         
 207527 196052      146.6422   492                    157.4080 46665265         
 207648 196169      144.5498   303                    157.4076 46685651         
 207704 196221      151.2494   472                    157.4063 46700782         
 207790 196303      155.5069   475                    157.4057 46723063         
Elapsed time = 29380.13 sec. (42057542.02 ticks, tree = 7917.64 MB, solutions = 0)
Nodefile size = 5869.69 MB (4185.85 MB after compression)
 207888 196401      146.8079   444                    157.4057 46739841         
 207978 196478      153.7544   492                    157.4044 46760385         
 208076 196570      153.7463   506                    157.4041 46780871         
 208164 196654      152.0503   454                    157.4040 46799157         
 208246 196732      147.8397   485                    157.4039 46821559         
 208307 196790      150.9565   374                    157.4037 46841174         
 208421 196900      151.7698   370                    157.4032 46858617         
 208533 197008      154.8458   619                    157.4032 46875519         
 208596 197071      149.8614   527                    157.4032 46890379         
 208694 197165      150.9515   532                    157.4019 46910947         
Elapsed time = 29491.34 sec. (42212822.51 ticks, tree = 7952.71 MB, solutions = 0)
Nodefile size = 5904.75 MB (4210.76 MB after compression)
 208788 197253      148.7400   369                    157.4018 46930426         
 208887 197344      145.4074   513                    157.4010 46949548         
 208984 197437      148.3862   455                    157.4004 46968139         
 209108 197553        cutoff                          157.3999 46989834         
 209165 197610      148.3459   517                    157.3997 47002989         
 209226 197667      147.5835   405                    157.3996 47023609         
 209315 197748      152.3786   493                    157.3989 47045737         
 209409 197839      153.8407   617                    157.3975 47064214         
 209477 197907      145.8784   452                    157.3975 47082976         
 209621 198047      147.6924   226                    157.3973 47100535         
Elapsed time = 29602.39 sec. (42367030.85 ticks, tree = 7988.60 MB, solutions = 0)
Nodefile size = 5940.81 MB (4236.46 MB after compression)
 209699 198113      153.4389   503                    157.3971 47120842         
 209783 198192      149.7177   441                    157.3964 47139641         
 209931 198336      147.7716   349                    157.3963 47157132         
 210010 198407      150.7771   530                    157.3953 47181689         
 210057 198447      150.4093   568                    157.3949 47203631         
 210151 198537      150.4122   415                    157.3947 47224941         
 210275 198657      144.8249   496                    157.3937 47245399         
 210344 198722      151.4922   491                    157.3936 47262579         
 210429 198801      149.6642   362                    157.3934 47285684         
 210482 198849      152.3834   537                    157.3920 47304602         
Elapsed time = 29713.77 sec. (42523397.09 ticks, tree = 8021.23 MB, solutions = 0)
Nodefile size = 5973.97 MB (4260.05 MB after compression)
 210573 198936      153.2954   541                    157.3919 47326352         
 210676 199039      144.0869   470                    157.3919 47344864         
 210734 199093      150.5506   544                    157.3912 47360311         
 210823 199178      151.3705   532                    157.3911 47380070         
 210903 199254      146.9397   443                    157.3905 47403764         
 210949 199292      150.2887   471                    157.3897 47425027         
 211051 199390      147.7543   365                    157.3890 47443835         
 211157 199492      149.3740   459                    157.3888 47462732         
 211270 199601      146.0103   271                    157.3877 47482866         
 211333 199649      153.3765   532                    157.3873 47502442         
Elapsed time = 29824.93 sec. (42678048.58 ticks, tree = 8053.77 MB, solutions = 0)
Nodefile size = 6006.11 MB (4282.92 MB after compression)
 211436 199748      155.8104   502                    157.3873 47523485         
 211519 199827      155.9782   527                    157.3873 47541375         
 211570 199878      147.9524   444                    157.3873 47559021         
 211655 199948      153.6768   478                    157.3866 47581951         
 211756 200045      152.0050   469                    157.3864 47600123         
 211839 200124      154.5310   421                    157.3861 47619674         
 211927 200208      154.7246   564                    157.3861 47635683         
 211982 200263      148.7936   415                    157.3861 47653061         
 212071 200346      144.7617   319                    157.3846 47676575         
 212131 200396      152.0913   478                    157.3844 47695817         
Elapsed time = 29935.06 sec. (42832607.06 ticks, tree = 8084.16 MB, solutions = 0)
Nodefile size = 6036.29 MB (4304.39 MB after compression)
 212238 200499      148.6579   482                    157.3843 47714535         
 212322 200576      155.5558   599                    157.3838 47733309         
 212376 200630      151.4326   523                    157.3838 47747833         
 212470 200724      144.2319   499                    157.3838 47768326         
 212523 200769      153.1923   614                    157.3836 47787967         
 212603 200849      145.7906   402                    157.3836 47807086         
 212677 200919      148.0290   576                    157.3835 47826946         
 212760 200998      151.1817   573                    157.3835 47845831         
 212829 201063      149.6861   469                    157.3832 47868158         
 212891 201121      151.0036   440                    157.3831 47888997         
Elapsed time = 30045.09 sec. (42987536.52 ticks, tree = 8113.65 MB, solutions = 0)
Nodefile size = 6066.50 MB (4325.90 MB after compression)
 212949 201176      149.4337   358                    157.3830 47907968         
 213025 201248      152.5126   533                    157.3827 47924077         
 213122 201341      155.3905   515                    157.3823 47942420         
 213229 201444      152.8810   479                    157.3818 47957869         
 213303 201514      148.7388   197                    157.3814 47978370         
 213437 201632      156.2860   570                    157.3813 47998221         
 213527 201722      150.2544   369                    157.3813 48010394         
 213682 201869      156.4536   642                    157.3810 48031703         
 213741 201928      150.2556   537                    157.3810 48045555         
 213856 202039      151.2748   439                    157.3806 48066090         
Elapsed time = 30156.68 sec. (43143814.29 ticks, tree = 8151.05 MB, solutions = 0)
Nodefile size = 6103.57 MB (4352.27 MB after compression)
 213895 202074      152.8540   666                    157.3805 48084931         
 213986 202161      151.2623   480                    157.3803 48105106         
 214083 202253      149.5472   370                    157.3802 48123627         
 214169 202335      147.1453   493                    157.3801 48142612         
 214232 202385      152.1814   431                    157.3798 48161827         
 214331 202480      149.7821   493                    157.3793 48179022         
 214442 202587      150.7376   342                    157.3790 48194663         
 214569 202706      149.7120   464                    157.3783 48211575         
 214653 202786      155.1663   510                    157.3781 48232240         
 214727 202846      149.1427   466                    157.3780 48251512         
Elapsed time = 30267.35 sec. (43298632.34 ticks, tree = 8183.89 MB, solutions = 0)
Nodefile size = 6136.71 MB (4375.82 MB after compression)
 214810 202922      153.7183   585                    157.3774 48271989         
 214867 202979      148.2324   604                    157.3774 48287177         
 214966 203074      150.6376   466                    157.3773 48307297         
 215033 203134      154.1487   374                    157.3765 48327345         
 215146 203243      155.2605   430                    157.3763 48345205         
 215288 203381      151.7138   467                    157.3758 48360977         
 215357 203446      150.2653   505                    157.3757 48379254         
 215434 203519      147.8189   423                    157.3755 48400743         
 215512 203594      148.8478   443                    157.3754 48421573         
 215602 203680      152.1960   595                    157.3748 48440202         
Elapsed time = 30378.39 sec. (43453656.87 ticks, tree = 8217.83 MB, solutions = 0)
Nodefile size = 6169.87 MB (4399.45 MB after compression)
 215681 203759      143.9119   518                    157.3748 48459132         
 215743 203818      150.3917   464                    157.3748 48474911         
 215818 203889      154.2319   560                    157.3747 48492014         
 215908 203979      147.3155   440                    157.3747 48506055         
 215984 204044      151.0710   499                    157.3743 48526737         
 216069 204125      153.2962   522                    157.3736 48544919         
 216119 204175      148.2151   416                    157.3736 48563330         
 216246 204298      144.6759   341                    157.3732 48584975         
 216310 204358      149.9360   495                    157.3727 48600662         
 216382 204419      155.0360   418                    157.3721 48620752         
Elapsed time = 30487.71 sec. (43607559.42 ticks, tree = 8247.89 MB, solutions = 0)
Nodefile size = 6200.07 MB (4420.91 MB after compression)
 216476 204509      149.1330   507                    157.3721 48638736         
 216556 204583      155.7328   673                    157.3717 48655146         
 216603 204630      150.7517   580                    157.3717 48669942         
 216706 204729      156.5378   622                    157.3714 48690812         
 216747 204770      152.9786   562                    157.3714 48704188         
 216826 204849      146.6881   541                    157.3714 48721843         
 216882 204897      154.8634   566                    157.3711 48744317         
 216972 204987      147.8610   548                    157.3711 48758060         
 217075 205086      153.9513   528                    157.3706 48774970         
 217167 205174      154.3816   628                    157.3703 48792568         
Elapsed time = 30597.97 sec. (43761448.60 ticks, tree = 8278.56 MB, solutions = 0)
Nodefile size = 6231.22 MB (4443.09 MB after compression)
 217234 205241      147.2132   557                    157.3703 48808301         
 217323 205322      155.0107   482                    157.3700 48830562         
 217367 205359      151.8231   560                    157.3696 48848624         
 217448 205436      153.5802   539                    157.3694 48869009         
 217547 205531      148.7436   528                    157.3680 48888311         
 217632 205612      152.5908   503                    157.3679 48906361         
 217734 205709      156.7282   513                    157.3678 48928190         
 217797 205763      152.2832   383                    157.3677 48944009         
 217925 205887      150.6763   455                    157.3674 48961649         
 218051 206009      153.9294   483                    157.3674 48981051         
Elapsed time = 30710.21 sec. (43917052.37 ticks, tree = 8312.53 MB, solutions = 0)
Nodefile size = 6265.31 MB (4467.38 MB after compression)
 218162 206116      149.3173   470                    157.3670 49001436         
 218240 206181      152.9427   468                    157.3663 49023037         
 218327 206264      153.3684   596                    157.3661 49040641         
 218395 206332      144.7172   476                    157.3661 49059864         
 218474 206403      150.9218   561                    157.3659 49079823         
 218547 206463      151.6685   393                    157.3654 49099966         
 218666 206577      151.6283   484                    157.3653 49117696         
 218772 206679      153.4901   521                    157.3648 49133598         
 218876 206777      151.9759   460                    157.3647 49152803         
 218965 206862      149.6315   463                    157.3646 49172647         
Elapsed time = 30824.62 sec. (44076046.44 ticks, tree = 8347.24 MB, solutions = 0)
Nodefile size = 6299.44 MB (4491.69 MB after compression)
 219001 206893      153.3205   564                    157.3643 49195902         
 219082 206970      155.1152   508                    157.3641 49218120         
 219167 207052      155.5888   432                    157.3635 49237146         
 219270 207151      149.9583   503                    157.3633 49255870         
 219344 207217      154.6555   460                    157.3618 49277258         
 219448 207317      152.8621   407                    157.3616 49294921         
 219550 207415      151.8156   347                    157.3612 49310815         
 219668 207530      150.2248   463                    157.3606 49328838         
 219751 207603      152.9580   413                    157.3601 49351665         
 219861 207709      155.3754   499                    157.3599 49369870         
Elapsed time = 30935.59 sec. (44230359.71 ticks, tree = 8381.74 MB, solutions = 0)
Nodefile size = 6334.55 MB (4516.69 MB after compression)
 219888 207728      155.8947   572                    157.3592 49388786         
 219937 207777      150.1069   427                    157.3592 49404657         
 220024 207860      145.7466   400                    157.3588 49428254         
 220119 207949      146.8879   409                    157.3587 49445425         
 220230 208050      155.2585   635                    157.3582 49466068         
 220298 208118      148.5648   555                    157.3582 49482980         
 220462 208274      147.7059   537                    157.3574 49504347         
 220507 208315      151.2630   548                    157.3569 49522446         
 220607 208410      151.1389   419                    157.3567 49541823         
 220703 208502      150.5791   541                    157.3563 49560748         
Elapsed time = 31044.94 sec. (44384529.55 ticks, tree = 8414.03 MB, solutions = 0)
Nodefile size = 6366.77 MB (4539.63 MB after compression)
 220806 208601      153.7855   396                    157.3563 49581469         
 220874 208665      145.8084   349                    157.3563 49602616         
 220987 208770      144.3686   443                    157.3562 49622386         
 221086 208861      156.5906   573                    157.3555 49643194         
 221123 208898      152.4441   578                    157.3555 49659745         
 221194 208969      146.9713   560                    157.3555 49674847         
 221322 209093      141.9948   337                    157.3551 49696772         
 221376 209140      146.5303   489                    157.3545 49714158         
 221435 209195      151.4513   533                    157.3539 49733568         
 221514 209270      152.7953   580                    157.3538 49755261         
Elapsed time = 31154.36 sec. (44538528.64 ticks, tree = 8445.28 MB, solutions = 0)
Nodefile size = 6397.95 MB (4561.80 MB after compression)
 221600 209353      152.8065   429                    157.3534 49778128         
 221664 209405      151.8000   518                    157.3528 49799282         
 221759 209492      156.5174   527                    157.3523 49818935         
 221870 209598      155.7183   457                    157.3519 49837441         
 221948 209672      151.0435   274                    157.3518 49857362         
 222039 209753      146.2502   493                    157.3517 49876980         
 222148 209854      155.1958   580                    157.3507 49899199         
 222204 209906      150.1087   446                    157.3505 49916503         
 222280 209969      154.5106   558                    157.3504 49935924         
 222364 210053      144.2101   479                    157.3504 49956152         
Elapsed time = 31265.35 sec. (44693542.66 ticks, tree = 8477.18 MB, solutions = 0)
Nodefile size = 6430.14 MB (4584.66 MB after compression)
 222438 210123      149.5181   477                    157.3503 49972097         
 222527 210208      153.9401   546                    157.3500 49990531         
 222612 210293      145.7706   515                    157.3500 50009457         
 222727 210400      152.9344   449                    157.3494 50031878         
 222791 210458      149.5935   421                    157.3492 50051802         
 222898 210562      150.6843   451                    157.3491 50069930         
 222981 210641      153.6517   633                    157.3490 50088566         
 223069 210729      147.3927   511                    157.3490 50103046         
 223201 210855      145.7357   331                    157.3489 50121609         
 223269 210917      143.4351   332                    157.3483 50139836         
Elapsed time = 31375.82 sec. (44848391.00 ticks, tree = 8512.31 MB, solutions = 0)
Nodefile size = 6465.25 MB (4609.62 MB after compression)
 223340 210982      147.1011   443                    157.3482 50155536         
 223421 211060      150.1047   523                    157.3482 50174964         
 223515 211150      152.2868   468                    157.3482 50193406         
 223643 211274      154.8487   486                    157.3481 50212662         
 223768 211393      153.5685   515                    157.3478 50231564         
 223794 211419      149.1007   440                    157.3478 50249802         
 223841 211459      150.3461   536                    157.3472 50268227         
 223935 211549      151.8145   480                    157.3467 50289174         
 224017 211626      151.0901   372                    157.3467 50307118         
 224130 211733      153.9985   571                    157.3465 50325807         
Elapsed time = 31485.82 sec. (45003789.74 ticks, tree = 8545.60 MB, solutions = 0)
Nodefile size = 6498.43 MB (4633.20 MB after compression)
 224199 211802      148.4404   461                    157.3465 50341436         
 224297 211896      152.4245   405                    157.3464 50360947         
 224361 211952      148.9421   425                    157.3456 50375143         
 224436 212024      149.0373   473                    157.3452 50391711         
 224545 212129      154.6308   599                    157.3442 50410247         
 224605 212189      146.4764   568                    157.3442 50426557         
 224702 212279      152.1561   454                    157.3440 50447125         
 224742 212315      153.3743   422                    157.3438 50459375         
 224824 212392      154.0792   539                    157.3435 50477211         
 224885 212453      147.9810   509                    157.3435 50492945         
Elapsed time = 31593.95 sec. (45157873.45 ticks, tree = 8574.91 MB, solutions = 0)
Nodefile size = 6527.68 MB (4654.04 MB after compression)
 224978 212542      149.8942   401                    157.3432 50512254         
 225072 212632      154.9112   589                    157.3428 50530275         
 225126 212686      150.0622   547                    157.3428 50544643         
 225234 212789      143.5314   368                    157.3426 50566573         
 225341 212892      143.9672   216                    157.3425 50584161         
 225420 212962      152.8730   543                    157.3424 50599437         
 225503 213040      153.3532   353                    157.3422 50619900         
 225611 213145      147.0617   242                    157.3420 50639036         
 225717 213248      143.3071   465                    157.3417 50656838         
 225789 213316      151.1016   395                    157.3415 50670729         
Elapsed time = 31704.78 sec. (45312177.32 ticks, tree = 8610.01 MB, solutions = 0)
Nodefile size = 6562.75 MB (4678.93 MB after compression)
 225912 213435      151.6112   396                    157.3414 50688903         
 226027 213539      154.3739   503                    157.3410 50709417         
 226079 213585      153.0282   630                    157.3407 50724255         
 226145 213651      146.8388   499                    157.3407 50740801         
 226271 213768      154.9917   647                    157.3403 50765753         
 226330 213827      149.1635   546                    157.3403 50779871         
 226380 213873      155.8099   583                    157.3403 50802049         
 226452 213942      147.4602   320                    157.3399 50820603         
 226546 214033      151.4836   483                    157.3396 50837247         
 226666 214149      150.3037   393                    157.3395 50854618         
Elapsed time = 31815.25 sec. (45467087.20 ticks, tree = 8643.89 MB, solutions = 0)
Nodefile size = 6596.85 MB (4703.09 MB after compression)
 226784 214263      152.3522   535                    157.3395 50871245         
 226864 214339      153.6763   579                    157.3391 50891103         
 226927 214396      148.8796   393                    157.3390 50907991         
 227029 214494      151.8906   465                    157.3384 50926107         
 227173 214634      152.3078   427                    157.3377 50945599         
 227247 214704      152.8610   512                    157.3377 50962775         
 227343 214796      152.0248   477                    157.3374 50983187         
 227462 214907      152.9139   511                    157.3367 51005139         
 227540 214981      152.9739   539                    157.3364 51021976         
 227623 215060      149.6927   353                    157.3358 51040122         
Elapsed time = 31927.46 sec. (45623173.15 ticks, tree = 8680.96 MB, solutions = 0)
Nodefile size = 6633.90 MB (4729.47 MB after compression)
 227754 215181      156.6462   467                    157.3357 51063859         
 227836 215263      150.5496   408                    157.3357 51078587         
 228004 215427      147.5169   316                    157.3357 51097272         
 228116 215531      152.6730   510                    157.3351 51118930         
 228205 215616      151.0644   417                    157.3347 51140847         
 228267 215674      149.0451   588                    157.3341 51161120         
 228336 215739      149.6182   515                    157.3335 51178032         
 228466 215866      144.7495   414                    157.3332 51199850         
 228555 215946      152.7989   455                    157.3325 51220204         
 228644 216023        cutoff                          157.3324 51243174         
Elapsed time = 32040.41 sec. (45779080.17 ticks, tree = 8720.23 MB, solutions = 0)
Nodefile size = 6672.95 MB (4757.22 MB after compression)
 228707 216083      148.0600   458                    157.3319 51259724         
 228799 216171      148.3839   552                    157.3319 51278285         
 228866 216234      150.7302   482                    157.3318 51301451         
 228944 216306      149.0846   442                    157.3318 51318325         
 229036 216394      149.9083   532                    157.3312 51339555         
 229115 216469      150.3482   519                    157.3311 51358350         
 229200 216550      146.3475   426                    157.3310 51377765         
 229273 216607      151.7509   502                    157.3303 51398746         
 229362 216692      150.9706   428                    157.3299 51416793         
 229468 216794      148.8237   454                    157.3299 51436920         
Elapsed time = 32150.51 sec. (45932314.99 ticks, tree = 8751.57 MB, solutions = 0)
Nodefile size = 6704.15 MB (4779.44 MB after compression)
 229550 216872      155.1796   554                    157.3299 51452943         
 229627 216949      147.5370   476                    157.3299 51468686         
 229710 217022      153.0857   523                    157.3291 51490164         
 229782 217090      154.2236   571                    157.3290 51508956         
 229877 217181      154.2854   427                    157.3288 51529804         
 229964 217264      154.1883   638                    157.3285 51548784         
 230060 217360      145.8586   514                    157.3285 51563835         
 230156 217447      145.5797   337                    157.3282 51584891         
 230229 217514      149.4610   553                    157.3280 51599727         
 230327 217607      154.1427   510                    157.3279 51618638         
Elapsed time = 32262.15 sec. (46087468.26 ticks, tree = 8784.65 MB, solutions = 0)
Nodefile size = 6737.27 MB (4802.99 MB after compression)
 230402 217678      147.7088   494                    157.3278 51639080         
 230469 217739      148.8325   590                    157.3272 51656185         
 230539 217804      150.1814   501                    157.3272 51679015         
 230635 217896      150.1746   514                    157.3264 51701173         
 230722 217980      151.5574   570                    157.3263 51724937         
 230796 218050      148.8503   420                    157.3262 51745979         
 230863 218112      149.7239   488                    157.3260 51767296         
 230967 218212      155.2759   503                    157.3259 51789113         
 231057 218298      153.4724   533                    157.3257 51807529         
 231139 218376      154.7944   519                    157.3254 51829738         
Elapsed time = 32373.93 sec. (46243037.78 ticks, tree = 8815.94 MB, solutions = 0)
Nodefile size = 6768.47 MB (4825.23 MB after compression)
 231235 218468      150.9705   479                    157.3251 51848037         
 231282 218512      150.8541   533                    157.3246 51867643         
 231371 218597      151.0242   378                    157.3243 51887590         
 231504 218722      157.3106   652                    157.3241 51909095         
 231546 218764      153.7068   608                    157.3241 51917215         
 231616 218834      146.6172   539                    157.3241 51935038         
 231685 218893      147.7274   488                    157.3235 51955504         
 231770 218975      151.3895   435                    157.3235 51973811         
 231888 219089      146.9711   416                    157.3235 51993842         
 231928 219125      154.2744   635                    157.3232 52008178         
Elapsed time = 32484.26 sec. (46397746.36 ticks, tree = 8846.41 MB, solutions = 0)
Nodefile size = 6798.67 MB (4846.73 MB after compression)
 231979 219176      149.8477   568                    157.3232 52024307         
 232069 219259      152.7010   372                    157.3211 52047056         
 232170 219350      153.2563   522                    157.3208 52068985         
 232267 219443      153.7902   505                    157.3204 52090340         
 232358 219530      144.7080   386                    157.3204 52110271         
 232447 219608      154.1882   560                    157.3193 52133282         
 232515 219676      147.4214   437                    157.3193 52150566         
 232599 219756      153.3308   585                    157.3191 52168161         
 232690 219843      157.0994   541                    157.3190 52187377         
 232747 219900      149.4509   545                    157.3190 52200464         
Elapsed time = 32595.53 sec. (46553736.09 ticks, tree = 8877.93 MB, solutions = 0)
Nodefile size = 6830.83 MB (4869.58 MB after compression)
 232846 219991      152.0809   486                    157.3189 52220594         
 232924 220065      151.8290   530                    157.3189 52239155         
 233055 220190      151.7807   470                    157.3188 52258304         
 233128 220259      153.3134   435                    157.3180 52281208         
 233180 220307      145.5639   403                    157.3178 52302317         
 233250 220371      146.0700   595                    157.3175 52321225         
 233341 220458      147.4855   443                    157.3174 52340262         
 233422 220534      148.0721   430                    157.3167 52357843         
 233519 220627      151.4936   476                    157.3153 52375232         
 233598 220702      148.1674   442                    157.3153 52393274         
Elapsed time = 32706.65 sec. (46709490.64 ticks, tree = 8910.57 MB, solutions = 0)
Nodefile size = 6863.01 MB (4892.50 MB after compression)
 233659 220755      150.5567   508                    157.3150 52412728         
 233738 220830      147.5816   447                    157.3147 52430855         
 233814 220902      149.5147   449                    157.3144 52450001         
 233885 220969      152.0932   557                    157.3143 52467645         
 233974 221054      151.9416   621                    157.3143 52488712         
 234048 221124      145.6838   518                    157.3141 52505335         
 234126 221198      144.3201   498                    157.3141 52525530         
 234192 221256      148.3010   443                    157.3125 52544748         
 234265 221321      152.8054   354                    157.3122 52565591         
 234350 221402      148.6567   434                    157.3122 52581775         
Elapsed time = 32816.29 sec. (46863745.69 ticks, tree = 8939.06 MB, solutions = 0)
Nodefile size = 6891.30 MB (4912.63 MB after compression)
 234421 221469      151.2714   534                    157.3121 52598877         
 234536 221584      142.1447   452                    157.3121 52619217         
 234611 221655      144.6874   494                    157.3121 52636892         
 234656 221693      151.0547   530                    157.3114 52654628         
 234751 221784      155.2674   593                    157.3111 52676326         
 234826 221859      143.9263   436                    157.3111 52692707         
 234923 221952      141.9073   206                    157.3109 52710823         
 234999 222019      142.2393   413                    157.3105 52728047         
 235078 222094      145.7244   434                    157.3104 52744459         
 235125 222137      151.0777   545                    157.3104 52762229         
Elapsed time = 32925.44 sec. (47017991.36 ticks, tree = 8968.97 MB, solutions = 0)
Nodefile size = 6921.51 MB (4934.09 MB after compression)
 235200 222212      144.4675   395                    157.3104 52778764         
 235262 222270      149.6820   559                    157.3099 52795584         
 235357 222361      155.9064   587                    157.3094 52816523         
 235394 222398      150.9917   519                    157.3094 52832727         
 235460 222460      146.6453   558                    157.3093 52856917         
 235505 222498      152.4918   491                    157.3086 52877507         
 235563 222552      153.2832   538                    157.3082 52895196         
 235646 222635      143.5627   491                    157.3082 52913737         
 235764 222749      145.1879   315                    157.3079 52930761         
 235886 222863      153.4050   438                    157.3077 52949180         
Elapsed time = 33035.12 sec. (47173187.51 ticks, tree = 8998.51 MB, solutions = 0)
Nodefile size = 6950.76 MB (4954.90 MB after compression)
 235971 222939      154.8424   346                    157.3073 52966658         
 236031 222991      155.3047   446                    157.3069 52986554         
 236130 223082      153.3218   464                    157.3068 53004393         
 236219 223167      153.3687   567                    157.3067 53021164         
 236313 223257      154.1175   530                    157.3063 53042012         
 236374 223314      151.7617   488                    157.3060 53056049         
 236474 223411      149.5582   346                    157.3043 53077277         
 236537 223459      149.8970   472                    157.3043 53094993         
 236654 223572      147.2823   332                    157.3041 53114582         
 236733 223646      150.0182   533                    157.3041 53131204         
Elapsed time = 33145.67 sec. (47328618.06 ticks, tree = 9030.37 MB, solutions = 0)
Nodefile size = 6982.92 MB (4977.69 MB after compression)
 236795 223700      144.6020   412                    157.3031 53154774         
 236899 223794      153.5278   514                    157.3026 53172989         
 237008 223903      143.9025   318                    157.3026 53191378         
 237075 223966      146.8385   490                    157.3021 53211020         
 237140 224023      152.2789   492                    157.3011 53229525         
 237229 224108      153.4978   494                    157.3007 53249177         
 237317 224192      154.2630   528                    157.3003 53266302         
 237380 224255      147.2863   514                    157.3003 53283526         
 237483 224350      155.3000   506                    157.2997 53307069         
 237523 224384      152.1183   479                    157.2997 53325972         
Elapsed time = 33255.09 sec. (47482508.24 ticks, tree = 9060.41 MB, solutions = 0)
Nodefile size = 7013.13 MB (4999.14 MB after compression)
 237595 224452      151.4764   386                    157.2996 53346781         
 237712 224565      146.8791   470                    157.2993 53368430         
 237767 224612      146.8985   344                    157.2986 53392551         
 237886 224723      147.3934   456                    157.2979 53412790         
 237959 224788      150.6961   476                    157.2978 53432965         
 238040 224865      155.4420   599                    157.2971 53453425         
 238147 224967      145.0808   343                    157.2970 53474321         
 238233 225046      150.4739   366                    157.2970 53489199         
 238354 225163      154.1593   598                    157.2968 53507120         
 238407 225216      148.2682   583                    157.2968 53524726         
Elapsed time = 33365.73 sec. (47637379.19 ticks, tree = 9094.26 MB, solutions = 0)
Nodefile size = 7046.29 MB (5022.71 MB after compression)
 238491 225296      151.5374   496                    157.2968 53545870         
 238595 225396      153.7694   454                    157.2965 53568780         
 238669 225462      151.0907   327                    157.2963 53588876         
 238776 225565      150.3311   385                    157.2958 53607606         
 238871 225651      151.9159   450                    157.2953 53628066         
 238981 225757      144.4917   313                    157.2950 53649659         
 239053 225821      150.1018   431                    157.2947 53666958         
 239188 225952      153.0924   409                    157.2941 53688066         
 239295 226055      148.2427   331                    157.2941 53705955         
 239394 226150      150.0440   499                    157.2941 53724075         
Elapsed time = 33477.38 sec. (47791730.58 ticks, tree = 9132.26 MB, solutions = 0)
Nodefile size = 7084.32 MB (5049.71 MB after compression)
 239481 226233      148.9279   503                    157.2935 53744423         
 239527 226273      152.1072   521                    157.2929 53761704         
 239585 226327      150.7797   446                    157.2916 53780755         
 239683 226421      153.1361   559                    157.2911 53799150         
 239801 226534      153.8289   381                    157.2911 53818053         
 239898 226627      149.8034   506                    157.2903 53838567         
 239968 226687      155.3878   463                    157.2894 53862725         
 240018 226737      150.5521   499                    157.2894 53880313         
 240095 226810      151.1447   523                    157.2885 53902045         
 240194 226905      148.5347   450                    157.2884 53921955         
Elapsed time = 33588.24 sec. (47947579.96 ticks, tree = 9162.98 MB, solutions = 0)
Nodefile size = 7115.53 MB (5072.03 MB after compression)
 240276 226979        cutoff                          157.2883 53944860         
 240375 227078      143.9986   507                    157.2879 53963919         
 240438 227137      146.6898   492                    157.2872 53983184         
 240558 227249      155.7845   534                    157.2863 54003931         
 240674 227361      154.2315   467                    157.2862 54023536         
 240742 227421      148.5850   549                    157.2859 54044496         
 240826 227497        cutoff                          157.2858 54063762         
 240917 227584      151.5836   448                    157.2847 54084480         
 241030 227690      155.6487   545                    157.2835 54103033         
 241131 227791      147.1390   406                    157.2835 54117643         
Elapsed time = 33699.32 sec. (48101159.09 ticks, tree = 9199.02 MB, solutions = 0)
Nodefile size = 7151.61 MB (5097.67 MB after compression)
 241238 227894      148.0810   403                    157.2835 54137059         
 241360 228011      145.0133   397                    157.2834 54156246         
 241427 228074      150.9330   570                    157.2833 54172935         
 241527 228171      154.0348   541                    157.2828 54192293         
 241573 228209      152.4001   378                    157.2825 54216720         
 241659 228291      150.8442   471                    157.2825 54236005         
 241777 228405      147.8965   439                    157.2824 54256245         
 241851 228469      146.5614   449                    157.2815 54274782         
 241939 228548      149.5610   466                    157.2813 54293673         
 242003 228608      151.8324   545                    157.2809 54312881         
Elapsed time = 33810.61 sec. (48256172.24 ticks, tree = 9232.26 MB, solutions = 0)
Nodefile size = 7184.76 MB (5121.30 MB after compression)
 242094 228695      144.9287   337                    157.2808 54333397         
 242149 228740      152.5342   476                    157.2806 54352570         
 242264 228851      149.2739   513                    157.2804 54375844         
 242379 228962      146.7391   391                    157.2798 54393909         
 242453 229032      153.5834   536                    157.2796 54409952         
 242550 229125      150.9696   449                    157.2783 54430282         
 242591 229162      154.0529   496                    157.2774 54449566         
 242701 229267      151.7485   522                    157.2773 54469258         
 242791 229353      154.8037   453                    157.2769 54488933         
 242909 229467      155.1556   539                    157.2768 54505871         
Elapsed time = 33922.14 sec. (48411630.19 ticks, tree = 9267.18 MB, solutions = 0)
Nodefile size = 7219.86 MB (5146.29 MB after compression)
 242967 229525      149.4638   510                    157.2768 54522471         
 243063 229611      155.2799   401                    157.2767 54546684         
 243168 229712      153.2775   504                    157.2763 54564485         
 243256 229796      151.8379   472                    157.2761 54585409         
 243335 229871      150.5097   513                    157.2759 54607353         
 243417 229948      146.6116   307                    157.2757 54629346         
 243480 230006      151.1458   436                    157.2757 54645673         
 243592 230111      153.3382   621                    157.2756 54666267         
 243692 230208      153.6754   466                    157.2754 54684966         
 243785 230297      150.7676   534                    157.2749 54702210         
Elapsed time = 34032.98 sec. (48567119.37 ticks, tree = 9300.96 MB, solutions = 0)
Nodefile size = 7253.02 MB (5169.81 MB after compression)
 243874 230382      151.9232   495                    157.2745 54722954         
 243919 230423      151.9573   532                    157.2741 54740750         
 243988 230489      151.4687   573                    157.2741 54758173         
 244087 230584      150.6423   535                    157.2738 54778917         
 244176 230669      149.3745   461                    157.2736 54797337         
 244258 230745      150.0363   430                    157.2735 54817185         
 244309 230791      153.3243   604                    157.2728 54836514         
 244372 230854      146.4005   501                    157.2728 54853410         
 244472 230950      146.4379   399                    157.2726 54873573         
 244570 231044      147.8358   515                    157.2726 54890729         
Elapsed time = 34142.62 sec. (48721304.74 ticks, tree = 9331.36 MB, solutions = 0)
Nodefile size = 7284.23 MB (5192.06 MB after compression)
 244663 231133      152.6923   530                    157.2723 54905571         
 244762 231232      146.2404   504                    157.2723 54919112         
 244823 231287      146.5294   331                    157.2723 54939153         
 244932 231391      142.7583   176                    157.2722 54956426         
 244987 231442      152.4374   613                    157.2722 54969988         
 245063 231514      153.2540   509                    157.2721 54990176         
 245176 231621      152.4068   532                    157.2715 55008524         
 245273 231714      153.2898   527                    157.2714 55028704         
 245318 231751      152.0528   484                    157.2712 55044863         
 245437 231864      153.9102   464                    157.2710 55063552         
Elapsed time = 34252.68 sec. (48876030.87 ticks, tree = 9364.71 MB, solutions = 0)
Nodefile size = 7317.37 MB (5215.61 MB after compression)
 245514 231941      146.7207   460                    157.2710 55080957         
 245596 232019      147.0092   535                    157.2708 55099484         
 245691 232110      144.0931   424                    157.2705 55122150         
 245761 232162      153.3641   327                    157.2697 55143250         
 245813 232209      146.9768   522                    157.2693 55161056         
 245890 232278      153.8417   575                    157.2689 55178640         
 245955 232343      147.6808   444                    157.2689 55190260         
 246017 232397      154.9636   625                    157.2687 55210666         
 246077 232457      149.1941   506                    157.2687 55224726         
 246154 232530      150.7708   497                    157.2687 55244830         
Elapsed time = 34361.46 sec. (49030063.66 ticks, tree = 9391.80 MB, solutions = 0)
Nodefile size = 7344.66 MB (5234.99 MB after compression)
 246239 232611      150.5618   609                    157.2686 55265333         
 246320 232684      148.8434   450                    157.2675 55287143         
 246384 232744      148.1001   514                    157.2675 55304023         
 246479 232832      153.6883   667                    157.2667 55326213         
 246546 232899      146.6505   628                    157.2667 55342039         
 246633 232978      156.3543   499                    157.2663 55362299         
 246689 233023      150.0137   473                    157.2661 55380836         
 246755 233085      146.7628   436                    157.2659 55398872         
 246840 233166      147.1061   303                    157.2658 55418465         
 246951 233267      155.9378   501                    157.2645 55440370         
Elapsed time = 34472.09 sec. (49185234.81 ticks, tree = 9421.79 MB, solutions = 0)
Nodefile size = 7373.91 MB (5255.77 MB after compression)
 247016 233324      153.1631   552                    157.2643 55458087         
 247112 233416      155.6445   485                    157.2642 55478367         
 247269 233568      151.7218   408                    157.2637 55492930         
 247329 233620      151.8560   442                    157.2635 55513677         
 247406 233691      145.8745   495                    157.2632 55533525         
 247510 233788      148.2883   420                    157.2632 55551290         
 247621 233895      148.7561   384                    157.2625 55569540         
 247734 234004      147.3196   398                    157.2618 55589894         
 247811 234071      145.5936   286                    157.2617 55610617         
 247921 234169      154.9461   451                    157.2614 55634426         
Elapsed time = 34583.75 sec. (49339234.61 ticks, tree = 9458.52 MB, solutions = 0)
Nodefile size = 7411.00 MB (5282.21 MB after compression)
 248001 234245      151.8941   491                    157.2614 55649648         
 248088 234326        cutoff                          157.2612 55672440         
 248151 234385      148.7605   460                    157.2607 55690090         
 248221 234451      151.5550   493                    157.2604 55709084         
 248320 234542      154.2355   288                    157.2599 55732211         
 248425 234640      152.8723   460                    157.2598 55752975         
 248506 234717      152.4359   542                    157.2596 55772469         
 248593 234800      152.9173   619                    157.2591 55790070         
 248677 234884      144.7424   494                    157.2591 55808142         
 248774 234973      150.4798   568                    157.2586 55830863         
Elapsed time = 34694.07 sec. (49493806.23 ticks, tree = 9491.25 MB, solutions = 0)
Nodefile size = 7444.18 MB (5305.82 MB after compression)
 248863 235051      152.9632   522                    157.2580 55852786         
 248941 235126      151.8599   411                    157.2575 55870894         
 249075 235256      151.6659   560                    157.2574 55889810         
 249140 235317      150.9823   414                    157.2574 55911370         
 249174 235347      151.8912   552                    157.2569 55930912         
 249270 235439      152.8945   461                    157.2568 55951495         
 249370 235534      154.1795   498                    157.2567 55970470         
 249472 235633      155.4797   559                    157.2564 55989623         
 249563 235724      145.7092   436                    157.2564 56006804         
 249617 235766      151.7402   507                    157.2560 56026881         
Elapsed time = 34803.82 sec. (49647822.71 ticks, tree = 9523.53 MB, solutions = 0)
Nodefile size = 7476.37 MB (5328.73 MB after compression)
 249714 235859      153.5622   540                    157.2558 56046257         
 249794 235939      146.0529   515                    157.2558 56064012         
 249915 236050      153.8658   491                    157.2555 56085462         
 249980 236105      152.5299   591                    157.2549 56108541         
 250078 236199      155.0985   601                    157.2549 56127594         
 250196 236315        cutoff                          157.2549 56146159         
 250259 236376      144.2831   564                    157.2546 56166517         
 250358 236467      152.7077   422                    157.2543 56188517         
 250438 236537      148.2255   536                    157.2539 56209698         
 250524 236615      155.6917   474                    157.2530 56231052         
Elapsed time = 34916.33 sec. (49804372.30 ticks, tree = 9558.08 MB, solutions = 0)
Nodefile size = 7510.50 MB (5352.99 MB after compression)
 250612 236699      152.5108   493                    157.2529 56248575         
 250685 236768      156.6817   613                    157.2527 56271276         
 250730 236810      149.4406   467                    157.2526 56286870         
 250814 236890      152.3334   556                    157.2526 56305418         
 250903 236975      155.2513   532                    157.2521 56325636         
 250991 237059      153.9644   389                    157.2519 56344292         
 251151 237215      149.0548   262                    157.2514 56363850         
 251204 237263      149.7960   588                    157.2512 56382059         
 251303 237356      152.6530   535                    157.2506 56402231         
 251380 237429      151.0001   456                    157.2505 56424439         
Elapsed time = 35026.31 sec. (49958364.64 ticks, tree = 9591.23 MB, solutions = 0)
Nodefile size = 7543.67 MB (5376.59 MB after compression)
 251450 237495      150.1978   468                    157.2501 56445202         
 251527 237565      154.0407   527                    157.2497 56466380         
 251622 237656      153.1211   483                    157.2496 56485614         
 251730 237760      146.7646   485                    157.2494 56504582         
 251789 237809      154.6453   550                    157.2491 56527195         
 251861 237877      155.3863   566                    157.2489 56545755         
 251919 237935      147.8965   446                    157.2489 56563261         
 251994 238006      150.9208   471                    157.2485 56582450         
 252100 238108      147.9896   413                    157.2481 56603547         
 252155 238151        cutoff                          157.2480 56629521         
Elapsed time = 35135.57 sec. (50112781.61 ticks, tree = 9620.62 MB, solutions = 0)
Nodefile size = 7572.93 MB (5397.43 MB after compression)
 252219 238205      152.1766   507                    157.2480 56648673         
 252327 238309      151.9901   532                    157.2480 56666733         
 252418 238396      152.1087   478                    157.2478 56685483         
 252512 238486      150.2681   466                    157.2477 56705799         
 252614 238580      154.7125   560                    157.2474 56728039         
 252703 238669      147.3913   516                    157.2474 56742606         
 252811 238773      145.3362   271                    157.2471 56762911         
 252897 238855      145.7291   570                    157.2469 56780193         
 253006 238957      153.0166   544                    157.2465 56800063         
 253070 239017      150.6520   471                    157.2461 56817425         
Elapsed time = 35247.68 sec. (50268567.85 ticks, tree = 9655.87 MB, solutions = 0)
Nodefile size = 7608.04 MB (5422.38 MB after compression)
 253158 239101      151.2172   357                    157.2461 56834827         
 253263 239202      149.5290   505                    157.2458 56854760         
 253359 239294      148.6094   410                    157.2458 56873410         
 253424 239350      153.6805   550                    157.2456 56894006         
 253513 239435        cutoff                          157.2456 56915345         
 253575 239493      154.8393   455                    157.2446 56932792         
 253652 239566      151.6660   347                    157.2445 56951110         
 253799 239709      146.2495   397                    157.2444 56968285         
 253897 239798      146.1712   390                    157.2443 56988223         
 253963 239860      145.7266   451                    157.2442 57004624         
Elapsed time = 35357.76 sec. (50422317.89 ticks, tree = 9690.21 MB, solutions = 0)
Nodefile size = 7643.18 MB (5447.40 MB after compression)
 254032 239922      153.3161   585                    157.2441 57021055         
 254140 240026      151.2276   371                    157.2440 57039398         
 254246 240128      145.6741   445                    157.2439 57058586         
 254338 240212      150.9159   349                    157.2436 57077517         
 254423 240293      151.7218   538                    157.2434 57095766         
 254519 240384      150.7019   387                    157.2434 57114747         
 254593 240451      154.9325   539                    157.2427 57133932         
 254656 240514      145.8777   467                    157.2427 57150868         
 254738 240592      147.3272   580                    157.2426 57168817         
 254838 240688      147.4912   558                    157.2426 57186074         
Elapsed time = 35467.37 sec. (50576751.34 ticks, tree = 9723.93 MB, solutions = 0)
Nodefile size = 7676.36 MB (5471.02 MB after compression)
 254929 240775      145.6562   530                    157.2420 57203595         
 255005 240839      155.4555   578                    157.2417 57225650         
 255072 240906      150.6109   511                    157.2417 57238667         
 255180 241010      152.6258   516                    157.2412 57257424         
 255284 241110      154.4926   515                    157.2409 57277054         
 255349 241175      146.7301   490                    157.2409 57293485         
 255402 241212      156.5721   642                    157.2407 57316091         
 255467 241277      151.6964   620                    157.2407 57327993         
 255568 241372      155.9064   430                    157.2406 57345114         
 255674 241470      152.5621   492                    157.2398 57364558         
Elapsed time = 35578.09 sec. (50731592.72 ticks, tree = 9755.76 MB, solutions = 0)
Nodefile size = 7708.54 MB (5493.91 MB after compression)
 255746 241530      153.4345   588                    157.2391 57383946         
 255852 241632      155.7786   524                    157.2390 57403936         
 255930 241710      147.1109   469                    157.2390 57419010         
 256015 241789      149.0544   509                    157.2388 57436476         
 256108 241878      145.5209   398                    157.2383 57457863         
 256176 241938      152.3082   523                    157.2379 57476117         
 256284 242040      156.0608   546                    157.2373 57498215         
 256340 242096      150.4816   508                    157.2373 57513357         
 256408 242160      153.8943   528                    157.2368 57532423         
 256551 242299        cutoff                          157.2368 57549826         
Elapsed time = 35689.12 sec. (50887752.72 ticks, tree = 9789.56 MB, solutions = 0)
Nodefile size = 7741.70 MB (5517.41 MB after compression)
 256641 242383      147.4437   442                    157.2363 57567404         
 256714 242450      146.3929   465                    157.2362 57585607         
 256777 242509      148.5941   497                    157.2362 57603836         
 256841 242569      145.2949   490                    157.2360 57624586         
 256935 242659      144.9553   461                    157.2356 57642763         
 257012 242724      154.5398   522                    157.2355 57663007         
 257083 242791      154.7244   578                    157.2353 57681812         
 257180 242888      143.6829   474                    157.2353 57699859         
 257267 242967        cutoff                          157.2352 57721476         
 257292 242992      153.0839   518                    157.2350 57739819         
Elapsed time = 35797.84 sec. (51042558.06 ticks, tree = 9817.67 MB, solutions = 0)
Nodefile size = 7769.98 MB (5537.47 MB after compression)
 257352 243046      148.1487   528                    157.2341 57757779         
 257472 243162      148.5167   397                    157.2339 57776066         
 257571 243257      154.5582   657                    157.2337 57795518         
 257629 243315      149.1924   512                    157.2337 57811748         
 257727 243409      153.2688   543                    157.2332 57829541         
 257827 243505      153.9986   424                    157.2330 57848197         
 257867 243541      152.9377   470                    157.2329 57868489         
 257944 243614      152.5793   452                    157.2325 57885151         
 258043 243709      147.9153   427                    157.2323 57904144         
 258123 243785      149.4709   466                    157.2321 57923456         
Elapsed time = 35907.77 sec. (51196915.50 ticks, tree = 9850.00 MB, solutions = 0)
Nodefile size = 7802.17 MB (5560.29 MB after compression)
 258182 243840      148.3676   331                    157.2321 57943766         
 258236 243890      152.2227   509                    157.2320 57961770         
 258327 243974      154.3635   533                    157.2319 57979569         
 258443 244086      154.6018   632                    157.2318 57997599         
 258512 244155      146.6646   496                    157.2318 58013830         
 258607 244242      156.0532   507                    157.2317 58035755         
 258663 244293      153.2243   481                    157.2312 58052745         
 258751 244377      155.2956   416                    157.2312 58074751         
 258901 244527      144.7599   250                    157.2312 58090865         
 258979 244601      148.2626   489                    157.2311 58108200         
Elapsed time = 36017.72 sec. (51350773.35 ticks, tree = 9883.23 MB, solutions = 0)
Nodefile size = 7835.33 MB (5583.90 MB after compression)
 259074 244692      153.4554   551                    157.2311 58125085         
 259185 244799      154.5458   536                    157.2299 58143372         
 259237 244847      151.4926   418                    157.2299 58162389         
 259343 244949      149.1851   389                    157.2299 58182472         
 259426 245020      157.1356   503                    157.2295 58206641         
 259502 245096      150.3781   460                    157.2295 58221049         
 259636 245226      150.7075   604                    157.2294 58240505         
 259690 245274      147.8472   365                    157.2291 58260520         
 259793 245369        cutoff                          157.2286 58281814         
 259871 245442      150.0872   520                    157.2273 58301489         
Elapsed time = 36128.61 sec. (51505529.94 ticks, tree = 9917.48 MB, solutions = 0)
Nodefile size = 7869.48 MB (5608.26 MB after compression)
 259944 245510      148.6679   425                    157.2266 58321090         
 259997 245559      150.2355   512                    157.2262 58341354         
 260091 245649      154.5876   452                    157.2253 58361559         
 260259 245817      144.1258   266                    157.2253 58377909         
 260332 245884      148.2602   429                    157.2251 58395412         
 260420 245964      154.3426   612                    157.2247 58415978         
 260513 246047      144.8208   440                    157.2247 58436419         
 260601 246127      153.3052   434                    157.2244 58454009         
 260709 246231      152.1792   579                    157.2242 58472960         
 260804 246322      146.3679   312                    157.2240 58492805         
Elapsed time = 36238.66 sec. (51658825.20 ticks, tree = 9953.32 MB, solutions = 0)
Nodefile size = 7905.58 MB (5633.88 MB after compression)
 260864 246376      149.3719   422                    157.2236 58513224         
 260952 246458      146.7224   459                    157.2225 58535659         
 261065 246565        cutoff                          157.2221 58560664         
 261153 246651      144.9902   508                    157.2214 58577580         
 261226 246713      149.2752   413                    157.2210 58597218         
 261304 246786      150.0320   338                    157.2206 58617756         
 261389 246867      153.7062   480                    157.2203 58637803         
 261486 246960      153.9897   497                    157.2202 58656113         
 261596 247070      144.1615   411                    157.2202 58673418         
 261684 247146      151.3921   542                    157.2197 58695681         
Elapsed time = 36348.54 sec. (51812152.73 ticks, tree = 9986.84 MB, solutions = 0)
Nodefile size = 7939.72 MB (5658.11 MB after compression)
 261800 247258      147.3549   360                    157.2195 58715341         
 261917 247371      148.1231   426                    157.2194 58734655         
 261979 247427      150.5664   426                    157.2190 58755909         
 262076 247514      153.7164   532                    157.2188 58776067         
 262164 247598      151.3566   556                    157.2187 58796648         
 262260 247690      151.7904   501                    157.2185 58817047         
 262326 247752      147.4696   383                    157.2178 58839553         
 262372 247790      151.9830   375                    157.2177 58857136         
 262473 247887      154.0871   473                    157.2175 58875083         
 262588 247998      152.7914   474                    157.2175 58893438         
Elapsed time = 36458.81 sec. (51967428.04 ticks, tree = 10021.52 MB, solutions = 0)
Nodefile size = 7973.86 MB (5682.37 MB after compression)
 262700 248106      153.4102   328                    157.2174 58912475         
 262768 248168      150.9623   465                    157.2174 58931577         
 262835 248231      151.6922   454                    157.2172 58948396         
 262942 248332      152.1295   369                    157.2171 58968731         
 263050 248437      147.0532   417                    157.2167 58986941         
 263140 248519      150.3089   455                    157.2154 59008171         
 263205 248580      149.6508   491                    157.2151 59028392         
 263308 248677      145.6482   475                    157.2150 59050199         
 263391 248753      151.9930   385                    157.2144 59067835         
 263489 248847      147.4856   461                    157.2134 59088148         
Elapsed time = 36568.82 sec. (52121361.02 ticks, tree = 10056.02 MB, solutions = 0)
Nodefile size = 8008.93 MB (5707.34 MB after compression)
 263575 248925      155.2805   445                    157.2128 59105663         
 263665 249011      146.8367   367                    157.2128 59127516         
 263719 249050      149.6196   397                    157.2113 59147962         
 263773 249100      152.2994   617                    157.2108 59163644         
 263900 249227      144.3831   530                    157.2108 59179356         
 263945 249263      150.2558   461                    157.2103 59201164         
 264011 249321      146.5005   471                    157.2100 59221996         
 264104 249407      151.4200   478                    157.2098 59242688         
 264188 249487      153.2869   589                    157.2096 59260087         
 264294 249589      152.2301   424                    157.2095 59281393         
Elapsed time = 36678.33 sec. (52276846.86 ticks, tree = 10086.23 MB, solutions = 0)
Nodefile size = 8039.16 MB (5728.83 MB after compression)
 264377 249664      150.3204   428                    157.2095 59301585         
 264486 249769      149.4715   442                    157.2095 59322607         
 264561 249835      155.5421   561                    157.2092 59342312         
 264637 249905      155.8473   407                    157.2089 59361139         
 264701 249962      152.4511   542                    157.2083 59381538         
 264781 250038      152.2421   527                    157.2080 59399720         
 264884 250137      152.2760   543                    157.2080 59420055         
 264988 250237      148.1064   532                    157.2080 59437683         
 265080 250313      154.2611   463                    157.2079 59457199         
 265199 250428        cutoff                          157.2079 59472957         
Elapsed time = 36788.43 sec. (52431547.61 ticks, tree = 10120.45 MB, solutions = 0)
Nodefile size = 8073.33 MB (5753.10 MB after compression)
 265283 250506      153.2975   436                    157.2076 59489612         
 265391 250610      151.2514   359                    157.2074 59506807         
 265464 250676      155.2740   564                    157.2069 59528000         
 265552 250764      142.3046   416                    157.2069 59547304         
 265618 250821      149.4915   509                    157.2064 59562667         
 265692 250891      154.1360   601                    157.2064 59580314         
 265738 250937      149.4276   616                    157.2064 59596178         
 265822 251016      145.3532   435                    157.2058 59620088         
 265890 251076      155.4585   447                    157.2055 59639248         
 265929 251110      152.7815   507                    157.2055 59654993         
Elapsed time = 36897.99 sec. (52587945.14 ticks, tree = 10148.18 MB, solutions = 0)
Nodefile size = 8100.63 MB (5772.45 MB after compression)
 265986 251163      152.5321   496                    157.2050 59673357         
 266079 251251      150.4443   424                    157.2049 59692267         
 266174 251342      150.6365   458                    157.2048 59709582         
 266249 251409      149.2482   474                    157.2046 59729527         
 266312 251467      150.6694   446                    157.2045 59744392         
 266419 251570      146.2576   454                    157.2044 59760901         
 266482 251629      153.5622   594                    157.2043 59777392         
 266599 251742      154.2829   549                    157.2036 59796597         
 266674 251810      149.2684   381                    157.2033 59811858         
 266787 251920      148.4518   437                    157.2030 59828930         
Elapsed time = 37007.39 sec. (52742537.29 ticks, tree = 10181.15 MB, solutions = 0)
Nodefile size = 8133.78 MB (5795.99 MB after compression)
 266873 252002      150.6006   501                    157.2025 59848952         
 266953 252078      153.4178   536                    157.2025 59869975         
 267035 252154      154.1166   434                    157.2025 59890669         
 267085 252198      152.6317   539                    157.2025 59908727         
 267174 252283      151.8173   492                    157.2024 59929076         
 267263 252368      154.3161   620                    157.2024 59944466         
 267330 252435      146.0901   518                    157.2024 59961249         
 267446 252544      152.9497   402                    157.2014 59983507         
 267511 252605      152.2911   484                    157.2013 59999875         
 267614 252704      155.6662   536                    157.2012 60016990         
Elapsed time = 37119.02 sec. (52899600.14 ticks, tree = 10213.05 MB, solutions = 0)
Nodefile size = 8165.96 MB (5818.88 MB after compression)
 267698 252784      155.9376   555                    157.2012 60034814         
 267775 252861      145.9260   461                    157.2012 60051092         
 267866 252946      147.1112   423                    157.2011 60069044         
 267933 253005      150.6498   492                    157.2009 60088718         
 268016 253084      152.3898   471                    157.2005 60105776         
 268156 253220      153.8226   552                    157.2002 60123714         
 268244 253304      153.5480   571                    157.1992 60145270         
 268324 253380      152.0568   450                    157.1987 60165013         
 268397 253447      150.8614   260                    157.1981 60182473         
 268494 253539      149.8126   419                    157.1981 60200778         
Elapsed time = 37229.35 sec. (53054386.24 ticks, tree = 10247.04 MB, solutions = 0)
Nodefile size = 8199.12 MB (5842.43 MB after compression)
 268599 253640      153.3797   373                    157.1980 60220100         
 268692 253729      151.2021   504                    157.1974 60237488         
 268774 253801      153.0514   476                    157.1973 60256652         
 268890 253913      145.4940   420                    157.1973 60274788         
 269006 254025      145.6052   449                    157.1973 60291636         
 269114 254129      143.7396   401                    157.1972 60312248         
 269162 254166      154.1578   516                    157.1968 60333110         
 269217 254221      147.2105   456                    157.1968 60352091         
 269312 254309      153.9970   474                    157.1965 60374201         
 269404 254396      149.2772   353                    157.1962 60395339         
Elapsed time = 37340.07 sec. (53208511.87 ticks, tree = 10281.93 MB, solutions = 0)
Nodefile size = 8234.26 MB (5867.40 MB after compression)
 269475 254454      156.1177   597                    157.1955 60416702         
 269528 254507      150.1843   499                    157.1955 60432648         
 269691 254664      144.4366   271                    157.1954 60452187         
 269794 254760      155.3761   439                    157.1952 60472189         
 269876 254837      150.1916   443                    157.1949 60493261         
 269966 254923      143.5639   262                    157.1941 60514047         
 270096 255038      156.9014   522                    157.1922 60536856         
 270166 255108      150.6539   429                    157.1922 60550761         
 270273 255211      150.7796   461                    157.1920 60572529         
 270367 255302      147.0015   393                    157.1916 60592056         
Elapsed time = 37451.50 sec. (53365426.12 ticks, tree = 10318.84 MB, solutions = 0)
Nodefile size = 8271.36 MB (5893.73 MB after compression)
 270472 255399      152.1475   566                    157.1915 60612012         
 270587 255514      144.4530   427                    157.1915 60632973         
 270685 255605      154.1536   388                    157.1910 60656195         
 270755 255669      152.9349   478                    157.1908 60671479         
 270844 255754      154.4443   501                    157.1907 60690495         
 270914 255824      147.8002   492                    157.1907 60707214         
 270990 255895      153.1870   539                    157.1903 60726055         
 271057 255962      146.9099   517                    157.1903 60744711         
 271127 256028      152.1652   546                    157.1903 60764285         
 271216 256114      151.6211   487                    157.1899 60783663         
Elapsed time = 37560.60 sec. (53518984.59 ticks, tree = 10351.88 MB, solutions = 0)
Nodefile size = 8304.51 MB (5917.20 MB after compression)
 271286 256178      150.9659   520                    157.1898 60801972         
 271385 256272      149.9923   412                    157.1886 60818890         
 271481 256364      149.5332   505                    157.1884 60838479         
 271574 256453      150.1089   442                    157.1876 60860477         
 271644 256519      144.2069   452                    157.1873 60882314         
 271713 256584      150.7165   461                    157.1872 60897685         
 271848 256715      146.2789   375                    157.1868 60917593         
 271899 256762      153.9103   596                    157.1867 60934701         
 271944 256807      149.6218   595                    157.1867 60951214         
 272040 256899      153.1587   601                    157.1865 60973004         
Elapsed time = 37670.36 sec. (53673362.23 ticks, tree = 10383.82 MB, solutions = 0)
Nodefile size = 8336.68 MB (5939.96 MB after compression)
 272116 256975      146.4400   481                    157.1865 60991732         
 272189 257035      155.5033   425                    157.1860 61016185         
 272295 257137      154.2934   496                    157.1852 61032456         
 272388 257230      146.1044   427                    157.1852 61047334         
 272487 257325      147.2098   492                    157.1851 61069007         
 272607 257441      144.1713   366                    157.1851 61091070         
 272668 257494      153.1614   424                    157.1849 61113251         
 272749 257571      151.2069   449                    157.1847 61132226         
 272846 257664      154.7141   652                    157.1847 61149275         
 272890 257708      150.5681   588                    157.1847 61164860         
Elapsed time = 37780.06 sec. (53827653.16 ticks, tree = 10416.75 MB, solutions = 0)
Nodefile size = 8368.86 MB (5962.80 MB after compression)
 272993 257806      154.2785   523                    157.1842 61186606         
 273069 257882      144.5848   482                    157.1842 61204878         
 273119 257924      152.3918   619                    157.1840 61224275         
 273221 258022      152.1350   526                    157.1835 61243833         
 273314 258111      148.0308   474                    157.1833 61263278         
 273430 258221      151.1745   403                    157.1825 61284611         
 273509 258294      144.9524   426                    157.1825 61305400         
 273569 258348      150.3971   431                    157.1821 61323107         
 273655 258430      151.4773   483                    157.1821 61344627         
 273752 258523      147.1095   569                    157.1817 61364647         
Elapsed time = 37891.87 sec. (53983201.61 ticks, tree = 10449.92 MB, solutions = 0)
Nodefile size = 8402.04 MB (5986.44 MB after compression)
 273850 258607      156.0725   587                    157.1815 61389228         
 273924 258681      147.0264   557                    157.1815 61404868         
 274068 258818      154.3000   496                    157.1811 61427324         
 274168 258914      153.2473   402                    157.1805 61445463         
 274215 258957      153.0396   626                    157.1800 61466658         
 274257 258995      152.2989   443                    157.1799 61487555         
 274322 259056      149.9785   494                    157.1798 61508507         
 274415 259145      154.8188   569                    157.1788 61528694         
 274480 259210      146.9022   547                    157.1788 61546826         
 274554 259280      149.4728   547                    157.1787 61566069         
Elapsed time = 38001.81 sec. (54139208.52 ticks, tree = 10480.74 MB, solutions = 0)
Nodefile size = 8433.28 MB (6008.68 MB after compression)
 274631 259353      148.3165   490                    157.1786 61588631         
 274716 259429      147.8778   376                    157.1784 61609497         
 274808 259515      149.0734   341                    157.1775 61625492         
 274902 259605      149.7243   573                    157.1775 61643567         
 274989 259680      154.3894   509                    157.1764 61663241         
 275083 259774      143.9166   457                    157.1764 61683007         
 275127 259814      151.5896   503                    157.1761 61698839         
 275212 259895      149.9400   440                    157.1758 61718215         
 275324 259998      154.0905   566                    157.1758 61741617         
 275393 260061      154.4120   489                    157.1756 61761326         
Elapsed time = 38112.66 sec. (54294419.81 ticks, tree = 10512.52 MB, solutions = 0)
Nodefile size = 8465.47 MB (6031.59 MB after compression)
 275525 260189      149.5750   381                    157.1752 61779857         
 275645 260305      146.5214   415                    157.1752 61798404         
 275719 260375      147.5850   498                    157.1749 61818201         
 275797 260446      150.2950   368                    157.1747 61840887         
 275904 260549      147.3752   452                    157.1745 61859302         
 276017 260658      146.6776   358                    157.1741 61876748         
 276147 260781      152.9716   560                    157.1740 61897560         
 276201 260828      155.3847   525                    157.1740 61914140         
 276263 260890      149.2555   493                    157.1740 61928927         
 276369 260992      150.5134   525                    157.1735 61947311         
Elapsed time = 38223.30 sec. (54448477.13 ticks, tree = 10550.44 MB, solutions = 0)
Nodefile size = 8502.58 MB (6057.99 MB after compression)
 276467 261086      151.2504   523                    157.1732 61966310         
 276546 261161      153.2130   452                    157.1729 61983934         
 276632 261243      144.2672   305                    157.1727 62004737         
 276690 261297      152.0027   476                    157.1726 62018548         
 276801 261404      156.0885   566                    157.1721 62036189         
 276867 261470      148.1438   399                    157.1721 62052162         
 276945 261544      148.1968   527                    157.1717 62072415         
 277048 261643      151.4204   431                    157.1715 62091061         
 277151 261742      146.3110   468                    157.1712 62110113         
 277202 261788      151.1225   485                    157.1709 62130266         
Elapsed time = 38332.96 sec. (54602951.26 ticks, tree = 10582.86 MB, solutions = 0)
Nodefile size = 8535.76 MB (6081.51 MB after compression)
 277302 261884      152.1455   564                    157.1703 62147925         
 277379 261957      150.1340   467                    157.1702 62166861         
 277471 262046      153.5722   565                    157.1702 62189473         
 277580 262151      151.7703   303                    157.1702 62210922         
 277669 262233      147.5645   420                    157.1699 62230722         
 277772 262332      151.1271   404                    157.1697 62247622         
 277917 262473      153.0495   470                    157.1696 62269676         
 278010 262562      150.7645   526                    157.1692 62289853         
 278074 262618      153.4157   575                    157.1690 62309535         
 278161 262701      155.2933   440                    157.1690 62330777         
Elapsed time = 38446.03 sec. (54759878.45 ticks, tree = 10620.03 MB, solutions = 0)
Nodefile size = 8572.87 MB (6107.93 MB after compression)
 278254 262790      152.7689   519                    157.1688 62347897         
 278326 262857      153.5664   422                    157.1688 62366686         
 278400 262923      153.5933   469                    157.1687 62388244         
 278468 262983      152.2098   432                    157.1685 62405362         
 278574 263085      149.8045   483                    157.1683 62424575         
 278622 263124      155.5326   401                    157.1683 62443524         
 278716 263214      150.4088   343                    157.1680 62462393         
 278805 263299      147.5712   411                    157.1680 62478767         
 278919 263398      146.1224   429                    157.1673 62499921         
 278983 263459      150.3691   518                    157.1672 62513625         
Elapsed time = 38555.70 sec. (54914695.07 ticks, tree = 10650.91 MB, solutions = 0)
Nodefile size = 8603.12 MB (6129.38 MB after compression)
 279067 263539      154.1668   493                    157.1671 62533344         
 279135 263603      154.9303   545                    157.1667 62554538         
 279213 263681      147.5348   490                    157.1667 62568747         
 279321 263785      150.4411   563                    157.1667 62585331         
 279403 263863      145.3900   345                    157.1665 62607197         
 279480 263936      147.0931   537                    157.1660 62624767         
 279554 264002      153.2249   529                    157.1652 62641625         
 279669 264114      153.2768   583                    157.1651 62660776         
 279750 264189      147.7535   514                    157.1649 62679439         
 279837 264269      151.7373   520                    157.1644 62701062         
Elapsed time = 38666.33 sec. (55068611.50 ticks, tree = 10683.91 MB, solutions = 0)
Nodefile size = 8636.32 MB (6153.01 MB after compression)
 279927 264354      153.6676   491                    157.1641 62722443         
 280015 264438      150.7224   417                    157.1641 62740181         
 280074 264491      150.3057   398                    157.1629 62757434         
 280182 264595      147.8926   363                    157.1626 62777746         
 280289 264694      153.6650   515                    157.1625 62798189         
 280378 264783      143.6045   470                    157.1625 62815014         
 280425 264820      150.6555   516                    157.1616 62835946         
 280521 264912      151.6791   418                    157.1616 62855584         
 280619 265006      154.5741   683                    157.1613 62870830         
 280681 265068      148.8723   591                    157.1613 62886663         
Elapsed time = 38777.71 sec. (55224521.03 ticks, tree = 10716.46 MB, solutions = 0)
Nodefile size = 8668.55 MB (6175.86 MB after compression)
 280780 265163      152.9313   493                    157.1611 62905814         
 280857 265236      148.6534   495                    157.1606 62928307         
 280915 265290      152.0098   531                    157.1604 62948008         
 280989 265360      150.4220   402                    157.1601 62967754         
 281095 265463      153.5115   583                    157.1600 62985390         
 281186 265554      144.2397   523                    157.1600 63001521         
 281239 265603      151.2715   589                    157.1597 63019407         
 281319 265679      145.0137   392                    157.1596 63044688         
 281427 265779      155.4547   501                    157.1586 63062458         
 281509 265857      146.5760   402                    157.1584 63080201         
Elapsed time = 38888.16 sec. (55379023.52 ticks, tree = 10748.61 MB, solutions = 0)
Nodefile size = 8700.77 MB (6198.80 MB after compression)
 281616 265960      145.5270   374                    157.1584 63097531         
 281675 266007      147.3314   552                    157.1569 63116536         
 281747 266074      151.5006   574                    157.1568 63135971         
 281847 266170      154.9545   621                    157.1560 63155115         
 281904 266227      149.0352   510                    157.1560 63171053         
 281985 266295      152.2925   561                    157.1558 63190581         
 282077 266384      153.3367   554                    157.1557 63211676         
 282171 266474      154.8858   508                    157.1555 63230975         
 282283 266582      150.3759   431                    157.1555 63247374         
 282361 266654      144.7967   364                    157.1554 63270339         
Elapsed time = 38998.18 sec. (55532823.77 ticks, tree = 10781.09 MB, solutions = 0)
Nodefile size = 8733.98 MB (6222.39 MB after compression)
 282484 266769      156.1794   574                    157.1552 63289600         
 282532 266817      153.4307   573                    157.1552 63304213         
 282577 266862      149.6117   565                    157.1552 63321236         
 282680 266961      153.4974   460                    157.1551 63342434         
 282773 267050      153.5246   398                    157.1547 63361770         
 282856 267127      151.3169   453                    157.1544 63381136         
 282918 267179      152.4510   541                    157.1544 63404495         
 283003 267260      154.4106   533                    157.1544 63424832         
 283070 267327      148.5727   587                    157.1544 63441489         
 283178 267431      154.4089   500                    157.1543 63460421         
Elapsed time = 39107.43 sec. (55687307.89 ticks, tree = 10812.74 MB, solutions = 0)
Nodefile size = 8765.21 MB (6244.59 MB after compression)
 283251 267500      148.6622   492                    157.1540 63480632         
 283369 267610      152.4519   333                    157.1529 63499406         
 283494 267731      149.5314   377                    157.1527 63517513         
 283563 267796      153.2483   603                    157.1523 63535016         
 283656 267889      145.8759   426                    157.1523 63551868         
 283758 267986      151.1230   383                    157.1522 63569715         
 283866 268086      152.7527   400                    157.1518 63589874         
 283953 268169      149.6387   480                    157.1516 63608777         
 284065 268273      154.5294   504                    157.1511 63633165         
 284165 268373      143.9162   425                    157.1511 63650741         
Elapsed time = 39218.21 sec. (55840668.18 ticks, tree = 10851.11 MB, solutions = 0)
Nodefile size = 8803.27 MB (6271.66 MB after compression)
 284207 268405      153.2147   447                    157.1508 63672085         
 284307 268499      144.6076   415                    157.1506 63694127         
 284410 268598      142.8041   321                    157.1506 63713201         
 284484 268667      146.3104   459                    157.1504 63730740         
 284562 268723      151.6070   366                    157.1500 63757377         
 284645 268801      152.7788   540                    157.1499 63776543         
 284729 268881      149.7427   357                    157.1498 63795832         
 284802 268941      156.2735   465                    157.1494 63818933         
 284885 269020      152.0227   465                    157.1491 63835369         
 284985 269116      155.0002   451                    157.1491 63854641         
Elapsed time = 39327.49 sec. (55994477.52 ticks, tree = 10881.39 MB, solutions = 0)
Nodefile size = 8833.56 MB (6293.11 MB after compression)
 285080 269211      147.1162   361                    157.1491 63870738         
 285198 269319      148.6592   324                    157.1489 63891282         
 285275 269386      145.3943   524                    157.1488 63916182         
 285355 269458      153.2221   583                    157.1487 63936412         
 285453 269552      153.9504   531                    157.1479 63955435         
 285530 269629      146.1990   454                    157.1479 63972907         
 285609 269700      152.6132   519                    157.1474 63994949         
 285704 269791      154.7480   487                    157.1473 64017489         
 285796 269879      150.0254   451                    157.1471 64035750         
 285886 269965      150.9948   470                    157.1468 64053269         
Elapsed time = 39438.91 sec. (56149106.77 ticks, tree = 10915.97 MB, solutions = 0)
Nodefile size = 8868.68 MB (6318.03 MB after compression)
 285968 270037      154.9288   585                    157.1467 64076716         
 286048 270117      148.3991   438                    157.1467 64091075         
 286166 270227      153.8303   298                    157.1465 64114404         
 286283 270334      150.2780   457                    157.1459 64136399         
 286369 270417      147.8752   521                    157.1457 64153659         
 286461 270505      142.1389   526                    157.1451 64175793         
 286520 270556      153.8302   514                    157.1445 64196458         
 286568 270596      149.2488   516                    157.1444 64215210         
 286694 270714      151.7725   505                    157.1433 64234938         
 286773 270789      150.7716   474                    157.1433 64256455         
Elapsed time = 39550.47 sec. (56304305.40 ticks, tree = 10949.53 MB, solutions = 0)
Nodefile size = 8901.87 MB (6341.70 MB after compression)
 286849 270856      147.4370   515                    157.1428 64278856         
 286928 270927      151.5609   564                    157.1421 64298203         
 287027 271022      149.2372   503                    157.1419 64316697         
 287095 271083      153.7685   490                    157.1419 64338399         
 287191 271179      143.1099   365                    157.1419 64353878         
 287275 271255      154.9641   614                    157.1418 64370948         
 287333 271309      152.9625   399                    157.1417 64387945         
 287427 271395      152.0545   407                    157.1408 64408687         
 287532 271496      147.4511   521                    157.1408 64426404         
 287628 271588      151.6752   442                    157.1407 64441831         
Elapsed time = 39660.39 sec. (56458104.52 ticks, tree = 10982.09 MB, solutions = 0)
Nodefile size = 8934.10 MB (6364.67 MB after compression)
 287737 271693      155.6901   635                    157.1406 64460691         
 287801 271757      147.4738   553                    157.1406 64475783         
 287879 271822      149.6634   414                    157.1403 64498445         
 287941 271881      154.4982   580                    157.1403 64512958         
 288005 271941      151.8929   417                    157.1403 64531069         
 288079 272011      152.6139   630                    157.1400 64550228         
 288146 272077      141.7773   536                    157.1400 64573434         
 288194 272117      149.1390   452                    157.1397 64593064         
 288288 272207      144.1972   470                    157.1390 64614780         
 288353 272259      147.8525   368                    157.1383 64633612         
Elapsed time = 39770.09 sec. (56613753.12 ticks, tree = 11009.43 MB, solutions = 0)
Nodefile size = 8961.45 MB (6384.12 MB after compression)
 288464 272367      146.3250   373                    157.1378 64653189         
 288570 272465      154.8892   413                    157.1372 64674227         
 288663 272554      149.5098   379                    157.1372 64692067         
 288731 272618      148.4388   397                    157.1371 64710044         
 288834 272713      152.0657   495                    157.1367 64732353         
 288947 272822      154.1851   457                    157.1362 64753136         
 289008 272873      152.2944   462                    157.1360 64772567         
 289118 272978      146.1427   388                    157.1358 64792696         
 289210 273062      152.7640   591                    157.1347 64812249         
 289283 273135      147.0818   525                    157.1347 64827994         
Elapsed time = 39880.76 sec. (56767904.15 ticks, tree = 11045.13 MB, solutions = 0)
Nodefile size = 8997.60 MB (6409.92 MB after compression)
 289347 273191      154.7374   506                    157.1336 64851793         
 289433 273277      145.1586   611                    157.1336 64867541         
 289498 273338      149.0664   444                    157.1334 64885971         
 289621 273457      152.3511   460                    157.1327 64903284         
 289743 273572        cutoff                          157.1326 64925450         
 289815 273636      155.5273   576                    157.1310 64945099         
 289868 273689      147.9029   529                    157.1310 64961119         
 289961 273774      149.4991   309                    157.1303 64979968         
 290063 273852      153.4948   495                    157.1300 65003037         
 290147 273936      143.7061   547                    157.1300 65020854         
Elapsed time = 39990.21 sec. (56921736.42 ticks, tree = 11077.79 MB, solutions = 0)
Nodefile size = 9029.85 MB (6432.91 MB after compression)
 290241 274022      152.1683   536                    157.1299 65039361         
 290342 274123      143.9724   404                    157.1299 65060874         
 290410 274187      148.8205   466                    157.1298 65076345         
 290505 274274      155.1639   538                    157.1296 65097697         
 290571 274340      147.0782   586                    157.1296 65113647         
 290657 274422      150.2605   497                    157.1293 65133491         
 290744 274505      153.4512   520                    157.1288 65154419         
 290819 274580      143.5076   414                    157.1288 65173983         
 290904 274661      147.3993   432                    157.1284 65189532         
 290987 274737      148.8604   365                    157.1282 65207718         
Elapsed time = 40100.19 sec. (57075453.67 ticks, tree = 11110.41 MB, solutions = 0)
Nodefile size = 9063.03 MB (6456.46 MB after compression)
 291111 274852      154.7121   463                    157.1275 65229190         
 291192 274916      153.6934   495                    157.1273 65249860         
 291265 274984      151.9186   423                    157.1270 65269587         
 291367 275083      150.1958   531                    157.1268 65288894         
 291440 275152      146.3173   512                    157.1263 65309436         
 291494 275202      151.4163   291                    157.1259 65330709         
 291560 275260      151.0776   487                    157.1259 65351376         
 291615 275311      149.8188   539                    157.1256 65372010         
 291706 275398      150.6148   546                    157.1254 65393996         
 291792 275474      154.5987   550                    157.1251 65414893         
Elapsed time = 40211.53 sec. (57230861.09 ticks, tree = 11140.43 MB, solutions = 0)
Nodefile size = 9093.30 MB (6478.05 MB after compression)
 291867 275545      147.8550   174                    157.1242 65433558         
 291959 275626      155.4887   590                    157.1239 65454700         
 292025 275692      148.4407   453                    157.1239 65469349         
 292127 275784      154.8280   520                    157.1238 65488426         
 292231 275884      154.6347   487                    157.1232 65507672         
 292336 275985      147.9793   409                    157.1228 65524669         
 292440 276085      145.8779   515                    157.1227 65542487         
 292497 276134      154.2441   497                    157.1220 65565888         
 292604 276235      155.5733   545                    157.1218 65586528         
 292682 276313      147.6666   514                    157.1218 65602780         
Elapsed time = 40324.06 sec. (57387707.01 ticks, tree = 11174.63 MB, solutions = 0)
Nodefile size = 9127.47 MB (6502.34 MB after compression)
 292815 276438      145.2755   353                    157.1218 65625078         
 292892 276506      146.0339   427                    157.1216 65645255         
 293002 276608      151.9174   432                    157.1209 65668785         
 293085 276683      147.6626   324                    157.1200 65690852         
 293166 276752      154.3119   586                    157.1199 65710122         
 293273 276859      145.0856   469                    157.1199 65725698         
 293347 276919        cutoff                          157.1181 65749131         
 293430 276992      154.6424   469                    157.1179 65767716         
 293547 277100      154.4313   558                    157.1179 65786541         
 293654 277203      153.4755   588                    157.1177 65808607         
Elapsed time = 40436.73 sec. (57542788.86 ticks, tree = 11210.90 MB, solutions = 0)
Nodefile size = 9163.63 MB (6528.14 MB after compression)
 293728 277273      145.7243   323                    157.1177 65828454         
 293841 277380      144.4220   374                    157.1175 65847651         
 293929 277458      155.1792   587                    157.1166 65867051         
 294010 277535      147.0975   438                    157.1164 65884319         
 294101 277622      151.5644   500                    157.1164 65900484         
 294210 277728      153.7513   418                    157.1163 65921374         
 294290 277804      148.9017   417                    157.1159 65938996         
 294382 277885      155.0150   551                    157.1156 65960442         
 294485 277988      144.0775   348                    157.1156 65977320         
 294559 278054      150.4404   494                    157.1151 65995101         
Elapsed time = 40547.15 sec. (57696797.04 ticks, tree = 11245.59 MB, solutions = 0)
Nodefile size = 9197.82 MB (6552.43 MB after compression)
 294689 278180      149.2201   369                    157.1149 66014680         
 294769 278249      153.3330   441                    157.1148 66038152         
 294852 278328      148.6868   482                    157.1148 66058292         
 294935 278407      148.9866   254                    157.1147 66077063         
 295007 278470      148.0162   402                    157.1139 66096385         
 295097 278556      145.8720   418                    157.1138 66116246         
 295187 278642      147.5820   430                    157.1136 66130458         
 295303 278754      144.1623   323                    157.1129 66152674         
 295348 278787      153.0964   448                    157.1127 66172359         
 295445 278880      150.3548   427                    157.1127 66190138         
Elapsed time = 40657.00 sec. (57850121.18 ticks, tree = 11279.26 MB, solutions = 0)
Nodefile size = 9232.02 MB (6576.80 MB after compression)
 295538 278969      149.1825   436                    157.1123 66207081         
 295616 279043      148.5325   484                    157.1121 66226498         
 295690 279108      154.0222   452                    157.1115 66251338         
 295778 279192      150.6175   493                    157.1115 66268761         
 295886 279294      147.2173   291                    157.1114 66290384         
 295953 279355      147.7398   526                    157.1113 66306052         
 296029 279414      152.2986   539                    157.1108 66331364         
 296114 279495      152.6477   464                    157.1104 66349603         
 296196 279573      149.5445   510                    157.1102 66368311         
 296285 279648      153.1135   481                    157.1097 66391926         
Elapsed time = 40767.89 sec. (58004332.23 ticks, tree = 11310.56 MB, solutions = 0)
Nodefile size = 9263.30 MB (6599.11 MB after compression)
 296355 279710      154.5330   593                    157.1095 66411630         
 296455 279810      146.2308   432                    157.1095 66427177         
 296560 279907      144.6024   481                    157.1091 66449625         
 296657 279990      147.6475   447                    157.1088 66467153         
 296743 280072      150.1932   405                    157.1087 66483678         
 296865 280186      154.6224   501                    157.1084 66504967         
 296953 280274      149.0698   491                    157.1084 66519394         
 297032 280348      143.0097   453                    157.1084 66542915         
 297099 280411      148.2881   594                    157.1084 66558885         
 297203 280511      152.1458   291                    157.1074 66579017         
Elapsed time = 40879.32 sec. (58158799.94 ticks, tree = 11345.74 MB, solutions = 0)
Nodefile size = 9298.48 MB (6624.20 MB after compression)
 297358 280662      149.6245   520                    157.1074 66598035         
 297440 280740      150.7110   523                    157.1072 66619971         
 297515 280811      153.9493   536                    157.1070 66642205         
 297546 280834      151.3228   497                    157.1067 66664222         
 297689 280973      145.5679   345                    157.1066 66683451         
 297807 281085        cutoff                          157.1066 66705391         
 297918 281190      151.1646   550                    157.1059 66724373         
 297962 281229      151.6328   495                    157.1058 66745008         
 298064 281327      152.9773   481                    157.1057 66766175         
 298166 281421      152.7754   446                    157.1055 66786922         
Elapsed time = 40990.19 sec. (58312817.10 ticks, tree = 11382.87 MB, solutions = 0)
Nodefile size = 9335.66 MB (6650.65 MB after compression)
 298258 281504      153.5740   473                    157.1055 66808738         
 298380 281626      144.0332   252                    157.1055 66828499         
 298493 281729      152.0667   490                    157.1054 66847546         
 298609 281841      153.8111   529                    157.1054 66866858         
 298701 281929      145.4402   369                    157.1053 66888323         
 298762 281986      147.4921   498                    157.1041 66904037         
 298848 282065      152.4865   531                    157.1038 66927634         
 298939 282152      155.9629   548                    157.1036 66946737         
 299000 282213      149.1995   491                    157.1036 66962112         
 299098 282304      148.3043   330                    157.1025 66982324         
Elapsed time = 41101.86 sec. (58468327.04 ticks, tree = 11418.91 MB, solutions = 0)
Nodefile size = 9371.85 MB (6676.46 MB after compression)
 299185 282383      152.0890   546                    157.1020 67002861         
 299279 282473      150.9202   352                    157.1020 67023559         
 299326 282514      150.9810   509                    157.1016 67043282         
 299347 282535      142.8927   440                    157.1016 67062707         
 299412 282591      150.9211   551                    157.1011 67081321         
 299496 282672      154.5085   514                    157.1007 67104849         
 299564 282740      144.3558   310                    157.1007 67123596         
 299677 282844      154.9726   465                    157.1001 67142954         
 299723 282884      151.2103   529                    157.0998 67159952         
 299799 282956      149.7573   527                    157.0994 67176030         
Elapsed time = 41210.83 sec. (58624634.22 ticks, tree = 11445.50 MB, solutions = 0)
Nodefile size = 9398.26 MB (6695.25 MB after compression)
 299942 283091        cutoff                          157.0990 67198668         
 300019 283168      145.8979   440                    157.0988 67215327         
 300121 283258      148.4381   497                    157.0983 67236662         
 300242 283376      150.4184   452                    157.0975 67254244         
 300377 283504      152.2030   519                    157.0968 67276540         
 300453 283567      154.3211   531                    157.0961 67298974         
 300556 283666      153.6819   619                    157.0956 67316625         
 300617 283723      152.6145   546                    157.0956 67334624         
 300735 283836      145.4552   352                    157.0952 67353125         
 300788 283881      150.4051   505                    157.0947 67372436         
Elapsed time = 41325.23 sec. (58783997.91 ticks, tree = 11483.27 MB, solutions = 0)
Nodefile size = 9435.46 MB (6721.79 MB after compression)
 300873 283962      149.8927   402                    157.0938 67390912         
 300965 284050      152.3466   536                    157.0938 67409222         
 301060 284141      154.7605   505                    157.0938 67427153         
 301133 284214      146.0574   462                    157.0938 67444287         
 301178 284251      153.4270   491                    157.0927 67466260         
 301268 284337      154.7231   510                    157.0920 67485424         
 301353 284416      153.0415   457                    157.0920 67503703         
 301472 284531      152.4443   453                    157.0918 67520756         
 301552 284605      148.6780   429                    157.0916 67540082         
 301626 284675      149.5489   369                    157.0906 67556592         
Elapsed time = 41434.60 sec. (58938804.05 ticks, tree = 11515.67 MB, solutions = 0)
Nodefile size = 9467.73 MB (6744.74 MB after compression)
 301715 284760      152.0062   421                    157.0906 67574397         
 301792 284833      153.7948   549                    157.0904 67589078         
 301905 284946      144.9015   524                    157.0904 67604856         
 301963 285000      151.8089   551                    157.0904 67620981         
 302040 285077      144.0305   425                    157.0904 67640560         
 302103 285131      149.6032   424                    157.0904 67656981         
 302222 285246      152.9187   398                    157.0902 67676214         
 302327 285347      150.6685   459                    157.0899 67694130         
 302477 285493      147.7290   366                    157.0899 67711766         
 302582 285586      147.8812   308                    157.0889 67728967         
Elapsed time = 41544.68 sec. (59093621.97 ticks, tree = 11552.79 MB, solutions = 0)
Nodefile size = 9504.87 MB (6771.10 MB after compression)
 302671 285670      149.0003   530                    157.0889 67746006         
 302776 285771      149.6898   412                    157.0880 67765462         
 302887 285878      149.0477   535                    157.0880 67784229         
 302973 285955      154.4289   588                    157.0873 67806931         
 303034 286016      147.8681   569                    157.0873 67822507         
 303146 286124      144.8398   432                    157.0873 67843599         
 303282 286256      143.7470   235                    157.0870 67862604         
 303375 286340      148.6730   490                    157.0863 67882977         
 303415 286375      154.6743   543                    157.0863 67901924         
 303490 286446      149.2463   494                    157.0861 67922139         
Elapsed time = 41654.87 sec. (59247615.12 ticks, tree = 11587.87 MB, solutions = 0)
Nodefile size = 9540.09 MB (6796.21 MB after compression)
 303570 286522      151.2165   512                    157.0860 67941362         
 303672 286620      149.8266   414                    157.0855 67960968         
 303756 286694      150.0620   504                    157.0849 67982210         
 303854 286788      151.5823   457                    157.0848 68001065         
 303960 286890      148.5075   457                    157.0845 68022129         
 304036 286962      148.2020   490                    157.0843 68042111         
 304097 287015      152.7314   588                    157.0840 68066504         
 304156 287070      154.6625   527                    157.0836 68084419         
 304274 287180      150.7174   431                    157.0835 68105738         
 304335 287237      148.4310   440                    157.0829 68125466         
Elapsed time = 41766.92 sec. (59404740.89 ticks, tree = 11620.15 MB, solutions = 0)
Nodefile size = 9572.36 MB (6819.16 MB after compression)
 304403 287301      149.7926   485                    157.0828 68141268         
 304501 287391      153.0541   537                    157.0824 68164018         
 304586 287472      156.4383   513                    157.0824 68182769         
 304669 287552      153.8601   516                    157.0824 68200128         
 304727 287594      155.5702   566                    157.0823 68215689         
 304801 287668      148.4931   465                    157.0823 68230654         
 304899 287762      147.7273   545                    157.0820 68250891         
 304956 287815      151.6939   509                    157.0813 68268871         
 305027 287877      153.1656   468                    157.0805 68290882         
 305075 287919      152.5814   580                    157.0804 68312586         
Elapsed time = 41877.00 sec. (59561084.67 ticks, tree = 11647.95 MB, solutions = 0)
Nodefile size = 9600.69 MB (6839.31 MB after compression)
 305126 287966      152.4367   557                    157.0799 68330657         
 305185 288025      145.6256   466                    157.0799 68344636         
 305255 288091      147.4803   559                    157.0798 68361278         
 305325 288157      150.2827   456                    157.0797 68382821         
 305397 288222      153.3016   497                    157.0792 68404776         
 305478 288297      152.1628   548                    157.0790 68426128         
 305561 288376      150.1063   440                    157.0789 68446034         
 305614 288417      154.1342   481                    157.0786 68468895         
 305705 288508      146.0578   410                    157.0786 68486425         
 305776 288575      152.1691   511                    157.0785 68503567         
Elapsed time = 41986.46 sec. (59716487.04 ticks, tree = 11674.71 MB, solutions = 0)
Nodefile size = 9627.06 MB (6858.11 MB after compression)
 305864 288659      152.7053   564                    157.0784 68523529         
 305965 288760      144.3734   543                    157.0784 68543073         
 306057 288844      151.4810   362                    157.0779 68566015         
 306117 288898      152.9632   532                    157.0775 68584274         
 306198 288975      145.4172   416                    157.0770 68606204         
 306279 289048      150.1851   590                    157.0768 68628584         
 306379 289140      152.9391   409                    157.0758 68650460         
 306467 289225      148.9550   493                    157.0757 68670907         
 306550 289304      148.1341   463                    157.0757 68689606         
 306680 289425      153.5893   356                    157.0751 68712207         
Elapsed time = 42098.35 sec. (59871638.40 ticks, tree = 11709.40 MB, solutions = 0)
Nodefile size = 9662.30 MB (6883.22 MB after compression)
 306745 289480      152.7120   571                    157.0749 68737215         
 306835 289566      147.6024   392                    157.0748 68757196         
 306907 289634      153.6841   545                    157.0746 68774831         
 306992 289719      146.1861   496                    157.0746 68792149         
 307088 289807      152.3417   495                    157.0742 68811446         
 307211 289926      153.4684   542                    157.0740 68831920         
 307291 290002      156.0221   654                    157.0738 68849235         
 307358 290069      148.0224   588                    157.0738 68863524         
 307456 290163      152.1491   476                    157.0738 68880706         
 307543 290242      154.6019   491                    157.0735 68903368         
Elapsed time = 42208.92 sec. (60026510.33 ticks, tree = 11742.74 MB, solutions = 0)
Nodefile size = 9695.53 MB (6906.81 MB after compression)
 307634 290329      154.2396   571                    157.0733 68922340         
 307713 290408      143.2947   370                    157.0733 68942874         
 307779 290466      147.8979   493                    157.0729 68960682         
 307876 290555      148.3578   366                    157.0728 68982762         
 307944 290620      148.1310   568                    157.0722 69002857         
 308042 290714      152.3747   499                    157.0719 69020994         
 308116 290784      154.8115   528                    157.0718 69043751         
 308222 290886      155.3466   481                    157.0711 69061287         
 308306 290964      142.7135   301                    157.0711 69084786         
 308405 291059      143.0829   355                    157.0710 69104930         
Elapsed time = 42319.51 sec. (60180926.76 ticks, tree = 11776.10 MB, solutions = 0)
Nodefile size = 9728.79 MB (6930.51 MB after compression)
 308425 291067      145.4806   438                    157.0704 69126372         
 308563 291199      144.3875   323                    157.0701 69147073         
 308659 291287      148.1742   493                    157.0698 69167986         
 308743 291367      149.3550   396                    157.0697 69187957         
 308820 291434      156.6839   664                    157.0697 69207187         
 308856 291470      153.8903   687                    157.0697 69221848         
 308901 291515      150.3011   642                    157.0697 69237480         
 308998 291608      152.8671   598                    157.0697 69256863         
 309085 291695      146.7723   545                    157.0697 69271934         
 309192 291798      147.5683   465                    157.0695 69290616         
Elapsed time = 42428.07 sec. (60334806.63 ticks, tree = 11806.20 MB, solutions = 0)
Nodefile size = 9759.11 MB (6952.14 MB after compression)
 309300 291896      154.4102   427                    157.0693 69310802         
 309351 291940      154.8008   562                    157.0686 69330330         
 309415 292004      148.0705   506                    157.0686 69346936         
 309504 292089      153.4660   575                    157.0685 69364989         
 309583 292168      147.1989   409                    157.0685 69379014         
 309722 292303      145.5519   436                    157.0685 69398439         
 309776 292351      142.3139   280                    157.0684 69420534         
 309829 292400      152.0564   492                    157.0683 69436691         
 309931 292498      154.4674   634                    157.0680 69454830         
 310032 292593      152.3627   543                    157.0677 69473106         
Elapsed time = 42538.24 sec. (60489592.25 ticks, tree = 11838.64 MB, solutions = 0)
Nodefile size = 9791.37 MB (6975.12 MB after compression)
 310116 292673      147.4459   405                    157.0676 69494106         
 310218 292755      153.9891   613                    157.0673 69517822         
 310286 292823      145.7313   572                    157.0673 69536476         
 310345 292878      150.4639   511                    157.0673 69556382         
 310441 292966      150.7784   408                    157.0670 69582259         
 310519 293037      148.9681   437                    157.0670 69602096         
 310635 293149      149.8557   418                    157.0670 69619258         
 310725 293235      151.1183   504                    157.0669 69638876         
 310798 293304      153.8110   576                    157.0668 69655994         
 310890 293396      143.1941   553                    157.0668 69674153         
Elapsed time = 42648.62 sec. (60643305.86 ticks, tree = 11871.43 MB, solutions = 0)
Nodefile size = 9823.66 MB (6998.08 MB after compression)
 310927 293426      151.0307   519                    157.0666 69692925         
 311031 293527      153.4230   568                    157.0664 69715338         
 311132 293624      154.7341   415                    157.0662 69732611         
 311229 293717      150.7070   541                    157.0659 69748646         
 311297 293774      149.8811   537                    157.0657 69770560         
 311377 293850      152.1559   455                    157.0657 69789065         
 311472 293941      151.5346   422                    157.0654 69807363         
 311581 294046      152.3007   396                    157.0654 69825414         
 311672 294133      144.0978   318                    157.0653 69844629         
 311741 294191      152.7408   523                    157.0652 69864892         
Elapsed time = 42758.55 sec. (60798151.89 ticks, tree = 11903.88 MB, solutions = 0)
Nodefile size = 9855.94 MB (7021.04 MB after compression)
 311831 294276      156.6579   471                    157.0650 69885427         
 311911 294356      149.6868   460                    157.0650 69898649         
 311985 294421      153.8816   396                    157.0645 69919898         
 312067 294499      148.3558   348                    157.0644 69938246         
 312194 294622      145.6543   400                    157.0644 69956930         
 312265 294684      146.4982   477                    157.0642 69979486         
 312345 294754      153.4586   472                    157.0637 70000996         
 312418 294823      152.1858   426                    157.0634 70017722         
 312519 294920      156.7540   626                    157.0634 70036345         
 312573 294974      150.6796   449                    157.0634 70050671         
Elapsed time = 42867.93 sec. (60953289.05 ticks, tree = 11935.84 MB, solutions = 0)
Nodefile size = 9888.24 MB (7043.95 MB after compression)
 312656 295053      144.1850   378                    157.0632 70072576         
 312732 295124      146.4813   407                    157.0631 70091951         
 312853 295238      150.1100   350                    157.0629 70112798         
 312946 295327      150.0672   565                    157.0625 70130190         
 313027 295398      154.6641   557                    157.0620 70155156         
 313087 295458      148.7573   479                    157.0620 70170126         
 313176 295543      152.9559   586                    157.0619 70187031         
 313275 295642      144.8075   425                    157.0619 70204435         
 313362 295722      150.4713   532                    157.0618 70224007         
 313445 295796      152.1892   548                    157.0614 70242666         
Elapsed time = 42977.70 sec. (61107188.00 ticks, tree = 11969.41 MB, solutions = 0)
Nodefile size = 9921.52 MB (7067.65 MB after compression)
 313496 295843      151.5873   556                    157.0613 70258207         
 313562 295905      154.1165   425                    157.0613 70278674         
 313649 295988      155.0921   637                    157.0612 70297361         
 313696 296031      149.2366   462                    157.0611 70315616         
 313766 296093      151.6743   564                    157.0611 70333133         
 313850 296173      155.0556   560                    157.0611 70355853         
 313911 296226      153.7771   456                    157.0608 70373708         
 313995 296306      150.0859   450                    157.0606 70394262         
 314054 296356      154.4345   453                    157.0603 70417052         
 314150 296448      150.5696   427                    157.0599 70435529         
Elapsed time = 43087.00 sec. (61262677.74 ticks, tree = 11996.03 MB, solutions = 0)
Nodefile size = 9948.91 MB (7087.07 MB after compression)
 314239 296533      150.2895   514                    157.0598 70454560         
 314307 296592      153.6876   413                    157.0593 70476323         
 314383 296664      149.6766   524                    157.0586 70493624         
 314501 296778      145.5532   413                    157.0586 70512400         
 314558 296831      150.8451   538                    157.0581 70529361         
 314635 296904      147.9074   340                    157.0580 70551407         
 314708 296971      151.8432   507                    157.0578 70566816         
 314806 297065      153.7338   416                    157.0577 70586326         
 314939 297194      154.2073   499                    157.0576 70604410         
 315033 297284      153.1034   489                    157.0575 70623747         
Elapsed time = 43197.40 sec. (61417197.73 ticks, tree = 12030.17 MB, solutions = 0)
Nodefile size = 9982.17 MB (7110.75 MB after compression)
 315124 297371      149.7138   390                    157.0572 70643430         
 315184 297427      150.6933   560                    157.0562 70660591         
 315267 297506      151.8314   430                    157.0561 70680591         
 315388 297623      144.1623   315                    157.0559 70701255         
 315478 297705      155.5853   605                    157.0556 70722373         
 315533 297750      155.1776   589                    157.0556 70742550         
 315614 297831      148.2284   465                    157.0556 70757569         
 315703 297916      150.6598   457                    157.0556 70776787         
 315804 298013      144.8577   405                    157.0552 70799715         
 315880 298085      144.8425   426                    157.0551 70818206         
Elapsed time = 43307.56 sec. (61571606.15 ticks, tree = 12062.87 MB, solutions = 0)
Nodefile size = 10015.45 MB (7134.40 MB after compression)
 315947 298145      148.9038   434                    157.0550 70835349         
 316027 298218      149.9281   458                    157.0548 70856705         
 316099 298286      147.4419   392                    157.0547 70874552         
 316189 298366      146.2121   463                    157.0547 70895287         
 316270 298443      148.7300   521                    157.0544 70913593         
 316386 298555      145.3969   552                    157.0543 70934810         
 316471 298633      144.8345   414                    157.0541 70957664         
 316544 298698      150.5612   445                    157.0538 70976612         
 316648 298799      144.6078   320                    157.0537 70997665         
 316727 298874      150.5544   480                    157.0535 71013905         
Elapsed time = 43418.66 sec. (61727255.36 ticks, tree = 12095.11 MB, solutions = 0)
Nodefile size = 10047.75 MB (7157.29 MB after compression)
 316812 298955      145.1412   422                    157.0533 71034872         
 316885 299024      147.1676   510                    157.0529 71052572         
 316983 299114      152.9854   566                    157.0525 71076775         
 317064 299192      154.7065   573                    157.0522 71095935         
 317138 299262      145.9023   404                    157.0517 71114771         
 317236 299350      148.6936   445                    157.0516 71136156         
 317357 299463      153.8348   565                    157.0511 71158684         
 317448 299554      145.0825   455                    157.0511 71178100         
 317553 299653      146.0817   514                    157.0507 71196209         
 317650 299746      144.8618   420                    157.0505 71215790         
Elapsed time = 43530.66 sec. (61882253.68 ticks, tree = 12130.71 MB, solutions = 0)
Nodefile size = 10082.98 MB (7182.45 MB after compression)
 317739 299826      147.9585   473                    157.0498 71237275         
 317820 299899      150.4240   462                    157.0495 71256858         
 317929 300004      144.6236   387                    157.0495 71281221         
 318015 300081      148.9533   403                    157.0485 71300156         
 318109 300171      147.6339   397                    157.0483 71323227         
 318224 300273      154.0940   557                    157.0482 71344973         
 318308 300353      154.1018   483                    157.0479 71366417         
 318385 300426      156.1292   504                    157.0478 71382770         
 318448 300489      148.7276   438                    157.0478 71399008         
 318512 300544      155.8158   549                    157.0467 71422005         
Elapsed time = 43641.61 sec. (62036129.13 ticks, tree = 12163.31 MB, solutions = 0)
Nodefile size = 10116.29 MB (7206.25 MB after compression)
 318620 300652      145.4448   380                    157.0467 71438904         
 318685 300713      152.2158   455                    157.0466 71456677         
 318787 300811      151.5081   464                    157.0465 71477583         
 318895 300915      151.1911   499                    157.0464 71498347         
 318976 300989      155.2520   535                    157.0463 71521041         
 319073 301082      151.0176   460                    157.0460 71541758         
 319175 301180      151.2203   411                    157.0460 71560038         
 319286 301284      153.3287   457                    157.0453 71581165         
 319344 301339      151.2962   491                    157.0453 71601635         
 319437 301428      154.4330   525                    157.0452 71623368         
Elapsed time = 43753.49 sec. (62191864.94 ticks, tree = 12199.42 MB, solutions = 0)
Nodefile size = 10151.53 MB (7231.42 MB after compression)
 319527 301514      149.2730   499                    157.0447 71643314         
 319611 301594      154.1440   581                    157.0445 71661159         
 319681 301664      147.6845   544                    157.0445 71678007         
 319785 301754      152.2095   535                    157.0440 71700870         
 319884 301849      155.4948   528                    157.0437 71721064         
 319945 301910      151.0642   566                    157.0437 71730355         
 320049 302010      151.6309   523                    157.0437 71748925         
 320117 302074      150.8069   500                    157.0436 71768066         
 320226 302173      154.7201   524                    157.0436 71790249         
 320307 302250      152.8125   542                    157.0433 71808213         
Elapsed time = 43864.27 sec. (62347173.61 ticks, tree = 12232.97 MB, solutions = 0)
Nodefile size = 10185.77 MB (7255.87 MB after compression)
 320421 302360      156.4447   500                    157.0433 71828536         
 320499 302438      148.6664   442                    157.0433 71844520         
 320616 302551      150.3794   353                    157.0425 71864186         
 320727 302656      152.8037   479                    157.0422 71882356         
 320818 302743      155.6547   480                    157.0421 71903859         
 320917 302838      147.8574   441                    157.0420 71922483         
 321078 302991      153.6087   503                    157.0413 71942511         
 321135 303042      146.1791   379                    157.0412 71965245         
 321230 303133      145.3638   452                    157.0412 71986121         
 321342 303237      153.6003   426                    157.0407 72010689         
Elapsed time = 43977.78 sec. (62504181.37 ticks, tree = 12273.28 MB, solutions = 0)
Nodefile size = 10225.91 MB (7284.39 MB after compression)
 321435 303325      146.6326   402                    157.0405 72030739         
 321496 303377      150.9028   549                    157.0403 72047578         
 321577 303454      151.5933   429                    157.0399 72070645         
 321657 303530      148.7562   579                    157.0397 72089557         
 321732 303601      155.0337   628                    157.0395 72107514         
 321813 303682      148.8335   598                    157.0395 72120955         
 321902 303765      147.8018   318                    157.0392 72142641         
 321981 303836      154.8302   611                    157.0390 72161330         
 322058 303913      147.7727   547                    157.0390 72176319         
 322148 303995      151.6803   577                    157.0386 72198856         
Elapsed time = 44087.01 sec. (62658008.36 ticks, tree = 12304.20 MB, solutions = 0)
Nodefile size = 10256.21 MB (7305.83 MB after compression)
 322231 304074      149.4860   370                    157.0381 72219961         
 322312 304147      149.1958   415                    157.0380 72242751         
 322397 304228      148.7690   588                    157.0379 72259824         
 322486 304309      153.2431   498                    157.0377 72281161         
 322566 304382      153.9676   604                    157.0372 72303838         
 322650 304462      155.5792   487                    157.0370 72322250         
 322707 304519      149.8463   463                    157.0370 72337109         
 322817 304625      155.4645   544                    157.0369 72355832         
 322872 304680      145.6436   498                    157.0369 72372897         
 322950 304754      151.8214   501                    157.0368 72387384         
Elapsed time = 44197.33 sec. (62813045.63 ticks, tree = 12335.19 MB, solutions = 0)
Nodefile size = 10287.52 MB (7328.10 MB after compression)
 323053 304850      156.0569   412                    157.0367 72407318         
 323157 304946      152.9557   525                    157.0366 72424115         
 323249 305032      148.3904   563                    157.0364 72444816         
 323348 305123      153.2069   535                    157.0350 72465974         
 323409 305176      152.7384   520                    157.0349 72492796         
 323505 305264      153.7211   541                    157.0347 72511860         
 323582 305337      152.8465   569                    157.0343 72529622         
 323666 305421      144.0088   482                    157.0343 72548711         
 323720 305467      152.8823   512                    157.0340 72569052         
 323808 305551      150.9255   487                    157.0339 72587675         
Elapsed time = 44308.02 sec. (62967365.49 ticks, tree = 12367.73 MB, solutions = 0)
Nodefile size = 10319.82 MB (7351.17 MB after compression)
 323899 305638      153.7123   465                    157.0339 72605078         
 323997 305732      153.8773   511                    157.0339 72621761         
 324092 305823      151.4987   496                    157.0334 72641076         
 324136 305863      153.1084   544                    157.0333 72656662         
 324213 305940      145.5227   484                    157.0333 72673193         
 324263 305986      151.9952   531                    157.0331 72692231         
 324350 306069      151.9533   515                    157.0327 72712797         
 324434 306149      150.4318   483                    157.0326 72730830         
 324515 306218      153.8833   509                    157.0319 72754510         
 324585 306284      152.8452   590                    157.0318 72774169         
Elapsed time = 44417.60 sec. (63123010.04 ticks, tree = 12397.65 MB, solutions = 0)
Nodefile size = 10350.14 MB (7372.79 MB after compression)
 324673 306368      151.2490   467                    157.0315 72791627         
 324791 306482      149.4745   462                    157.0310 72810120         
 324894 306571      154.0394   532                    157.0308 72833813         
 324972 306649      145.0755   422                    157.0308 72851382         
 325093 306766      143.3804   264                    157.0306 72870284         
 325137 306806      148.1307   442                    157.0305 72883579         
 325221 306886      154.9916   539                    157.0305 72901833         
 325327 306990        cutoff                          157.0305 72918891         
 325398 307051      152.1920   569                    157.0302 72943202         
 325481 307134      144.8572   540                    157.0302 72960278         
Elapsed time = 44529.00 sec. (63278711.15 ticks, tree = 12432.33 MB, solutions = 0)
Nodefile size = 10384.39 MB (7397.21 MB after compression)
 325560 307207        cutoff                          157.0302 72981053         
 325632 307268      151.9587   499                    157.0289 72999019         
 325741 307373      146.6950   499                    157.0288 73018294         
 325847 307471      154.0424   547                    157.0281 73039110         
 325925 307545      155.2834   593                    157.0275 73059199         
 325943 307563      147.9744   483                    157.0275 73073967         
 326011 307626      150.8033   512                    157.0272 73090869         
 326100 307708      143.6141   382                    157.0268 73110986         
 326167 307769      148.9355   501                    157.0266 73126758         
 326237 307831      147.1253   443                    157.0265 73148274         
Elapsed time = 44637.43 sec. (63432636.34 ticks, tree = 12460.78 MB, solutions = 0)
Nodefile size = 10413.75 MB (7418.15 MB after compression)
 326297 307883      149.8208   557                    157.0261 73164051         
 326365 307947      154.2435   449                    157.0259 73182557         
 326480 308058      153.7401   491                    157.0256 73200409         
 326546 308120      154.0307   457                    157.0254 73220489         
 326616 308186      141.7163   352                    157.0253 73240299         
 326663 308227      152.7660   548                    157.0247 73258381         
 326751 308315      144.0605   352                    157.0247 73277187         
 326849 308409      147.0932   379                    157.0247 73291851         
 326924 308477      146.8563   421                    157.0245 73313909         
 326971 308511      151.0182   501                    157.0244 73346782         
Elapsed time = 44747.89 sec. (63588696.19 ticks, tree = 12488.57 MB, solutions = 0)
Nodefile size = 10441.16 MB (7437.61 MB after compression)
 327079 308615      145.6880   491                    157.0236 73366785         
 327164 308691      150.1184   532                    157.0233 73388045         
 327230 308753      146.1836   400                    157.0232 73411241         
 327294 308805      152.7670   501                    157.0227 73430890         
 327414 308919      153.3252   431                    157.0226 73450178         
 327501 309002      154.1822   530                    157.0225 73469309         
 327559 309060      147.2616   479                    157.0225 73484151         
 327637 309129      149.6220   308                    157.0220 73505972         
 327748 309232      146.8226   339                    157.0218 73525543         
 327849 309329      146.6230   380                    157.0217 73543283         
Elapsed time = 44857.71 sec. (63742525.16 ticks, tree = 12521.94 MB, solutions = 0)
Nodefile size = 10474.41 MB (7461.25 MB after compression)
 327930 309402      153.7044   534                    157.0214 73562380         
 328024 309492      152.6593   481                    157.0210 73580661         
 328127 309591      152.4828   574                    157.0210 73597670         
 328250 309710      154.6107   582                    157.0205 73618182         
 328326 309778      156.1179   627                    157.0203 73639985         
 328389 309841      151.9763   438                    157.0203 73650447         
 328502 309950      152.7209   611                    157.0195 73669141         
 328574 310018      153.7754   514                    157.0195 73690300         
 328663 310103      155.1117   553                    157.0192 73709886         
 328732 310172      145.8418   360                    157.0192 73728151         
Elapsed time = 44968.06 sec. (63896484.05 ticks, tree = 12556.38 MB, solutions = 0)
Nodefile size = 10508.68 MB (7485.58 MB after compression)
 328791 310221      149.7597   527                    157.0189 73749168         
 328874 310298      148.4532   440                    157.0184 73768947         
 328918 310334      145.3072   395                    157.0183 73791054         
 328967 310375      152.4686   527                    157.0182 73814025         
 329058 310462      155.9608   641                    157.0181 73836140         
 329120 310524      152.1290   564                    157.0181 73849267         
 329181 310585      145.9991   639                    157.0181 73869299         
 329264 310664      152.4736   446                    157.0180 73888896         
 329366 310762      150.9709   557                    157.0180 73908404         
 329436 310828      149.3069   423                    157.0178 73927394         
Elapsed time = 45077.62 sec. (64052491.20 ticks, tree = 12583.16 MB, solutions = 0)
Nodefile size = 10536.06 MB (7505.02 MB after compression)
 329528 310912      149.1319   404                    157.0177 73945247         
 329634 311014      149.5735   433                    157.0176 73964646         
 329736 311112      149.4352   468                    157.0171 73983552         
 329824 311196      150.1034   506                    157.0171 74000539         
 329915 311277      153.1986   439                    157.0169 74023502         
 329997 311355      148.9285   364                    157.0166 74043440         
 330093 311447      147.1616   500                    157.0166 74063296         
 330217 311567      144.6948   494                    157.0163 74084827         
 330277 311620      142.8617   314                    157.0162 74105534         
 330348 311687      150.9103   546                    157.0160 74119424         
Elapsed time = 45188.04 sec. (64206587.57 ticks, tree = 12618.24 MB, solutions = 0)
Nodefile size = 10570.30 MB (7529.31 MB after compression)
 330463 311798      148.0775   473                    157.0160 74139187         
 330548 311871      153.7350   524                    157.0154 74163576         
 330636 311955      155.7486   555                    157.0152 74183303         
 330714 312029      154.1093   552                    157.0151 74203842         
 330785 312100      143.7427   490                    157.0151 74220832         
 330833 312144      150.2940   546                    157.0145 74237899         
 330910 312211      153.6884   447                    157.0136 74262254         
 330991 312288      151.6252   618                    157.0136 74280803         
 331087 312383      143.5573   558                    157.0136 74300889         
 331172 312460      149.4600   481                    157.0134 74321485         
Elapsed time = 45298.81 sec. (64362002.04 ticks, tree = 12649.81 MB, solutions = 0)
Nodefile size = 10602.60 MB (7552.26 MB after compression)
 331223 312507      143.4684   419                    157.0134 74340824         
 331317 312593      150.9792   498                    157.0131 74358676         
 331422 312694      152.1876   480                    157.0131 74377385         
 331512 312780      147.6935   496                    157.0130 74396725         
 331595 312849      151.9037   425                    157.0126 74419071         
 331668 312913      152.1173   566                    157.0124 74441918         
 331774 313015      152.8854   443                    157.0120 74460248         
 331871 313104      152.6976   488                    157.0117 74481744         
 331950 313178      153.6398   581                    157.0115 74501103         
 332035 313263      144.5744   300                    157.0115 74519434         
Elapsed time = 45410.11 sec. (64517606.36 ticks, tree = 12682.59 MB, solutions = 0)
Nodefile size = 10634.89 MB (7575.34 MB after compression)
 332091 313315      150.7441   531                    157.0114 74534715         
 332212 313432      153.4544   614                    157.0113 74555812         
 332307 313527      143.1421   448                    157.0113 74574431         
 332367 313578      149.6172   526                    157.0108 74594001         
 332468 313675      154.0771   472                    157.0108 74615688         
 332603 313810      144.4174   365                    157.0108 74632630         
 332712 313911      153.5245   537                    157.0106 74653243         
 332780 313969      154.8678   483                    157.0100 74673975         
 332871 314057      148.3491   428                    157.0099 74694590         
 332943 314126      151.3445   482                    157.0099 74713553         
Elapsed time = 45521.67 sec. (64673509.34 ticks, tree = 12717.85 MB, solutions = 0)
Nodefile size = 10670.14 MB (7600.42 MB after compression)
 333107 314285      149.8447   481                    157.0098 74731496         
 333205 314373      149.2375   517                    157.0095 74752256         
 333290 314454      150.6280   506                    157.0094 74772789         
 333400 314560      149.7904   384                    157.0093 74792589         
 333478 314634      151.5406   634                    157.0089 74809880         
 333571 314727      142.4936   494                    157.0089 74831675         
 333618 314766      152.4813   420                    157.0088 74851599         
 333776 314920      153.0565   558                    157.0085 74869079         
 333873 315017      144.3194   434                    157.0085 74888210         
 333945 315085      150.9573   527                    157.0083 74901836         
Elapsed time = 45633.57 sec. (64828368.92 ticks, tree = 12757.04 MB, solutions = 0)
Nodefile size = 10709.33 MB (7628.40 MB after compression)
 334060 315196      153.5088   519                    157.0079 74922674         
 334130 315266      145.0026   475                    157.0079 74942073         
 334202 315330      153.1246   448                    157.0071 74959517         
 334306 315431      151.0337   545                    157.0068 74979457         
 334405 315526      149.6580   494                    157.0067 74999232         
 334506 315621      144.6181   404                    157.0067 75020226         
 334551 315662      146.5515   397                    157.0066 75041975         
 334628 315733      147.4915   481                    157.0066 75060188         
 334719 315820      148.9968   502                    157.0066 75080209         
 334739 315832      149.6987   643                    157.0064 75103011         
Elapsed time = 45743.68 sec. (64983303.01 ticks, tree = 12787.54 MB, solutions = 0)
Nodefile size = 10739.67 MB (7650.03 MB after compression)
 334818 315910      142.0117   583                    157.0064 75128691         
 334887 315970      146.9366   429                    157.0062 75148255         
 334970 316049      150.3851   430                    157.0060 75164314         
 335056 316131      153.3593   527                    157.0057 75185025         
 335167 316238      152.6922   567                    157.0053 75199311         
 335247 316314      152.5298   507                    157.0049 75219392         
 335306 316368      151.2492   358                    157.0042 75239197         
 335453 316509      147.8916   564                    157.0042 75255623         
 335536 316588      148.5958   501                    157.0042 75274466         
 335635 316684      142.3661   480                    157.0039 75296580         
Elapsed time = 45854.58 sec. (65137696.60 ticks, tree = 12822.34 MB, solutions = 0)
Nodefile size = 10774.93 MB (7675.30 MB after compression)
 335659 316704      151.9518   440                    157.0036 75313887         
 335726 316768      152.1038   530                    157.0036 75330753         
 335821 316859      154.9664   553                    157.0036 75348426         
 335919 316957      144.3566   361                    157.0036 75368245         
 336013 317043      155.6093   593                    157.0030 75388131         
 336082 317112      149.1280   425                    157.0030 75403423         
 336164 317180      154.8722   502                    157.0027 75425063         
 336238 317254      148.2724   532                    157.0027 75440826         
 336327 317340      153.0789   470                    157.0024 75456219         
 336442 317451      156.4334   594                    157.0024 75475339         
Elapsed time = 45964.10 sec. (65292784.04 ticks, tree = 12853.67 MB, solutions = 0)
Nodefile size = 10806.25 MB (7697.57 MB after compression)
 336500 317509      152.0800   485                    157.0024 75488989         
 336591 317597      154.7526   517                    157.0022 75508171         
 336715 317721      144.0677   281                    157.0022 75524454         
 336782 317779      149.9347   385                    157.0021 75542276         
 336872 317865      150.5278   505                    157.0017 75558677         
 336952 317939      147.7394   488                    157.0016 75580143         
 337071 318054      146.9560   367                    157.0016 75599215         
 337127 318102      153.2294   439                    157.0013 75616658         
 337255 318226      154.5200   520                    157.0013 75634035         
 337348 318313      149.5431   472                    157.0012 75652904         
Elapsed time = 46074.40 sec. (65447390.04 ticks, tree = 12888.86 MB, solutions = 0)
Nodefile size = 10841.47 MB (7722.60 MB after compression)
 337435 318396      153.5591   527                    157.0010 75669967         
 337532 318493      144.5952   435                    157.0010 75686831         
 337618 318566      150.8612   404                    157.0008 75707557         
 337754 318692      154.0585   542                    156.9996 75728124         
 337862 318800      143.6944   360                    156.9996 75746534         
 337938 318868      146.3363   430                    156.9991 75765992         
 338017 318943      146.6885   361                    156.9991 75784617         
 338150 319068      155.8040   639                    156.9987 75805915         
 338197 319115      151.9677   518                    156.9987 75819466         
 338282 319200      143.8856   501                    156.9987 75838752         
Elapsed time = 46186.00 sec. (65603377.10 ticks, tree = 12925.09 MB, solutions = 0)
Nodefile size = 10877.69 MB (7748.43 MB after compression)
 338340 319251      151.1875   493                    156.9986 75855950         
 338438 319345      146.6149   336                    156.9981 75875636         
 338541 319444      145.2675   448                    156.9981 75895037         
 338603 319502      149.0665   565                    156.9981 75912585         
 338693 319586      141.6010   412                    156.9981 75932944         
 338750 319639      148.0012   559                    156.9978 75948782         
 338841 319726      152.6115   486                    156.9977 75968654         
 338936 319815      155.0719   421                    156.9976 75986493         
 339085 319960      154.2309   540                    156.9976 76002022         
 339172 320043      147.2324   377                    156.9974 76022183         
Elapsed time = 46296.14 sec. (65757118.59 ticks, tree = 12959.52 MB, solutions = 0)
Nodefile size = 10911.95 MB (7772.86 MB after compression)
 339253 320120      146.7771   546                    156.9974 76040444         
 339328 320191      150.1597   443                    156.9970 76059158         
 339417 320276      151.8908   416                    156.9969 76074390         
 339543 320398      154.5274   577                    156.9968 76091976         
 339607 320462      145.5070   544                    156.9968 76110694         
 339667 320507      151.4293   557                    156.9966 76132891         
 339764 320600      150.8347   560                    156.9965 76151760         
 339843 320675      153.1858   579                    156.9964 76171139         
 339942 320770      156.0306   525                    156.9963 76190146         
 340025 320853      148.3598   392                    156.9963 76204237         
Elapsed time = 46406.08 sec. (65911149.34 ticks, tree = 12992.60 MB, solutions = 0)
Nodefile size = 10945.22 MB (7796.48 MB after compression)
 340090 320910      153.2910   550                    156.9959 76225321         
 340201 321017      152.4664   486                    156.9958 76245390         
 340327 321138      149.7724   463                    156.9958 76262698         
 340399 321206      148.5219   467                    156.9957 76282884         
 340497 321294      150.9957   581                    156.9955 76305346         
 340614 321406      149.2082   417                    156.9954 76324938         
 340716 321502      146.3534   352                    156.9950 76344623         
 340804 321586      150.7175   492                    156.9949 76361845         
 340891 321663      152.4703   481                    156.9943 76383412         
 341009 321777      152.5987   505                    156.9941 76401951         
Elapsed time = 46517.28 sec. (66064882.51 ticks, tree = 13030.36 MB, solutions = 0)
Nodefile size = 10982.46 MB (7822.96 MB after compression)
 341096 321860      148.1353   259                    156.9940 76423919         
 341171 321931      151.7999   566                    156.9939 76441114         
 341266 322022      155.5911   406                    156.9926 76464106         
 341361 322112      149.2109   295                    156.9924 76481072         
 341490 322237      147.0643   407                    156.9920 76497612         
 341577 322314      153.8501   487                    156.9917 76517163         
 341658 322395      146.1728   380                    156.9917 76535446         
 341690 322423      149.9528   383                    156.9916 76556970         
 341758 322485      153.3559   540                    156.9915 76581369         
 341869 322592      151.8414   503                    156.9915 76601678         
Elapsed time = 46628.01 sec. (66219971.68 ticks, tree = 13063.65 MB, solutions = 0)
Nodefile size = 11015.73 MB (7846.63 MB after compression)
 341960 322679      149.3905   484                    156.9913 76621028         
 342089 322803      142.6599   455                    156.9909 76644668         
 342134 322842      150.0970   308                    156.9908 76663383         
 342186 322888      148.2040   470                    156.9907 76682649         
 342258 322956      152.7735   561                    156.9905 76700458         
 342361 323055      152.3929   432                    156.9905 76720032         
 342472 323162      151.2196   439                    156.9899 76737853         
 342540 323226      152.3791   544                    156.9897 76760111         
 342582 323264      152.3136   516                    156.9897 76780492         
 342668 323346      154.1066   491                    156.9893 76801224         
Elapsed time = 46737.69 sec. (66374447.32 ticks, tree = 13094.44 MB, solutions = 0)
Nodefile size = 11047.06 MB (7869.03 MB after compression)
 342754 323423      151.4342   559                    156.9891 76821140         
 342829 323489      155.7609   604                    156.9890 76843775         
 342919 323579      149.2212   468                    156.9890 76857976         
 343055 323711      151.6615   571                    156.9889 76876150         
 343150 323802      154.4671   575                    156.9889 76895343         
 343212 323864      146.3758   550                    156.9889 76913296         
 343301 323949      149.5320   496                    156.9887 76932288         
 343387 324027      154.7168   323                    156.9880 76955552         
 343504 324140      150.5577   269                    156.9879 76969955         
 343647 324279      148.7335   451                    156.9874 76988417         
Elapsed time = 46848.66 sec. (66528424.49 ticks, tree = 13132.55 MB, solutions = 0)
Nodefile size = 11085.24 MB (7896.21 MB after compression)
 343774 324403      146.1294   483                    156.9871 77008055         
 343843 324462      149.1584   405                    156.9867 77030173         
 343971 324583      153.4728   517                    156.9864 77051602         
 344074 324682      147.4242   471                    156.9859 77069027         
 344158 324755      154.1788   475                    156.9850 77091199         
 344281 324874      153.7515   452                    156.9849 77110150         
 344367 324956      155.4063   551                    156.9848 77129322         
 344445 325030      152.5111   431                    156.9847 77148681         
 344523 325099      152.4932   472                    156.9844 77170369         
 344642 325214      151.5581   508                    156.9841 77190157         
Elapsed time = 46959.93 sec. (66683161.89 ticks, tree = 13170.76 MB, solutions = 0)
Nodefile size = 11123.45 MB (7923.35 MB after compression)
 344727 325295      151.3317   489                    156.9841 77208377         
 344813 325377      153.1066   565                    156.9838 77225191         
 344914 325478      142.7822   440                    156.9838 77245121         
 344986 325537      156.5132   634                    156.9836 77268803         
 345035 325586      150.6406   529                    156.9836 77283534         
 345126 325673      156.4114   651                    156.9834 77303821         
 345161 325708      153.6729   672                    156.9834 77314932         
 345223 325770      147.8761   598                    156.9834 77332061         
 345316 325858      142.7297   338                    156.9834 77356651         
 345413 325946      153.1432   509                    156.9827 77375125         
Elapsed time = 47070.45 sec. (66839021.55 ticks, tree = 13200.63 MB, solutions = 0)
Nodefile size = 11152.80 MB (7944.22 MB after compression)
 345522 326051      154.1186   463                    156.9826 77397316         
 345591 326111      156.1813   695                    156.9821 77414685         
 345633 326153      152.2004   639                    156.9821 77429557         
 345694 326214      146.9205   554                    156.9821 77448841         
 345776 326278      151.2312   528                    156.9820 77472493         
 345873 326372      151.7144   462                    156.9817 77490423         
 345975 326471      152.8537   546                    156.9816 77510503         
 346047 326543      145.1633   493                    156.9816 77530936         
 346160 326652      143.5651   380                    156.9813 77551233         
 346201 326685      152.1922   596                    156.9811 77571674         
Elapsed time = 47179.61 sec. (66993043.96 ticks, tree = 13230.78 MB, solutions = 0)
Nodefile size = 11183.13 MB (7965.78 MB after compression)
 346255 326735      151.2706   513                    156.9811 77590404         
 346327 326803      150.8759   474                    156.9808 77607507         
 346428 326901      151.8241   549                    156.9807 77626490         
 346516 326985      150.8097   587                    156.9807 77649370         
 346581 327046      149.8285   531                    156.9806 77666735         
 346678 327139      148.8081   420                    156.9802 77686871         
 346730 327188      152.7231   575                    156.9798 77699289         
 346807 327265      145.0408   474                    156.9798 77719645         
 346875 327329      150.8199   525                    156.9797 77739923         
 346980 327428      151.0689   492                    156.9794 77758225         
Elapsed time = 47289.34 sec. (67147208.49 ticks, tree = 13261.13 MB, solutions = 0)
Nodefile size = 11213.50 MB (7987.37 MB after compression)
 347085 327526      153.2141   541                    156.9793 77776956         
 347190 327627      155.0932   513                    156.9793 77795838         
 347296 327733      143.6820   401                    156.9793 77815708         
 347399 327832      144.6285   404                    156.9791 77837026         
 347449 327875      151.1466   560                    156.9786 77857376         
 347536 327958      152.0570   542                    156.9785 77876974         
 347622 328039      154.0563   548                    156.9784 77900493         
 347697 328110      154.9498   583                    156.9783 77920909         
 347768 328181      148.0310   525                    156.9783 77937644         
 347829 328233      152.9833   494                    156.9782 77958813         
Elapsed time = 47400.02 sec. (67301353.63 ticks, tree = 13294.01 MB, solutions = 0)
Nodefile size = 11246.78 MB (8011.09 MB after compression)
 347944 328344      152.6250   491                    156.9781 77976512         
 348054 328450      152.2615   428                    156.9780 77995003         
 348169 328561      143.1711   346                    156.9780 78016560         
 348231 328611      152.7451   473                    156.9775 78037432         
 348332 328708      149.6199   546                    156.9773 78057628         
 348417 328789      148.8965   355                    156.9771 78077634         
 348517 328878      147.4552   413                    156.9769 78099357         
 348593 328950      149.6477   478                    156.9767 78116103         
 348719 329072      149.5850   434                    156.9764 78134395         
 348816 329164      147.5733   449                    156.9764 78156413         
Elapsed time = 47511.10 sec. (67455284.39 ticks, tree = 13332.05 MB, solutions = 0)
Nodefile size = 11284.99 MB (8038.43 MB after compression)
 348895 329234      149.3357   371                    156.9762 78178542         
 348985 329319      147.0756   511                    156.9757 78194327         
 349096 329420      152.7867   545                    156.9752 78214519         
 349139 329459      151.0763   492                    156.9750 78234939         
 349234 329550      150.4328   479                    156.9749 78251044         
 349344 329656      150.8542   559                    156.9749 78269242         
 349433 329741      149.5139   473                    156.9749 78286408         
 349515 329816      153.8831   515                    156.9745 78305340         
 349599 329897      156.1634   647                    156.9743 78322207         
 349674 329972      150.0703   476                    156.9743 78335529         
Elapsed time = 47621.11 sec. (67610135.75 ticks, tree = 13365.05 MB, solutions = 0)
Nodefile size = 11317.31 MB (8061.49 MB after compression)
 349775 330069      148.0149   441                    156.9741 78355591         
 349890 330180      144.8959   474                    156.9741 78376711         
 349940 330221      148.8962   427                    156.9741 78395039         
 350029 330306      148.1535   477                    156.9738 78413401         
 350134 330404      154.9505   510                    156.9735 78435091         
 350190 330450      153.7787   547                    156.9730 78455567         
 350254 330514      147.7357   491                    156.9730 78471436         
 350361 330613      154.0566   521                    156.9729 78495131         
 350461 330709      155.4606   384                    156.9727 78511489         
 350560 330798      146.4031   337                    156.9722 78532870         
Elapsed time = 47732.07 sec. (67764131.20 ticks, tree = 13398.77 MB, solutions = 0)
Nodefile size = 11351.58 MB (8085.92 MB after compression)
 350659 330892      145.5385   376                    156.9718 78550893         
 350723 330952      150.2549   472                    156.9718 78566941         
 350799 331024      153.3833   528                    156.9717 78586526         
 350887 331105      143.0196   416                    156.9716 78606927         
 350981 331191      155.4678   585                    156.9713 78625689         
 351068 331278      147.9961   445                    156.9713 78639790         
 351170 331376      144.7588   357                    156.9712 78660277         
 351220 331410      154.3692   545                    156.9703 78680000         
 351282 331472      147.9082   445                    156.9703 78696571         
 351366 331552      147.7265   456                    156.9702 78715619         
Elapsed time = 47841.15 sec. (67917791.44 ticks, tree = 13429.56 MB, solutions = 0)
Nodefile size = 11381.92 MB (8107.47 MB after compression)
 351445 331628      148.2829   577                    156.9701 78733071         
 351535 331714      152.6575   427                    156.9698 78752170         
 351667 331840      145.4820   285                    156.9696 78771896         
 351757 331918      149.7869   375                    156.9692 78790448         
 351861 332018      147.7183   466                    156.9691 78808539         
 351971 332120      151.5505   538                    156.9690 78829635         
 352016 332161      151.8973   474                    156.9690 78845954         
 352153 332298      143.4865   302                    156.9690 78865431         
 352236 332377      144.1050   505                    156.9689 78883154         
 352310 332447      147.7876   465                    156.9689 78899905         
Elapsed time = 47951.72 sec. (68071650.49 ticks, tree = 13466.11 MB, solutions = 0)
Nodefile size = 11418.15 MB (8133.28 MB after compression)
 352409 332542      144.8386   407                    156.9687 78920811         
 352467 332594      153.8264   544                    156.9682 78936223         
 352530 332657      146.6434   557                    156.9682 78952957         
 352616 332740      145.5024   540                    156.9682 78973752         
 352705 332825      147.3898   397                    156.9681 78993889         
 352788 332899      151.3140   422                    156.9677 79014446         
 352849 332954      148.6151   588                    156.9672 79033547         
 352950 333051      152.1552   441                    156.9672 79054582         
 353056 333153      151.2608   545                    156.9671 79073039         
 353154 333243      150.7629   512                    156.9668 79093926         
Elapsed time = 48062.87 sec. (68226466.63 ticks, tree = 13498.60 MB, solutions = 0)
Nodefile size = 11451.43 MB (8156.96 MB after compression)
 353209 333292      153.3493   554                    156.9666 79112672         
 353309 333389      155.5604   547                    156.9665 79131402         
 353397 333473      152.7964   496                    156.9656 79150272         
 353482 333554      154.7575   562                    156.9656 79169139         
 353547 333619      145.8593   509                    156.9656 79184180         
 353618 333678      152.2323   442                    156.9655 79205528         
 353713 333770      148.5475   430                    156.9654 79223307         
 353816 333869      146.7042   359                    156.9653 79243182         
 353888 333936      150.3940   515                    156.9649 79262345         
 353985 334027      148.8439   335                    156.9648 79283595         
Elapsed time = 48173.20 sec. (68380813.35 ticks, tree = 13530.61 MB, solutions = 0)
Nodefile size = 11482.74 MB (8179.18 MB after compression)
 354047 334085      148.5358   511                    156.9647 79301180         
 354118 334152      151.0859   511                    156.9646 79320394         
 354230 334260      147.4339   349                    156.9645 79339345         
 354327 334347      153.4667   579                    156.9643 79360546         
 354366 334381      153.7896   475                    156.9642 79380717         
 354469 334479      150.8096   472                    156.9642 79400164         
 354543 334550      148.3693   485                    156.9639 79419460         
 354641 334644      153.6422   487                    156.9637 79439134         
 354715 334718      145.5587   404                    156.9637 79458926         
 354797 334788      153.8594   576                    156.9634 79479746         
Elapsed time = 48286.64 sec. (68539527.12 ticks, tree = 13561.69 MB, solutions = 0)
Nodefile size = 11514.07 MB (8201.55 MB after compression)
 354897 334888      145.1221   523                    156.9634 79495700         
 354984 334971      146.6628   483                    156.9633 79515285         
 355047 335026      151.8072   503                    156.9630 79537119         
 355140 335109      152.7641   519                    156.9629 79559670         
 355236 335202      146.7788   389                    156.9628 79579527         
 355335 335292      150.7160   552                    156.9624 79599015         
 355408 335355      155.3904   600                    156.9620 79619820         
 355493 335440      144.9707   324                    156.9620 79636096         
 355549 335492      149.0489   551                    156.9619 79653296         
 355650 335589      149.0659   402                    156.9619 79674798         
Elapsed time = 48397.02 sec. (68692956.28 ticks, tree = 13594.40 MB, solutions = 0)
Nodefile size = 11547.36 MB (8225.36 MB after compression)
 355729 335664      151.2311   566                    156.9617 79692737         
 355793 335725      149.9987   421                    156.9616 79715253         
 355875 335800      150.7406   508                    156.9616 79735537         
 355958 335879      152.9521   573                    156.9615 79753296         
 356040 335961      145.1550   546                    156.9615 79772092         
 356124 336036      153.3698   547                    156.9613 79791239         
 356236 336141      153.0127   585                    156.9612 79812109         
 356290 336189      155.4159   489                    156.9610 79834733         
 356376 336269    infeasible                          156.9609 79858003         
 356484 336369      153.0874   496                    156.9607 79882458         
Elapsed time = 48510.13 sec. (68850964.72 ticks, tree = 13626.25 MB, solutions = 0)
Nodefile size = 11578.68 MB (8247.66 MB after compression)
 356550 336429      148.7533   484                    156.9606 79903159         
 356648 336518      153.8446   602                    156.9605 79921977         
 356742 336612      145.6736   460                    156.9605 79938842         
 356829 336695      152.5817   505                    156.9603 79953380         
 356913 336775      153.5471   562                    156.9601 79971202         
 356988 336842      147.6334   470                    156.9597 79988106         
 357102 336948      148.5860   310                    156.9596 80010747         
 357183 337023      151.1766   528                    156.9596 80028724         
 357242 337078      151.9848   454                    156.9593 80052107         
 357328 337155      153.3141   512                    156.9591 80073717         
Elapsed time = 48620.04 sec. (69005098.01 ticks, tree = 13658.31 MB, solutions = 0)
Nodefile size = 11610.96 MB (8270.58 MB after compression)
 357441 337262      150.5250   370                    156.9586 80091485         
 357533 337350      151.2590   462                    156.9585 80108654         
 357609 337422      146.5705   362                    156.9583 80133239         
 357690 337495      151.8734   379                    156.9582 80148256         
 357818 337619      154.4230   597                    156.9581 80166769         
 357877 337678      149.0476   573                    156.9581 80183092         
 357972 337769      150.4152   428                    156.9581 80202574         
 358066 337856      148.2133   403                    156.9578 80226219         
 358170 337950      154.3864   497                    156.9572 80249623         
 358258 338038      144.2759   499                    156.9572 80266351         
Elapsed time = 48729.96 sec. (69158335.28 ticks, tree = 13694.38 MB, solutions = 0)
Nodefile size = 11647.19 MB (8296.33 MB after compression)
 358350 338123      154.7323   558                    156.9570 80284695         
 358424 338197      147.2384   508                    156.9570 80301674         
 358533 338293      151.0055   497                    156.9560 80322027         
 358640 338396      148.7215   458                    156.9557 80339600         
 358758 338506      154.8239   445                    156.9553 80361574         
 358815 338554      154.5489   624                    156.9547 80381366         
 358862 338601      148.8500   502                    156.9547 80398868         
 358978 338713      144.1562   334                    156.9546 80419492         
 359085 338812      151.6259   508                    156.9544 80439761         
 359191 338912      152.5290   441                    156.9542 80456489         
Elapsed time = 48841.37 sec. (69313476.33 ticks, tree = 13730.07 MB, solutions = 0)
Nodefile size = 11682.42 MB (8321.44 MB after compression)
 359299 339016      146.7108   297                    156.9538 80476170         
 359375 339088      148.2006   516                    156.9536 80495229         
 359475 339180      148.1939   254                    156.9535 80520718         
 359613 339305      155.2938   434                    156.9534 80541796         
 359771 339459      154.6578   579                    156.9534 80558536         
 359887 339575      144.4531   377                    156.9534 80574066         
 359949 339633      146.4458   501                    156.9531 80588850         
 360004 339678      150.1027   490                    156.9529 80609920         
 360091 339757      153.7576   552                    156.9525 80632744         
 360164 339826      154.9037   419                    156.9521 80652391         
Elapsed time = 48951.85 sec. (69467148.86 ticks, tree = 13767.40 MB, solutions = 0)
Nodefile size = 11719.63 MB (8347.93 MB after compression)
 360308 339966      152.7565   470                    156.9519 80672110         
 360422 340068      155.6582   442                    156.9512 80694392         
 360550 340192      151.2227   514                    156.9512 80713254         
 360677 340315      151.3087   506                    156.9510 80733395         
 360769 340403      142.7766   359                    156.9510 80754555         
 360844 340474      149.0824   516                    156.9508 80771226         
 360946 340572      148.7590   520                    156.9508 80791719         
 361048 340671      147.9469   473                    156.9506 80811556         
 361143 340762      151.7597   460                    156.9500 80828154         
 361192 340801      155.1792   528                    156.9491 80849326         
Elapsed time = 49063.26 sec. (69622140.55 ticks, tree = 13807.24 MB, solutions = 0)
Nodefile size = 11759.77 MB (8376.46 MB after compression)
 361274 340879      146.8050   435                    156.9486 80866293         
 361392 340989      152.2507   487                    156.9478 80888443         
 361466 341055      154.3817   501                    156.9477 80910459         
 361543 341128      152.8265   521                    156.9477 80929209         
 361624 341205      153.0614   558                    156.9476 80947384         
 361706 341283      151.2339   436                    156.9475 80969677         
 361784 341357      151.0744   446                    156.9474 80988168         
 361882 341445      154.7765   604                    156.9473 81005858         
 361994 341557      144.1670   395                    156.9473 81022482         
 362109 341664      154.5791   470                    156.9471 81044333         
Elapsed time = 49173.35 sec. (69776377.07 ticks, tree = 13842.48 MB, solutions = 0)
Nodefile size = 11795.03 MB (8401.63 MB after compression)
 362198 341749      154.8406   528                    156.9471 81064696         
 362254 341799      152.6386   515                    156.9470 81083200         
 362347 341890        cutoff                          156.9470 81101487         
 362409 341950      148.7864   484                    156.9469 81116780         
 362486 342023      153.6073   540                    156.9468 81133616         
 362596 342133      143.7769   376                    156.9468 81151336         
 362676 342205      152.2215   444                    156.9467 81171179         
 362763 342283      154.5963   416                    156.9461 81195860         
 362855 342371      153.5906   578                    156.9460 81213482         
 362954 342466      154.0517   531                    156.9459 81232044         
Elapsed time = 49284.08 sec. (69932424.05 ticks, tree = 13875.24 MB, solutions = 0)
Nodefile size = 11827.32 MB (8424.61 MB after compression)
 363074 342586      143.7460   408                    156.9459 81249831         
 363132 342626      154.1801   458                    156.9457 81271530         
 363233 342723      153.9883   495                    156.9455 81289560         
 363339 342826      152.3499   452                    156.9451 81307378         
 363408 342891      152.6596   487                    156.9447 81327345         
 363489 342957      147.5500   353                    156.9445 81348054         
 363570 343030      150.3306   390                    156.9441 81366660         
 363643 343095      147.9845   449                    156.9439 81387332         
 363725 343174      151.2106   445                    156.9435 81407193         
 363834 343279      150.0905   389                    156.9434 81426598         
Elapsed time = 49393.87 sec. (70087051.19 ticks, tree = 13908.44 MB, solutions = 0)
Nodefile size = 11860.61 MB (8448.30 MB after compression)
 363940 343377      152.7184   519                    156.9429 81449893         
 364008 343433      152.3870   503                    156.9428 81474259         
 364105 343521      154.5812   585                    156.9426 81497295         
 364201 343617      143.2641   359                    156.9426 81515707         
 364304 343706      155.3722   526                    156.9418 81535865         
 364387 343789      145.4827   306                    156.9418 81550428         
 364491 343885      150.3386   419                    156.9415 81571144         
 364599 343983      150.4729   455                    156.9413 81591742         
 364654 344033      151.6977   558                    156.9412 81608810         
 364757 344132      150.1441   475                    156.9410 81626787         
Elapsed time = 49505.94 sec. (70243857.22 ticks, tree = 13943.29 MB, solutions = 0)
Nodefile size = 11895.89 MB (8473.45 MB after compression)
 364820 344192      146.3725   507                    156.9409 81645336         
 364877 344245      151.8451   535                    156.9409 81660176         
 364956 344320      151.3919   300                    156.9408 81682647         
 365057 344412      151.9158   397                    156.9406 81704408         
 365182 344526      151.8316   517                    156.9405 81723083         
 365270 344610      147.8482   373                    156.9402 81741601         
 365370 344702      152.7579   545                    156.9399 81764193         
 365454 344783      154.1728   573                    156.9398 81782610         
 365542 344867      155.3295   495                    156.9396 81803032         
 365631 344948      141.3738   382                    156.9393 81823221         
Elapsed time = 49615.14 sec. (70398150.18 ticks, tree = 13976.63 MB, solutions = 0)
Nodefile size = 11929.20 MB (8497.18 MB after compression)
 365748 345061      143.8168   296                    156.9391 81841980         
 365825 345134      148.2577   474                    156.9391 81858163         
 365935 345240      147.1095   319                    156.9391 81876203         
 366044 345346      149.0632   286                    156.9387 81892683         
 366166 345464      152.5729   387                    156.9384 81910366         
 366225 345518      150.9133   476                    156.9380 81929867         
 366300 345589      151.6733   515                    156.9380 81952614         
 366382 345666      154.5728   519                    156.9380 81972099         
 366505 345785      151.1879   592                    156.9376 81988758         
 366598 345870      153.4959   573                    156.9374 82007261         
Elapsed time = 49725.39 sec. (70551992.41 ticks, tree = 14014.28 MB, solutions = 0)
Nodefile size = 11966.40 MB (8523.76 MB after compression)
 366692 345960      147.8506   381                    156.9369 82026747         
 366794 346053      154.3810   458                    156.9365 82046583         
 366884 346129      153.9203   451                    156.9364 82068044         
 366987 346232      143.7100   385                    156.9364 82087255         
 367096 346333      153.6073   440                    156.9359 82105576         
 367251 346482      152.3195   485                    156.9357 82122215         
 367343 346563      155.3011   584                    156.9354 82142744         
 367464 346680      155.3106   473                    156.9352 82161192         
 367566 346775      155.6618   546                    156.9351 82185176         
 367654 346857      153.4571   532                    156.9349 82204291         
Elapsed time = 49838.17 sec. (70708342.94 ticks, tree = 14054.62 MB, solutions = 0)
Nodefile size = 12007.55 MB (8553.12 MB after compression)
 367722 346915      155.4943   565                    156.9345 82225202         
 367791 346984      148.2333   496                    156.9345 82240798         
 367875 347064      149.9116   518                    156.9345 82261207         
 367958 347143      151.9424   496                    156.9340 82282641         
 368045 347218      146.7949   434                    156.9334 82309606         
 368130 347295      152.8373   541                    156.9333 82334050         
 368217 347378      155.2322   495                    156.9330 82353532         
 368298 347455      150.7363   395                    156.9330 82372300         
 368386 347528      154.6970   464                    156.9328 82394072         
 368469 347607      151.5042   530                    156.9328 82412302         
Elapsed time = 49948.75 sec. (70864248.39 ticks, tree = 14085.25 MB, solutions = 0)
Nodefile size = 12037.90 MB (8574.73 MB after compression)
 368560 347694      152.5537   491                    156.9326 82431185         
 368634 347759      155.3888   546                    156.9325 82451143         
 368718 347843      144.4349   413                    156.9325 82468960         
 368797 347910      151.3730   374                    156.9322 82492072         
 368901 347995      151.7435   535                    156.9321 82516534         
 368980 348070      147.1312   424                    156.9318 82537794         
 369066 348149      149.9006   467                    156.9314 82558312         
 369127 348201      151.9262   432                    156.9312 82580214         
 369222 348293      151.3771   583                    156.9307 82599971         
 369302 348368      153.6879   543                    156.9303 82621302         
Elapsed time = 50061.30 sec. (71021802.99 ticks, tree = 14116.33 MB, solutions = 0)
Nodefile size = 12069.23 MB (8597.09 MB after compression)
 369407 348469      147.0563   449                    156.9298 82639502         
 369487 348535      150.8424   400                    156.9294 82663352         
 369566 348610      149.6598   449                    156.9294 82681466         
 369642 348682      152.0527   548                    156.9293 82701652         
 369727 348763      145.2983   443                    156.9291 82726548         
 369802 348825      147.6033   498                    156.9289 82746131         
 369919 348938      144.0050   194                    156.9287 82765432         
 369994 349003      151.0389   503                    156.9279 82783691         
 370081 349083      141.8877   314                    156.9277 82807985         
 370175 349171      152.5601   603                    156.9272 82826013         
Elapsed time = 50170.35 sec. (71175207.59 ticks, tree = 14149.13 MB, solutions = 0)
Nodefile size = 12101.54 MB (8620.08 MB after compression)
 370266 349259      154.7771   593                    156.9266 82846031         
 370364 349357      145.8796   438                    156.9266 82861180         
 370449 349438      151.4589   466                    156.9266 82878053         
 370558 349543      154.4457   442                    156.9265 82899736         
 370633 349614      147.7167   330                    156.9262 82918290         
 370720 349697      153.8473   611                    156.9260 82935698         
 370780 349757      150.1640   643                    156.9260 82950609         
 370870 349843      153.4484   425                    156.9259 82975255         
 370977 349946      152.0257   307                    156.9253 82990802         
 371074 350034      153.9430   455                    156.9252 83010078         
Elapsed time = 50281.10 sec. (71329682.31 ticks, tree = 14184.36 MB, solutions = 0)
Nodefile size = 12136.75 MB (8645.17 MB after compression)
 371168 350124      151.9907   472                    156.9248 83027132         
 371269 350219      148.5254   359                    156.9247 83048560         
 371420 350366      143.0934   413                    156.9242 83068787         
 371482 350420      149.7992   454                    156.9238 83087818         
 371575 350509      153.4799   475                    156.9237 83106849         
 371699 350628      155.0196   527                    156.9235 83128197         
 371813 350736      152.4561   266                    156.9235 83145596         
 371894 350813      144.2422   385                    156.9234 83168803         
 372005 350913      154.7696   592                    156.9233 83192201         
 372080 350988      148.7846   418                    156.9233 83207437         
Elapsed time = 50392.06 sec. (71484754.48 ticks, tree = 14223.33 MB, solutions = 0)
Nodefile size = 12175.93 MB (8673.02 MB after compression)
 372160 351064      152.4036   546                    156.9231 83227433         
 372277 351177      151.5019   514                    156.9230 83249992         
 372376 351266      151.6737   545                    156.9229 83276733         
 372454 351340      154.2731   633                    156.9228 83300163         
 372529 351408      153.6342   554                    156.9226 83321361         
 372616 351491      151.7418   570                    156.9223 83340585         
 372684 351553      150.9754   561                    156.9223 83356498         
 372807 351672      151.3000   513                    156.9222 83373848         
 372898 351759      146.7541   416                    156.9222 83396652         
 372989 351842      146.9124   505                    156.9221 83419699         
Elapsed time = 50507.26 sec. (71645614.19 ticks, tree = 14258.19 MB, solutions = 0)
Nodefile size = 12211.16 MB (8698.10 MB after compression)
 373033 351880      151.4969   511                    156.9221 83439031         
 373108 351951      146.6388   480                    156.9221 83462985         
 373213 352048      150.1153   341                    156.9220 83485397         
 373283 352108      152.9771   534                    156.9218 83507041         
 373358 352183      144.8891   493                    156.9218 83527259         
 373425 352241      152.6702   518                    156.9214 83546602         
 373527 352338      147.4552   460                    156.9209 83566573         
 373613 352414      148.7258   558                    156.9204 83586651         
 373723 352520      146.6911   436                    156.9203 83608012         
 373840 352629        cutoff                          156.9203 83629033         
Elapsed time = 50617.21 sec. (71799952.93 ticks, tree = 14290.37 MB, solutions = 0)
Nodefile size = 12242.50 MB (8720.44 MB after compression)
 373904 352693      149.6750   468                    156.9203 83644231         
 374004 352787      146.6210   457                    156.9202 83666935         
 374110 352881      155.8530   467                    156.9201 83690407         
 374298 353063      151.0243   466                    156.9200 83707803         
 374418 353174      151.3970   481                    156.9197 83732244         
 374519 353261      155.5189   587                    156.9192 83752075         
 374580 353322      148.5624   466                    156.9192 83767628         
 374687 353425      146.2105   472                    156.9192 83788001         
 374777 353511      145.5884   406                    156.9188 83809876         
 374839 353565      153.6599   612                    156.9183 83828555         
Elapsed time = 50730.05 sec. (71956948.00 ticks, tree = 14328.58 MB, solutions = 0)
Nodefile size = 12280.71 MB (8747.64 MB after compression)
 374905 353631      147.0336   542                    156.9183 83846334         
 375035 353757      143.0634   396                    156.9183 83868924         
 375127 353841      153.9728   611                    156.9181 83886521         
 375201 353911      149.1562   541                    156.9177 83906164         
 375246 353952      151.3501   518                    156.9174 83922914         
 375353 354055      154.2225   586                    156.9174 83942421         
 375444 354142      156.6979   559                    156.9172 83960543         
 375524 354218      152.8966   527                    156.9172 83978584         
 375578 354266      150.1573   521                    156.9172 83995137         
 375616 354298      151.3246   426                    156.9170 84015137         
Elapsed time = 50840.63 sec. (72113585.17 ticks, tree = 14358.47 MB, solutions = 0)
Nodefile size = 12311.04 MB (8769.23 MB after compression)
 375718 354396      149.1491   520                    156.9169 84033552         
 375833 354503      154.3184   574                    156.9163 84053649         
 375911 354575        cutoff                          156.9159 84073130         
 375947 354611      151.1240   478                    156.9159 84090182         
 376042 354698      154.5802   536                    156.9153 84110254         
 376128 354780      155.2767   474                    156.9153 84128823         
 376209 354857      150.5100   430                    156.9150 84147586         
 376273 354918      149.4691   489                    156.9149 84166302         
 376350 354986      153.3711   466                    156.9148 84187547         
 376456 355088      149.5702   473                    156.9148 84206394         
Elapsed time = 50950.67 sec. (72268967.33 ticks, tree = 14390.73 MB, solutions = 0)
Nodefile size = 12343.35 MB (8792.22 MB after compression)
 376563 355192      150.9220   443                    156.9146 84222766         
 376655 355262      148.0465   314                    156.9144 84243538         
 376749 355352      144.0755   383                    156.9143 84262516         
 376871 355466      148.0592   342                    156.9141 84282864         
 376949 355534      150.3289   463                    156.9140 84302516         
 377064 355645      151.7863   479                    156.9139 84319718         
 377162 355739      152.1438   564                    156.9138 84335053         
 377244 355817      153.6410   567                    156.9134 84355508         
 377309 355882      145.9086   539                    156.9134 84373555         
 377374 355933      150.8281   434                    156.9133 84395357         
Elapsed time = 51060.84 sec. (72422935.47 ticks, tree = 14425.22 MB, solutions = 0)
Nodefile size = 12377.63 MB (8816.70 MB after compression)
 377482 356037      150.4933   534                    156.9133 84413924         
 377558 356109      148.9242   477                    156.9131 84432467         
 377670 356213      154.0356   431                    156.9128 84452018         
 377722 356261      149.4437   452                    156.9128 84470072         
 377811 356346      149.3983   516                    156.9122 84488334         
 377925 356456      151.5711   506                    156.9121 84506299         
 378024 356551      155.1754   489                    156.9120 84525407         
 378098 356625      147.4506   445                    156.9120 84541363         
 378162 356683      149.2688   497                    156.9117 84560852         
 378222 356739      151.6941   526                    156.9116 84579930         
Elapsed time = 51170.79 sec. (72578317.50 ticks, tree = 14458.14 MB, solutions = 0)
Nodefile size = 12410.92 MB (8840.44 MB after compression)
 378318 356831      149.5595   513                    156.9116 84596434         
 378435 356939      156.4730   538                    156.9113 84617456         
 378505 357005      152.2974   330                    156.9109 84638278         
 378605 357101      142.2344   427                    156.9109 84656100         
 378667 357154      150.1233   538                    156.9107 84673152         
 378761 357244      152.8191   531                    156.9107 84690832         
 378839 357322      144.5658   387                    156.9107 84712394         
 378910 357380      149.7600   304                    156.9106 84734868         
 379058 357514    infeasible                          156.9104 84763963         
 379112 357560      154.1652   472                    156.9100 84783400         
Elapsed time = 51285.03 sec. (72740056.94 ticks, tree = 14491.67 MB, solutions = 0)
Nodefile size = 12444.21 MB (8864.10 MB after compression)
 379201 357641      149.0217   435                    156.9099 84801131         
 379300 357736      151.7204   450                    156.9094 84817854         
 379382 357814      151.4733   543                    156.9093 84834387         
 379449 357877      151.0145   440                    156.9093 84855099         
 379516 357938      148.6881   539                    156.9093 84870697         
 379612 358026      154.4052   385                    156.9081 84890154         
 379706 358116      148.6294   460                    156.9080 84910307         
 379767 358165      153.1301   499                    156.9075 84933641         
 379873 358267      151.8797   491                    156.9072 84953056         
 379966 358355      153.5890   525                    156.9070 84970389         
Elapsed time = 51394.98 sec. (72894545.58 ticks, tree = 14524.15 MB, solutions = 0)
Nodefile size = 12476.53 MB (8887.16 MB after compression)
 380071 358454      149.7227   210                    156.9068 84989129         
 380181 358558      155.0631   571                    156.9064 85011144         
 380251 358628      144.5092   466                    156.9064 85030693         
 380353 358722      155.3430   525                    156.9062 85051819         
 380438 358807      147.7824   467                    156.9062 85067097         
 380533 358888      155.3343   444                    156.9060 85090571         
 380668 359019      152.8685   548                    156.9058 85108187         
 380761 359112      142.9335   481                    156.9058 85129589         
 380866 359209      149.3885   476                    156.9049 85148420         
 380935 359268      150.7744   465                    156.9045 85166676         
Elapsed time = 51507.02 sec. (73050052.39 ticks, tree = 14561.46 MB, solutions = 0)
Nodefile size = 12513.76 MB (8913.59 MB after compression)
 381038 359363      153.3123   493                    156.9042 85189168         
 381123 359442      147.6828   414                    156.9041 85209774         
 381233 359548      144.3529   286                    156.9040 85227996         
 381310 359619      148.4085   461                    156.9039 85245248         
 381417 359718      153.2364   465                    156.9039 85265130         
 381497 359794      152.6332   359                    156.9035 85285227         
 381607 359883      154.7349   537                    156.9034 85306655         
 381687 359958      151.0734   589                    156.9033 85324445         
 381758 360025      148.6936   480                    156.9033 85343885         
 381845 360104      154.8648   496                    156.9032 85366433         
Elapsed time = 51618.80 sec. (73206709.20 ticks, tree = 14595.64 MB, solutions = 0)
Nodefile size = 12548.07 MB (8938.04 MB after compression)
 381948 360203      150.5452   443                    156.9030 85384891         
 382069 360320      147.9067   315                    156.9028 85403530         
 382199 360442      153.5179   527                    156.9027 85422901         
 382269 360506      146.8139   265                    156.9025 85444101         
 382377 360606      152.2639   457                    156.9024 85463489         
 382460 360685      152.6015   554                    156.9018 85482644         
 382514 360735      153.4249   480                    156.9018 85505389         
 382555 360767      153.6727   469                    156.9018 85525103         
 382663 360871      147.2838   443                    156.9016 85543853         
 382763 360963      153.1485   363                    156.9015 85565266         
Elapsed time = 51729.30 sec. (73361216.58 ticks, tree = 14630.76 MB, solutions = 0)
Nodefile size = 12583.36 MB (8963.18 MB after compression)
 382861 361052      154.3636   582                    156.9011 85587165         
 382942 361129      154.3925   515                    156.9010 85607017         
 383029 361212      153.3358   493                    156.9006 85625820         
 383117 361296      151.3479   477                    156.9004 85644498         
 383189 361364      150.3269   549                    156.9004 85666078         
 383272 361437      153.6788   513                    156.9002 85693555         
 383387 361548      153.0550   502                    156.9001 85715452         
 383496 361653      145.3297   341                    156.9000 85735460         
 383543 361690      153.7894   465                    156.8997 85754460         
 383630 361773      154.4852   488                    156.8995 85773138         
Elapsed time = 51841.05 sec. (73517887.40 ticks, tree = 14663.86 MB, solutions = 0)
Nodefile size = 12616.67 MB (8986.86 MB after compression)
 383731 361866      153.9854   467                    156.8991 85795495         
 383799 361930      150.6568   469                    156.8990 85817054         
 383862 361989      149.7472   471                    156.8990 85834552         
 383967 362090      145.9112   479                    156.8989 85852377         
 384022 362138      153.7597   362                    156.8982 85871903         
 384098 362210      149.3611   551                    156.8981 85891789         
 384180 362278      146.1130   444                    156.8980 85912499         
 384292 362382      147.9774   522                    156.8977 85936261         
 384381 362463      146.9740   433                    156.8973 85958187         
 384459 362531      152.8890   496                    156.8968 85980308         
Elapsed time = 51951.55 sec. (73673468.26 ticks, tree = 14694.83 MB, solutions = 0)
Nodefile size = 12647.05 MB (9008.52 MB after compression)
 384537 362605      152.6273   582                    156.8967 85999833         
 384630 362693      153.4419   594                    156.8966 86020500         
 384719 362772      153.8818   364                    156.8962 86043490         
 384836 362885      150.1128   424                    156.8958 86061126         
 384904 362949      147.6647   509                    156.8958 86079538         
 385016 363053      154.5232   455                    156.8954 86100898         
 385088 363117      152.3256   460                    156.8952 86119648         
 385193 363218      148.4445   408                    156.8952 86137498         
 385293 363314      145.4865   472                    156.8950 86158909         
 385404 363417      153.6011   522                    156.8949 86183197         
Elapsed time = 52062.11 sec. (73827239.39 ticks, tree = 14731.03 MB, solutions = 0)
Nodefile size = 12683.31 MB (9034.40 MB after compression)
 385474 363474      149.0145   432                    156.8944 86203964         
 385611 363603      152.3210   491                    156.8942 86225304         
 385686 363675      153.1772   483                    156.8941 86242752         
 385826 363815      144.9176   369                    156.8941 86260790         
 385888 363870      150.7663   526                    156.8938 86281041         
 385990 363968      150.5593   400                    156.8938 86299333         
 386129 364103      143.5874   345                    156.8938 86320062         
 386230 364200      143.7410   316                    156.8937 86340242         
 386281 364244      149.1328   440                    156.8936 86360636         
 386367 364326      146.9656   393                    156.8934 86379605         
Elapsed time = 52172.89 sec. (73981712.83 ticks, tree = 14768.20 MB, solutions = 0)
Nodefile size = 12720.56 MB (9060.90 MB after compression)
 386451 364406      148.0926   506                    156.8933 86399033         
 386545 364496      149.9535   566                    156.8932 86418690         
 386642 364589      144.4216   233                    156.8932 86443539         
 386728 364672      146.8631   502                    156.8930 86461739         
 386809 364749      149.4206   485                    156.8929 86480724         
 386928 364858      153.3143   585                    156.8927 86506718         
 386953 364878      155.3433   527                    156.8926 86527102         
 387016 364941      146.8522   501                    156.8926 86546160         
 387110 365031      145.6786   506                    156.8925 86566790         
 387214 365127      153.8756   435                    156.8921 86588523         
Elapsed time = 52283.09 sec. (74136219.00 ticks, tree = 14800.93 MB, solutions = 0)
Nodefile size = 12753.88 MB (9084.67 MB after compression)
 387278 365187      147.1384   503                    156.8914 86608536         
 387352 365257      151.0397   538                    156.8910 86629274         
 387459 365360      147.1027   412                    156.8907 86649633         
 387532 365419      152.2313   521                    156.8903 86671900         
 387625 365509      154.1394   491                    156.8902 86690650         
 387717 365598      153.0834   593                    156.8899 86707291         
 387808 365685      154.4815   532                    156.8899 86727914         
 387901 365767      155.0641   430                    156.8896 86748408         
 388019 365881      154.7820   491                    156.8896 86767476         
 388098 365956      151.1862   610                    156.8894 86785542         
Elapsed time = 52393.49 sec. (74289901.78 ticks, tree = 14834.85 MB, solutions = 0)
Nodefile size = 12787.22 MB (9108.42 MB after compression)
 388165 366019      150.0317   488                    156.8893 86803297         
 388264 366111      153.1884   545                    156.8889 86829019         
 388364 366207      148.2843   502                    156.8887 86847886         
 388470 366305      153.1397   411                    156.8883 86872427         
 388548 366372      150.6580   562                    156.8880 86891753         
 388665 366484      151.2608   411                    156.8879 86911502         
 388728 366543      153.9869   551                    156.8870 86927327         
 388803 366618      147.5118   455                    156.8870 86943853         
 388933 366738      152.4984   501                    156.8869 86965772         
 389013 366808      147.0470   444                    156.8869 86984309         
Elapsed time = 52505.03 sec. (74446458.59 ticks, tree = 14869.71 MB, solutions = 0)
Nodefile size = 12822.55 MB (9133.63 MB after compression)
 389116 366907      142.3775   377                    156.8867 87003628         
 389187 366974      147.0312   325                    156.8867 87019039         
 389315 367093      146.0775   469                    156.8866 87041695         
 389357 367129      151.7269   557                    156.8862 87058159         
 389424 367196      144.3079   507                    156.8862 87079308         
 389485 367252      150.8216   451                    156.8862 87096400         
 389564 367327      149.8807   554                    156.8860 87114178         
 389647 367404      148.8714   562                    156.8860 87133962         
 389731 367484      145.0473   317                    156.8859 87154805         
 389819 367568      146.4789   372                    156.8858 87173995         
Elapsed time = 52614.30 sec. (74601251.58 ticks, tree = 14900.81 MB, solutions = 0)
Nodefile size = 12852.95 MB (9155.24 MB after compression)
 389924 367666      155.1854   601                    156.8844 87196665         
 389955 367697      150.2231   471                    156.8844 87209571         
 390032 367770      148.3249   339                    156.8843 87232872         
 390073 367807      147.0848   421                    156.8840 87252804         
 390180 367900        cutoff                          156.8837 87275337         
 390260 367980      148.8052   529                    156.8833 87288935         
 390368 368080      150.1860   392                    156.8829 87308595         
 390451 368153      149.4728   528                    156.8828 87331721         
 390558 368256      147.4422   378                    156.8824 87352019         
 390661 368351      153.1300   528                    156.8822 87373257         
Elapsed time = 52725.02 sec. (74757395.53 ticks, tree = 14932.88 MB, solutions = 0)
Nodefile size = 12885.36 MB (9178.46 MB after compression)
 390774 368458      153.7290   547                    156.8821 87391364         
 390817 368495      154.6666   492                    156.8820 87414071         
 390889 368567      145.7950   446                    156.8820 87430702         
 390985 368659      149.6909   443                    156.8819 87446347         
 391097 368767      150.0772   502                    156.8819 87465687         
 391173 368839      148.3971   517                    156.8817 87484072         
 391235 368893      148.7108   431                    156.8813 87501714         
 391317 368967      148.3867   469                    156.8811 87522564         
 391401 369047      152.8947   571                    156.8811 87539927         
 391482 369124      152.5907   563                    156.8810 87560804         
Elapsed time = 52834.33 sec. (74912566.33 ticks, tree = 14964.50 MB, solutions = 0)
Nodefile size = 12916.75 MB (9200.84 MB after compression)
 391527 369163      155.0529   464                    156.8808 87581768         
 391624 369256      151.2063   542                    156.8803 87597630         
 391709 369338      150.7128   535                    156.8801 87618779         
 391825 369450      153.5894   490                    156.8801 87636374         
 391927 369552      144.7545   357                    156.8801 87653148         
 392003 369624      147.5355   313                    156.8801 87673052         
 392098 369713      146.4699   473                    156.8800 87693411         
 392187 369798      153.1263   516                    156.8797 87709528         
 392300 369907      155.9184   551                    156.8797 87727199         
 392359 369966      150.3047   497                    156.8797 87740666         
Elapsed time = 52945.07 sec. (75068949.34 ticks, tree = 14998.97 MB, solutions = 0)
Nodefile size = 12951.08 MB (9225.14 MB after compression)
 392474 370077      152.6374   592                    156.8795 87757914         
 392524 370117      154.8683   562                    156.8791 87778449         
 392596 370189      148.5033   483                    156.8791 87792875         
 392686 370275      147.2739   479                    156.8790 87813465         
 392787 370372      149.6037   281                    156.8788 87830531         
 392858 370439      144.9817   396                    156.8785 87850922         
 392973 370542      150.0945   533                    156.8785 87870371         
 393054 370615      147.9595   415                    156.8782 87889058         
 393127 370679      151.0723   461                    156.8779 87909081         
 393254 370802      144.3441   225                    156.8778 87929501         
Elapsed time = 53057.78 sec. (75226861.36 ticks, tree = 15033.20 MB, solutions = 0)
Nodefile size = 12985.44 MB (9249.74 MB after compression)
 393358 370898      153.1201   650                    156.8775 87947861         
 393421 370953      153.5347   514                    156.8774 87967220         
 393535 371067      142.7009   356                    156.8774 87985300         
 393622 371147      149.7879   512                    156.8768 88001956         
 393702 371223      150.7235   397                    156.8764 88019874         
 393796 371306      153.0021   488                    156.8759 88042824         
 393904 371410      153.0171   537                    156.8756 88062000         
 393980 371486      147.3979   503                    156.8756 88076429         
 394086 371584      153.0339   534                    156.8754 88096398         
 394173 371669        cutoff                          156.8754 88118588         
Elapsed time = 53168.12 sec. (75380576.04 ticks, tree = 15068.77 MB, solutions = 0)
Nodefile size = 13020.81 MB (9274.95 MB after compression)
 394256 371742      154.9810   481                    156.8752 88138949         
 394366 371848      153.9503   514                    156.8749 88154915         
 394442 371924      144.8603   355                    156.8749 88174276         
 394567 372046      143.7083   312                    156.8748 88192631         
 394664 372134      152.7556   543                    156.8747 88212520         
 394766 372231      152.1139   467                    156.8746 88230956         
 394865 372326      147.9144   427                    156.8744 88250569         
 394922 372375      147.8302   471                    156.8744 88270747         
 394981 372431      151.0534   451                    156.8743 88286361         
 395088 372530      155.8626   541                    156.8738 88310031         
Elapsed time = 53278.38 sec. (75534439.58 ticks, tree = 15104.01 MB, solutions = 0)
Nodefile size = 13056.16 MB (9300.18 MB after compression)
 395164 372606      148.0060   454                    156.8738 88325730         
 395287 372725      148.4854   511                    156.8737 88347112         
 395346 372780      149.1420   533                    156.8737 88368841         
 395450 372877      152.3021   446                    156.8734 88389811         
 395549 372966      153.6990   577                    156.8732 88409993         
 395629 373040      148.0331   239                    156.8731 88429244         
 395703 373104      149.2446   525                    156.8729 88450007         
 395772 373168      151.1246   457                    156.8728 88467906         
 395854 373246      152.8102   546                    156.8726 88485276         
 395946 373334      148.6055   378                    156.8721 88505211         
Elapsed time = 53387.82 sec. (75688178.77 ticks, tree = 15136.94 MB, solutions = 0)
Nodefile size = 13089.55 MB (9323.94 MB after compression)
 396052 373430      156.1168   470                    156.8719 88525945         
 396132 373510      149.6761   443                    156.8719 88540382         
 396243 373617      146.0810   420                    156.8718 88561372         
 396327 373697      148.0906   505                    156.8717 88579772         
 396400 373755      151.7027   502                    156.8715 88603012         
 396497 373847      150.0472   325                    156.8713 88626609         
 396621 373964      153.6388   524                    156.8711 88646840         
 396709 374045      153.0914   511                    156.8706 88668613         
 396810 374142      152.7831   438                    156.8699 88688133         
 396891 374217      149.1609   446                    156.8699 88708371         
Elapsed time = 53499.52 sec. (75843344.66 ticks, tree = 15173.10 MB, solutions = 0)
Nodefile size = 13125.88 MB (9349.89 MB after compression)
 396986 374308      148.9299   451                    156.8698 88726880         
 397050 374368      144.3287   437                    156.8698 88748869         
 397140 374450      152.9801   430                    156.8694 88767382         
 397272 374574      153.3972   511                    156.8691 88790882         
 397358 374654      152.7584   558                    156.8690 88807779         
 397460 374752      151.1356   529                    156.8690 88829023         
 397539 374827      148.9029   418                    156.8689 88848975         
 397618 374902      146.7681   455                    156.8684 88869331         
 397691 374967      151.6311   299                    156.8683 88891773         
 397821 375093      147.8238   326                    156.8682 88909330         
Elapsed time = 53610.40 sec. (75998384.21 ticks, tree = 15209.01 MB, solutions = 0)
Nodefile size = 13161.24 MB (9375.11 MB after compression)
 397945 375209      151.7557   511                    156.8674 88931899         
 398043 375303      148.6357   338                    156.8670 88954050         
 398158 375412      141.9016   290                    156.8670 88975421         
 398245 375497      145.2378   355                    156.8667 88993754         
 398338 375586      148.8110   455                    156.8666 89010274         
 398385 375624      153.5398   601                    156.8663 89031760         
 398490 375725      151.2374   533                    156.8661 89051697         
 398575 375806      154.2543   558                    156.8660 89068705         
 398661 375892      145.3425   470                    156.8660 89087004         
 398729 375956      146.8699   399                    156.8659 89106756         
Elapsed time = 53720.92 sec. (76153242.17 ticks, tree = 15244.36 MB, solutions = 0)
Nodefile size = 13196.59 MB (9400.25 MB after compression)
 398816 376035      144.3599   444                    156.8655 89129745         
 398920 376129      152.7288   363                    156.8650 89149725         
 399031 376236      152.5527   446                    156.8647 89169831         
 399127 376325      149.0389   516                    156.8643 89190676         
 399221 376415      149.5814   529                    156.8641 89209984         
 399324 376514      150.5274   475                    156.8640 89227912         
 399426 376612      149.8138   480                    156.8639 89249551         
 399501 376683      146.6217   279                    156.8637 89272064         
 399621 376792      153.6373   399                    156.8629 89292397         
 399724 376891      153.1174   557                    156.8626 89310999         
Elapsed time = 53832.13 sec. (76307510.07 ticks, tree = 15282.67 MB, solutions = 0)
Nodefile size = 13234.90 MB (9427.58 MB after compression)
 399810 376973      148.4969   328                    156.8626 89333093         
 399879 377036      148.1484   507                    156.8625 89353934         
 399984 377133      155.4868   490                    156.8625 89376421         
 400084 377229      153.6204   588                    156.8624 89394946         
 400182 377318    infeasible                          156.8623 89416088         
 400264 377396      154.7133   492                    156.8621 89436009         
 400364 377492      154.5651   551                    156.8619 89455033         
 400445 377569      151.3319   435                    156.8617 89478460         
 400523 377643      152.6811   483                    156.8617 89499917         
 400622 377735      142.5127   463                    156.8615 89522902         
Elapsed time = 53943.14 sec. (76462266.55 ticks, tree = 15317.25 MB, solutions = 0)
Nodefile size = 13269.26 MB (9452.02 MB after compression)
 400680 377787      149.5800   478                    156.8614 89538531         
 400777 377880      145.5741   292                    156.8613 89560765         
 400836 377929      149.8244   450                    156.8610 89583947         
 400938 378024      153.9920   534                    156.8608 89606018         
 401014 378096      154.9079   576                    156.8608 89628526         
 401112 378190      149.5590   564                    156.8604 89647926         
 401182 378256      143.1594   388                    156.8603 89668105         
 401244 378314      149.7829   440                    156.8602 89684424         
 401332 378398      152.1953   541                    156.8600 89704923         
 401436 378498      149.6061   388                    156.8599 89724950         
Elapsed time = 54053.40 sec. (76617523.16 ticks, tree = 15348.50 MB, solutions = 0)
Nodefile size = 13300.68 MB (9474.43 MB after compression)
 401522 378576      148.0635   558                    156.8597 89745864         
 401588 378638      152.5253   593                    156.8596 89763457         
 401668 378714      146.4040   484                    156.8595 89788198         
 401746 378784      143.7345   299                    156.8594 89814127         
 401839 378869      152.2109   528                    156.8589 89833714         
 401921 378943      152.9221   544                    156.8588 89858630         
 401985 379003      152.4014   517                    156.8587 89876267         
 402070 379078      153.5026   513                    156.8584 89895913         
 402140 379144      152.0888   526                    156.8584 89914968         
 402235 379235      154.4121   508                    156.8582 89936045         
Elapsed time = 54165.65 sec. (76774960.58 ticks, tree = 15378.70 MB, solutions = 0)
Nodefile size = 13331.14 MB (9496.19 MB after compression)
 402351 379347      149.4012   315                    156.8581 89952842         
 402400 379393      151.2481   461                    156.8581 89967929         
 402513 379502      151.7578   453                    156.8580 89986205         
 402652 379637      147.4853   445                    156.8578 90004728         
 402743 379724      149.0375   431                    156.8578 90021191         
 402812 379789      145.6448   412                    156.8577 90043116         
 402911 379876      155.2874   506                    156.8575 90063268         
 403006 379966      154.4444   449                    156.8574 90079815         
 403094 380050      151.5687   397                    156.8572 90098329         
 403195 380144      144.5433   447                    156.8571 90119338         
Elapsed time = 54276.13 sec. (76929339.14 ticks, tree = 15415.95 MB, solutions = 0)
Nodefile size = 13368.46 MB (9522.73 MB after compression)
 403290 380232      154.1342   547                    156.8568 90141232         
 403379 380321      144.8091   407                    156.8568 90158586         
 403480 380413      148.1373   254                    156.8568 90181442         
 403615 380540      152.7817   470                    156.8559 90204397         
 403727 380648      148.2479   354                    156.8554 90222490         
 403845 380762      146.7975   391                    156.8550 90239703         
 403921 380828      152.2203   383                    156.8548 90260954         
 404040 380943      146.3683   380                    156.8548 90278859         
 404149 381044      152.2029   461                    156.8546 90298581         
 404238 381123      152.0169   444                    156.8544 90315858         
Elapsed time = 54388.25 sec. (77084588.67 ticks, tree = 15456.06 MB, solutions = 0)
Nodefile size = 13408.75 MB (9551.52 MB after compression)
 404332 381213      151.3165   541                    156.8536 90333798         
 404435 381312      146.0156   409                    156.8535 90355225         
 404493 381364      150.8174   519                    156.8535 90373163         
 404587 381455      148.2253   443                    156.8534 90395635         
 404631 381495      150.4104   595                    156.8534 90413176         
 404695 381555      154.9391   570                    156.8533 90433145         
 404738 381598      152.6034   569                    156.8533 90443312         
 404805 381665      148.2145   562                    156.8533 90459708         
 404900 381756      150.6054   471                    156.8532 90481161         
 404986 381838      150.7135   399                    156.8531 90499547         
Elapsed time = 54496.42 sec. (77238505.07 ticks, tree = 15485.34 MB, solutions = 0)
Nodefile size = 13438.20 MB (9572.48 MB after compression)
 405049 381892      150.9162   501                    156.8527 90520411         
 405156 381994      150.5621   338                    156.8527 90538339         
 405273 382107      146.6320   400                    156.8527 90557875         
 405335 382158      151.5075   442                    156.8516 90577036         
 405445 382264      146.2204   453                    156.8513 90596534         
 405518 382333      149.1704   556                    156.8512 90616096         
 405587 382398      147.5285   444                    156.8512 90635150         
 405639 382436      153.8460   471                    156.8511 90659586         
 405711 382504      153.9010   542                    156.8507 90680611         
 405798 382591      143.9432   463                    156.8507 90699222         
Elapsed time = 54606.31 sec. (77393680.31 ticks, tree = 15516.19 MB, solutions = 0)
Nodefile size = 13468.66 MB (9594.30 MB after compression)
 405911 382697      154.9598   508                    156.8506 90717761         
 406020 382806      142.3471   405                    156.8506 90736445         
 406089 382865        cutoff                          156.8505 90755030         
 406172 382946      151.4061   420                    156.8505 90768562         
 406316 383087      150.8263   433                    156.8505 90786591         
 406439 383204      149.5394   385                    156.8505 90806317         
 406521 383276      150.7262   517                    156.8504 90825908         
 406627 383378      146.1324   459                    156.8503 90846095         
 406719 383466      146.8774   445                    156.8503 90864226         
 406853 383592      153.7024   421                    156.8500 90884914         
Elapsed time = 54716.74 sec. (77547126.02 ticks, tree = 15557.22 MB, solutions = 0)
Nodefile size = 13509.93 MB (9623.72 MB after compression)
 406933 383660      148.3497   507                    156.8498 90901683         
 407012 383727      150.4458   390                    156.8495 90922998         
 407099 383803      149.8826   431                    156.8492 90940978         
 407191 383891      146.3510   518                    156.8491 90959595         
 407263 383953      149.6599   510                    156.8487 90979914         
 407320 384006      149.9683   370                    156.8486 90997261         
 407456 384138      142.7313   240                    156.8486 91020239         
 407547 384221      151.7068   493                    156.8485 91039765         
 407647 384311      155.4877   580                    156.8483 91060122         
 407736 384396        cutoff                          156.8483 91078471         
Elapsed time = 54826.08 sec. (77701166.90 ticks, tree = 15590.22 MB, solutions = 0)
Nodefile size = 13542.35 MB (9646.87 MB after compression)
 407809 384465      146.5908   393                    156.8476 91097295         
 407890 384543      147.6414   437                    156.8476 91112716         
 407981 384620      152.2060   416                    156.8473 91135310         
 408093 384728      150.3032   565                    156.8473 91153387         
 408196 384826      153.9680   484                    156.8470 91171665         
 408302 384932      144.3882   457                    156.8470 91190250         
 408405 385025        cutoff                          156.8469 91211503         
 408494 385106      147.6647   311                    156.8464 91231630         
 408605 385213      149.8651   491                    156.8464 91246881         
 408715 385319      143.4937   469                    156.8462 91268012         
Elapsed time = 54937.15 sec. (77855215.20 ticks, tree = 15628.00 MB, solutions = 0)
Nodefile size = 13580.64 MB (9674.25 MB after compression)
 408792 385384      152.7033   434                    156.8458 91292221         
 408874 385462      147.6423   404                    156.8458 91309552         
 409014 385594        cutoff                          156.8457 91329641         
 409098 385668      145.3118   308                    156.8454 91350049         
 409185 385745      152.1145   507                    156.8451 91368506         
 409295 385851      154.1279   603                    156.8451 91386797         
 409369 385925      147.5480   531                    156.8451 91402768         
 409429 385977      153.6843   364                    156.8449 91427496         
 409563 386107      151.7273   474                    156.8447 91443781         
 409651 386191      152.7844   486                    156.8442 91466911         
Elapsed time = 55047.88 sec. (78009682.97 ticks, tree = 15663.73 MB, solutions = 0)
Nodefile size = 13616.02 MB (9699.52 MB after compression)
 409729 386265      153.5614   601                    156.8442 91488109         
 409823 386355      145.7471   395                    156.8440 91508497         
 409936 386456      144.4948   358                    156.8439 91529914         
 410024 386536      152.2197   367                    156.8434 91551139         
 410128 386626      154.2865   476                    156.8426 91572460         
 410233 386731      143.7812   431                    156.8426 91590591         
 410335 386824      153.8608   481                    156.8425 91610701         
 410420 386898      151.4098   450                    156.8424 91633204         
 410504 386978      150.9944   458                    156.8422 91656422         
 410598 387069      148.6323   413                    156.8421 91675666         
Elapsed time = 55160.09 sec. (78166180.91 ticks, tree = 15699.70 MB, solutions = 0)
Nodefile size = 13652.35 MB (9725.29 MB after compression)
 410711 387174      150.8693   376                    156.8420 91697647         
 410802 387255      152.9806   462                    156.8419 91721568         
 410925 387374      151.2319   416                    156.8418 91742819         
 411001 387446      151.0258   454                    156.8418 91762290         
 411108 387540        cutoff                          156.8417 91786296         
 411185 387606      152.7614   446                    156.8415 91807563         
 411279 387696      154.7787   583                    156.8414 91825342         
 411344 387761      149.3712   537                    156.8414 91841244         
 411465 387878      150.3335   478                    156.8414 91861067         
 411573 387978      145.6093   294                    156.8412 91881635         
Elapsed time = 55272.17 sec. (78320842.21 ticks, tree = 15736.94 MB, solutions = 0)
Nodefile size = 13689.68 MB (9752.01 MB after compression)
 411676 388072      151.0124   329                    156.8409 91901275         
 411789 388181      145.3887   552                    156.8408 91922407         
 411856 388239      153.6524   617                    156.8405 91941191         
 411923 388306      147.8063   593                    156.8405 91957744         
 412012 388391      149.6404   497                    156.8405 91978873         
 412092 388467      152.6705   534                    156.8401 91999597         
 412200 388570      152.0087   382                    156.8401 92017765         
 412286 388652      150.8327   556                    156.8401 92038707         
 412345 388706      148.7940   377                    156.8400 92059367         
 412486 388843      146.3101   271                    156.8399 92079975         
Elapsed time = 55382.07 sec. (78474522.01 ticks, tree = 15772.36 MB, solutions = 0)
Nodefile size = 13725.03 MB (9777.24 MB after compression)
 412605 388956      151.3032   406                    156.8395 92100420         
 412707 389043      155.2172   505                    156.8394 92123895         
 412795 389127      152.8946   394                    156.8394 92142872         
 412897 389226      152.7429   487                    156.8392 92159935         
 412969 389294      149.6745   529                    156.8392 92177315         
 413064 389381      148.4789   480                    156.8392 92199774         
 413164 389473      151.5594   386                    156.8386 92217027         
 413287 389592      150.3303   457                    156.8382 92236159         
 413372 389668      154.1035   427                    156.8379 92258918         
 413466 389758      153.0049   584                    156.8379 92278756         
Elapsed time = 55493.22 sec. (78628343.95 ticks, tree = 15809.85 MB, solutions = 0)
Nodefile size = 13762.37 MB (9803.88 MB after compression)
 413552 389840      154.2937   519                    156.8377 92300020         
 413650 389934      153.0085   387                    156.8375 92318174         
 413717 389997      146.6816   213                    156.8371 92339714         
 413778 390054      148.8880   572                    156.8369 92356574         
 413850 390122      151.0894   502                    156.8369 92374300         
 413970 390238      144.6019   332                    156.8368 92394843         
 414084 390342      144.8425   334                    156.8368 92414438         
 414168 390416      151.6671   623                    156.8366 92436898         
 414230 390474      150.3978   468                    156.8364 92456116         
 414325 390565      149.6528   457                    156.8363 92477378         
Elapsed time = 55603.32 sec. (78782311.24 ticks, tree = 15842.90 MB, solutions = 0)
Nodefile size = 13795.75 MB (9827.62 MB after compression)
 414423 390654      152.8766   468                    156.8359 92496652         
 414509 390736      152.6202   494                    156.8358 92516194         
 414617 390840      152.5565   556                    156.8357 92535247         
 414691 390908      147.4023   345                    156.8355 92556620         
 414811 391018      154.1899   370                    156.8351 92575873         
 414900 391102      150.9512   379                    156.8350 92594623         
 414998 391193      151.7677   341                    156.8347 92616950         
 415074 391261      151.4393   668                    156.8343 92639000         
 415148 391331      152.4321   504                    156.8343 92656661         
 415227 391406      150.8849   529                    156.8339 92677090         
Elapsed time = 55714.73 sec. (78937034.98 ticks, tree = 15877.36 MB, solutions = 0)
Nodefile size = 13830.13 MB (9852.24 MB after compression)
 415350 391525      143.3433   387                    156.8339 92698713         
 415419 391585      149.3189   558                    156.8336 92715444         
 415501 391659      149.3981   559                    156.8333 92736989         
 415595 391749      146.1555   375                    156.8332 92759579         
 415660 391802      151.5563   432                    156.8332 92781260         
 415749 391883      151.9294   411                    156.8331 92801254         
 415897 392027      146.0370   336                    156.8330 92820849         
 415933 392057        cutoff                          156.8327 92843266         
 416023 392137      154.4521   507                    156.8320 92862611         
 416132 392242      153.8128   518                    156.8320 92880665         
Elapsed time = 55825.15 sec. (79091623.96 ticks, tree = 15911.62 MB, solutions = 0)
Nodefile size = 13864.52 MB (9876.75 MB after compression)
 416238 392348      145.7319   466                    156.8320 92897444         
 416315 392415      155.5220   535                    156.8319 92918585         
 416370 392470      151.8157   533                    156.8319 92928790         
 416457 392553      146.6136   491                    156.8319 92950515         
 416577 392665      153.2659   528                    156.8316 92973694         
 416637 392719      147.1528   465                    156.8316 92993690         
 416720 392792      152.3443   489                    156.8313 93016733         
 416837 392905      148.2693   362                    156.8310 93035094         
 416922 392982      148.8469   319                    156.8309 93058904         
 417042 393083      154.4516   548                    156.8305 93079314         
Elapsed time = 55936.63 sec. (79246581.83 ticks, tree = 15946.06 MB, solutions = 0)
Nodefile size = 13898.89 MB (9901.33 MB after compression)
 417129 393168        cutoff                          156.8305 93099648         
 417235 393268      154.8688   444                    156.8303 93117469         
 417325 393354      144.6651   456                    156.8300 93135643         
 417425 393444      144.2863   471                    156.8300 93157499         
 417525 393541      142.4453   350                    156.8298 93177445         
 417599 393607      153.4725   479                    156.8294 93197804         
 417661 393661      152.4455   587                    156.8290 93221607         
 417737 393729      153.3088   501                    156.8285 93241856         
 417837 393825      152.0705   454                    156.8284 93259955         
 417902 393881      155.3658   422                    156.8281 93282115         
Elapsed time = 56047.79 sec. (79401612.72 ticks, tree = 15978.76 MB, solutions = 0)
Nodefile size = 13931.30 MB (9924.50 MB after compression)
 418010 393985      152.6764   482                    156.8280 93299485         
 418134 394105      146.6230   465                    156.8278 93318212         
 418222 394189      148.0134   428                    156.8277 93337212         
 418308 394259      152.4024   426                    156.8276 93361948         
 418407 394350      154.5705   567                    156.8274 93380156         
 418466 394409      147.9693   550                    156.8274 93396685         
 418558 394497      150.7640   432                    156.8271 93416790         
 418630 394560      155.3197   438                    156.8267 93440974         
 418755 394679      153.1241   501                    156.8265 93456296         
 418859 394783      143.7389   442                    156.8265 93474570         
Elapsed time = 56157.80 sec. (79555310.56 ticks, tree = 16015.73 MB, solutions = 0)
Nodefile size = 13968.64 MB (9951.09 MB after compression)
 418927 394847      145.7625   538                    156.8264 93492985         
 419026 394942      147.9447   415                    156.8262 93511326         
 419099 395003      150.7840   402                    156.8259 93534421         
 419207 395103      148.7107   445                    156.8257 93557603         
 419290 395178      151.9084   465                    156.8254 93578052         
 419342 395226      149.6321   548                    156.8252 93595383         
 419445 395321      154.7370   490                    156.8243 93618294         
 419517 395389      154.5393   396                    156.8243 93637698         
 419578 395441      152.7914   418                    156.8242 93656613         
 419655 395509      150.1262   388                    156.8242 93678368         
Elapsed time = 56268.24 sec. (79711190.58 ticks, tree = 16045.49 MB, solutions = 0)
Nodefile size = 13998.11 MB (9972.16 MB after compression)
 419808 395654      153.5537   510                    156.8238 93701486         
 419850 395690      153.5886   513                    156.8234 93722013         
 419961 395797      154.2209   604                    156.8232 93740000         
 420040 395876      148.3304   519                    156.8232 93754068         
 420118 395945      153.7257   296                    156.8227 93775490         
 420205 396022      153.1434   534                    156.8227 93794805         
 420304 396117      150.7240   428                    156.8224 93812808         
 420394 396203      149.7382   506                    156.8223 93831254         
 420482 396288      150.5715   512                    156.8220 93849444         
 420577 396379      150.3119   418                    156.8219 93870694         
Elapsed time = 56379.86 sec. (79866869.14 ticks, tree = 16081.12 MB, solutions = 0)
Nodefile size = 14033.45 MB (9997.38 MB after compression)
 420658 396450      153.4469   480                    156.8215 93893426         
 420736 396528      141.9044   432                    156.8215 93914601         
 420812 396596      151.8528   540                    156.8209 93930290         
 420892 396672      152.4249   434                    156.8208 93951627         
 420964 396740      148.7445   427                    156.8208 93968223         
 421044 396814      150.5673   580                    156.8207 93985503         
 421144 396909      153.7576   495                    156.8207 94004587         
 421244 397009      145.8679   304                    156.8207 94022030         
 421329 397082      151.4887   410                    156.8199 94043346         
 421436 397185      145.9255   378                    156.8199 94063940         
Elapsed time = 56490.09 sec. (80021731.51 ticks, tree = 16114.14 MB, solutions = 0)
Nodefile size = 14066.84 MB (10021.18 MB after compression)
 421533 397277      145.9221   473                    156.8198 94082140         
 421595 397329      151.7587   512                    156.8197 94102539         
 421681 397411      155.2490   513                    156.8196 94125394         
 421785 397511      154.5850   585                    156.8193 94143731         
 421875 397595      154.0713   368                    156.8192 94165159         
 421945 397656      151.9943   450                    156.8190 94182745         
 422057 397765      147.0710   337                    156.8189 94202290         
 422160 397864      151.1440   515                    156.8189 94218570         
 422250 397950      153.3154   524                    156.8188 94239127         
 422342 398038      145.5249   422                    156.8186 94259522         
Elapsed time = 56601.40 sec. (80176529.88 ticks, tree = 16149.10 MB, solutions = 0)
Nodefile size = 14101.21 MB (10045.70 MB after compression)
 422444 398130      155.1368   489                    156.8183 94280425         
 422540 398226      147.2098   452                    156.8183 94296194         
 422646 398328      150.6597   438                    156.8178 94314116         
 422732 398410      150.3810   318                    156.8176 94332647         
 422819 398485      149.4234   512                    156.8172 94352125         
 422906 398569      150.1068   595                    156.8170 94370578         
 422977 398636      151.6696   542                    156.8170 94386574         
 423048 398703      152.7251   517                    156.8170 94408130         
 423134 398785      144.2659   431                    156.8169 94428946         
 423286 398929      152.9915   465                    156.8167 94447434         
Elapsed time = 56712.62 sec. (80331586.93 ticks, tree = 16185.61 MB, solutions = 0)
Nodefile size = 14138.55 MB (10072.30 MB after compression)
 423379 399019      150.4330   543                    156.8166 94464903         
 423450 399080      148.7225   441                    156.8163 94486546         
 423576 399198      144.6532   323                    156.8158 94507183         
 423669 399284      145.8880   310                    156.8155 94529496         
 423747 399354      150.4938   503                    156.8153 94549691         
 423841 399441      144.0928   422                    156.8153 94569388         
 423902 399490      151.4079   465                    156.8151 94590985         
 423995 399579      151.8353   446                    156.8150 94606353         
 424104 399680      154.4772   539                    156.8149 94628335         
 424183 399759      146.7042   403                    156.8149 94645336         
Elapsed time = 56823.53 sec. (80485851.51 ticks, tree = 16219.63 MB, solutions = 0)
Nodefile size = 14171.97 MB (10096.26 MB after compression)
 424236 399804      143.7692   350                    156.8148 94670742         
 424327 399885      146.4709   467                    156.8148 94692229         
 424416 399970      143.3322   475                    156.8148 94712830         
 424449 399992      153.2493   498                    156.8141 94733603         
 424533 400072      153.0671   433                    156.8140 94753687         
 424622 400157      147.8290   420                    156.8137 94775558         
 424716 400247      149.0592   508                    156.8134 94791313         
 424801 400323      152.5157   488                    156.8132 94814054         
 424889 400403      155.0185   362                    156.8131 94834447         
 425023 400533      147.5957   432                    156.8129 94852721         
Elapsed time = 56933.94 sec. (80639674.41 ticks, tree = 16251.36 MB, solutions = 0)
Nodefile size = 14203.42 MB (10118.69 MB after compression)
 425094 400593      151.3461   609                    156.8125 94875043         
 425183 400678      151.9732   494                    156.8125 94892225         
 425263 400754      152.6231   542                    156.8125 94908359         
 425373 400860      144.8601   478                    156.8125 94928037         
 425449 400925      153.5554   449                    156.8122 94951011         
 425554 401027      153.3142   500                    156.8121 94968983         
 425663 401128      155.2521   511                    156.8119 94988304         
 425716 401177      149.2753   486                    156.8118 95007765         
 425789 401246      153.5448   524                    156.8116 95027668         
 425892 401341      154.6355   437                    156.8114 95047581         
Elapsed time = 57045.23 sec. (80794815.58 ticks, tree = 16284.49 MB, solutions = 0)
Nodefile size = 14236.83 MB (10142.56 MB after compression)
 425966 401411      152.0795   490                    156.8112 95067254         
 426020 401461      149.2410   379                    156.8112 95086662         
 426155 401588      148.2687   331                    156.8110 95108068         
 426243 401672      145.6317   470                    156.8110 95129646         
 426302 401723      152.5902   417                    156.8109 95150600         
 426395 401808      152.2333   441                    156.8108 95169967         
 426480 401889      150.2203   537                    156.8106 95189054         
 426567 401972      153.3119   429                    156.8106 95209662         
 426643 402040      153.4084   508                    156.8105 95231746         
 426726 402119      154.0573   566                    156.8102 95250138         
Elapsed time = 57155.17 sec. (80949745.23 ticks, tree = 16316.40 MB, solutions = 0)
Nodefile size = 14269.27 MB (10165.69 MB after compression)
 426797 402190      143.5874   490                    156.8102 95267761         
 426892 402271      154.6519   492                    156.8099 95290944         
 427023 402398      154.6309   510                    156.8097 95308863         
 427128 402499      145.9874   360                    156.8097 95329274         
 427212 402575      149.9473   392                    156.8095 95353316         
 427334 402689      156.7412   576                    156.8094 95375111         
 427403 402758      150.6083   490                    156.8094 95388978         
 427495 402846      151.1985   497                    156.8094 95409676         
 427588 402935      148.2919   520                    156.8092 95431221         
 427644 402982      149.2715   464                    156.8090 95456337         
Elapsed time = 57265.31 sec. (81103195.82 ticks, tree = 16351.78 MB, solutions = 0)
Nodefile size = 14304.65 MB (10190.89 MB after compression)
 427756 403086    infeasible                          156.8088 95481636         
 427826 403156      146.5072   362                    156.8086 95500438         
 427932 403252      145.1986   412                    156.8080 95520292         
 428013 403325      147.5109   361                    156.8080 95539502         
 428143 403447      149.1080   582                    156.8078 95561678         
 428248 403548      151.1751   419                    156.8075 95581615         
 428344 403634      149.2884   442                    156.8071 95602668         
 428468 403745      152.8362   465                    156.8069 95624269         
 428554 403823      154.3127   553                    156.8064 95648964         
 428644 403913      143.9524   357                    156.8064 95667308         
Elapsed time = 57377.57 sec. (81258561.60 ticks, tree = 16389.98 MB, solutions = 0)
Nodefile size = 14342.03 MB (10217.59 MB after compression)
 428725 403991      149.6985   431                    156.8063 95682389         
 428819 404081      150.1901   365                    156.8063 95701321         
 428901 404150      151.1440   477                    156.8062 95724565         
 428996 404241      148.7504   470                    156.8061 95746175         
 429105 404346      150.0271   348                    156.8059 95764767         
 429237 404474      147.1131   364                    156.8059 95783695         
 429319 404546      147.9181   522                    156.8056 95806002         
 429394 404617      152.0748   480                    156.8056 95825950         
 429494 404713      151.2809   454                    156.8056 95844288         
 429607 404822      144.0162   420                    156.8055 95866234         
Elapsed time = 57488.45 sec. (81412569.53 ticks, tree = 16427.25 MB, solutions = 0)
Nodefile size = 14379.36 MB (10244.18 MB after compression)
 429680 404885      145.4184   552                    156.8049 95887168         
 429766 404967      147.3393   460                    156.8047 95907914         
 429842 405031      151.7005   588                    156.8046 95934478         
 429899 405080      152.5216   566                    156.8045 95959344         
 429975 405153      155.3484   552                    156.8045 95973711         
 430051 405229      148.2725   447                    156.8045 95989891         
 430137 405307      152.4249   502                    156.8043 96011760         
 430210 405376      151.8672   514                    156.8037 96033513         
 430285 405447      148.9142   456                    156.8037 96049917         
 430400 405554      142.9390   293                    156.8036 96071476         
Elapsed time = 57598.86 sec. (81567799.27 ticks, tree = 16457.26 MB, solutions = 0)
Nodefile size = 14409.84 MB (10265.93 MB after compression)
 430468 405606      149.8678   569                    156.8032 96089962         
 430569 405699      152.4246   497                    156.8031 96113772         
 430670 405795      146.6054   370                    156.8029 96133611         
 430750 405865      150.5389   471                    156.8029 96154906         
 430838 405949      149.9275   339                    156.8029 96175181         
 430942 406045      145.4200   523                    156.8025 96196385         
 431040 406131      152.4480   546                    156.8018 96216707         
 431145 406236      142.8723   400                    156.8018 96234715         
 431238 406319      148.3586   399                    156.8010 96257508         
 431314 406388      148.6887   408                    156.8008 96273858         
Elapsed time = 57710.06 sec. (81722499.31 ticks, tree = 16491.47 MB, solutions = 0)
Nodefile size = 14444.25 MB (10290.43 MB after compression)
 431410 406480      151.1596   564                    156.8008 96292596         
 431489 406556      151.4961   505                    156.8007 96313965         
 431598 406661      146.4346   308                    156.8007 96332008         
 431693 406748      151.6631   463                    156.8004 96351627         
 431782 406833      154.7043   569                    156.8003 96371295         
 431880 406931      144.0007   424                    156.8003 96389150         
 432004 407051      144.4488   305                    156.8000 96408690         
 432099 407138      148.4234   523                    156.7999 96427002         
 432172 407203      152.5800   409                    156.7996 96448586         
 432271 407298      152.7063   464                    156.7995 96468339         
Elapsed time = 57820.16 sec. (81875726.41 ticks, tree = 16528.78 MB, solutions = 0)
Nodefile size = 14481.60 MB (10316.95 MB after compression)
 432362 407385      150.9953   470                    156.7992 96487177         
 432435 407454      148.0363   347                    156.7991 96505922         
 432521 407536      146.5897   497                    156.7991 96524996         
 432614 407626      147.6946   472                    156.7988 96544370         
 432689 407697      151.3688   501                    156.7987 96562679         
 432830 407831      150.5203   562                    156.7986 96582491         
 432858 407859      147.2880   324                    156.7986 96601454         
 432931 407926      145.4468   442                    156.7983 96620333         
 433043 408030      155.8656   465                    156.7978 96640924         
 433137 408124      148.7088   350                    156.7978 96653650         
Elapsed time = 57929.32 sec. (82031293.77 ticks, tree = 16562.67 MB, solutions = 0)
Nodefile size = 14515.05 MB (10340.76 MB after compression)
 433251 408230      155.0925   425                    156.7969 96676374         
 433302 408277      148.2187   500                    156.7969 96692303         
 433361 408332      152.9366   588                    156.7967 96709885         
 433435 408406      145.2095   578                    156.7967 96727814         
 433542 408504      151.2522   468                    156.7966 96751436         
 433589 408546      144.5340   386                    156.7964 96770831         
 433660 408609      153.4145   592                    156.7961 96788584         
 433758 408707      145.0535   487                    156.7961 96805474         
 433859 408798      152.7080   397                    156.7960 96826755         
 433929 408858      144.4487   426                    156.7959 96847897         
Elapsed time = 58038.11 sec. (82185392.06 ticks, tree = 16592.77 MB, solutions = 0)
Nodefile size = 14545.53 MB (10362.59 MB after compression)
 433997 408922      148.5671   465                    156.7958 96862963         
 434089 409010      148.5736   489                    156.7957 96882445         

GUB cover cuts applied:  20
Clique cuts applied:  31
Cover cuts applied:  18
Implied bound cuts applied:  74
Flow cuts applied:  15
Mixed integer rounding cuts applied:  42
Zero-half cuts applied:  152
Lift and project cuts applied:  7
Gomory fractional cuts applied:  1

Root node processing (before b&c):
  Real time             =   16.67 sec. (25374.89 ticks)
Sequential b&c:
  Real time             = 58043.33 sec. (82195842.20 ticks)
                          ------------
Total (root+branch&cut) = 58060.00 sec. (82221217.09 ticks)

CPLEX Sol status: Unknown
