Instance Name,n_x,m_x,served_x,prof Customer_x,prof Parcel_x,costs_x,K_x,Sol Time_x,Sol Val_x,sol Stat_x,LB_x,UB_x,GAP_x,vrps_x,e(h)_x,et(%)_x,e(km)_x,ed(%)_x,n_y,m_y,served_y,prof Customer_y,prof Parcel_y,costs_y,K_y,Sol Time_y,Sol Val_y,sol Stat_y,LB_y,UB_y,GAP_y,vrps_y,e(h)_y,et(%)_y,e(km)_y,ed(%)_y
sarp-16-8-A-11,,,,,,,,,,,,,,,,,,,16,8,2,74.925,12.12,69.138,3,0.1,17.907,Optimal,17.907,17.907,0.0,57.018,3.16341,0.413321,129.7,0.679769
sarp-16-8-A-11,,,,,,,,,,,,,,,,,,,16,8,2,74.925,12.12,69.138,3,0.1,17.907,Optimal,17.907,17.907,0.0,57.018,3.16341,0.413321,129.7,0.679769
sarp-16-8-A-11,,,,,,,,,,,,,,,,,,,16,8,2,74.925,12.12,69.138,3,0.1,17.907,Optimal,17.907,17.907,0.0,57.018,3.16341,0.413321,129.7,0.679769
sarp-16-8-A-11,,,,,,,,,,,,,,,,,,,16,8,2,74.925,12.12,69.138,3,0.1,17.907,Optimal,17.907,17.907,0.0,57.018,3.16341,0.413321,129.7,0.679769
sarp-16-8-A-11,,,,,,,,,,,,,,,,,,,16,8,2,74.925,12.12,69.138,3,0.1,17.907,Optimal,17.907,17.907,0.0,57.018,3.16341,0.413321,129.7,0.679769
sarp-16-8-A-11,,,,,,,,,,,,,,,,,,,16,8,2,74.925,12.12,69.138,3,0.1,17.907,Optimal,17.907,17.907,0.0,57.018,3.16341,0.413321,129.7,0.679769
sarp-16-8-A-11,,,,,,,,,,,,,,,,,,,16,8,2,74.925,12.12,69.138,3,0.1,17.907,Optimal,17.907,17.907,0.0,57.018,3.16341,0.413321,129.7,0.679769
sarp-16-8-A-11,,,,,,,,,,,,,,,,,,,16,8,2,74.925,12.12,69.138,3,0.1,17.907,Optimal,17.907,17.907,0.0,57.018,3.16341,0.413321,129.7,0.679769
sarp-16-8-A-11,,,,,,,,,,,,,,,,,,,16,8,2,74.925,12.12,69.138,3,0.1,17.907,Optimal,17.907,17.907,0.0,57.018,3.16341,0.413321,129.7,0.679769
sarp-16-8-A-11,,,,,,,,,,,,,,,,,,,16,8,2,74.925,12.12,69.138,3,0.1,17.907,Optimal,17.907,17.907,0.0,57.018,3.16341,0.413321,129.7,0.679769
sarp-16-8-A-11,,,,,,,,,,,,,,,,,,,16,8,2,74.925,12.12,69.138,3,0.1,17.907,Optimal,17.907,17.907,0.0,57.018,3.16341,0.413321,129.7,0.679769
sarp-16-8-A-11,,,,,,,,,,,,,,,,,,,16,8,2,74.925,12.12,69.138,3,0.1,17.907,Optimal,17.907,17.907,0.0,57.018,3.16341,0.413321,129.7,0.679769
sarp-16-8-A-11,,,,,,,,,,,,,,,,,,,16,8,2,74.925,12.12,69.138,3,0.1,17.907,Optimal,17.907,17.907,0.0,57.018,3.16341,0.413321,129.7,0.679769
sarp-16-8-A-11,,,,,,,,,,,,,,,,,,,16,8,2,74.925,12.12,69.138,3,0.1,17.907,Optimal,17.907,17.907,0.0,57.018,3.16341,0.413321,129.7,0.679769
sarp-16-8-A-11,,,,,,,,,,,,,,,,,,,16,8,2,74.925,12.12,69.138,3,0.1,17.907,Optimal,17.907,17.907,0.0,57.018,3.16341,0.413321,129.7,0.679769
sarp-16-8-A-11,,,,,,,,,,,,,,,,,,,16,8,2,74.925,12.12,69.138,3,0.1,17.907,Optimal,17.907,17.907,0.0,57.018,3.16341,0.413321,129.7,0.679769
sarp-16-8-A-11,,,,,,,,,,,,,,,,,,,16,8,2,74.925,12.12,69.138,3,0.1,17.907,Optimal,17.907,17.907,0.0,57.018,3.16341,0.413321,129.7,0.679769
sarp-16-8-A-11,,,,,,,,,,,,,,,,,,,16,8,2,74.925,12.12,69.138,3,0.1,17.907,Optimal,17.907,17.907,0.0,57.018,3.16341,0.413321,129.7,0.679769
sarp-16-8-A-11,,,,,,,,,,,,,,,,,,,16,8,2,74.925,12.12,69.138,3,0.1,17.907,Optimal,17.907,17.907,0.0,57.018,3.16341,0.413321,129.7,0.679769
sarp-16-8-A-11,,,,,,,,,,,,,,,,,,,16,8,2,74.925,12.12,69.138,3,0.1,17.907,Optimal,17.907,17.907,0.0,57.018,3.16341,0.413321,129.7,0.679769
sarp-16-8-A-11,,,,,,,,,,,,,,,,,,,16,8,2,74.925,12.12,69.138,3,0.1,17.907,Optimal,17.907,17.907,0.0,57.018,3.16341,0.413321,129.7,0.679769
sarp-16-8-A-11,,,,,,,,,,,,,,,,,,,16,8,2,74.925,12.12,69.138,3,0.1,17.907,Optimal,17.907,17.907,0.0,57.018,3.16341,0.413321,129.7,0.679769
sarp-16-8-A-11,,,,,,,,,,,,,,,,,,,16,8,2,74.925,12.12,69.138,3,0.1,17.907,Optimal,17.907,17.907,0.0,57.018,3.16341,0.413321,129.7,0.679769
sarp-16-8-A-11,,,,,,,,,,,,,,,,,,,16,8,2,74.925,12.12,69.138,3,0.1,17.907,Optimal,17.907,17.907,0.0,57.018,3.16341,0.413321,129.7,0.679769
sarp-16-8-A-11,,,,,,,,,,,,,,,,,,,16,8,2,74.925,12.12,69.138,3,0.1,17.907,Optimal,17.907,17.907,0.0,57.018,3.16341,0.413321,129.7,0.679769
sarp-16-8-A-11,,,,,,,,,,,,,,,,,,,16,8,2,74.925,12.12,69.138,3,0.1,17.907,Optimal,17.907,17.907,0.0,57.018,3.16341,0.413321,129.7,0.679769
sarp-16-8-A-11,,,,,,,,,,,,,,,,,,,16,8,2,74.925,12.12,69.138,3,0.1,17.907,Optimal,17.907,17.907,0.0,57.018,3.16341,0.413321,129.7,0.679769
sarp-16-8-A-11,,,,,,,,,,,,,,,,,,,16,8,2,74.925,12.12,69.138,3,0.1,17.907,Optimal,17.907,17.907,0.0,57.018,3.16341,0.413321,129.7,0.679769
sarp-16-8-A-12,,,,,,,,,,,,,,,,,,,16,8,4,74.013,28.39,75.762,3,0.33,26.641,Optimal,26.641,26.641,0.0,47.372,3.15122,0.379702,129.2,0.634578
sarp-16-8-A-12,,,,,,,,,,,,,,,,,,,16,8,4,74.013,28.39,75.762,3,0.33,26.641,Optimal,26.641,26.641,0.0,47.372,3.15122,0.379702,129.2,0.634578
sarp-16-8-A-12,,,,,,,,,,,,,,,,,,,16,8,4,74.013,28.39,75.762,3,0.33,26.641,Optimal,26.641,26.641,0.0,47.372,3.15122,0.379702,129.2,0.634578
sarp-16-8-A-12,,,,,,,,,,,,,,,,,,,16,8,4,74.013,28.39,75.762,3,0.33,26.641,Optimal,26.641,26.641,0.0,47.372,3.15122,0.379702,129.2,0.634578
sarp-16-8-A-12,,,,,,,,,,,,,,,,,,,16,8,4,74.013,28.39,75.762,3,0.33,26.641,Optimal,26.641,26.641,0.0,47.372,3.15122,0.379702,129.2,0.634578
sarp-16-8-A-12,,,,,,,,,,,,,,,,,,,16,8,4,74.013,28.39,75.762,3,0.33,26.641,Optimal,26.641,26.641,0.0,47.372,3.15122,0.379702,129.2,0.634578
sarp-16-8-A-12,,,,,,,,,,,,,,,,,,,16,8,4,74.013,28.39,75.762,3,0.33,26.641,Optimal,26.641,26.641,0.0,47.372,3.15122,0.379702,129.2,0.634578
sarp-16-8-A-12,,,,,,,,,,,,,,,,,,,16,8,4,74.013,28.39,75.762,3,0.33,26.641,Optimal,26.641,26.641,0.0,47.372,3.15122,0.379702,129.2,0.634578
sarp-16-8-A-12,,,,,,,,,,,,,,,,,,,16,8,4,74.013,28.39,75.762,3,0.33,26.641,Optimal,26.641,26.641,0.0,47.372,3.15122,0.379702,129.2,0.634578
sarp-16-8-A-12,,,,,,,,,,,,,,,,,,,16,8,4,74.013,28.39,75.762,3,0.33,26.641,Optimal,26.641,26.641,0.0,47.372,3.15122,0.379702,129.2,0.634578
sarp-16-8-A-12,,,,,,,,,,,,,,,,,,,16,8,4,74.013,28.39,75.762,3,0.33,26.641,Optimal,26.641,26.641,0.0,47.372,3.15122,0.379702,129.2,0.634578
sarp-16-8-A-12,,,,,,,,,,,,,,,,,,,16,8,4,74.013,28.39,75.762,3,0.33,26.641,Optimal,26.641,26.641,0.0,47.372,3.15122,0.379702,129.2,0.634578
sarp-16-8-A-12,,,,,,,,,,,,,,,,,,,16,8,4,74.013,28.39,75.762,3,0.33,26.641,Optimal,26.641,26.641,0.0,47.372,3.15122,0.379702,129.2,0.634578
sarp-16-8-A-12,,,,,,,,,,,,,,,,,,,16,8,4,74.013,28.39,75.762,3,0.33,26.641,Optimal,26.641,26.641,0.0,47.372,3.15122,0.379702,129.2,0.634578
sarp-16-8-A-12,,,,,,,,,,,,,,,,,,,16,8,4,74.013,28.39,75.762,3,0.33,26.641,Optimal,26.641,26.641,0.0,47.372,3.15122,0.379702,129.2,0.634578
sarp-16-8-A-12,,,,,,,,,,,,,,,,,,,16,8,4,74.013,28.39,75.762,3,0.33,26.641,Optimal,26.641,26.641,0.0,47.372,3.15122,0.379702,129.2,0.634578
sarp-16-8-A-12,,,,,,,,,,,,,,,,,,,16,8,4,74.013,28.39,75.762,3,0.33,26.641,Optimal,26.641,26.641,0.0,47.372,3.15122,0.379702,129.2,0.634578
sarp-16-8-A-12,,,,,,,,,,,,,,,,,,,16,8,4,74.013,28.39,75.762,3,0.33,26.641,Optimal,26.641,26.641,0.0,47.372,3.15122,0.379702,129.2,0.634578
sarp-16-8-A-12,,,,,,,,,,,,,,,,,,,16,8,4,74.013,28.39,75.762,3,0.33,26.641,Optimal,26.641,26.641,0.0,47.372,3.15122,0.379702,129.2,0.634578
sarp-16-8-A-12,,,,,,,,,,,,,,,,,,,16,8,4,74.013,28.39,75.762,3,0.33,26.641,Optimal,26.641,26.641,0.0,47.372,3.15122,0.379702,129.2,0.634578
sarp-16-8-A-12,,,,,,,,,,,,,,,,,,,16,8,4,74.013,28.39,75.762,3,0.33,26.641,Optimal,26.641,26.641,0.0,47.372,3.15122,0.379702,129.2,0.634578
sarp-16-8-A-12,,,,,,,,,,,,,,,,,,,16,8,4,74.013,28.39,75.762,3,0.33,26.641,Optimal,26.641,26.641,0.0,47.372,3.15122,0.379702,129.2,0.634578
sarp-16-8-A-12,,,,,,,,,,,,,,,,,,,16,8,4,74.013,28.39,75.762,3,0.33,26.641,Optimal,26.641,26.641,0.0,47.372,3.15122,0.379702,129.2,0.634578
sarp-16-8-A-12,,,,,,,,,,,,,,,,,,,16,8,4,74.013,28.39,75.762,3,0.33,26.641,Optimal,26.641,26.641,0.0,47.372,3.15122,0.379702,129.2,0.634578
sarp-16-8-A-12,,,,,,,,,,,,,,,,,,,16,8,4,74.013,28.39,75.762,3,0.33,26.641,Optimal,26.641,26.641,0.0,47.372,3.15122,0.379702,129.2,0.634578
sarp-16-8-A-12,,,,,,,,,,,,,,,,,,,16,8,4,74.013,28.39,75.762,3,0.33,26.641,Optimal,26.641,26.641,0.0,47.372,3.15122,0.379702,129.2,0.634578
sarp-16-8-A-12,,,,,,,,,,,,,,,,,,,16,8,4,74.013,28.39,75.762,3,0.33,26.641,Optimal,26.641,26.641,0.0,47.372,3.15122,0.379702,129.2,0.634578
sarp-16-8-A-12,,,,,,,,,,,,,,,,,,,16,8,4,74.013,28.39,75.762,3,0.33,26.641,Optimal,26.641,26.641,0.0,47.372,3.15122,0.379702,129.2,0.634578
sarp-16-8-B-11,,,,,,,,,,,,,,,,,,,16,8,3,82.392,27.559,66.516,3,1.51,43.435,Optimal,43.435,43.435,0.0,38.957,2.7439,0.342953,112.5,0.567608
sarp-16-8-B-11,,,,,,,,,,,,,,,,,,,16,8,3,82.392,27.559,66.516,3,1.51,43.435,Optimal,43.435,43.435,0.0,38.957,2.7439,0.342953,112.5,0.567608
sarp-16-8-B-11,,,,,,,,,,,,,,,,,,,16,8,3,82.392,27.559,66.516,3,1.51,43.435,Optimal,43.435,43.435,0.0,38.957,2.7439,0.342953,112.5,0.567608
sarp-16-8-B-11,,,,,,,,,,,,,,,,,,,16,8,3,82.392,27.559,66.516,3,1.51,43.435,Optimal,43.435,43.435,0.0,38.957,2.7439,0.342953,112.5,0.567608
sarp-16-8-B-11,,,,,,,,,,,,,,,,,,,16,8,3,82.392,27.559,66.516,3,1.51,43.435,Optimal,43.435,43.435,0.0,38.957,2.7439,0.342953,112.5,0.567608
sarp-16-8-B-11,,,,,,,,,,,,,,,,,,,16,8,3,82.392,27.559,66.516,3,1.51,43.435,Optimal,43.435,43.435,0.0,38.957,2.7439,0.342953,112.5,0.567608
sarp-16-8-B-11,,,,,,,,,,,,,,,,,,,16,8,3,82.392,27.559,66.516,3,1.51,43.435,Optimal,43.435,43.435,0.0,38.957,2.7439,0.342953,112.5,0.567608
sarp-16-8-B-11,,,,,,,,,,,,,,,,,,,16,8,3,82.392,27.559,66.516,3,1.51,43.435,Optimal,43.435,43.435,0.0,38.957,2.7439,0.342953,112.5,0.567608
sarp-16-8-B-11,,,,,,,,,,,,,,,,,,,16,8,3,82.392,27.559,66.516,3,1.51,43.435,Optimal,43.435,43.435,0.0,38.957,2.7439,0.342953,112.5,0.567608
sarp-16-8-B-11,,,,,,,,,,,,,,,,,,,16,8,3,82.392,27.559,66.516,3,1.51,43.435,Optimal,43.435,43.435,0.0,38.957,2.7439,0.342953,112.5,0.567608
sarp-16-8-B-11,,,,,,,,,,,,,,,,,,,16,8,3,82.392,27.559,66.516,3,1.51,43.435,Optimal,43.435,43.435,0.0,38.957,2.7439,0.342953,112.5,0.567608
sarp-16-8-B-11,,,,,,,,,,,,,,,,,,,16,8,3,82.392,27.559,66.516,3,1.51,43.435,Optimal,43.435,43.435,0.0,38.957,2.7439,0.342953,112.5,0.567608
sarp-16-8-B-11,,,,,,,,,,,,,,,,,,,16,8,3,82.392,27.559,66.516,3,1.51,43.435,Optimal,43.435,43.435,0.0,38.957,2.7439,0.342953,112.5,0.567608
sarp-16-8-B-11,,,,,,,,,,,,,,,,,,,16,8,3,82.392,27.559,66.516,3,1.51,43.435,Optimal,43.435,43.435,0.0,38.957,2.7439,0.342953,112.5,0.567608
sarp-16-8-B-11,,,,,,,,,,,,,,,,,,,16,8,3,82.392,27.559,66.516,3,1.51,43.435,Optimal,43.435,43.435,0.0,38.957,2.7439,0.342953,112.5,0.567608
sarp-16-8-B-11,,,,,,,,,,,,,,,,,,,16,8,3,82.392,27.559,66.516,3,1.51,43.435,Optimal,43.435,43.435,0.0,38.957,2.7439,0.342953,112.5,0.567608
sarp-16-8-B-11,,,,,,,,,,,,,,,,,,,16,8,3,82.392,27.559,66.516,3,1.51,43.435,Optimal,43.435,43.435,0.0,38.957,2.7439,0.342953,112.5,0.567608
sarp-16-8-B-11,,,,,,,,,,,,,,,,,,,16,8,3,82.392,27.559,66.516,3,1.51,43.435,Optimal,43.435,43.435,0.0,38.957,2.7439,0.342953,112.5,0.567608
sarp-16-8-B-11,,,,,,,,,,,,,,,,,,,16,8,3,82.392,27.559,66.516,3,1.51,43.435,Optimal,43.435,43.435,0.0,38.957,2.7439,0.342953,112.5,0.567608
sarp-16-8-B-11,,,,,,,,,,,,,,,,,,,16,8,3,82.392,27.559,66.516,3,1.51,43.435,Optimal,43.435,43.435,0.0,38.957,2.7439,0.342953,112.5,0.567608
sarp-16-8-B-11,,,,,,,,,,,,,,,,,,,16,8,3,82.392,27.559,66.516,3,1.51,43.435,Optimal,43.435,43.435,0.0,38.957,2.7439,0.342953,112.5,0.567608
sarp-16-8-B-11,,,,,,,,,,,,,,,,,,,16,8,3,82.392,27.559,66.516,3,1.51,43.435,Optimal,43.435,43.435,0.0,38.957,2.7439,0.342953,112.5,0.567608
sarp-16-8-B-11,,,,,,,,,,,,,,,,,,,16,8,3,82.392,27.559,66.516,3,1.51,43.435,Optimal,43.435,43.435,0.0,38.957,2.7439,0.342953,112.5,0.567608
sarp-16-8-B-11,,,,,,,,,,,,,,,,,,,16,8,3,82.392,27.559,66.516,3,1.51,43.435,Optimal,43.435,43.435,0.0,38.957,2.7439,0.342953,112.5,0.567608
sarp-16-8-B-11,,,,,,,,,,,,,,,,,,,16,8,3,82.392,27.559,66.516,3,1.51,43.435,Optimal,43.435,43.435,0.0,38.957,2.7439,0.342953,112.5,0.567608
sarp-16-8-B-11,,,,,,,,,,,,,,,,,,,16,8,3,82.392,27.559,66.516,3,1.51,43.435,Optimal,43.435,43.435,0.0,38.957,2.7439,0.342953,112.5,0.567608
sarp-16-8-B-11,,,,,,,,,,,,,,,,,,,16,8,3,82.392,27.559,66.516,3,1.51,43.435,Optimal,43.435,43.435,0.0,38.957,2.7439,0.342953,112.5,0.567608
sarp-16-8-B-11,,,,,,,,,,,,,,,,,,,16,8,3,82.392,27.559,66.516,3,1.51,43.435,Optimal,43.435,43.435,0.0,38.957,2.7439,0.342953,112.5,0.567608
sarp-16-8-B-12,,,,,,,,,,,,,,,,,,,16,8,6,83.076,55.699,98.716,3,2.51,40.059,Optimal,40.059,40.059,0.0,43.017,3.7,0.36142,151.7,0.563103
sarp-16-8-B-12,,,,,,,,,,,,,,,,,,,16,8,6,83.076,55.699,98.716,3,2.51,40.059,Optimal,40.059,40.059,0.0,43.017,3.7,0.36142,151.7,0.563103
sarp-16-8-B-12,,,,,,,,,,,,,,,,,,,16,8,6,83.076,55.699,98.716,3,2.51,40.059,Optimal,40.059,40.059,0.0,43.017,3.7,0.36142,151.7,0.563103
sarp-16-8-B-12,,,,,,,,,,,,,,,,,,,16,8,6,83.076,55.699,98.716,3,2.51,40.059,Optimal,40.059,40.059,0.0,43.017,3.7,0.36142,151.7,0.563103
sarp-16-8-B-12,,,,,,,,,,,,,,,,,,,16,8,6,83.076,55.699,98.716,3,2.51,40.059,Optimal,40.059,40.059,0.0,43.017,3.7,0.36142,151.7,0.563103
sarp-16-8-B-12,,,,,,,,,,,,,,,,,,,16,8,6,83.076,55.699,98.716,3,2.51,40.059,Optimal,40.059,40.059,0.0,43.017,3.7,0.36142,151.7,0.563103
sarp-16-8-B-12,,,,,,,,,,,,,,,,,,,16,8,6,83.076,55.699,98.716,3,2.51,40.059,Optimal,40.059,40.059,0.0,43.017,3.7,0.36142,151.7,0.563103
sarp-16-8-B-12,,,,,,,,,,,,,,,,,,,16,8,6,83.076,55.699,98.716,3,2.51,40.059,Optimal,40.059,40.059,0.0,43.017,3.7,0.36142,151.7,0.563103
sarp-16-8-B-12,,,,,,,,,,,,,,,,,,,16,8,6,83.076,55.699,98.716,3,2.51,40.059,Optimal,40.059,40.059,0.0,43.017,3.7,0.36142,151.7,0.563103
sarp-16-8-B-12,,,,,,,,,,,,,,,,,,,16,8,6,83.076,55.699,98.716,3,2.51,40.059,Optimal,40.059,40.059,0.0,43.017,3.7,0.36142,151.7,0.563103
sarp-16-8-B-12,,,,,,,,,,,,,,,,,,,16,8,6,83.076,55.699,98.716,3,2.51,40.059,Optimal,40.059,40.059,0.0,43.017,3.7,0.36142,151.7,0.563103
sarp-16-8-B-12,,,,,,,,,,,,,,,,,,,16,8,6,83.076,55.699,98.716,3,2.51,40.059,Optimal,40.059,40.059,0.0,43.017,3.7,0.36142,151.7,0.563103
sarp-16-8-B-12,,,,,,,,,,,,,,,,,,,16,8,6,83.076,55.699,98.716,3,2.51,40.059,Optimal,40.059,40.059,0.0,43.017,3.7,0.36142,151.7,0.563103
sarp-16-8-B-12,,,,,,,,,,,,,,,,,,,16,8,6,83.076,55.699,98.716,3,2.51,40.059,Optimal,40.059,40.059,0.0,43.017,3.7,0.36142,151.7,0.563103
sarp-16-8-B-12,,,,,,,,,,,,,,,,,,,16,8,6,83.076,55.699,98.716,3,2.51,40.059,Optimal,40.059,40.059,0.0,43.017,3.7,0.36142,151.7,0.563103
sarp-16-8-B-12,,,,,,,,,,,,,,,,,,,16,8,6,83.076,55.699,98.716,3,2.51,40.059,Optimal,40.059,40.059,0.0,43.017,3.7,0.36142,151.7,0.563103
sarp-16-8-B-12,,,,,,,,,,,,,,,,,,,16,8,6,83.076,55.699,98.716,3,2.51,40.059,Optimal,40.059,40.059,0.0,43.017,3.7,0.36142,151.7,0.563103
sarp-16-8-B-12,,,,,,,,,,,,,,,,,,,16,8,6,83.076,55.699,98.716,3,2.51,40.059,Optimal,40.059,40.059,0.0,43.017,3.7,0.36142,151.7,0.563103
sarp-16-8-B-12,,,,,,,,,,,,,,,,,,,16,8,6,83.076,55.699,98.716,3,2.51,40.059,Optimal,40.059,40.059,0.0,43.017,3.7,0.36142,151.7,0.563103
sarp-16-8-B-12,,,,,,,,,,,,,,,,,,,16,8,6,83.076,55.699,98.716,3,2.51,40.059,Optimal,40.059,40.059,0.0,43.017,3.7,0.36142,151.7,0.563103
sarp-16-8-B-12,,,,,,,,,,,,,,,,,,,16,8,6,83.076,55.699,98.716,3,2.51,40.059,Optimal,40.059,40.059,0.0,43.017,3.7,0.36142,151.7,0.563103
sarp-16-8-B-12,,,,,,,,,,,,,,,,,,,16,8,6,83.076,55.699,98.716,3,2.51,40.059,Optimal,40.059,40.059,0.0,43.017,3.7,0.36142,151.7,0.563103
sarp-16-8-B-12,,,,,,,,,,,,,,,,,,,16,8,6,83.076,55.699,98.716,3,2.51,40.059,Optimal,40.059,40.059,0.0,43.017,3.7,0.36142,151.7,0.563103
sarp-16-8-B-12,,,,,,,,,,,,,,,,,,,16,8,6,83.076,55.699,98.716,3,2.51,40.059,Optimal,40.059,40.059,0.0,43.017,3.7,0.36142,151.7,0.563103
sarp-16-8-B-12,,,,,,,,,,,,,,,,,,,16,8,6,83.076,55.699,98.716,3,2.51,40.059,Optimal,40.059,40.059,0.0,43.017,3.7,0.36142,151.7,0.563103
sarp-16-8-B-12,,,,,,,,,,,,,,,,,,,16,8,6,83.076,55.699,98.716,3,2.51,40.059,Optimal,40.059,40.059,0.0,43.017,3.7,0.36142,151.7,0.563103
sarp-16-8-B-12,,,,,,,,,,,,,,,,,,,16,8,6,83.076,55.699,98.716,3,2.51,40.059,Optimal,40.059,40.059,0.0,43.017,3.7,0.36142,151.7,0.563103
sarp-16-8-B-12,,,,,,,,,,,,,,,,,,,16,8,6,83.076,55.699,98.716,3,2.51,40.059,Optimal,40.059,40.059,0.0,43.017,3.7,0.36142,151.7,0.563103
sarp-16-8-C-11,,,,,,,,,,,,,,,,,,,16,8,8,163.902,112.39,110.124,4,18.64,166.168,Optimal,166.168,166.168,0.0,-2.266,2.43902,0.166667,100.0,0.229358
sarp-16-8-C-11,,,,,,,,,,,,,,,,,,,16,8,8,163.902,112.39,110.124,4,18.64,166.168,Optimal,166.168,166.168,0.0,-2.266,2.43902,0.166667,100.0,0.229358
sarp-16-8-C-11,,,,,,,,,,,,,,,,,,,16,8,8,163.902,112.39,110.124,4,18.64,166.168,Optimal,166.168,166.168,0.0,-2.266,2.43902,0.166667,100.0,0.229358
sarp-16-8-C-11,,,,,,,,,,,,,,,,,,,16,8,8,163.902,112.39,110.124,4,18.64,166.168,Optimal,166.168,166.168,0.0,-2.266,2.43902,0.166667,100.0,0.229358
sarp-16-8-C-11,,,,,,,,,,,,,,,,,,,16,8,8,163.902,112.39,110.124,4,18.64,166.168,Optimal,166.168,166.168,0.0,-2.266,2.43902,0.166667,100.0,0.229358
sarp-16-8-C-11,,,,,,,,,,,,,,,,,,,16,8,8,163.902,112.39,110.124,4,18.64,166.168,Optimal,166.168,166.168,0.0,-2.266,2.43902,0.166667,100.0,0.229358
sarp-16-8-C-11,,,,,,,,,,,,,,,,,,,16,8,8,163.902,112.39,110.124,4,18.64,166.168,Optimal,166.168,166.168,0.0,-2.266,2.43902,0.166667,100.0,0.229358
sarp-16-8-C-11,,,,,,,,,,,,,,,,,,,16,8,8,163.902,112.39,110.124,4,18.64,166.168,Optimal,166.168,166.168,0.0,-2.266,2.43902,0.166667,100.0,0.229358
sarp-16-8-C-11,,,,,,,,,,,,,,,,,,,16,8,8,163.902,112.39,110.124,4,18.64,166.168,Optimal,166.168,166.168,0.0,-2.266,2.43902,0.166667,100.0,0.229358
sarp-16-8-C-11,,,,,,,,,,,,,,,,,,,16,8,8,163.902,112.39,110.124,4,18.64,166.168,Optimal,166.168,166.168,0.0,-2.266,2.43902,0.166667,100.0,0.229358
sarp-16-8-C-11,,,,,,,,,,,,,,,,,,,16,8,8,163.902,112.39,110.124,4,18.64,166.168,Optimal,166.168,166.168,0.0,-2.266,2.43902,0.166667,100.0,0.229358
sarp-16-8-C-11,,,,,,,,,,,,,,,,,,,16,8,8,163.902,112.39,110.124,4,18.64,166.168,Optimal,166.168,166.168,0.0,-2.266,2.43902,0.166667,100.0,0.229358
sarp-16-8-C-11,,,,,,,,,,,,,,,,,,,16,8,8,163.902,112.39,110.124,4,18.64,166.168,Optimal,166.168,166.168,0.0,-2.266,2.43902,0.166667,100.0,0.229358
sarp-16-8-C-11,,,,,,,,,,,,,,,,,,,16,8,8,163.902,112.39,110.124,4,18.64,166.168,Optimal,166.168,166.168,0.0,-2.266,2.43902,0.166667,100.0,0.229358
sarp-16-8-C-11,,,,,,,,,,,,,,,,,,,16,8,8,163.902,112.39,110.124,4,18.64,166.168,Optimal,166.168,166.168,0.0,-2.266,2.43902,0.166667,100.0,0.229358
sarp-16-8-C-11,,,,,,,,,,,,,,,,,,,16,8,8,163.902,112.39,110.124,4,18.64,166.168,Optimal,166.168,166.168,0.0,-2.266,2.43902,0.166667,100.0,0.229358
sarp-16-8-C-11,,,,,,,,,,,,,,,,,,,16,8,8,163.902,112.39,110.124,4,18.64,166.168,Optimal,166.168,166.168,0.0,-2.266,2.43902,0.166667,100.0,0.229358
sarp-16-8-C-11,,,,,,,,,,,,,,,,,,,16,8,8,163.902,112.39,110.124,4,18.64,166.168,Optimal,166.168,166.168,0.0,-2.266,2.43902,0.166667,100.0,0.229358
sarp-16-8-C-11,,,,,,,,,,,,,,,,,,,16,8,8,163.902,112.39,110.124,4,18.64,166.168,Optimal,166.168,166.168,0.0,-2.266,2.43902,0.166667,100.0,0.229358
sarp-16-8-C-11,,,,,,,,,,,,,,,,,,,16,8,8,163.902,112.39,110.124,4,18.64,166.168,Optimal,166.168,166.168,0.0,-2.266,2.43902,0.166667,100.0,0.229358
sarp-16-8-C-11,,,,,,,,,,,,,,,,,,,16,8,8,163.902,112.39,110.124,4,18.64,166.168,Optimal,166.168,166.168,0.0,-2.266,2.43902,0.166667,100.0,0.229358
sarp-16-8-C-11,,,,,,,,,,,,,,,,,,,16,8,8,163.902,112.39,110.124,4,18.64,166.168,Optimal,166.168,166.168,0.0,-2.266,2.43902,0.166667,100.0,0.229358
sarp-16-8-C-11,,,,,,,,,,,,,,,,,,,16,8,8,163.902,112.39,110.124,4,18.64,166.168,Optimal,166.168,166.168,0.0,-2.266,2.43902,0.166667,100.0,0.229358
sarp-16-8-C-11,,,,,,,,,,,,,,,,,,,16,8,8,163.902,112.39,110.124,4,18.64,166.168,Optimal,166.168,166.168,0.0,-2.266,2.43902,0.166667,100.0,0.229358
sarp-16-8-C-11,,,,,,,,,,,,,,,,,,,16,8,8,163.902,112.39,110.124,4,18.64,166.168,Optimal,166.168,166.168,0.0,-2.266,2.43902,0.166667,100.0,0.229358
sarp-16-8-C-11,,,,,,,,,,,,,,,,,,,16,8,8,163.902,112.39,110.124,4,18.64,166.168,Optimal,166.168,166.168,0.0,-2.266,2.43902,0.166667,100.0,0.229358
sarp-16-8-C-11,,,,,,,,,,,,,,,,,,,16,8,8,163.902,112.39,110.124,4,18.64,166.168,Optimal,166.168,166.168,0.0,-2.266,2.43902,0.166667,100.0,0.229358
sarp-16-8-C-11,,,,,,,,,,,,,,,,,,,16,8,8,163.902,112.39,110.124,4,18.64,166.168,Optimal,166.168,166.168,0.0,-2.266,2.43902,0.166667,100.0,0.229358
sarp-16-8-C-12,,,,,,,,,,,,,,,,,,,16,8,7,160.311,113.966,140.668,3,23.08,133.609,Optimal,133.609,133.619,0.0078279,26.702,2.8878,0.181243,118.4,0.238662
sarp-16-8-C-12,,,,,,,,,,,,,,,,,,,16,8,7,160.311,113.966,140.668,3,23.08,133.609,Optimal,133.609,133.619,0.0078279,26.702,2.8878,0.181243,118.4,0.238662
sarp-16-8-C-12,,,,,,,,,,,,,,,,,,,16,8,7,160.311,113.966,140.668,3,23.08,133.609,Optimal,133.609,133.619,0.0078279,26.702,2.8878,0.181243,118.4,0.238662
sarp-16-8-C-12,,,,,,,,,,,,,,,,,,,16,8,7,160.311,113.966,140.668,3,23.08,133.609,Optimal,133.609,133.619,0.0078279,26.702,2.8878,0.181243,118.4,0.238662
sarp-16-8-C-12,,,,,,,,,,,,,,,,,,,16,8,7,160.311,113.966,140.668,3,23.08,133.609,Optimal,133.609,133.619,0.0078279,26.702,2.8878,0.181243,118.4,0.238662
sarp-16-8-C-12,,,,,,,,,,,,,,,,,,,16,8,7,160.311,113.966,140.668,3,23.08,133.609,Optimal,133.609,133.619,0.0078279,26.702,2.8878,0.181243,118.4,0.238662
sarp-16-8-C-12,,,,,,,,,,,,,,,,,,,16,8,7,160.311,113.966,140.668,3,23.08,133.609,Optimal,133.609,133.619,0.0078279,26.702,2.8878,0.181243,118.4,0.238662
sarp-16-8-C-12,,,,,,,,,,,,,,,,,,,16,8,7,160.311,113.966,140.668,3,23.08,133.609,Optimal,133.609,133.619,0.0078279,26.702,2.8878,0.181243,118.4,0.238662
sarp-16-8-C-12,,,,,,,,,,,,,,,,,,,16,8,7,160.311,113.966,140.668,3,23.08,133.609,Optimal,133.609,133.619,0.0078279,26.702,2.8878,0.181243,118.4,0.238662
sarp-16-8-C-12,,,,,,,,,,,,,,,,,,,16,8,7,160.311,113.966,140.668,3,23.08,133.609,Optimal,133.609,133.619,0.0078279,26.702,2.8878,0.181243,118.4,0.238662
sarp-16-8-C-12,,,,,,,,,,,,,,,,,,,16,8,7,160.311,113.966,140.668,3,23.08,133.609,Optimal,133.609,133.619,0.0078279,26.702,2.8878,0.181243,118.4,0.238662
sarp-16-8-C-12,,,,,,,,,,,,,,,,,,,16,8,7,160.311,113.966,140.668,3,23.08,133.609,Optimal,133.609,133.619,0.0078279,26.702,2.8878,0.181243,118.4,0.238662
sarp-16-8-C-12,,,,,,,,,,,,,,,,,,,16,8,7,160.311,113.966,140.668,3,23.08,133.609,Optimal,133.609,133.619,0.0078279,26.702,2.8878,0.181243,118.4,0.238662
sarp-16-8-C-12,,,,,,,,,,,,,,,,,,,16,8,7,160.311,113.966,140.668,3,23.08,133.609,Optimal,133.609,133.619,0.0078279,26.702,2.8878,0.181243,118.4,0.238662
sarp-16-8-C-12,,,,,,,,,,,,,,,,,,,16,8,7,160.311,113.966,140.668,3,23.08,133.609,Optimal,133.609,133.619,0.0078279,26.702,2.8878,0.181243,118.4,0.238662
sarp-16-8-C-12,,,,,,,,,,,,,,,,,,,16,8,7,160.311,113.966,140.668,3,23.08,133.609,Optimal,133.609,133.619,0.0078279,26.702,2.8878,0.181243,118.4,0.238662
sarp-16-8-C-12,,,,,,,,,,,,,,,,,,,16,8,7,160.311,113.966,140.668,3,23.08,133.609,Optimal,133.609,133.619,0.0078279,26.702,2.8878,0.181243,118.4,0.238662
sarp-16-8-C-12,,,,,,,,,,,,,,,,,,,16,8,7,160.311,113.966,140.668,3,23.08,133.609,Optimal,133.609,133.619,0.0078279,26.702,2.8878,0.181243,118.4,0.238662
sarp-16-8-C-12,,,,,,,,,,,,,,,,,,,16,8,7,160.311,113.966,140.668,3,23.08,133.609,Optimal,133.609,133.619,0.0078279,26.702,2.8878,0.181243,118.4,0.238662
sarp-16-8-C-12,,,,,,,,,,,,,,,,,,,16,8,7,160.311,113.966,140.668,3,23.08,133.609,Optimal,133.609,133.619,0.0078279,26.702,2.8878,0.181243,118.4,0.238662
sarp-16-8-C-12,,,,,,,,,,,,,,,,,,,16,8,7,160.311,113.966,140.668,3,23.08,133.609,Optimal,133.609,133.619,0.0078279,26.702,2.8878,0.181243,118.4,0.238662
sarp-16-8-C-12,,,,,,,,,,,,,,,,,,,16,8,7,160.311,113.966,140.668,3,23.08,133.609,Optimal,133.609,133.619,0.0078279,26.702,2.8878,0.181243,118.4,0.238662
sarp-16-8-C-12,,,,,,,,,,,,,,,,,,,16,8,7,160.311,113.966,140.668,3,23.08,133.609,Optimal,133.609,133.619,0.0078279,26.702,2.8878,0.181243,118.4,0.238662
sarp-16-8-C-12,,,,,,,,,,,,,,,,,,,16,8,7,160.311,113.966,140.668,3,23.08,133.609,Optimal,133.609,133.619,0.0078279,26.702,2.8878,0.181243,118.4,0.238662
sarp-16-8-C-12,,,,,,,,,,,,,,,,,,,16,8,7,160.311,113.966,140.668,3,23.08,133.609,Optimal,133.609,133.619,0.0078279,26.702,2.8878,0.181243,118.4,0.238662
sarp-16-8-C-12,,,,,,,,,,,,,,,,,,,16,8,7,160.311,113.966,140.668,3,23.08,133.609,Optimal,133.609,133.619,0.0078279,26.702,2.8878,0.181243,118.4,0.238662
sarp-16-8-C-12,,,,,,,,,,,,,,,,,,,16,8,7,160.311,113.966,140.668,3,23.08,133.609,Optimal,133.609,133.619,0.0078279,26.702,2.8878,0.181243,118.4,0.238662
sarp-16-8-C-12,,,,,,,,,,,,,,,,,,,16,8,7,160.311,113.966,140.668,3,23.08,133.609,Optimal,133.609,133.619,0.0078279,26.702,2.8878,0.181243,118.4,0.238662
sarp-20-10-A-11,,,,,,,,,,,,,,,,,,,20,10,7,92.958,43.416,110.446,3,19.17,25.928,Optimal,25.928,25.928,-5.48089e-14,67.03,3.80244,0.328903,155.9,0.538515
sarp-20-10-A-11,,,,,,,,,,,,,,,,,,,20,10,7,92.958,43.416,110.446,3,19.17,25.928,Optimal,25.928,25.928,-5.48089e-14,67.03,3.80244,0.328903,155.9,0.538515
sarp-20-10-A-11,,,,,,,,,,,,,,,,,,,20,10,7,92.958,43.416,110.446,3,19.17,25.928,Optimal,25.928,25.928,-5.48089e-14,67.03,3.80244,0.328903,155.9,0.538515
sarp-20-10-A-11,,,,,,,,,,,,,,,,,,,20,10,7,92.958,43.416,110.446,3,19.17,25.928,Optimal,25.928,25.928,-5.48089e-14,67.03,3.80244,0.328903,155.9,0.538515
sarp-20-10-A-11,,,,,,,,,,,,,,,,,,,20,10,7,92.958,43.416,110.446,3,19.17,25.928,Optimal,25.928,25.928,-5.48089e-14,67.03,3.80244,0.328903,155.9,0.538515
sarp-20-10-A-11,,,,,,,,,,,,,,,,,,,20,10,7,92.958,43.416,110.446,3,19.17,25.928,Optimal,25.928,25.928,-5.48089e-14,67.03,3.80244,0.328903,155.9,0.538515
sarp-20-10-A-11,,,,,,,,,,,,,,,,,,,20,10,7,92.958,43.416,110.446,3,19.17,25.928,Optimal,25.928,25.928,-5.48089e-14,67.03,3.80244,0.328903,155.9,0.538515
sarp-20-10-A-11,,,,,,,,,,,,,,,,,,,20,10,7,92.958,43.416,110.446,3,19.17,25.928,Optimal,25.928,25.928,-5.48089e-14,67.03,3.80244,0.328903,155.9,0.538515
sarp-20-10-A-11,,,,,,,,,,,,,,,,,,,20,10,7,92.958,43.416,110.446,3,19.17,25.928,Optimal,25.928,25.928,-5.48089e-14,67.03,3.80244,0.328903,155.9,0.538515
sarp-20-10-A-11,,,,,,,,,,,,,,,,,,,20,10,7,92.958,43.416,110.446,3,19.17,25.928,Optimal,25.928,25.928,-5.48089e-14,67.03,3.80244,0.328903,155.9,0.538515
sarp-20-10-A-11,,,,,,,,,,,,,,,,,,,20,10,7,92.958,43.416,110.446,3,19.17,25.928,Optimal,25.928,25.928,-5.48089e-14,67.03,3.80244,0.328903,155.9,0.538515
sarp-20-10-A-11,,,,,,,,,,,,,,,,,,,20,10,7,92.958,43.416,110.446,3,19.17,25.928,Optimal,25.928,25.928,-5.48089e-14,67.03,3.80244,0.328903,155.9,0.538515
sarp-20-10-A-11,,,,,,,,,,,,,,,,,,,20,10,7,92.958,43.416,110.446,3,19.17,25.928,Optimal,25.928,25.928,-5.48089e-14,67.03,3.80244,0.328903,155.9,0.538515
sarp-20-10-A-11,,,,,,,,,,,,,,,,,,,20,10,7,92.958,43.416,110.446,3,19.17,25.928,Optimal,25.928,25.928,-5.48089e-14,67.03,3.80244,0.328903,155.9,0.538515
sarp-20-10-A-11,,,,,,,,,,,,,,,,,,,20,10,7,92.958,43.416,110.446,3,19.17,25.928,Optimal,25.928,25.928,-5.48089e-14,67.03,3.80244,0.328903,155.9,0.538515
sarp-20-10-A-11,,,,,,,,,,,,,,,,,,,20,10,7,92.958,43.416,110.446,3,19.17,25.928,Optimal,25.928,25.928,-5.48089e-14,67.03,3.80244,0.328903,155.9,0.538515
sarp-20-10-A-11,,,,,,,,,,,,,,,,,,,20,10,7,92.958,43.416,110.446,3,19.17,25.928,Optimal,25.928,25.928,-5.48089e-14,67.03,3.80244,0.328903,155.9,0.538515
sarp-20-10-A-11,,,,,,,,,,,,,,,,,,,20,10,7,92.958,43.416,110.446,3,19.17,25.928,Optimal,25.928,25.928,-5.48089e-14,67.03,3.80244,0.328903,155.9,0.538515
sarp-20-10-A-11,,,,,,,,,,,,,,,,,,,20,10,7,92.958,43.416,110.446,3,19.17,25.928,Optimal,25.928,25.928,-5.48089e-14,67.03,3.80244,0.328903,155.9,0.538515
sarp-20-10-A-11,,,,,,,,,,,,,,,,,,,20,10,7,92.958,43.416,110.446,3,19.17,25.928,Optimal,25.928,25.928,-5.48089e-14,67.03,3.80244,0.328903,155.9,0.538515
sarp-20-10-A-11,,,,,,,,,,,,,,,,,,,20,10,7,92.958,43.416,110.446,3,19.17,25.928,Optimal,25.928,25.928,-5.48089e-14,67.03,3.80244,0.328903,155.9,0.538515
sarp-20-10-A-11,,,,,,,,,,,,,,,,,,,20,10,7,92.958,43.416,110.446,3,19.17,25.928,Optimal,25.928,25.928,-5.48089e-14,67.03,3.80244,0.328903,155.9,0.538515
sarp-20-10-A-11,,,,,,,,,,,,,,,,,,,20,10,7,92.958,43.416,110.446,3,19.17,25.928,Optimal,25.928,25.928,-5.48089e-14,67.03,3.80244,0.328903,155.9,0.538515
sarp-20-10-A-11,,,,,,,,,,,,,,,,,,,20,10,7,92.958,43.416,110.446,3,19.17,25.928,Optimal,25.928,25.928,-5.48089e-14,67.03,3.80244,0.328903,155.9,0.538515
sarp-20-10-A-11,,,,,,,,,,,,,,,,,,,20,10,7,92.958,43.416,110.446,3,19.17,25.928,Optimal,25.928,25.928,-5.48089e-14,67.03,3.80244,0.328903,155.9,0.538515
sarp-20-10-A-11,,,,,,,,,,,,,,,,,,,20,10,7,92.958,43.416,110.446,3,19.17,25.928,Optimal,25.928,25.928,-5.48089e-14,67.03,3.80244,0.328903,155.9,0.538515
sarp-20-10-A-11,,,,,,,,,,,,,,,,,,,20,10,7,92.958,43.416,110.446,3,19.17,25.928,Optimal,25.928,25.928,-5.48089e-14,67.03,3.80244,0.328903,155.9,0.538515
sarp-20-10-A-11,,,,,,,,,,,,,,,,,,,20,10,7,92.958,43.416,110.446,3,19.17,25.928,Optimal,25.928,25.928,-5.48089e-14,67.03,3.80244,0.328903,155.9,0.538515
sarp-20-10-A-12,,,,,,,,,,,,,,,,,,,20,10,6,89.025,42.668,104.88,3,1.77,26.813,Optimal,26.813,26.813,0.0,62.212,4.11463,0.376422,168.7,0.62366
sarp-20-10-A-12,,,,,,,,,,,,,,,,,,,20,10,6,89.025,42.668,104.88,3,1.77,26.813,Optimal,26.813,26.813,0.0,62.212,4.11463,0.376422,168.7,0.62366
sarp-20-10-A-12,,,,,,,,,,,,,,,,,,,20,10,6,89.025,42.668,104.88,3,1.77,26.813,Optimal,26.813,26.813,0.0,62.212,4.11463,0.376422,168.7,0.62366
sarp-20-10-A-12,,,,,,,,,,,,,,,,,,,20,10,6,89.025,42.668,104.88,3,1.77,26.813,Optimal,26.813,26.813,0.0,62.212,4.11463,0.376422,168.7,0.62366
sarp-20-10-A-12,,,,,,,,,,,,,,,,,,,20,10,6,89.025,42.668,104.88,3,1.77,26.813,Optimal,26.813,26.813,0.0,62.212,4.11463,0.376422,168.7,0.62366
sarp-20-10-A-12,,,,,,,,,,,,,,,,,,,20,10,6,89.025,42.668,104.88,3,1.77,26.813,Optimal,26.813,26.813,0.0,62.212,4.11463,0.376422,168.7,0.62366
sarp-20-10-A-12,,,,,,,,,,,,,,,,,,,20,10,6,89.025,42.668,104.88,3,1.77,26.813,Optimal,26.813,26.813,0.0,62.212,4.11463,0.376422,168.7,0.62366
sarp-20-10-A-12,,,,,,,,,,,,,,,,,,,20,10,6,89.025,42.668,104.88,3,1.77,26.813,Optimal,26.813,26.813,0.0,62.212,4.11463,0.376422,168.7,0.62366
sarp-20-10-A-12,,,,,,,,,,,,,,,,,,,20,10,6,89.025,42.668,104.88,3,1.77,26.813,Optimal,26.813,26.813,0.0,62.212,4.11463,0.376422,168.7,0.62366
sarp-20-10-A-12,,,,,,,,,,,,,,,,,,,20,10,6,89.025,42.668,104.88,3,1.77,26.813,Optimal,26.813,26.813,0.0,62.212,4.11463,0.376422,168.7,0.62366
sarp-20-10-A-12,,,,,,,,,,,,,,,,,,,20,10,6,89.025,42.668,104.88,3,1.77,26.813,Optimal,26.813,26.813,0.0,62.212,4.11463,0.376422,168.7,0.62366
sarp-20-10-A-12,,,,,,,,,,,,,,,,,,,20,10,6,89.025,42.668,104.88,3,1.77,26.813,Optimal,26.813,26.813,0.0,62.212,4.11463,0.376422,168.7,0.62366
sarp-20-10-A-12,,,,,,,,,,,,,,,,,,,20,10,6,89.025,42.668,104.88,3,1.77,26.813,Optimal,26.813,26.813,0.0,62.212,4.11463,0.376422,168.7,0.62366
sarp-20-10-A-12,,,,,,,,,,,,,,,,,,,20,10,6,89.025,42.668,104.88,3,1.77,26.813,Optimal,26.813,26.813,0.0,62.212,4.11463,0.376422,168.7,0.62366
sarp-20-10-A-12,,,,,,,,,,,,,,,,,,,20,10,6,89.025,42.668,104.88,3,1.77,26.813,Optimal,26.813,26.813,0.0,62.212,4.11463,0.376422,168.7,0.62366
sarp-20-10-A-12,,,,,,,,,,,,,,,,,,,20,10,6,89.025,42.668,104.88,3,1.77,26.813,Optimal,26.813,26.813,0.0,62.212,4.11463,0.376422,168.7,0.62366
sarp-20-10-A-12,,,,,,,,,,,,,,,,,,,20,10,6,89.025,42.668,104.88,3,1.77,26.813,Optimal,26.813,26.813,0.0,62.212,4.11463,0.376422,168.7,0.62366
sarp-20-10-A-12,,,,,,,,,,,,,,,,,,,20,10,6,89.025,42.668,104.88,3,1.77,26.813,Optimal,26.813,26.813,0.0,62.212,4.11463,0.376422,168.7,0.62366
sarp-20-10-A-12,,,,,,,,,,,,,,,,,,,20,10,6,89.025,42.668,104.88,3,1.77,26.813,Optimal,26.813,26.813,0.0,62.212,4.11463,0.376422,168.7,0.62366
sarp-20-10-A-12,,,,,,,,,,,,,,,,,,,20,10,6,89.025,42.668,104.88,3,1.77,26.813,Optimal,26.813,26.813,0.0,62.212,4.11463,0.376422,168.7,0.62366
sarp-20-10-A-12,,,,,,,,,,,,,,,,,,,20,10,6,89.025,42.668,104.88,3,1.77,26.813,Optimal,26.813,26.813,0.0,62.212,4.11463,0.376422,168.7,0.62366
sarp-20-10-A-12,,,,,,,,,,,,,,,,,,,20,10,6,89.025,42.668,104.88,3,1.77,26.813,Optimal,26.813,26.813,0.0,62.212,4.11463,0.376422,168.7,0.62366
sarp-20-10-A-12,,,,,,,,,,,,,,,,,,,20,10,6,89.025,42.668,104.88,3,1.77,26.813,Optimal,26.813,26.813,0.0,62.212,4.11463,0.376422,168.7,0.62366
sarp-20-10-A-12,,,,,,,,,,,,,,,,,,,20,10,6,89.025,42.668,104.88,3,1.77,26.813,Optimal,26.813,26.813,0.0,62.212,4.11463,0.376422,168.7,0.62366
sarp-20-10-A-12,,,,,,,,,,,,,,,,,,,20,10,6,89.025,42.668,104.88,3,1.77,26.813,Optimal,26.813,26.813,0.0,62.212,4.11463,0.376422,168.7,0.62366
sarp-20-10-A-12,,,,,,,,,,,,,,,,,,,20,10,6,89.025,42.668,104.88,3,1.77,26.813,Optimal,26.813,26.813,0.0,62.212,4.11463,0.376422,168.7,0.62366
sarp-20-10-A-12,,,,,,,,,,,,,,,,,,,20,10,6,89.025,42.668,104.88,3,1.77,26.813,Optimal,26.813,26.813,0.0,62.212,4.11463,0.376422,168.7,0.62366
sarp-20-10-A-12,,,,,,,,,,,,,,,,,,,20,10,6,89.025,42.668,104.88,3,1.77,26.813,Optimal,26.813,26.813,0.0,62.212,4.11463,0.376422,168.7,0.62366
sarp-20-10-B-11,,,,,,,,,,,,,,,,,,,20,10,6,104.073,55.035,107.824,3,9.7,51.284,Optimal,51.284,51.284,0.0,52.789,3.90976,0.333287,160.3,0.52852
sarp-20-10-B-11,,,,,,,,,,,,,,,,,,,20,10,6,104.073,55.035,107.824,3,9.7,51.284,Optimal,51.284,51.284,0.0,52.789,3.90976,0.333287,160.3,0.52852
sarp-20-10-B-11,,,,,,,,,,,,,,,,,,,20,10,6,104.073,55.035,107.824,3,9.7,51.284,Optimal,51.284,51.284,0.0,52.789,3.90976,0.333287,160.3,0.52852
sarp-20-10-B-11,,,,,,,,,,,,,,,,,,,20,10,6,104.073,55.035,107.824,3,9.7,51.284,Optimal,51.284,51.284,0.0,52.789,3.90976,0.333287,160.3,0.52852
sarp-20-10-B-11,,,,,,,,,,,,,,,,,,,20,10,6,104.073,55.035,107.824,3,9.7,51.284,Optimal,51.284,51.284,0.0,52.789,3.90976,0.333287,160.3,0.52852
sarp-20-10-B-11,,,,,,,,,,,,,,,,,,,20,10,6,104.073,55.035,107.824,3,9.7,51.284,Optimal,51.284,51.284,0.0,52.789,3.90976,0.333287,160.3,0.52852
sarp-20-10-B-11,,,,,,,,,,,,,,,,,,,20,10,6,104.073,55.035,107.824,3,9.7,51.284,Optimal,51.284,51.284,0.0,52.789,3.90976,0.333287,160.3,0.52852
sarp-20-10-B-11,,,,,,,,,,,,,,,,,,,20,10,6,104.073,55.035,107.824,3,9.7,51.284,Optimal,51.284,51.284,0.0,52.789,3.90976,0.333287,160.3,0.52852
sarp-20-10-B-11,,,,,,,,,,,,,,,,,,,20,10,6,104.073,55.035,107.824,3,9.7,51.284,Optimal,51.284,51.284,0.0,52.789,3.90976,0.333287,160.3,0.52852
sarp-20-10-B-11,,,,,,,,,,,,,,,,,,,20,10,6,104.073,55.035,107.824,3,9.7,51.284,Optimal,51.284,51.284,0.0,52.789,3.90976,0.333287,160.3,0.52852
sarp-20-10-B-11,,,,,,,,,,,,,,,,,,,20,10,6,104.073,55.035,107.824,3,9.7,51.284,Optimal,51.284,51.284,0.0,52.789,3.90976,0.333287,160.3,0.52852
sarp-20-10-B-11,,,,,,,,,,,,,,,,,,,20,10,6,104.073,55.035,107.824,3,9.7,51.284,Optimal,51.284,51.284,0.0,52.789,3.90976,0.333287,160.3,0.52852
sarp-20-10-B-11,,,,,,,,,,,,,,,,,,,20,10,6,104.073,55.035,107.824,3,9.7,51.284,Optimal,51.284,51.284,0.0,52.789,3.90976,0.333287,160.3,0.52852
sarp-20-10-B-11,,,,,,,,,,,,,,,,,,,20,10,6,104.073,55.035,107.824,3,9.7,51.284,Optimal,51.284,51.284,0.0,52.789,3.90976,0.333287,160.3,0.52852
sarp-20-10-B-11,,,,,,,,,,,,,,,,,,,20,10,6,104.073,55.035,107.824,3,9.7,51.284,Optimal,51.284,51.284,0.0,52.789,3.90976,0.333287,160.3,0.52852
sarp-20-10-B-11,,,,,,,,,,,,,,,,,,,20,10,6,104.073,55.035,107.824,3,9.7,51.284,Optimal,51.284,51.284,0.0,52.789,3.90976,0.333287,160.3,0.52852
sarp-20-10-B-11,,,,,,,,,,,,,,,,,,,20,10,6,104.073,55.035,107.824,3,9.7,51.284,Optimal,51.284,51.284,0.0,52.789,3.90976,0.333287,160.3,0.52852
sarp-20-10-B-11,,,,,,,,,,,,,,,,,,,20,10,6,104.073,55.035,107.824,3,9.7,51.284,Optimal,51.284,51.284,0.0,52.789,3.90976,0.333287,160.3,0.52852
sarp-20-10-B-11,,,,,,,,,,,,,,,,,,,20,10,6,104.073,55.035,107.824,3,9.7,51.284,Optimal,51.284,51.284,0.0,52.789,3.90976,0.333287,160.3,0.52852
sarp-20-10-B-11,,,,,,,,,,,,,,,,,,,20,10,6,104.073,55.035,107.824,3,9.7,51.284,Optimal,51.284,51.284,0.0,52.789,3.90976,0.333287,160.3,0.52852
sarp-20-10-B-11,,,,,,,,,,,,,,,,,,,20,10,6,104.073,55.035,107.824,3,9.7,51.284,Optimal,51.284,51.284,0.0,52.789,3.90976,0.333287,160.3,0.52852
sarp-20-10-B-11,,,,,,,,,,,,,,,,,,,20,10,6,104.073,55.035,107.824,3,9.7,51.284,Optimal,51.284,51.284,0.0,52.789,3.90976,0.333287,160.3,0.52852
sarp-20-10-B-11,,,,,,,,,,,,,,,,,,,20,10,6,104.073,55.035,107.824,3,9.7,51.284,Optimal,51.284,51.284,0.0,52.789,3.90976,0.333287,160.3,0.52852
sarp-20-10-B-11,,,,,,,,,,,,,,,,,,,20,10,6,104.073,55.035,107.824,3,9.7,51.284,Optimal,51.284,51.284,0.0,52.789,3.90976,0.333287,160.3,0.52852
sarp-20-10-B-11,,,,,,,,,,,,,,,,,,,20,10,6,104.073,55.035,107.824,3,9.7,51.284,Optimal,51.284,51.284,0.0,52.789,3.90976,0.333287,160.3,0.52852
sarp-20-10-B-11,,,,,,,,,,,,,,,,,,,20,10,6,104.073,55.035,107.824,3,9.7,51.284,Optimal,51.284,51.284,0.0,52.789,3.90976,0.333287,160.3,0.52852
sarp-20-10-B-11,,,,,,,,,,,,,,,,,,,20,10,6,104.073,55.035,107.824,3,9.7,51.284,Optimal,51.284,51.284,0.0,52.789,3.90976,0.333287,160.3,0.52852
sarp-20-10-B-11,,,,,,,,,,,,,,,,,,,20,10,6,104.073,55.035,107.824,3,9.7,51.284,Optimal,51.284,51.284,0.0,52.789,3.90976,0.333287,160.3,0.52852
sarp-20-10-B-12,,,,,,,,,,,,,,,,,,,20,10,10,102.933,74.461,117.944,3,53.64,59.45,Optimal,59.45,59.45,0.0,43.483,3.57317,0.277305,146.5,0.453139
sarp-20-10-B-12,,,,,,,,,,,,,,,,,,,20,10,10,102.933,74.461,117.944,3,53.64,59.45,Optimal,59.45,59.45,0.0,43.483,3.57317,0.277305,146.5,0.453139
sarp-20-10-B-12,,,,,,,,,,,,,,,,,,,20,10,10,102.933,74.461,117.944,3,53.64,59.45,Optimal,59.45,59.45,0.0,43.483,3.57317,0.277305,146.5,0.453139
sarp-20-10-B-12,,,,,,,,,,,,,,,,,,,20,10,10,102.933,74.461,117.944,3,53.64,59.45,Optimal,59.45,59.45,0.0,43.483,3.57317,0.277305,146.5,0.453139
sarp-20-10-B-12,,,,,,,,,,,,,,,,,,,20,10,10,102.933,74.461,117.944,3,53.64,59.45,Optimal,59.45,59.45,0.0,43.483,3.57317,0.277305,146.5,0.453139
sarp-20-10-B-12,,,,,,,,,,,,,,,,,,,20,10,10,102.933,74.461,117.944,3,53.64,59.45,Optimal,59.45,59.45,0.0,43.483,3.57317,0.277305,146.5,0.453139
sarp-20-10-B-12,,,,,,,,,,,,,,,,,,,20,10,10,102.933,74.461,117.944,3,53.64,59.45,Optimal,59.45,59.45,0.0,43.483,3.57317,0.277305,146.5,0.453139
sarp-20-10-B-12,,,,,,,,,,,,,,,,,,,20,10,10,102.933,74.461,117.944,3,53.64,59.45,Optimal,59.45,59.45,0.0,43.483,3.57317,0.277305,146.5,0.453139
sarp-20-10-B-12,,,,,,,,,,,,,,,,,,,20,10,10,102.933,74.461,117.944,3,53.64,59.45,Optimal,59.45,59.45,0.0,43.483,3.57317,0.277305,146.5,0.453139
sarp-20-10-B-12,,,,,,,,,,,,,,,,,,,20,10,10,102.933,74.461,117.944,3,53.64,59.45,Optimal,59.45,59.45,0.0,43.483,3.57317,0.277305,146.5,0.453139
sarp-20-10-B-12,,,,,,,,,,,,,,,,,,,20,10,10,102.933,74.461,117.944,3,53.64,59.45,Optimal,59.45,59.45,0.0,43.483,3.57317,0.277305,146.5,0.453139
sarp-20-10-B-12,,,,,,,,,,,,,,,,,,,20,10,10,102.933,74.461,117.944,3,53.64,59.45,Optimal,59.45,59.45,0.0,43.483,3.57317,0.277305,146.5,0.453139
sarp-20-10-B-12,,,,,,,,,,,,,,,,,,,20,10,10,102.933,74.461,117.944,3,53.64,59.45,Optimal,59.45,59.45,0.0,43.483,3.57317,0.277305,146.5,0.453139
sarp-20-10-B-12,,,,,,,,,,,,,,,,,,,20,10,10,102.933,74.461,117.944,3,53.64,59.45,Optimal,59.45,59.45,0.0,43.483,3.57317,0.277305,146.5,0.453139
sarp-20-10-B-12,,,,,,,,,,,,,,,,,,,20,10,10,102.933,74.461,117.944,3,53.64,59.45,Optimal,59.45,59.45,0.0,43.483,3.57317,0.277305,146.5,0.453139
sarp-20-10-B-12,,,,,,,,,,,,,,,,,,,20,10,10,102.933,74.461,117.944,3,53.64,59.45,Optimal,59.45,59.45,0.0,43.483,3.57317,0.277305,146.5,0.453139
sarp-20-10-B-12,,,,,,,,,,,,,,,,,,,20,10,10,102.933,74.461,117.944,3,53.64,59.45,Optimal,59.45,59.45,0.0,43.483,3.57317,0.277305,146.5,0.453139
sarp-20-10-B-12,,,,,,,,,,,,,,,,,,,20,10,10,102.933,74.461,117.944,3,53.64,59.45,Optimal,59.45,59.45,0.0,43.483,3.57317,0.277305,146.5,0.453139
sarp-20-10-B-12,,,,,,,,,,,,,,,,,,,20,10,10,102.933,74.461,117.944,3,53.64,59.45,Optimal,59.45,59.45,0.0,43.483,3.57317,0.277305,146.5,0.453139
sarp-20-10-B-12,,,,,,,,,,,,,,,,,,,20,10,10,102.933,74.461,117.944,3,53.64,59.45,Optimal,59.45,59.45,0.0,43.483,3.57317,0.277305,146.5,0.453139
sarp-20-10-B-12,,,,,,,,,,,,,,,,,,,20,10,10,102.933,74.461,117.944,3,53.64,59.45,Optimal,59.45,59.45,0.0,43.483,3.57317,0.277305,146.5,0.453139
sarp-20-10-B-12,,,,,,,,,,,,,,,,,,,20,10,10,102.933,74.461,117.944,3,53.64,59.45,Optimal,59.45,59.45,0.0,43.483,3.57317,0.277305,146.5,0.453139
sarp-20-10-B-12,,,,,,,,,,,,,,,,,,,20,10,10,102.933,74.461,117.944,3,53.64,59.45,Optimal,59.45,59.45,0.0,43.483,3.57317,0.277305,146.5,0.453139
sarp-20-10-B-12,,,,,,,,,,,,,,,,,,,20,10,10,102.933,74.461,117.944,3,53.64,59.45,Optimal,59.45,59.45,0.0,43.483,3.57317,0.277305,146.5,0.453139
sarp-20-10-B-12,,,,,,,,,,,,,,,,,,,20,10,10,102.933,74.461,117.944,3,53.64,59.45,Optimal,59.45,59.45,0.0,43.483,3.57317,0.277305,146.5,0.453139
sarp-20-10-B-12,,,,,,,,,,,,,,,,,,,20,10,10,102.933,74.461,117.944,3,53.64,59.45,Optimal,59.45,59.45,0.0,43.483,3.57317,0.277305,146.5,0.453139
sarp-20-10-B-12,,,,,,,,,,,,,,,,,,,20,10,10,102.933,74.461,117.944,3,53.64,59.45,Optimal,59.45,59.45,0.0,43.483,3.57317,0.277305,146.5,0.453139
sarp-20-10-B-12,,,,,,,,,,,,,,,,,,,20,10,10,102.933,74.461,117.944,3,53.64,59.45,Optimal,59.45,59.45,0.0,43.483,3.57317,0.277305,146.5,0.453139
sarp-20-10-C-11,,,,,,,,,,,,,,,,,,,20,10,9,195.216,108.656,128.11,4,43.36,175.762,Optimal,175.762,175.778,0.00935521,19.454,3.99024,0.231903,163.6,0.322492
sarp-20-10-C-11,,,,,,,,,,,,,,,,,,,20,10,9,195.216,108.656,128.11,4,43.36,175.762,Optimal,175.762,175.778,0.00935521,19.454,3.99024,0.231903,163.6,0.322492
sarp-20-10-C-11,,,,,,,,,,,,,,,,,,,20,10,9,195.216,108.656,128.11,4,43.36,175.762,Optimal,175.762,175.778,0.00935521,19.454,3.99024,0.231903,163.6,0.322492
sarp-20-10-C-11,,,,,,,,,,,,,,,,,,,20,10,9,195.216,108.656,128.11,4,43.36,175.762,Optimal,175.762,175.778,0.00935521,19.454,3.99024,0.231903,163.6,0.322492
sarp-20-10-C-11,,,,,,,,,,,,,,,,,,,20,10,9,195.216,108.656,128.11,4,43.36,175.762,Optimal,175.762,175.778,0.00935521,19.454,3.99024,0.231903,163.6,0.322492
sarp-20-10-C-11,,,,,,,,,,,,,,,,,,,20,10,9,195.216,108.656,128.11,4,43.36,175.762,Optimal,175.762,175.778,0.00935521,19.454,3.99024,0.231903,163.6,0.322492
sarp-20-10-C-11,,,,,,,,,,,,,,,,,,,20,10,9,195.216,108.656,128.11,4,43.36,175.762,Optimal,175.762,175.778,0.00935521,19.454,3.99024,0.231903,163.6,0.322492
sarp-20-10-C-11,,,,,,,,,,,,,,,,,,,20,10,9,195.216,108.656,128.11,4,43.36,175.762,Optimal,175.762,175.778,0.00935521,19.454,3.99024,0.231903,163.6,0.322492
sarp-20-10-C-11,,,,,,,,,,,,,,,,,,,20,10,9,195.216,108.656,128.11,4,43.36,175.762,Optimal,175.762,175.778,0.00935521,19.454,3.99024,0.231903,163.6,0.322492
sarp-20-10-C-11,,,,,,,,,,,,,,,,,,,20,10,9,195.216,108.656,128.11,4,43.36,175.762,Optimal,175.762,175.778,0.00935521,19.454,3.99024,0.231903,163.6,0.322492
sarp-20-10-C-11,,,,,,,,,,,,,,,,,,,20,10,9,195.216,108.656,128.11,4,43.36,175.762,Optimal,175.762,175.778,0.00935521,19.454,3.99024,0.231903,163.6,0.322492
sarp-20-10-C-11,,,,,,,,,,,,,,,,,,,20,10,9,195.216,108.656,128.11,4,43.36,175.762,Optimal,175.762,175.778,0.00935521,19.454,3.99024,0.231903,163.6,0.322492
sarp-20-10-C-11,,,,,,,,,,,,,,,,,,,20,10,9,195.216,108.656,128.11,4,43.36,175.762,Optimal,175.762,175.778,0.00935521,19.454,3.99024,0.231903,163.6,0.322492
sarp-20-10-C-11,,,,,,,,,,,,,,,,,,,20,10,9,195.216,108.656,128.11,4,43.36,175.762,Optimal,175.762,175.778,0.00935521,19.454,3.99024,0.231903,163.6,0.322492
sarp-20-10-C-11,,,,,,,,,,,,,,,,,,,20,10,9,195.216,108.656,128.11,4,43.36,175.762,Optimal,175.762,175.778,0.00935521,19.454,3.99024,0.231903,163.6,0.322492
sarp-20-10-C-11,,,,,,,,,,,,,,,,,,,20,10,9,195.216,108.656,128.11,4,43.36,175.762,Optimal,175.762,175.778,0.00935521,19.454,3.99024,0.231903,163.6,0.322492
sarp-20-10-C-11,,,,,,,,,,,,,,,,,,,20,10,9,195.216,108.656,128.11,4,43.36,175.762,Optimal,175.762,175.778,0.00935521,19.454,3.99024,0.231903,163.6,0.322492
sarp-20-10-C-11,,,,,,,,,,,,,,,,,,,20,10,9,195.216,108.656,128.11,4,43.36,175.762,Optimal,175.762,175.778,0.00935521,19.454,3.99024,0.231903,163.6,0.322492
sarp-20-10-C-11,,,,,,,,,,,,,,,,,,,20,10,9,195.216,108.656,128.11,4,43.36,175.762,Optimal,175.762,175.778,0.00935521,19.454,3.99024,0.231903,163.6,0.322492
sarp-20-10-C-11,,,,,,,,,,,,,,,,,,,20,10,9,195.216,108.656,128.11,4,43.36,175.762,Optimal,175.762,175.778,0.00935521,19.454,3.99024,0.231903,163.6,0.322492
sarp-20-10-C-11,,,,,,,,,,,,,,,,,,,20,10,9,195.216,108.656,128.11,4,43.36,175.762,Optimal,175.762,175.778,0.00935521,19.454,3.99024,0.231903,163.6,0.322492
sarp-20-10-C-11,,,,,,,,,,,,,,,,,,,20,10,9,195.216,108.656,128.11,4,43.36,175.762,Optimal,175.762,175.778,0.00935521,19.454,3.99024,0.231903,163.6,0.322492
sarp-20-10-C-11,,,,,,,,,,,,,,,,,,,20,10,9,195.216,108.656,128.11,4,43.36,175.762,Optimal,175.762,175.778,0.00935521,19.454,3.99024,0.231903,163.6,0.322492
sarp-20-10-C-11,,,,,,,,,,,,,,,,,,,20,10,9,195.216,108.656,128.11,4,43.36,175.762,Optimal,175.762,175.778,0.00935521,19.454,3.99024,0.231903,163.6,0.322492
sarp-20-10-C-11,,,,,,,,,,,,,,,,,,,20,10,9,195.216,108.656,128.11,4,43.36,175.762,Optimal,175.762,175.778,0.00935521,19.454,3.99024,0.231903,163.6,0.322492
sarp-20-10-C-11,,,,,,,,,,,,,,,,,,,20,10,9,195.216,108.656,128.11,4,43.36,175.762,Optimal,175.762,175.778,0.00935521,19.454,3.99024,0.231903,163.6,0.322492
sarp-20-10-C-11,,,,,,,,,,,,,,,,,,,20,10,9,195.216,108.656,128.11,4,43.36,175.762,Optimal,175.762,175.778,0.00935521,19.454,3.99024,0.231903,163.6,0.322492
sarp-20-10-C-11,,,,,,,,,,,,,,,,,,,20,10,9,195.216,108.656,128.11,4,43.36,175.762,Optimal,175.762,175.778,0.00935521,19.454,3.99024,0.231903,163.6,0.322492
sarp-20-10-C-12,,,,,,,,,,,,,,,,,,,20,10,10,192.879,154.722,128.478,5,402.48,219.123,Optimal,219.123,219.144,0.00971793,-26.244,3.25854,0.188434,133.6,0.265079
sarp-20-10-C-12,,,,,,,,,,,,,,,,,,,20,10,10,192.879,154.722,128.478,5,402.48,219.123,Optimal,219.123,219.144,0.00971793,-26.244,3.25854,0.188434,133.6,0.265079
sarp-20-10-C-12,,,,,,,,,,,,,,,,,,,20,10,10,192.879,154.722,128.478,5,402.48,219.123,Optimal,219.123,219.144,0.00971793,-26.244,3.25854,0.188434,133.6,0.265079
sarp-20-10-C-12,,,,,,,,,,,,,,,,,,,20,10,10,192.879,154.722,128.478,5,402.48,219.123,Optimal,219.123,219.144,0.00971793,-26.244,3.25854,0.188434,133.6,0.265079
sarp-20-10-C-12,,,,,,,,,,,,,,,,,,,20,10,10,192.879,154.722,128.478,5,402.48,219.123,Optimal,219.123,219.144,0.00971793,-26.244,3.25854,0.188434,133.6,0.265079
sarp-20-10-C-12,,,,,,,,,,,,,,,,,,,20,10,10,192.879,154.722,128.478,5,402.48,219.123,Optimal,219.123,219.144,0.00971793,-26.244,3.25854,0.188434,133.6,0.265079
sarp-20-10-C-12,,,,,,,,,,,,,,,,,,,20,10,10,192.879,154.722,128.478,5,402.48,219.123,Optimal,219.123,219.144,0.00971793,-26.244,3.25854,0.188434,133.6,0.265079
sarp-20-10-C-12,,,,,,,,,,,,,,,,,,,20,10,10,192.879,154.722,128.478,5,402.48,219.123,Optimal,219.123,219.144,0.00971793,-26.244,3.25854,0.188434,133.6,0.265079
sarp-20-10-C-12,,,,,,,,,,,,,,,,,,,20,10,10,192.879,154.722,128.478,5,402.48,219.123,Optimal,219.123,219.144,0.00971793,-26.244,3.25854,0.188434,133.6,0.265079
sarp-20-10-C-12,,,,,,,,,,,,,,,,,,,20,10,10,192.879,154.722,128.478,5,402.48,219.123,Optimal,219.123,219.144,0.00971793,-26.244,3.25854,0.188434,133.6,0.265079
sarp-20-10-C-12,,,,,,,,,,,,,,,,,,,20,10,10,192.879,154.722,128.478,5,402.48,219.123,Optimal,219.123,219.144,0.00971793,-26.244,3.25854,0.188434,133.6,0.265079
sarp-20-10-C-12,,,,,,,,,,,,,,,,,,,20,10,10,192.879,154.722,128.478,5,402.48,219.123,Optimal,219.123,219.144,0.00971793,-26.244,3.25854,0.188434,133.6,0.265079
sarp-20-10-C-12,,,,,,,,,,,,,,,,,,,20,10,10,192.879,154.722,128.478,5,402.48,219.123,Optimal,219.123,219.144,0.00971793,-26.244,3.25854,0.188434,133.6,0.265079
sarp-20-10-C-12,,,,,,,,,,,,,,,,,,,20,10,10,192.879,154.722,128.478,5,402.48,219.123,Optimal,219.123,219.144,0.00971793,-26.244,3.25854,0.188434,133.6,0.265079
sarp-20-10-C-12,,,,,,,,,,,,,,,,,,,20,10,10,192.879,154.722,128.478,5,402.48,219.123,Optimal,219.123,219.144,0.00971793,-26.244,3.25854,0.188434,133.6,0.265079
sarp-20-10-C-12,,,,,,,,,,,,,,,,,,,20,10,10,192.879,154.722,128.478,5,402.48,219.123,Optimal,219.123,219.144,0.00971793,-26.244,3.25854,0.188434,133.6,0.265079
sarp-20-10-C-12,,,,,,,,,,,,,,,,,,,20,10,10,192.879,154.722,128.478,5,402.48,219.123,Optimal,219.123,219.144,0.00971793,-26.244,3.25854,0.188434,133.6,0.265079
sarp-20-10-C-12,,,,,,,,,,,,,,,,,,,20,10,10,192.879,154.722,128.478,5,402.48,219.123,Optimal,219.123,219.144,0.00971793,-26.244,3.25854,0.188434,133.6,0.265079
sarp-20-10-C-12,,,,,,,,,,,,,,,,,,,20,10,10,192.879,154.722,128.478,5,402.48,219.123,Optimal,219.123,219.144,0.00971793,-26.244,3.25854,0.188434,133.6,0.265079
sarp-20-10-C-12,,,,,,,,,,,,,,,,,,,20,10,10,192.879,154.722,128.478,5,402.48,219.123,Optimal,219.123,219.144,0.00971793,-26.244,3.25854,0.188434,133.6,0.265079
sarp-20-10-C-12,,,,,,,,,,,,,,,,,,,20,10,10,192.879,154.722,128.478,5,402.48,219.123,Optimal,219.123,219.144,0.00971793,-26.244,3.25854,0.188434,133.6,0.265079
sarp-20-10-C-12,,,,,,,,,,,,,,,,,,,20,10,10,192.879,154.722,128.478,5,402.48,219.123,Optimal,219.123,219.144,0.00971793,-26.244,3.25854,0.188434,133.6,0.265079
sarp-20-10-C-12,,,,,,,,,,,,,,,,,,,20,10,10,192.879,154.722,128.478,5,402.48,219.123,Optimal,219.123,219.144,0.00971793,-26.244,3.25854,0.188434,133.6,0.265079
sarp-20-10-C-12,,,,,,,,,,,,,,,,,,,20,10,10,192.879,154.722,128.478,5,402.48,219.123,Optimal,219.123,219.144,0.00971793,-26.244,3.25854,0.188434,133.6,0.265079
sarp-20-10-C-12,,,,,,,,,,,,,,,,,,,20,10,10,192.879,154.722,128.478,5,402.48,219.123,Optimal,219.123,219.144,0.00971793,-26.244,3.25854,0.188434,133.6,0.265079
sarp-20-10-C-12,,,,,,,,,,,,,,,,,,,20,10,10,192.879,154.722,128.478,5,402.48,219.123,Optimal,219.123,219.144,0.00971793,-26.244,3.25854,0.188434,133.6,0.265079
sarp-20-10-C-12,,,,,,,,,,,,,,,,,,,20,10,10,192.879,154.722,128.478,5,402.48,219.123,Optimal,219.123,219.144,0.00971793,-26.244,3.25854,0.188434,133.6,0.265079
sarp-20-10-C-12,,,,,,,,,,,,,,,,,,,20,10,10,192.879,154.722,128.478,5,402.48,219.123,Optimal,219.123,219.144,0.00971793,-26.244,3.25854,0.188434,133.6,0.265079
sarp-30-15-A-11,,,,,,,,,,,,,,,,,,,30,15,9,125.415,45.825,103.04,5,9.62,68.2,Optimal,68.2,68.2047,0.00688648,57.215,4.53659,0.344444,186.0,0.680073
sarp-30-15-A-11,,,,,,,,,,,,,,,,,,,30,15,9,125.415,45.825,103.04,5,9.62,68.2,Optimal,68.2,68.2047,0.00688648,57.215,4.53659,0.344444,186.0,0.680073
sarp-30-15-A-11,,,,,,,,,,,,,,,,,,,30,15,9,125.415,45.825,103.04,5,9.62,68.2,Optimal,68.2,68.2047,0.00688648,57.215,4.53659,0.344444,186.0,0.680073
sarp-30-15-A-11,,,,,,,,,,,,,,,,,,,30,15,9,125.415,45.825,103.04,5,9.62,68.2,Optimal,68.2,68.2047,0.00688648,57.215,4.53659,0.344444,186.0,0.680073
sarp-30-15-A-11,,,,,,,,,,,,,,,,,,,30,15,9,125.415,45.825,103.04,5,9.62,68.2,Optimal,68.2,68.2047,0.00688648,57.215,4.53659,0.344444,186.0,0.680073
sarp-30-15-A-11,,,,,,,,,,,,,,,,,,,30,15,9,125.415,45.825,103.04,5,9.62,68.2,Optimal,68.2,68.2047,0.00688648,57.215,4.53659,0.344444,186.0,0.680073
sarp-30-15-A-11,,,,,,,,,,,,,,,,,,,30,15,9,125.415,45.825,103.04,5,9.62,68.2,Optimal,68.2,68.2047,0.00688648,57.215,4.53659,0.344444,186.0,0.680073
sarp-30-15-A-11,,,,,,,,,,,,,,,,,,,30,15,9,125.415,45.825,103.04,5,9.62,68.2,Optimal,68.2,68.2047,0.00688648,57.215,4.53659,0.344444,186.0,0.680073
sarp-30-15-A-11,,,,,,,,,,,,,,,,,,,30,15,9,125.415,45.825,103.04,5,9.62,68.2,Optimal,68.2,68.2047,0.00688648,57.215,4.53659,0.344444,186.0,0.680073
sarp-30-15-A-11,,,,,,,,,,,,,,,,,,,30,15,9,125.415,45.825,103.04,5,9.62,68.2,Optimal,68.2,68.2047,0.00688648,57.215,4.53659,0.344444,186.0,0.680073
sarp-30-15-A-11,,,,,,,,,,,,,,,,,,,30,15,9,125.415,45.825,103.04,5,9.62,68.2,Optimal,68.2,68.2047,0.00688648,57.215,4.53659,0.344444,186.0,0.680073
sarp-30-15-A-11,,,,,,,,,,,,,,,,,,,30,15,9,125.415,45.825,103.04,5,9.62,68.2,Optimal,68.2,68.2047,0.00688648,57.215,4.53659,0.344444,186.0,0.680073
sarp-30-15-A-11,,,,,,,,,,,,,,,,,,,30,15,9,125.415,45.825,103.04,5,9.62,68.2,Optimal,68.2,68.2047,0.00688648,57.215,4.53659,0.344444,186.0,0.680073
sarp-30-15-A-11,,,,,,,,,,,,,,,,,,,30,15,9,125.415,45.825,103.04,5,9.62,68.2,Optimal,68.2,68.2047,0.00688648,57.215,4.53659,0.344444,186.0,0.680073
sarp-30-15-A-11,,,,,,,,,,,,,,,,,,,30,15,9,125.415,45.825,103.04,5,9.62,68.2,Optimal,68.2,68.2047,0.00688648,57.215,4.53659,0.344444,186.0,0.680073
sarp-30-15-A-11,,,,,,,,,,,,,,,,,,,30,15,9,125.415,45.825,103.04,5,9.62,68.2,Optimal,68.2,68.2047,0.00688648,57.215,4.53659,0.344444,186.0,0.680073
sarp-30-15-A-11,,,,,,,,,,,,,,,,,,,30,15,9,125.415,45.825,103.04,5,9.62,68.2,Optimal,68.2,68.2047,0.00688648,57.215,4.53659,0.344444,186.0,0.680073
sarp-30-15-A-11,,,,,,,,,,,,,,,,,,,30,15,9,125.415,45.825,103.04,5,9.62,68.2,Optimal,68.2,68.2047,0.00688648,57.215,4.53659,0.344444,186.0,0.680073
sarp-30-15-A-11,,,,,,,,,,,,,,,,,,,30,15,9,125.415,45.825,103.04,5,9.62,68.2,Optimal,68.2,68.2047,0.00688648,57.215,4.53659,0.344444,186.0,0.680073
sarp-30-15-A-11,,,,,,,,,,,,,,,,,,,30,15,9,125.415,45.825,103.04,5,9.62,68.2,Optimal,68.2,68.2047,0.00688648,57.215,4.53659,0.344444,186.0,0.680073
sarp-30-15-A-11,,,,,,,,,,,,,,,,,,,30,15,9,125.415,45.825,103.04,5,9.62,68.2,Optimal,68.2,68.2047,0.00688648,57.215,4.53659,0.344444,186.0,0.680073
sarp-30-15-A-11,,,,,,,,,,,,,,,,,,,30,15,9,125.415,45.825,103.04,5,9.62,68.2,Optimal,68.2,68.2047,0.00688648,57.215,4.53659,0.344444,186.0,0.680073
sarp-30-15-A-11,,,,,,,,,,,,,,,,,,,30,15,9,125.415,45.825,103.04,5,9.62,68.2,Optimal,68.2,68.2047,0.00688648,57.215,4.53659,0.344444,186.0,0.680073
sarp-30-15-A-11,,,,,,,,,,,,,,,,,,,30,15,9,125.415,45.825,103.04,5,9.62,68.2,Optimal,68.2,68.2047,0.00688648,57.215,4.53659,0.344444,186.0,0.680073
sarp-30-15-A-11,,,,,,,,,,,,,,,,,,,30,15,9,125.415,45.825,103.04,5,9.62,68.2,Optimal,68.2,68.2047,0.00688648,57.215,4.53659,0.344444,186.0,0.680073
sarp-30-15-A-11,,,,,,,,,,,,,,,,,,,30,15,9,125.415,45.825,103.04,5,9.62,68.2,Optimal,68.2,68.2047,0.00688648,57.215,4.53659,0.344444,186.0,0.680073
sarp-30-15-A-11,,,,,,,,,,,,,,,,,,,30,15,9,125.415,45.825,103.04,5,9.62,68.2,Optimal,68.2,68.2047,0.00688648,57.215,4.53659,0.344444,186.0,0.680073
sarp-30-15-A-11,,,,,,,,,,,,,,,,,,,30,15,9,125.415,45.825,103.04,5,9.62,68.2,Optimal,68.2,68.2047,0.00688648,57.215,4.53659,0.344444,186.0,0.680073
sarp-30-15-A-12,,,,,,,,,,,,,,,,,,,30,15,9,127.467,46.323,101.338,5,137.43,72.452,Optimal,72.452,72.452,0.0,55.015,4.1122,0.31228,168.6,0.616679
sarp-30-15-A-12,,,,,,,,,,,,,,,,,,,30,15,9,127.467,46.323,101.338,5,137.43,72.452,Optimal,72.452,72.452,0.0,55.015,4.1122,0.31228,168.6,0.616679
sarp-30-15-A-12,,,,,,,,,,,,,,,,,,,30,15,9,127.467,46.323,101.338,5,137.43,72.452,Optimal,72.452,72.452,0.0,55.015,4.1122,0.31228,168.6,0.616679
sarp-30-15-A-12,,,,,,,,,,,,,,,,,,,30,15,9,127.467,46.323,101.338,5,137.43,72.452,Optimal,72.452,72.452,0.0,55.015,4.1122,0.31228,168.6,0.616679
sarp-30-15-A-12,,,,,,,,,,,,,,,,,,,30,15,9,127.467,46.323,101.338,5,137.43,72.452,Optimal,72.452,72.452,0.0,55.015,4.1122,0.31228,168.6,0.616679
sarp-30-15-A-12,,,,,,,,,,,,,,,,,,,30,15,9,127.467,46.323,101.338,5,137.43,72.452,Optimal,72.452,72.452,0.0,55.015,4.1122,0.31228,168.6,0.616679
sarp-30-15-A-12,,,,,,,,,,,,,,,,,,,30,15,9,127.467,46.323,101.338,5,137.43,72.452,Optimal,72.452,72.452,0.0,55.015,4.1122,0.31228,168.6,0.616679
sarp-30-15-A-12,,,,,,,,,,,,,,,,,,,30,15,9,127.467,46.323,101.338,5,137.43,72.452,Optimal,72.452,72.452,0.0,55.015,4.1122,0.31228,168.6,0.616679
sarp-30-15-A-12,,,,,,,,,,,,,,,,,,,30,15,9,127.467,46.323,101.338,5,137.43,72.452,Optimal,72.452,72.452,0.0,55.015,4.1122,0.31228,168.6,0.616679
sarp-30-15-A-12,,,,,,,,,,,,,,,,,,,30,15,9,127.467,46.323,101.338,5,137.43,72.452,Optimal,72.452,72.452,0.0,55.015,4.1122,0.31228,168.6,0.616679
sarp-30-15-A-12,,,,,,,,,,,,,,,,,,,30,15,9,127.467,46.323,101.338,5,137.43,72.452,Optimal,72.452,72.452,0.0,55.015,4.1122,0.31228,168.6,0.616679
sarp-30-15-A-12,,,,,,,,,,,,,,,,,,,30,15,9,127.467,46.323,101.338,5,137.43,72.452,Optimal,72.452,72.452,0.0,55.015,4.1122,0.31228,168.6,0.616679
sarp-30-15-A-12,,,,,,,,,,,,,,,,,,,30,15,9,127.467,46.323,101.338,5,137.43,72.452,Optimal,72.452,72.452,0.0,55.015,4.1122,0.31228,168.6,0.616679
sarp-30-15-A-12,,,,,,,,,,,,,,,,,,,30,15,9,127.467,46.323,101.338,5,137.43,72.452,Optimal,72.452,72.452,0.0,55.015,4.1122,0.31228,168.6,0.616679
sarp-30-15-A-12,,,,,,,,,,,,,,,,,,,30,15,9,127.467,46.323,101.338,5,137.43,72.452,Optimal,72.452,72.452,0.0,55.015,4.1122,0.31228,168.6,0.616679
sarp-30-15-A-12,,,,,,,,,,,,,,,,,,,30,15,9,127.467,46.323,101.338,5,137.43,72.452,Optimal,72.452,72.452,0.0,55.015,4.1122,0.31228,168.6,0.616679
sarp-30-15-A-12,,,,,,,,,,,,,,,,,,,30,15,9,127.467,46.323,101.338,5,137.43,72.452,Optimal,72.452,72.452,0.0,55.015,4.1122,0.31228,168.6,0.616679
sarp-30-15-A-12,,,,,,,,,,,,,,,,,,,30,15,9,127.467,46.323,101.338,5,137.43,72.452,Optimal,72.452,72.452,0.0,55.015,4.1122,0.31228,168.6,0.616679
sarp-30-15-A-12,,,,,,,,,,,,,,,,,,,30,15,9,127.467,46.323,101.338,5,137.43,72.452,Optimal,72.452,72.452,0.0,55.015,4.1122,0.31228,168.6,0.616679
sarp-30-15-A-12,,,,,,,,,,,,,,,,,,,30,15,9,127.467,46.323,101.338,5,137.43,72.452,Optimal,72.452,72.452,0.0,55.015,4.1122,0.31228,168.6,0.616679
sarp-30-15-A-12,,,,,,,,,,,,,,,,,,,30,15,9,127.467,46.323,101.338,5,137.43,72.452,Optimal,72.452,72.452,0.0,55.015,4.1122,0.31228,168.6,0.616679
sarp-30-15-A-12,,,,,,,,,,,,,,,,,,,30,15,9,127.467,46.323,101.338,5,137.43,72.452,Optimal,72.452,72.452,0.0,55.015,4.1122,0.31228,168.6,0.616679
sarp-30-15-A-12,,,,,,,,,,,,,,,,,,,30,15,9,127.467,46.323,101.338,5,137.43,72.452,Optimal,72.452,72.452,0.0,55.015,4.1122,0.31228,168.6,0.616679
sarp-30-15-A-12,,,,,,,,,,,,,,,,,,,30,15,9,127.467,46.323,101.338,5,137.43,72.452,Optimal,72.452,72.452,0.0,55.015,4.1122,0.31228,168.6,0.616679
sarp-30-15-A-12,,,,,,,,,,,,,,,,,,,30,15,9,127.467,46.323,101.338,5,137.43,72.452,Optimal,72.452,72.452,0.0,55.015,4.1122,0.31228,168.6,0.616679
sarp-30-15-A-12,,,,,,,,,,,,,,,,,,,30,15,9,127.467,46.323,101.338,5,137.43,72.452,Optimal,72.452,72.452,0.0,55.015,4.1122,0.31228,168.6,0.616679
sarp-30-15-A-12,,,,,,,,,,,,,,,,,,,30,15,9,127.467,46.323,101.338,5,137.43,72.452,Optimal,72.452,72.452,0.0,55.015,4.1122,0.31228,168.6,0.616679
sarp-30-15-A-12,,,,,,,,,,,,,,,,,,,30,15,9,127.467,46.323,101.338,5,137.43,72.452,Optimal,72.452,72.452,0.0,55.015,4.1122,0.31228,168.6,0.616679
sarp-30-15-B-11,,,,,,,,,,,,,,,,,,,30,15,12,147.759,83.261,133.124,5,484.94,97.896,Optimal,97.896,97.896,0.0,49.863,4.3122,0.265825,176.8,0.467601
sarp-30-15-B-11,,,,,,,,,,,,,,,,,,,30,15,12,147.759,83.261,133.124,5,484.94,97.896,Optimal,97.896,97.896,0.0,49.863,4.3122,0.265825,176.8,0.467601
sarp-30-15-B-11,,,,,,,,,,,,,,,,,,,30,15,12,147.759,83.261,133.124,5,484.94,97.896,Optimal,97.896,97.896,0.0,49.863,4.3122,0.265825,176.8,0.467601
sarp-30-15-B-11,,,,,,,,,,,,,,,,,,,30,15,12,147.759,83.261,133.124,5,484.94,97.896,Optimal,97.896,97.896,0.0,49.863,4.3122,0.265825,176.8,0.467601
sarp-30-15-B-11,,,,,,,,,,,,,,,,,,,30,15,12,147.759,83.261,133.124,5,484.94,97.896,Optimal,97.896,97.896,0.0,49.863,4.3122,0.265825,176.8,0.467601
sarp-30-15-B-11,,,,,,,,,,,,,,,,,,,30,15,12,147.759,83.261,133.124,5,484.94,97.896,Optimal,97.896,97.896,0.0,49.863,4.3122,0.265825,176.8,0.467601
sarp-30-15-B-11,,,,,,,,,,,,,,,,,,,30,15,12,147.759,83.261,133.124,5,484.94,97.896,Optimal,97.896,97.896,0.0,49.863,4.3122,0.265825,176.8,0.467601
sarp-30-15-B-11,,,,,,,,,,,,,,,,,,,30,15,12,147.759,83.261,133.124,5,484.94,97.896,Optimal,97.896,97.896,0.0,49.863,4.3122,0.265825,176.8,0.467601
sarp-30-15-B-11,,,,,,,,,,,,,,,,,,,30,15,12,147.759,83.261,133.124,5,484.94,97.896,Optimal,97.896,97.896,0.0,49.863,4.3122,0.265825,176.8,0.467601
sarp-30-15-B-11,,,,,,,,,,,,,,,,,,,30,15,12,147.759,83.261,133.124,5,484.94,97.896,Optimal,97.896,97.896,0.0,49.863,4.3122,0.265825,176.8,0.467601
sarp-30-15-B-11,,,,,,,,,,,,,,,,,,,30,15,12,147.759,83.261,133.124,5,484.94,97.896,Optimal,97.896,97.896,0.0,49.863,4.3122,0.265825,176.8,0.467601
sarp-30-15-B-11,,,,,,,,,,,,,,,,,,,30,15,12,147.759,83.261,133.124,5,484.94,97.896,Optimal,97.896,97.896,0.0,49.863,4.3122,0.265825,176.8,0.467601
sarp-30-15-B-11,,,,,,,,,,,,,,,,,,,30,15,12,147.759,83.261,133.124,5,484.94,97.896,Optimal,97.896,97.896,0.0,49.863,4.3122,0.265825,176.8,0.467601
sarp-30-15-B-11,,,,,,,,,,,,,,,,,,,30,15,12,147.759,83.261,133.124,5,484.94,97.896,Optimal,97.896,97.896,0.0,49.863,4.3122,0.265825,176.8,0.467601
sarp-30-15-B-11,,,,,,,,,,,,,,,,,,,30,15,12,147.759,83.261,133.124,5,484.94,97.896,Optimal,97.896,97.896,0.0,49.863,4.3122,0.265825,176.8,0.467601
sarp-30-15-B-11,,,,,,,,,,,,,,,,,,,30,15,12,147.759,83.261,133.124,5,484.94,97.896,Optimal,97.896,97.896,0.0,49.863,4.3122,0.265825,176.8,0.467601
sarp-30-15-B-11,,,,,,,,,,,,,,,,,,,30,15,12,147.759,83.261,133.124,5,484.94,97.896,Optimal,97.896,97.896,0.0,49.863,4.3122,0.265825,176.8,0.467601
sarp-30-15-B-11,,,,,,,,,,,,,,,,,,,30,15,12,147.759,83.261,133.124,5,484.94,97.896,Optimal,97.896,97.896,0.0,49.863,4.3122,0.265825,176.8,0.467601
sarp-30-15-B-11,,,,,,,,,,,,,,,,,,,30,15,12,147.759,83.261,133.124,5,484.94,97.896,Optimal,97.896,97.896,0.0,49.863,4.3122,0.265825,176.8,0.467601
sarp-30-15-B-11,,,,,,,,,,,,,,,,,,,30,15,12,147.759,83.261,133.124,5,484.94,97.896,Optimal,97.896,97.896,0.0,49.863,4.3122,0.265825,176.8,0.467601
sarp-30-15-B-11,,,,,,,,,,,,,,,,,,,30,15,12,147.759,83.261,133.124,5,484.94,97.896,Optimal,97.896,97.896,0.0,49.863,4.3122,0.265825,176.8,0.467601
sarp-30-15-B-11,,,,,,,,,,,,,,,,,,,30,15,12,147.759,83.261,133.124,5,484.94,97.896,Optimal,97.896,97.896,0.0,49.863,4.3122,0.265825,176.8,0.467601
sarp-30-15-B-11,,,,,,,,,,,,,,,,,,,30,15,12,147.759,83.261,133.124,5,484.94,97.896,Optimal,97.896,97.896,0.0,49.863,4.3122,0.265825,176.8,0.467601
sarp-30-15-B-11,,,,,,,,,,,,,,,,,,,30,15,12,147.759,83.261,133.124,5,484.94,97.896,Optimal,97.896,97.896,0.0,49.863,4.3122,0.265825,176.8,0.467601
sarp-30-15-B-11,,,,,,,,,,,,,,,,,,,30,15,12,147.759,83.261,133.124,5,484.94,97.896,Optimal,97.896,97.896,0.0,49.863,4.3122,0.265825,176.8,0.467601
sarp-30-15-B-11,,,,,,,,,,,,,,,,,,,30,15,12,147.759,83.261,133.124,5,484.94,97.896,Optimal,97.896,97.896,0.0,49.863,4.3122,0.265825,176.8,0.467601
sarp-30-15-B-11,,,,,,,,,,,,,,,,,,,30,15,12,147.759,83.261,133.124,5,484.94,97.896,Optimal,97.896,97.896,0.0,49.863,4.3122,0.265825,176.8,0.467601
sarp-30-15-B-11,,,,,,,,,,,,,,,,,,,30,15,12,147.759,83.261,133.124,5,484.94,97.896,Optimal,97.896,97.896,0.0,49.863,4.3122,0.265825,176.8,0.467601
sarp-30-15-B-12,,,,,,,,,,,,,,,,,,,30,15,12,145.251,86.249,135.378,5,3633.05,96.122,Optimal,96.122,96.1315,0.00990463,49.129,4.56585,0.28125,187.2,0.494453
sarp-30-15-B-12,,,,,,,,,,,,,,,,,,,30,15,12,145.251,86.249,135.378,5,3633.05,96.122,Optimal,96.122,96.1315,0.00990463,49.129,4.56585,0.28125,187.2,0.494453
sarp-30-15-B-12,,,,,,,,,,,,,,,,,,,30,15,12,145.251,86.249,135.378,5,3633.05,96.122,Optimal,96.122,96.1315,0.00990463,49.129,4.56585,0.28125,187.2,0.494453
sarp-30-15-B-12,,,,,,,,,,,,,,,,,,,30,15,12,145.251,86.249,135.378,5,3633.05,96.122,Optimal,96.122,96.1315,0.00990463,49.129,4.56585,0.28125,187.2,0.494453
sarp-30-15-B-12,,,,,,,,,,,,,,,,,,,30,15,12,145.251,86.249,135.378,5,3633.05,96.122,Optimal,96.122,96.1315,0.00990463,49.129,4.56585,0.28125,187.2,0.494453
sarp-30-15-B-12,,,,,,,,,,,,,,,,,,,30,15,12,145.251,86.249,135.378,5,3633.05,96.122,Optimal,96.122,96.1315,0.00990463,49.129,4.56585,0.28125,187.2,0.494453
sarp-30-15-B-12,,,,,,,,,,,,,,,,,,,30,15,12,145.251,86.249,135.378,5,3633.05,96.122,Optimal,96.122,96.1315,0.00990463,49.129,4.56585,0.28125,187.2,0.494453
sarp-30-15-B-12,,,,,,,,,,,,,,,,,,,30,15,12,145.251,86.249,135.378,5,3633.05,96.122,Optimal,96.122,96.1315,0.00990463,49.129,4.56585,0.28125,187.2,0.494453
sarp-30-15-B-12,,,,,,,,,,,,,,,,,,,30,15,12,145.251,86.249,135.378,5,3633.05,96.122,Optimal,96.122,96.1315,0.00990463,49.129,4.56585,0.28125,187.2,0.494453
sarp-30-15-B-12,,,,,,,,,,,,,,,,,,,30,15,12,145.251,86.249,135.378,5,3633.05,96.122,Optimal,96.122,96.1315,0.00990463,49.129,4.56585,0.28125,187.2,0.494453
sarp-30-15-B-12,,,,,,,,,,,,,,,,,,,30,15,12,145.251,86.249,135.378,5,3633.05,96.122,Optimal,96.122,96.1315,0.00990463,49.129,4.56585,0.28125,187.2,0.494453
sarp-30-15-B-12,,,,,,,,,,,,,,,,,,,30,15,12,145.251,86.249,135.378,5,3633.05,96.122,Optimal,96.122,96.1315,0.00990463,49.129,4.56585,0.28125,187.2,0.494453
sarp-30-15-B-12,,,,,,,,,,,,,,,,,,,30,15,12,145.251,86.249,135.378,5,3633.05,96.122,Optimal,96.122,96.1315,0.00990463,49.129,4.56585,0.28125,187.2,0.494453
sarp-30-15-B-12,,,,,,,,,,,,,,,,,,,30,15,12,145.251,86.249,135.378,5,3633.05,96.122,Optimal,96.122,96.1315,0.00990463,49.129,4.56585,0.28125,187.2,0.494453
sarp-30-15-B-12,,,,,,,,,,,,,,,,,,,30,15,12,145.251,86.249,135.378,5,3633.05,96.122,Optimal,96.122,96.1315,0.00990463,49.129,4.56585,0.28125,187.2,0.494453
sarp-30-15-B-12,,,,,,,,,,,,,,,,,,,30,15,12,145.251,86.249,135.378,5,3633.05,96.122,Optimal,96.122,96.1315,0.00990463,49.129,4.56585,0.28125,187.2,0.494453
sarp-30-15-B-12,,,,,,,,,,,,,,,,,,,30,15,12,145.251,86.249,135.378,5,3633.05,96.122,Optimal,96.122,96.1315,0.00990463,49.129,4.56585,0.28125,187.2,0.494453
sarp-30-15-B-12,,,,,,,,,,,,,,,,,,,30,15,12,145.251,86.249,135.378,5,3633.05,96.122,Optimal,96.122,96.1315,0.00990463,49.129,4.56585,0.28125,187.2,0.494453
sarp-30-15-B-12,,,,,,,,,,,,,,,,,,,30,15,12,145.251,86.249,135.378,5,3633.05,96.122,Optimal,96.122,96.1315,0.00990463,49.129,4.56585,0.28125,187.2,0.494453
sarp-30-15-B-12,,,,,,,,,,,,,,,,,,,30,15,12,145.251,86.249,135.378,5,3633.05,96.122,Optimal,96.122,96.1315,0.00990463,49.129,4.56585,0.28125,187.2,0.494453
sarp-30-15-B-12,,,,,,,,,,,,,,,,,,,30,15,12,145.251,86.249,135.378,5,3633.05,96.122,Optimal,96.122,96.1315,0.00990463,49.129,4.56585,0.28125,187.2,0.494453
sarp-30-15-B-12,,,,,,,,,,,,,,,,,,,30,15,12,145.251,86.249,135.378,5,3633.05,96.122,Optimal,96.122,96.1315,0.00990463,49.129,4.56585,0.28125,187.2,0.494453
sarp-30-15-B-12,,,,,,,,,,,,,,,,,,,30,15,12,145.251,86.249,135.378,5,3633.05,96.122,Optimal,96.122,96.1315,0.00990463,49.129,4.56585,0.28125,187.2,0.494453
sarp-30-15-B-12,,,,,,,,,,,,,,,,,,,30,15,12,145.251,86.249,135.378,5,3633.05,96.122,Optimal,96.122,96.1315,0.00990463,49.129,4.56585,0.28125,187.2,0.494453
sarp-30-15-B-12,,,,,,,,,,,,,,,,,,,30,15,12,145.251,86.249,135.378,5,3633.05,96.122,Optimal,96.122,96.1315,0.00990463,49.129,4.56585,0.28125,187.2,0.494453
sarp-30-15-B-12,,,,,,,,,,,,,,,,,,,30,15,12,145.251,86.249,135.378,5,3633.05,96.122,Optimal,96.122,96.1315,0.00990463,49.129,4.56585,0.28125,187.2,0.494453
sarp-30-15-B-12,,,,,,,,,,,,,,,,,,,30,15,12,145.251,86.249,135.378,5,3633.05,96.122,Optimal,96.122,96.1315,0.00990463,49.129,4.56585,0.28125,187.2,0.494453
sarp-30-15-B-12,,,,,,,,,,,,,,,,,,,30,15,12,145.251,86.249,135.378,5,3633.05,96.122,Optimal,96.122,96.1315,0.00990463,49.129,4.56585,0.28125,187.2,0.494453
sarp-30-15-C-11,,,,,,,,,,,,,,,,,,,30,15,14,331.413,184.108,176.18,6,7187.81,339.341,Feasible,339.341,351.448,3.44482,-7.928,4.96585,0.18601,203.6,0.256455
sarp-30-15-C-11,,,,,,,,,,,,,,,,,,,30,15,14,331.413,184.108,176.18,6,7187.81,339.341,Feasible,339.341,351.448,3.44482,-7.928,4.96585,0.18601,203.6,0.256455
sarp-30-15-C-11,,,,,,,,,,,,,,,,,,,30,15,14,331.413,184.108,176.18,6,7187.81,339.341,Feasible,339.341,351.448,3.44482,-7.928,4.96585,0.18601,203.6,0.256455
sarp-30-15-C-11,,,,,,,,,,,,,,,,,,,30,15,14,331.413,184.108,176.18,6,7187.81,339.341,Feasible,339.341,351.448,3.44482,-7.928,4.96585,0.18601,203.6,0.256455
sarp-30-15-C-11,,,,,,,,,,,,,,,,,,,30,15,14,331.413,184.108,176.18,6,7187.81,339.341,Feasible,339.341,351.448,3.44482,-7.928,4.96585,0.18601,203.6,0.256455
sarp-30-15-C-11,,,,,,,,,,,,,,,,,,,30,15,14,331.413,184.108,176.18,6,7187.81,339.341,Feasible,339.341,351.448,3.44482,-7.928,4.96585,0.18601,203.6,0.256455
sarp-30-15-C-11,,,,,,,,,,,,,,,,,,,30,15,14,331.413,184.108,176.18,6,7187.81,339.341,Feasible,339.341,351.448,3.44482,-7.928,4.96585,0.18601,203.6,0.256455
sarp-30-15-C-11,,,,,,,,,,,,,,,,,,,30,15,14,331.413,184.108,176.18,6,7187.81,339.341,Feasible,339.341,351.448,3.44482,-7.928,4.96585,0.18601,203.6,0.256455
sarp-30-15-C-11,,,,,,,,,,,,,,,,,,,30,15,14,331.413,184.108,176.18,6,7187.81,339.341,Feasible,339.341,351.448,3.44482,-7.928,4.96585,0.18601,203.6,0.256455
sarp-30-15-C-11,,,,,,,,,,,,,,,,,,,30,15,14,331.413,184.108,176.18,6,7187.81,339.341,Feasible,339.341,351.448,3.44482,-7.928,4.96585,0.18601,203.6,0.256455
sarp-30-15-C-11,,,,,,,,,,,,,,,,,,,30,15,14,331.413,184.108,176.18,6,7187.81,339.341,Feasible,339.341,351.448,3.44482,-7.928,4.96585,0.18601,203.6,0.256455
sarp-30-15-C-11,,,,,,,,,,,,,,,,,,,30,15,14,331.413,184.108,176.18,6,7187.81,339.341,Feasible,339.341,351.448,3.44482,-7.928,4.96585,0.18601,203.6,0.256455
sarp-30-15-C-11,,,,,,,,,,,,,,,,,,,30,15,14,331.413,184.108,176.18,6,7187.81,339.341,Feasible,339.341,351.448,3.44482,-7.928,4.96585,0.18601,203.6,0.256455
sarp-30-15-C-11,,,,,,,,,,,,,,,,,,,30,15,14,331.413,184.108,176.18,6,7187.81,339.341,Feasible,339.341,351.448,3.44482,-7.928,4.96585,0.18601,203.6,0.256455
sarp-30-15-C-11,,,,,,,,,,,,,,,,,,,30,15,14,331.413,184.108,176.18,6,7187.81,339.341,Feasible,339.341,351.448,3.44482,-7.928,4.96585,0.18601,203.6,0.256455
sarp-30-15-C-11,,,,,,,,,,,,,,,,,,,30,15,14,331.413,184.108,176.18,6,7187.81,339.341,Feasible,339.341,351.448,3.44482,-7.928,4.96585,0.18601,203.6,0.256455
sarp-30-15-C-11,,,,,,,,,,,,,,,,,,,30,15,14,331.413,184.108,176.18,6,7187.81,339.341,Feasible,339.341,351.448,3.44482,-7.928,4.96585,0.18601,203.6,0.256455
sarp-30-15-C-11,,,,,,,,,,,,,,,,,,,30,15,14,331.413,184.108,176.18,6,7187.81,339.341,Feasible,339.341,351.448,3.44482,-7.928,4.96585,0.18601,203.6,0.256455
sarp-30-15-C-11,,,,,,,,,,,,,,,,,,,30,15,14,331.413,184.108,176.18,6,7187.81,339.341,Feasible,339.341,351.448,3.44482,-7.928,4.96585,0.18601,203.6,0.256455
sarp-30-15-C-11,,,,,,,,,,,,,,,,,,,30,15,14,331.413,184.108,176.18,6,7187.81,339.341,Feasible,339.341,351.448,3.44482,-7.928,4.96585,0.18601,203.6,0.256455
sarp-30-15-C-11,,,,,,,,,,,,,,,,,,,30,15,14,331.413,184.108,176.18,6,7187.81,339.341,Feasible,339.341,351.448,3.44482,-7.928,4.96585,0.18601,203.6,0.256455
sarp-30-15-C-11,,,,,,,,,,,,,,,,,,,30,15,14,331.413,184.108,176.18,6,7187.81,339.341,Feasible,339.341,351.448,3.44482,-7.928,4.96585,0.18601,203.6,0.256455
sarp-30-15-C-11,,,,,,,,,,,,,,,,,,,30,15,14,331.413,184.108,176.18,6,7187.81,339.341,Feasible,339.341,351.448,3.44482,-7.928,4.96585,0.18601,203.6,0.256455
sarp-30-15-C-11,,,,,,,,,,,,,,,,,,,30,15,14,331.413,184.108,176.18,6,7187.81,339.341,Feasible,339.341,351.448,3.44482,-7.928,4.96585,0.18601,203.6,0.256455
sarp-30-15-C-11,,,,,,,,,,,,,,,,,,,30,15,14,331.413,184.108,176.18,6,7187.81,339.341,Feasible,339.341,351.448,3.44482,-7.928,4.96585,0.18601,203.6,0.256455
sarp-30-15-C-11,,,,,,,,,,,,,,,,,,,30,15,14,331.413,184.108,176.18,6,7187.81,339.341,Feasible,339.341,351.448,3.44482,-7.928,4.96585,0.18601,203.6,0.256455
sarp-30-15-C-11,,,,,,,,,,,,,,,,,,,30,15,14,331.413,184.108,176.18,6,7187.81,339.341,Feasible,339.341,351.448,3.44482,-7.928,4.96585,0.18601,203.6,0.256455
sarp-30-15-C-11,,,,,,,,,,,,,,,,,,,30,15,14,331.413,184.108,176.18,6,7187.81,339.341,Feasible,339.341,351.448,3.44482,-7.928,4.96585,0.18601,203.6,0.256455
sarp-30-15-C-12,,,,,,,,,,,,,,,,,,,30,15,12,316.422,185.766,195.546,5,7189.78,306.642,Feasible,306.642,339.801,9.75844,9.78,6.5122,0.243458,267.0,0.329752
sarp-30-15-C-12,,,,,,,,,,,,,,,,,,,30,15,12,316.422,185.766,195.546,5,7189.78,306.642,Feasible,306.642,339.801,9.75844,9.78,6.5122,0.243458,267.0,0.329752
sarp-30-15-C-12,,,,,,,,,,,,,,,,,,,30,15,12,316.422,185.766,195.546,5,7189.78,306.642,Feasible,306.642,339.801,9.75844,9.78,6.5122,0.243458,267.0,0.329752
sarp-30-15-C-12,,,,,,,,,,,,,,,,,,,30,15,12,316.422,185.766,195.546,5,7189.78,306.642,Feasible,306.642,339.801,9.75844,9.78,6.5122,0.243458,267.0,0.329752
sarp-30-15-C-12,,,,,,,,,,,,,,,,,,,30,15,12,316.422,185.766,195.546,5,7189.78,306.642,Feasible,306.642,339.801,9.75844,9.78,6.5122,0.243458,267.0,0.329752
sarp-30-15-C-12,,,,,,,,,,,,,,,,,,,30,15,12,316.422,185.766,195.546,5,7189.78,306.642,Feasible,306.642,339.801,9.75844,9.78,6.5122,0.243458,267.0,0.329752
sarp-30-15-C-12,,,,,,,,,,,,,,,,,,,30,15,12,316.422,185.766,195.546,5,7189.78,306.642,Feasible,306.642,339.801,9.75844,9.78,6.5122,0.243458,267.0,0.329752
sarp-30-15-C-12,,,,,,,,,,,,,,,,,,,30,15,12,316.422,185.766,195.546,5,7189.78,306.642,Feasible,306.642,339.801,9.75844,9.78,6.5122,0.243458,267.0,0.329752
sarp-30-15-C-12,,,,,,,,,,,,,,,,,,,30,15,12,316.422,185.766,195.546,5,7189.78,306.642,Feasible,306.642,339.801,9.75844,9.78,6.5122,0.243458,267.0,0.329752
sarp-30-15-C-12,,,,,,,,,,,,,,,,,,,30,15,12,316.422,185.766,195.546,5,7189.78,306.642,Feasible,306.642,339.801,9.75844,9.78,6.5122,0.243458,267.0,0.329752
sarp-30-15-C-12,,,,,,,,,,,,,,,,,,,30,15,12,316.422,185.766,195.546,5,7189.78,306.642,Feasible,306.642,339.801,9.75844,9.78,6.5122,0.243458,267.0,0.329752
sarp-30-15-C-12,,,,,,,,,,,,,,,,,,,30,15,12,316.422,185.766,195.546,5,7189.78,306.642,Feasible,306.642,339.801,9.75844,9.78,6.5122,0.243458,267.0,0.329752
sarp-30-15-C-12,,,,,,,,,,,,,,,,,,,30,15,12,316.422,185.766,195.546,5,7189.78,306.642,Feasible,306.642,339.801,9.75844,9.78,6.5122,0.243458,267.0,0.329752
sarp-30-15-C-12,,,,,,,,,,,,,,,,,,,30,15,12,316.422,185.766,195.546,5,7189.78,306.642,Feasible,306.642,339.801,9.75844,9.78,6.5122,0.243458,267.0,0.329752
sarp-30-15-C-12,,,,,,,,,,,,,,,,,,,30,15,12,316.422,185.766,195.546,5,7189.78,306.642,Feasible,306.642,339.801,9.75844,9.78,6.5122,0.243458,267.0,0.329752
sarp-30-15-C-12,,,,,,,,,,,,,,,,,,,30,15,12,316.422,185.766,195.546,5,7189.78,306.642,Feasible,306.642,339.801,9.75844,9.78,6.5122,0.243458,267.0,0.329752
sarp-30-15-C-12,,,,,,,,,,,,,,,,,,,30,15,12,316.422,185.766,195.546,5,7189.78,306.642,Feasible,306.642,339.801,9.75844,9.78,6.5122,0.243458,267.0,0.329752
sarp-30-15-C-12,,,,,,,,,,,,,,,,,,,30,15,12,316.422,185.766,195.546,5,7189.78,306.642,Feasible,306.642,339.801,9.75844,9.78,6.5122,0.243458,267.0,0.329752
sarp-30-15-C-12,,,,,,,,,,,,,,,,,,,30,15,12,316.422,185.766,195.546,5,7189.78,306.642,Feasible,306.642,339.801,9.75844,9.78,6.5122,0.243458,267.0,0.329752
sarp-30-15-C-12,,,,,,,,,,,,,,,,,,,30,15,12,316.422,185.766,195.546,5,7189.78,306.642,Feasible,306.642,339.801,9.75844,9.78,6.5122,0.243458,267.0,0.329752
sarp-30-15-C-12,,,,,,,,,,,,,,,,,,,30,15,12,316.422,185.766,195.546,5,7189.78,306.642,Feasible,306.642,339.801,9.75844,9.78,6.5122,0.243458,267.0,0.329752
sarp-30-15-C-12,,,,,,,,,,,,,,,,,,,30,15,12,316.422,185.766,195.546,5,7189.78,306.642,Feasible,306.642,339.801,9.75844,9.78,6.5122,0.243458,267.0,0.329752
sarp-30-15-C-12,,,,,,,,,,,,,,,,,,,30,15,12,316.422,185.766,195.546,5,7189.78,306.642,Feasible,306.642,339.801,9.75844,9.78,6.5122,0.243458,267.0,0.329752
sarp-30-15-C-12,,,,,,,,,,,,,,,,,,,30,15,12,316.422,185.766,195.546,5,7189.78,306.642,Feasible,306.642,339.801,9.75844,9.78,6.5122,0.243458,267.0,0.329752
sarp-30-15-C-12,,,,,,,,,,,,,,,,,,,30,15,12,316.422,185.766,195.546,5,7189.78,306.642,Feasible,306.642,339.801,9.75844,9.78,6.5122,0.243458,267.0,0.329752
sarp-30-15-C-12,,,,,,,,,,,,,,,,,,,30,15,12,316.422,185.766,195.546,5,7189.78,306.642,Feasible,306.642,339.801,9.75844,9.78,6.5122,0.243458,267.0,0.329752
sarp-30-15-C-12,,,,,,,,,,,,,,,,,,,30,15,12,316.422,185.766,195.546,5,7189.78,306.642,Feasible,306.642,339.801,9.75844,9.78,6.5122,0.243458,267.0,0.329752
sarp-30-15-C-12,,,,,,,,,,,,,,,,,,,30,15,12,316.422,185.766,195.546,5,7189.78,306.642,Feasible,306.642,339.801,9.75844,9.78,6.5122,0.243458,267.0,0.329752
sarp-40-20-A-11,,,,,,,,,,,,,,,,,,,40,20,14,165.681,68.157,138.874,6,52.85,94.964,Optimal,94.964,94.964,0.0,70.717,5.73659,0.320349,235.2,0.644031
sarp-40-20-A-11,,,,,,,,,,,,,,,,,,,40,20,14,165.681,68.157,138.874,6,52.85,94.964,Optimal,94.964,94.964,0.0,70.717,5.73659,0.320349,235.2,0.644031
sarp-40-20-A-11,,,,,,,,,,,,,,,,,,,40,20,14,165.681,68.157,138.874,6,52.85,94.964,Optimal,94.964,94.964,0.0,70.717,5.73659,0.320349,235.2,0.644031
sarp-40-20-A-11,,,,,,,,,,,,,,,,,,,40,20,14,165.681,68.157,138.874,6,52.85,94.964,Optimal,94.964,94.964,0.0,70.717,5.73659,0.320349,235.2,0.644031
sarp-40-20-A-11,,,,,,,,,,,,,,,,,,,40,20,14,165.681,68.157,138.874,6,52.85,94.964,Optimal,94.964,94.964,0.0,70.717,5.73659,0.320349,235.2,0.644031
sarp-40-20-A-11,,,,,,,,,,,,,,,,,,,40,20,14,165.681,68.157,138.874,6,52.85,94.964,Optimal,94.964,94.964,0.0,70.717,5.73659,0.320349,235.2,0.644031
sarp-40-20-A-11,,,,,,,,,,,,,,,,,,,40,20,14,165.681,68.157,138.874,6,52.85,94.964,Optimal,94.964,94.964,0.0,70.717,5.73659,0.320349,235.2,0.644031
sarp-40-20-A-11,,,,,,,,,,,,,,,,,,,40,20,14,165.681,68.157,138.874,6,52.85,94.964,Optimal,94.964,94.964,0.0,70.717,5.73659,0.320349,235.2,0.644031
sarp-40-20-A-11,,,,,,,,,,,,,,,,,,,40,20,14,165.681,68.157,138.874,6,52.85,94.964,Optimal,94.964,94.964,0.0,70.717,5.73659,0.320349,235.2,0.644031
sarp-40-20-A-11,,,,,,,,,,,,,,,,,,,40,20,14,165.681,68.157,138.874,6,52.85,94.964,Optimal,94.964,94.964,0.0,70.717,5.73659,0.320349,235.2,0.644031
sarp-40-20-A-11,,,,,,,,,,,,,,,,,,,40,20,14,165.681,68.157,138.874,6,52.85,94.964,Optimal,94.964,94.964,0.0,70.717,5.73659,0.320349,235.2,0.644031
sarp-40-20-A-11,,,,,,,,,,,,,,,,,,,40,20,14,165.681,68.157,138.874,6,52.85,94.964,Optimal,94.964,94.964,0.0,70.717,5.73659,0.320349,235.2,0.644031
sarp-40-20-A-11,,,,,,,,,,,,,,,,,,,40,20,14,165.681,68.157,138.874,6,52.85,94.964,Optimal,94.964,94.964,0.0,70.717,5.73659,0.320349,235.2,0.644031
sarp-40-20-A-11,,,,,,,,,,,,,,,,,,,40,20,14,165.681,68.157,138.874,6,52.85,94.964,Optimal,94.964,94.964,0.0,70.717,5.73659,0.320349,235.2,0.644031
sarp-40-20-A-11,,,,,,,,,,,,,,,,,,,40,20,14,165.681,68.157,138.874,6,52.85,94.964,Optimal,94.964,94.964,0.0,70.717,5.73659,0.320349,235.2,0.644031
sarp-40-20-A-11,,,,,,,,,,,,,,,,,,,40,20,14,165.681,68.157,138.874,6,52.85,94.964,Optimal,94.964,94.964,0.0,70.717,5.73659,0.320349,235.2,0.644031
sarp-40-20-A-11,,,,,,,,,,,,,,,,,,,40,20,14,165.681,68.157,138.874,6,52.85,94.964,Optimal,94.964,94.964,0.0,70.717,5.73659,0.320349,235.2,0.644031
sarp-40-20-A-11,,,,,,,,,,,,,,,,,,,40,20,14,165.681,68.157,138.874,6,52.85,94.964,Optimal,94.964,94.964,0.0,70.717,5.73659,0.320349,235.2,0.644031
sarp-40-20-A-11,,,,,,,,,,,,,,,,,,,40,20,14,165.681,68.157,138.874,6,52.85,94.964,Optimal,94.964,94.964,0.0,70.717,5.73659,0.320349,235.2,0.644031
sarp-40-20-A-11,,,,,,,,,,,,,,,,,,,40,20,14,165.681,68.157,138.874,6,52.85,94.964,Optimal,94.964,94.964,0.0,70.717,5.73659,0.320349,235.2,0.644031
sarp-40-20-A-11,,,,,,,,,,,,,,,,,,,40,20,14,165.681,68.157,138.874,6,52.85,94.964,Optimal,94.964,94.964,0.0,70.717,5.73659,0.320349,235.2,0.644031
sarp-40-20-A-11,,,,,,,,,,,,,,,,,,,40,20,14,165.681,68.157,138.874,6,52.85,94.964,Optimal,94.964,94.964,0.0,70.717,5.73659,0.320349,235.2,0.644031
sarp-40-20-A-11,,,,,,,,,,,,,,,,,,,40,20,14,165.681,68.157,138.874,6,52.85,94.964,Optimal,94.964,94.964,0.0,70.717,5.73659,0.320349,235.2,0.644031
sarp-40-20-A-11,,,,,,,,,,,,,,,,,,,40,20,14,165.681,68.157,138.874,6,52.85,94.964,Optimal,94.964,94.964,0.0,70.717,5.73659,0.320349,235.2,0.644031
sarp-40-20-A-11,,,,,,,,,,,,,,,,,,,40,20,14,165.681,68.157,138.874,6,52.85,94.964,Optimal,94.964,94.964,0.0,70.717,5.73659,0.320349,235.2,0.644031
sarp-40-20-A-11,,,,,,,,,,,,,,,,,,,40,20,14,165.681,68.157,138.874,6,52.85,94.964,Optimal,94.964,94.964,0.0,70.717,5.73659,0.320349,235.2,0.644031
sarp-40-20-A-11,,,,,,,,,,,,,,,,,,,40,20,14,165.681,68.157,138.874,6,52.85,94.964,Optimal,94.964,94.964,0.0,70.717,5.73659,0.320349,235.2,0.644031
sarp-40-20-A-11,,,,,,,,,,,,,,,,,,,40,20,14,165.681,68.157,138.874,6,52.85,94.964,Optimal,94.964,94.964,0.0,70.717,5.73659,0.320349,235.2,0.644031
sarp-40-20-A-12,,,,,,,,,,,,,,,,,,,40,20,14,162.261,74.216,148.212,6,7164.29,88.265,Feasible,88.265,94.9069,6.99829,73.996,5.36341,0.293788,219.9,0.579447
sarp-40-20-A-12,,,,,,,,,,,,,,,,,,,40,20,14,162.261,74.216,148.212,6,7164.29,88.265,Feasible,88.265,94.9069,6.99829,73.996,5.36341,0.293788,219.9,0.579447
sarp-40-20-A-12,,,,,,,,,,,,,,,,,,,40,20,14,162.261,74.216,148.212,6,7164.29,88.265,Feasible,88.265,94.9069,6.99829,73.996,5.36341,0.293788,219.9,0.579447
sarp-40-20-A-12,,,,,,,,,,,,,,,,,,,40,20,14,162.261,74.216,148.212,6,7164.29,88.265,Feasible,88.265,94.9069,6.99829,73.996,5.36341,0.293788,219.9,0.579447
sarp-40-20-A-12,,,,,,,,,,,,,,,,,,,40,20,14,162.261,74.216,148.212,6,7164.29,88.265,Feasible,88.265,94.9069,6.99829,73.996,5.36341,0.293788,219.9,0.579447
sarp-40-20-A-12,,,,,,,,,,,,,,,,,,,40,20,14,162.261,74.216,148.212,6,7164.29,88.265,Feasible,88.265,94.9069,6.99829,73.996,5.36341,0.293788,219.9,0.579447
sarp-40-20-A-12,,,,,,,,,,,,,,,,,,,40,20,14,162.261,74.216,148.212,6,7164.29,88.265,Feasible,88.265,94.9069,6.99829,73.996,5.36341,0.293788,219.9,0.579447
sarp-40-20-A-12,,,,,,,,,,,,,,,,,,,40,20,14,162.261,74.216,148.212,6,7164.29,88.265,Feasible,88.265,94.9069,6.99829,73.996,5.36341,0.293788,219.9,0.579447
sarp-40-20-A-12,,,,,,,,,,,,,,,,,,,40,20,14,162.261,74.216,148.212,6,7164.29,88.265,Feasible,88.265,94.9069,6.99829,73.996,5.36341,0.293788,219.9,0.579447
sarp-40-20-A-12,,,,,,,,,,,,,,,,,,,40,20,14,162.261,74.216,148.212,6,7164.29,88.265,Feasible,88.265,94.9069,6.99829,73.996,5.36341,0.293788,219.9,0.579447
sarp-40-20-A-12,,,,,,,,,,,,,,,,,,,40,20,14,162.261,74.216,148.212,6,7164.29,88.265,Feasible,88.265,94.9069,6.99829,73.996,5.36341,0.293788,219.9,0.579447
sarp-40-20-A-12,,,,,,,,,,,,,,,,,,,40,20,14,162.261,74.216,148.212,6,7164.29,88.265,Feasible,88.265,94.9069,6.99829,73.996,5.36341,0.293788,219.9,0.579447
sarp-40-20-A-12,,,,,,,,,,,,,,,,,,,40,20,14,162.261,74.216,148.212,6,7164.29,88.265,Feasible,88.265,94.9069,6.99829,73.996,5.36341,0.293788,219.9,0.579447
sarp-40-20-A-12,,,,,,,,,,,,,,,,,,,40,20,14,162.261,74.216,148.212,6,7164.29,88.265,Feasible,88.265,94.9069,6.99829,73.996,5.36341,0.293788,219.9,0.579447
sarp-40-20-A-12,,,,,,,,,,,,,,,,,,,40,20,14,162.261,74.216,148.212,6,7164.29,88.265,Feasible,88.265,94.9069,6.99829,73.996,5.36341,0.293788,219.9,0.579447
sarp-40-20-A-12,,,,,,,,,,,,,,,,,,,40,20,14,162.261,74.216,148.212,6,7164.29,88.265,Feasible,88.265,94.9069,6.99829,73.996,5.36341,0.293788,219.9,0.579447
sarp-40-20-A-12,,,,,,,,,,,,,,,,,,,40,20,14,162.261,74.216,148.212,6,7164.29,88.265,Feasible,88.265,94.9069,6.99829,73.996,5.36341,0.293788,219.9,0.579447
sarp-40-20-A-12,,,,,,,,,,,,,,,,,,,40,20,14,162.261,74.216,148.212,6,7164.29,88.265,Feasible,88.265,94.9069,6.99829,73.996,5.36341,0.293788,219.9,0.579447
sarp-40-20-A-12,,,,,,,,,,,,,,,,,,,40,20,14,162.261,74.216,148.212,6,7164.29,88.265,Feasible,88.265,94.9069,6.99829,73.996,5.36341,0.293788,219.9,0.579447
sarp-40-20-A-12,,,,,,,,,,,,,,,,,,,40,20,14,162.261,74.216,148.212,6,7164.29,88.265,Feasible,88.265,94.9069,6.99829,73.996,5.36341,0.293788,219.9,0.579447
sarp-40-20-A-12,,,,,,,,,,,,,,,,,,,40,20,14,162.261,74.216,148.212,6,7164.29,88.265,Feasible,88.265,94.9069,6.99829,73.996,5.36341,0.293788,219.9,0.579447
sarp-40-20-A-12,,,,,,,,,,,,,,,,,,,40,20,14,162.261,74.216,148.212,6,7164.29,88.265,Feasible,88.265,94.9069,6.99829,73.996,5.36341,0.293788,219.9,0.579447
sarp-40-20-A-12,,,,,,,,,,,,,,,,,,,40,20,14,162.261,74.216,148.212,6,7164.29,88.265,Feasible,88.265,94.9069,6.99829,73.996,5.36341,0.293788,219.9,0.579447
sarp-40-20-A-12,,,,,,,,,,,,,,,,,,,40,20,14,162.261,74.216,148.212,6,7164.29,88.265,Feasible,88.265,94.9069,6.99829,73.996,5.36341,0.293788,219.9,0.579447
sarp-40-20-A-12,,,,,,,,,,,,,,,,,,,40,20,14,162.261,74.216,148.212,6,7164.29,88.265,Feasible,88.265,94.9069,6.99829,73.996,5.36341,0.293788,219.9,0.579447
sarp-40-20-A-12,,,,,,,,,,,,,,,,,,,40,20,14,162.261,74.216,148.212,6,7164.29,88.265,Feasible,88.265,94.9069,6.99829,73.996,5.36341,0.293788,219.9,0.579447
sarp-40-20-A-12,,,,,,,,,,,,,,,,,,,40,20,14,162.261,74.216,148.212,6,7164.29,88.265,Feasible,88.265,94.9069,6.99829,73.996,5.36341,0.293788,219.9,0.579447
sarp-40-20-A-12,,,,,,,,,,,,,,,,,,,40,20,14,162.261,74.216,148.212,6,7164.29,88.265,Feasible,88.265,94.9069,6.99829,73.996,5.36341,0.293788,219.9,0.579447
sarp-40-20-B-11,,,,,,,,,,,,,,,,,,,40,20,16,187.17,97.209,154.882,6,7160.01,129.497,Feasible,129.497,136.432,5.08302,57.673,5.35366,0.267563,219.5,0.501485
sarp-40-20-B-11,,,,,,,,,,,,,,,,,,,40,20,16,187.17,97.209,154.882,6,7160.01,129.497,Feasible,129.497,136.432,5.08302,57.673,5.35366,0.267563,219.5,0.501485
sarp-40-20-B-11,,,,,,,,,,,,,,,,,,,40,20,16,187.17,97.209,154.882,6,7160.01,129.497,Feasible,129.497,136.432,5.08302,57.673,5.35366,0.267563,219.5,0.501485
sarp-40-20-B-11,,,,,,,,,,,,,,,,,,,40,20,16,187.17,97.209,154.882,6,7160.01,129.497,Feasible,129.497,136.432,5.08302,57.673,5.35366,0.267563,219.5,0.501485
sarp-40-20-B-11,,,,,,,,,,,,,,,,,,,40,20,16,187.17,97.209,154.882,6,7160.01,129.497,Feasible,129.497,136.432,5.08302,57.673,5.35366,0.267563,219.5,0.501485
sarp-40-20-B-11,,,,,,,,,,,,,,,,,,,40,20,16,187.17,97.209,154.882,6,7160.01,129.497,Feasible,129.497,136.432,5.08302,57.673,5.35366,0.267563,219.5,0.501485
sarp-40-20-B-11,,,,,,,,,,,,,,,,,,,40,20,16,187.17,97.209,154.882,6,7160.01,129.497,Feasible,129.497,136.432,5.08302,57.673,5.35366,0.267563,219.5,0.501485
sarp-40-20-B-11,,,,,,,,,,,,,,,,,,,40,20,16,187.17,97.209,154.882,6,7160.01,129.497,Feasible,129.497,136.432,5.08302,57.673,5.35366,0.267563,219.5,0.501485
sarp-40-20-B-11,,,,,,,,,,,,,,,,,,,40,20,16,187.17,97.209,154.882,6,7160.01,129.497,Feasible,129.497,136.432,5.08302,57.673,5.35366,0.267563,219.5,0.501485
sarp-40-20-B-11,,,,,,,,,,,,,,,,,,,40,20,16,187.17,97.209,154.882,6,7160.01,129.497,Feasible,129.497,136.432,5.08302,57.673,5.35366,0.267563,219.5,0.501485
sarp-40-20-B-11,,,,,,,,,,,,,,,,,,,40,20,16,187.17,97.209,154.882,6,7160.01,129.497,Feasible,129.497,136.432,5.08302,57.673,5.35366,0.267563,219.5,0.501485
sarp-40-20-B-11,,,,,,,,,,,,,,,,,,,40,20,16,187.17,97.209,154.882,6,7160.01,129.497,Feasible,129.497,136.432,5.08302,57.673,5.35366,0.267563,219.5,0.501485
sarp-40-20-B-11,,,,,,,,,,,,,,,,,,,40,20,16,187.17,97.209,154.882,6,7160.01,129.497,Feasible,129.497,136.432,5.08302,57.673,5.35366,0.267563,219.5,0.501485
sarp-40-20-B-11,,,,,,,,,,,,,,,,,,,40,20,16,187.17,97.209,154.882,6,7160.01,129.497,Feasible,129.497,136.432,5.08302,57.673,5.35366,0.267563,219.5,0.501485
sarp-40-20-B-11,,,,,,,,,,,,,,,,,,,40,20,16,187.17,97.209,154.882,6,7160.01,129.497,Feasible,129.497,136.432,5.08302,57.673,5.35366,0.267563,219.5,0.501485
sarp-40-20-B-11,,,,,,,,,,,,,,,,,,,40,20,16,187.17,97.209,154.882,6,7160.01,129.497,Feasible,129.497,136.432,5.08302,57.673,5.35366,0.267563,219.5,0.501485
sarp-40-20-B-11,,,,,,,,,,,,,,,,,,,40,20,16,187.17,97.209,154.882,6,7160.01,129.497,Feasible,129.497,136.432,5.08302,57.673,5.35366,0.267563,219.5,0.501485
sarp-40-20-B-11,,,,,,,,,,,,,,,,,,,40,20,16,187.17,97.209,154.882,6,7160.01,129.497,Feasible,129.497,136.432,5.08302,57.673,5.35366,0.267563,219.5,0.501485
sarp-40-20-B-11,,,,,,,,,,,,,,,,,,,40,20,16,187.17,97.209,154.882,6,7160.01,129.497,Feasible,129.497,136.432,5.08302,57.673,5.35366,0.267563,219.5,0.501485
sarp-40-20-B-11,,,,,,,,,,,,,,,,,,,40,20,16,187.17,97.209,154.882,6,7160.01,129.497,Feasible,129.497,136.432,5.08302,57.673,5.35366,0.267563,219.5,0.501485
sarp-40-20-B-11,,,,,,,,,,,,,,,,,,,40,20,16,187.17,97.209,154.882,6,7160.01,129.497,Feasible,129.497,136.432,5.08302,57.673,5.35366,0.267563,219.5,0.501485
sarp-40-20-B-11,,,,,,,,,,,,,,,,,,,40,20,16,187.17,97.209,154.882,6,7160.01,129.497,Feasible,129.497,136.432,5.08302,57.673,5.35366,0.267563,219.5,0.501485
sarp-40-20-B-11,,,,,,,,,,,,,,,,,,,40,20,16,187.17,97.209,154.882,6,7160.01,129.497,Feasible,129.497,136.432,5.08302,57.673,5.35366,0.267563,219.5,0.501485
sarp-40-20-B-11,,,,,,,,,,,,,,,,,,,40,20,16,187.17,97.209,154.882,6,7160.01,129.497,Feasible,129.497,136.432,5.08302,57.673,5.35366,0.267563,219.5,0.501485
sarp-40-20-B-11,,,,,,,,,,,,,,,,,,,40,20,16,187.17,97.209,154.882,6,7160.01,129.497,Feasible,129.497,136.432,5.08302,57.673,5.35366,0.267563,219.5,0.501485
sarp-40-20-B-11,,,,,,,,,,,,,,,,,,,40,20,16,187.17,97.209,154.882,6,7160.01,129.497,Feasible,129.497,136.432,5.08302,57.673,5.35366,0.267563,219.5,0.501485
sarp-40-20-B-11,,,,,,,,,,,,,,,,,,,40,20,16,187.17,97.209,154.882,6,7160.01,129.497,Feasible,129.497,136.432,5.08302,57.673,5.35366,0.267563,219.5,0.501485
sarp-40-20-B-11,,,,,,,,,,,,,,,,,,,40,20,16,187.17,97.209,154.882,6,7160.01,129.497,Feasible,129.497,136.432,5.08302,57.673,5.35366,0.267563,219.5,0.501485
sarp-40-20-B-12,,,,,,,,,,,,,,,,,,,40,20,16,177.195,92.561,149.086,6,7164.86,120.67,Feasible,120.67,122.996,1.89084,56.525,4.60976,0.23916,189.0,0.46369
sarp-40-20-B-12,,,,,,,,,,,,,,,,,,,40,20,16,177.195,92.561,149.086,6,7164.86,120.67,Feasible,120.67,122.996,1.89084,56.525,4.60976,0.23916,189.0,0.46369
sarp-40-20-B-12,,,,,,,,,,,,,,,,,,,40,20,16,177.195,92.561,149.086,6,7164.86,120.67,Feasible,120.67,122.996,1.89084,56.525,4.60976,0.23916,189.0,0.46369
sarp-40-20-B-12,,,,,,,,,,,,,,,,,,,40,20,16,177.195,92.561,149.086,6,7164.86,120.67,Feasible,120.67,122.996,1.89084,56.525,4.60976,0.23916,189.0,0.46369
sarp-40-20-B-12,,,,,,,,,,,,,,,,,,,40,20,16,177.195,92.561,149.086,6,7164.86,120.67,Feasible,120.67,122.996,1.89084,56.525,4.60976,0.23916,189.0,0.46369
sarp-40-20-B-12,,,,,,,,,,,,,,,,,,,40,20,16,177.195,92.561,149.086,6,7164.86,120.67,Feasible,120.67,122.996,1.89084,56.525,4.60976,0.23916,189.0,0.46369
sarp-40-20-B-12,,,,,,,,,,,,,,,,,,,40,20,16,177.195,92.561,149.086,6,7164.86,120.67,Feasible,120.67,122.996,1.89084,56.525,4.60976,0.23916,189.0,0.46369
sarp-40-20-B-12,,,,,,,,,,,,,,,,,,,40,20,16,177.195,92.561,149.086,6,7164.86,120.67,Feasible,120.67,122.996,1.89084,56.525,4.60976,0.23916,189.0,0.46369
sarp-40-20-B-12,,,,,,,,,,,,,,,,,,,40,20,16,177.195,92.561,149.086,6,7164.86,120.67,Feasible,120.67,122.996,1.89084,56.525,4.60976,0.23916,189.0,0.46369
sarp-40-20-B-12,,,,,,,,,,,,,,,,,,,40,20,16,177.195,92.561,149.086,6,7164.86,120.67,Feasible,120.67,122.996,1.89084,56.525,4.60976,0.23916,189.0,0.46369
sarp-40-20-B-12,,,,,,,,,,,,,,,,,,,40,20,16,177.195,92.561,149.086,6,7164.86,120.67,Feasible,120.67,122.996,1.89084,56.525,4.60976,0.23916,189.0,0.46369
sarp-40-20-B-12,,,,,,,,,,,,,,,,,,,40,20,16,177.195,92.561,149.086,6,7164.86,120.67,Feasible,120.67,122.996,1.89084,56.525,4.60976,0.23916,189.0,0.46369
sarp-40-20-B-12,,,,,,,,,,,,,,,,,,,40,20,16,177.195,92.561,149.086,6,7164.86,120.67,Feasible,120.67,122.996,1.89084,56.525,4.60976,0.23916,189.0,0.46369
sarp-40-20-B-12,,,,,,,,,,,,,,,,,,,40,20,16,177.195,92.561,149.086,6,7164.86,120.67,Feasible,120.67,122.996,1.89084,56.525,4.60976,0.23916,189.0,0.46369
sarp-40-20-B-12,,,,,,,,,,,,,,,,,,,40,20,16,177.195,92.561,149.086,6,7164.86,120.67,Feasible,120.67,122.996,1.89084,56.525,4.60976,0.23916,189.0,0.46369
sarp-40-20-B-12,,,,,,,,,,,,,,,,,,,40,20,16,177.195,92.561,149.086,6,7164.86,120.67,Feasible,120.67,122.996,1.89084,56.525,4.60976,0.23916,189.0,0.46369
sarp-40-20-B-12,,,,,,,,,,,,,,,,,,,40,20,16,177.195,92.561,149.086,6,7164.86,120.67,Feasible,120.67,122.996,1.89084,56.525,4.60976,0.23916,189.0,0.46369
sarp-40-20-B-12,,,,,,,,,,,,,,,,,,,40,20,16,177.195,92.561,149.086,6,7164.86,120.67,Feasible,120.67,122.996,1.89084,56.525,4.60976,0.23916,189.0,0.46369
sarp-40-20-B-12,,,,,,,,,,,,,,,,,,,40,20,16,177.195,92.561,149.086,6,7164.86,120.67,Feasible,120.67,122.996,1.89084,56.525,4.60976,0.23916,189.0,0.46369
sarp-40-20-B-12,,,,,,,,,,,,,,,,,,,40,20,16,177.195,92.561,149.086,6,7164.86,120.67,Feasible,120.67,122.996,1.89084,56.525,4.60976,0.23916,189.0,0.46369
sarp-40-20-B-12,,,,,,,,,,,,,,,,,,,40,20,16,177.195,92.561,149.086,6,7164.86,120.67,Feasible,120.67,122.996,1.89084,56.525,4.60976,0.23916,189.0,0.46369
sarp-40-20-B-12,,,,,,,,,,,,,,,,,,,40,20,16,177.195,92.561,149.086,6,7164.86,120.67,Feasible,120.67,122.996,1.89084,56.525,4.60976,0.23916,189.0,0.46369
sarp-40-20-B-12,,,,,,,,,,,,,,,,,,,40,20,16,177.195,92.561,149.086,6,7164.86,120.67,Feasible,120.67,122.996,1.89084,56.525,4.60976,0.23916,189.0,0.46369
sarp-40-20-B-12,,,,,,,,,,,,,,,,,,,40,20,16,177.195,92.561,149.086,6,7164.86,120.67,Feasible,120.67,122.996,1.89084,56.525,4.60976,0.23916,189.0,0.46369
sarp-40-20-B-12,,,,,,,,,,,,,,,,,,,40,20,16,177.195,92.561,149.086,6,7164.86,120.67,Feasible,120.67,122.996,1.89084,56.525,4.60976,0.23916,189.0,0.46369
sarp-40-20-B-12,,,,,,,,,,,,,,,,,,,40,20,16,177.195,92.561,149.086,6,7164.86,120.67,Feasible,120.67,122.996,1.89084,56.525,4.60976,0.23916,189.0,0.46369
sarp-40-20-B-12,,,,,,,,,,,,,,,,,,,40,20,16,177.195,92.561,149.086,6,7164.86,120.67,Feasible,120.67,122.996,1.89084,56.525,4.60976,0.23916,189.0,0.46369
sarp-40-20-B-12,,,,,,,,,,,,,,,,,,,40,20,16,177.195,92.561,149.086,6,7164.86,120.67,Feasible,120.67,122.996,1.89084,56.525,4.60976,0.23916,189.0,0.46369
sarp-40-20-C-11,,,,,,,,,,,,,,,,,,,40,20,18,396.873,273.254,254.38,6,7199.63,415.747,Feasible,415.747,518.075,19.7516,-18.874,5.87805,0.16993,241.0,0.235835
sarp-40-20-C-11,,,,,,,,,,,,,,,,,,,40,20,18,396.873,273.254,254.38,6,7199.63,415.747,Feasible,415.747,518.075,19.7516,-18.874,5.87805,0.16993,241.0,0.235835
sarp-40-20-C-11,,,,,,,,,,,,,,,,,,,40,20,18,396.873,273.254,254.38,6,7199.63,415.747,Feasible,415.747,518.075,19.7516,-18.874,5.87805,0.16993,241.0,0.235835
sarp-40-20-C-11,,,,,,,,,,,,,,,,,,,40,20,18,396.873,273.254,254.38,6,7199.63,415.747,Feasible,415.747,518.075,19.7516,-18.874,5.87805,0.16993,241.0,0.235835
sarp-40-20-C-11,,,,,,,,,,,,,,,,,,,40,20,18,396.873,273.254,254.38,6,7199.63,415.747,Feasible,415.747,518.075,19.7516,-18.874,5.87805,0.16993,241.0,0.235835
sarp-40-20-C-11,,,,,,,,,,,,,,,,,,,40,20,18,396.873,273.254,254.38,6,7199.63,415.747,Feasible,415.747,518.075,19.7516,-18.874,5.87805,0.16993,241.0,0.235835
sarp-40-20-C-11,,,,,,,,,,,,,,,,,,,40,20,18,396.873,273.254,254.38,6,7199.63,415.747,Feasible,415.747,518.075,19.7516,-18.874,5.87805,0.16993,241.0,0.235835
sarp-40-20-C-11,,,,,,,,,,,,,,,,,,,40,20,18,396.873,273.254,254.38,6,7199.63,415.747,Feasible,415.747,518.075,19.7516,-18.874,5.87805,0.16993,241.0,0.235835
sarp-40-20-C-11,,,,,,,,,,,,,,,,,,,40,20,18,396.873,273.254,254.38,6,7199.63,415.747,Feasible,415.747,518.075,19.7516,-18.874,5.87805,0.16993,241.0,0.235835
sarp-40-20-C-11,,,,,,,,,,,,,,,,,,,40,20,18,396.873,273.254,254.38,6,7199.63,415.747,Feasible,415.747,518.075,19.7516,-18.874,5.87805,0.16993,241.0,0.235835
sarp-40-20-C-11,,,,,,,,,,,,,,,,,,,40,20,18,396.873,273.254,254.38,6,7199.63,415.747,Feasible,415.747,518.075,19.7516,-18.874,5.87805,0.16993,241.0,0.235835
sarp-40-20-C-11,,,,,,,,,,,,,,,,,,,40,20,18,396.873,273.254,254.38,6,7199.63,415.747,Feasible,415.747,518.075,19.7516,-18.874,5.87805,0.16993,241.0,0.235835
sarp-40-20-C-11,,,,,,,,,,,,,,,,,,,40,20,18,396.873,273.254,254.38,6,7199.63,415.747,Feasible,415.747,518.075,19.7516,-18.874,5.87805,0.16993,241.0,0.235835
sarp-40-20-C-11,,,,,,,,,,,,,,,,,,,40,20,18,396.873,273.254,254.38,6,7199.63,415.747,Feasible,415.747,518.075,19.7516,-18.874,5.87805,0.16993,241.0,0.235835
sarp-40-20-C-11,,,,,,,,,,,,,,,,,,,40,20,18,396.873,273.254,254.38,6,7199.63,415.747,Feasible,415.747,518.075,19.7516,-18.874,5.87805,0.16993,241.0,0.235835
sarp-40-20-C-11,,,,,,,,,,,,,,,,,,,40,20,18,396.873,273.254,254.38,6,7199.63,415.747,Feasible,415.747,518.075,19.7516,-18.874,5.87805,0.16993,241.0,0.235835
sarp-40-20-C-11,,,,,,,,,,,,,,,,,,,40,20,18,396.873,273.254,254.38,6,7199.63,415.747,Feasible,415.747,518.075,19.7516,-18.874,5.87805,0.16993,241.0,0.235835
sarp-40-20-C-11,,,,,,,,,,,,,,,,,,,40,20,18,396.873,273.254,254.38,6,7199.63,415.747,Feasible,415.747,518.075,19.7516,-18.874,5.87805,0.16993,241.0,0.235835
sarp-40-20-C-11,,,,,,,,,,,,,,,,,,,40,20,18,396.873,273.254,254.38,6,7199.63,415.747,Feasible,415.747,518.075,19.7516,-18.874,5.87805,0.16993,241.0,0.235835
sarp-40-20-C-11,,,,,,,,,,,,,,,,,,,40,20,18,396.873,273.254,254.38,6,7199.63,415.747,Feasible,415.747,518.075,19.7516,-18.874,5.87805,0.16993,241.0,0.235835
sarp-40-20-C-11,,,,,,,,,,,,,,,,,,,40,20,18,396.873,273.254,254.38,6,7199.63,415.747,Feasible,415.747,518.075,19.7516,-18.874,5.87805,0.16993,241.0,0.235835
sarp-40-20-C-11,,,,,,,,,,,,,,,,,,,40,20,18,396.873,273.254,254.38,6,7199.63,415.747,Feasible,415.747,518.075,19.7516,-18.874,5.87805,0.16993,241.0,0.235835
sarp-40-20-C-11,,,,,,,,,,,,,,,,,,,40,20,18,396.873,273.254,254.38,6,7199.63,415.747,Feasible,415.747,518.075,19.7516,-18.874,5.87805,0.16993,241.0,0.235835
sarp-40-20-C-11,,,,,,,,,,,,,,,,,,,40,20,18,396.873,273.254,254.38,6,7199.63,415.747,Feasible,415.747,518.075,19.7516,-18.874,5.87805,0.16993,241.0,0.235835
sarp-40-20-C-11,,,,,,,,,,,,,,,,,,,40,20,18,396.873,273.254,254.38,6,7199.63,415.747,Feasible,415.747,518.075,19.7516,-18.874,5.87805,0.16993,241.0,0.235835
sarp-40-20-C-11,,,,,,,,,,,,,,,,,,,40,20,18,396.873,273.254,254.38,6,7199.63,415.747,Feasible,415.747,518.075,19.7516,-18.874,5.87805,0.16993,241.0,0.235835
sarp-40-20-C-11,,,,,,,,,,,,,,,,,,,40,20,18,396.873,273.254,254.38,6,7199.63,415.747,Feasible,415.747,518.075,19.7516,-18.874,5.87805,0.16993,241.0,0.235835
sarp-40-20-C-11,,,,,,,,,,,,,,,,,,,40,20,18,396.873,273.254,254.38,6,7199.63,415.747,Feasible,415.747,518.075,19.7516,-18.874,5.87805,0.16993,241.0,0.235835
sarp-40-20-C-12,,,,,,,,,,,,,,,,,,,40,20,19,417.792,262.133,241.408,8,7186.28,438.517,Feasible,438.517,522.037,15.9989,-20.725,6.27317,0.179413,257.2,0.249612
sarp-40-20-C-12,,,,,,,,,,,,,,,,,,,40,20,19,417.792,262.133,241.408,8,7186.28,438.517,Feasible,438.517,522.037,15.9989,-20.725,6.27317,0.179413,257.2,0.249612
sarp-40-20-C-12,,,,,,,,,,,,,,,,,,,40,20,19,417.792,262.133,241.408,8,7186.28,438.517,Feasible,438.517,522.037,15.9989,-20.725,6.27317,0.179413,257.2,0.249612
sarp-40-20-C-12,,,,,,,,,,,,,,,,,,,40,20,19,417.792,262.133,241.408,8,7186.28,438.517,Feasible,438.517,522.037,15.9989,-20.725,6.27317,0.179413,257.2,0.249612
sarp-40-20-C-12,,,,,,,,,,,,,,,,,,,40,20,19,417.792,262.133,241.408,8,7186.28,438.517,Feasible,438.517,522.037,15.9989,-20.725,6.27317,0.179413,257.2,0.249612
sarp-40-20-C-12,,,,,,,,,,,,,,,,,,,40,20,19,417.792,262.133,241.408,8,7186.28,438.517,Feasible,438.517,522.037,15.9989,-20.725,6.27317,0.179413,257.2,0.249612
sarp-40-20-C-12,,,,,,,,,,,,,,,,,,,40,20,19,417.792,262.133,241.408,8,7186.28,438.517,Feasible,438.517,522.037,15.9989,-20.725,6.27317,0.179413,257.2,0.249612
sarp-40-20-C-12,,,,,,,,,,,,,,,,,,,40,20,19,417.792,262.133,241.408,8,7186.28,438.517,Feasible,438.517,522.037,15.9989,-20.725,6.27317,0.179413,257.2,0.249612
sarp-40-20-C-12,,,,,,,,,,,,,,,,,,,40,20,19,417.792,262.133,241.408,8,7186.28,438.517,Feasible,438.517,522.037,15.9989,-20.725,6.27317,0.179413,257.2,0.249612
sarp-40-20-C-12,,,,,,,,,,,,,,,,,,,40,20,19,417.792,262.133,241.408,8,7186.28,438.517,Feasible,438.517,522.037,15.9989,-20.725,6.27317,0.179413,257.2,0.249612
sarp-40-20-C-12,,,,,,,,,,,,,,,,,,,40,20,19,417.792,262.133,241.408,8,7186.28,438.517,Feasible,438.517,522.037,15.9989,-20.725,6.27317,0.179413,257.2,0.249612
sarp-40-20-C-12,,,,,,,,,,,,,,,,,,,40,20,19,417.792,262.133,241.408,8,7186.28,438.517,Feasible,438.517,522.037,15.9989,-20.725,6.27317,0.179413,257.2,0.249612
sarp-40-20-C-12,,,,,,,,,,,,,,,,,,,40,20,19,417.792,262.133,241.408,8,7186.28,438.517,Feasible,438.517,522.037,15.9989,-20.725,6.27317,0.179413,257.2,0.249612
sarp-40-20-C-12,,,,,,,,,,,,,,,,,,,40,20,19,417.792,262.133,241.408,8,7186.28,438.517,Feasible,438.517,522.037,15.9989,-20.725,6.27317,0.179413,257.2,0.249612
sarp-40-20-C-12,,,,,,,,,,,,,,,,,,,40,20,19,417.792,262.133,241.408,8,7186.28,438.517,Feasible,438.517,522.037,15.9989,-20.725,6.27317,0.179413,257.2,0.249612
sarp-40-20-C-12,,,,,,,,,,,,,,,,,,,40,20,19,417.792,262.133,241.408,8,7186.28,438.517,Feasible,438.517,522.037,15.9989,-20.725,6.27317,0.179413,257.2,0.249612
sarp-40-20-C-12,,,,,,,,,,,,,,,,,,,40,20,19,417.792,262.133,241.408,8,7186.28,438.517,Feasible,438.517,522.037,15.9989,-20.725,6.27317,0.179413,257.2,0.249612
sarp-40-20-C-12,,,,,,,,,,,,,,,,,,,40,20,19,417.792,262.133,241.408,8,7186.28,438.517,Feasible,438.517,522.037,15.9989,-20.725,6.27317,0.179413,257.2,0.249612
sarp-40-20-C-12,,,,,,,,,,,,,,,,,,,40,20,19,417.792,262.133,241.408,8,7186.28,438.517,Feasible,438.517,522.037,15.9989,-20.725,6.27317,0.179413,257.2,0.249612
sarp-40-20-C-12,,,,,,,,,,,,,,,,,,,40,20,19,417.792,262.133,241.408,8,7186.28,438.517,Feasible,438.517,522.037,15.9989,-20.725,6.27317,0.179413,257.2,0.249612
sarp-40-20-C-12,,,,,,,,,,,,,,,,,,,40,20,19,417.792,262.133,241.408,8,7186.28,438.517,Feasible,438.517,522.037,15.9989,-20.725,6.27317,0.179413,257.2,0.249612
sarp-40-20-C-12,,,,,,,,,,,,,,,,,,,40,20,19,417.792,262.133,241.408,8,7186.28,438.517,Feasible,438.517,522.037,15.9989,-20.725,6.27317,0.179413,257.2,0.249612
sarp-40-20-C-12,,,,,,,,,,,,,,,,,,,40,20,19,417.792,262.133,241.408,8,7186.28,438.517,Feasible,438.517,522.037,15.9989,-20.725,6.27317,0.179413,257.2,0.249612
sarp-40-20-C-12,,,,,,,,,,,,,,,,,,,40,20,19,417.792,262.133,241.408,8,7186.28,438.517,Feasible,438.517,522.037,15.9989,-20.725,6.27317,0.179413,257.2,0.249612
sarp-40-20-C-12,,,,,,,,,,,,,,,,,,,40,20,19,417.792,262.133,241.408,8,7186.28,438.517,Feasible,438.517,522.037,15.9989,-20.725,6.27317,0.179413,257.2,0.249612
sarp-40-20-C-12,,,,,,,,,,,,,,,,,,,40,20,19,417.792,262.133,241.408,8,7186.28,438.517,Feasible,438.517,522.037,15.9989,-20.725,6.27317,0.179413,257.2,0.249612
sarp-40-20-C-12,,,,,,,,,,,,,,,,,,,40,20,19,417.792,262.133,241.408,8,7186.28,438.517,Feasible,438.517,522.037,15.9989,-20.725,6.27317,0.179413,257.2,0.249612
sarp-40-20-C-12,,,,,,,,,,,,,,,,,,,40,20,19,417.792,262.133,241.408,8,7186.28,438.517,Feasible,438.517,522.037,15.9989,-20.725,6.27317,0.179413,257.2,0.249612
sarp-50-25-A-11,,,,,,,,,,,,,,,,,,,50,25,22,196.428,114.23,205.114,8,7177.72,105.544,Feasible,105.544,139.477,24.3287,90.884,7.5561,0.310328,309.8,0.61189
sarp-50-25-A-11,,,,,,,,,,,,,,,,,,,50,25,22,196.428,114.23,205.114,8,7177.72,105.544,Feasible,105.544,139.477,24.3287,90.884,7.5561,0.310328,309.8,0.61189
sarp-50-25-A-11,,,,,,,,,,,,,,,,,,,50,25,22,196.428,114.23,205.114,8,7177.72,105.544,Feasible,105.544,139.477,24.3287,90.884,7.5561,0.310328,309.8,0.61189
sarp-50-25-A-11,,,,,,,,,,,,,,,,,,,50,25,22,196.428,114.23,205.114,8,7177.72,105.544,Feasible,105.544,139.477,24.3287,90.884,7.5561,0.310328,309.8,0.61189
sarp-50-25-A-11,,,,,,,,,,,,,,,,,,,50,25,22,196.428,114.23,205.114,8,7177.72,105.544,Feasible,105.544,139.477,24.3287,90.884,7.5561,0.310328,309.8,0.61189
sarp-50-25-A-11,,,,,,,,,,,,,,,,,,,50,25,22,196.428,114.23,205.114,8,7177.72,105.544,Feasible,105.544,139.477,24.3287,90.884,7.5561,0.310328,309.8,0.61189
sarp-50-25-A-11,,,,,,,,,,,,,,,,,,,50,25,22,196.428,114.23,205.114,8,7177.72,105.544,Feasible,105.544,139.477,24.3287,90.884,7.5561,0.310328,309.8,0.61189
sarp-50-25-A-11,,,,,,,,,,,,,,,,,,,50,25,22,196.428,114.23,205.114,8,7177.72,105.544,Feasible,105.544,139.477,24.3287,90.884,7.5561,0.310328,309.8,0.61189
sarp-50-25-A-11,,,,,,,,,,,,,,,,,,,50,25,22,196.428,114.23,205.114,8,7177.72,105.544,Feasible,105.544,139.477,24.3287,90.884,7.5561,0.310328,309.8,0.61189
sarp-50-25-A-11,,,,,,,,,,,,,,,,,,,50,25,22,196.428,114.23,205.114,8,7177.72,105.544,Feasible,105.544,139.477,24.3287,90.884,7.5561,0.310328,309.8,0.61189
sarp-50-25-A-11,,,,,,,,,,,,,,,,,,,50,25,22,196.428,114.23,205.114,8,7177.72,105.544,Feasible,105.544,139.477,24.3287,90.884,7.5561,0.310328,309.8,0.61189
sarp-50-25-A-11,,,,,,,,,,,,,,,,,,,50,25,22,196.428,114.23,205.114,8,7177.72,105.544,Feasible,105.544,139.477,24.3287,90.884,7.5561,0.310328,309.8,0.61189
sarp-50-25-A-11,,,,,,,,,,,,,,,,,,,50,25,22,196.428,114.23,205.114,8,7177.72,105.544,Feasible,105.544,139.477,24.3287,90.884,7.5561,0.310328,309.8,0.61189
sarp-50-25-A-11,,,,,,,,,,,,,,,,,,,50,25,22,196.428,114.23,205.114,8,7177.72,105.544,Feasible,105.544,139.477,24.3287,90.884,7.5561,0.310328,309.8,0.61189
sarp-50-25-A-11,,,,,,,,,,,,,,,,,,,50,25,22,196.428,114.23,205.114,8,7177.72,105.544,Feasible,105.544,139.477,24.3287,90.884,7.5561,0.310328,309.8,0.61189
sarp-50-25-A-11,,,,,,,,,,,,,,,,,,,50,25,22,196.428,114.23,205.114,8,7177.72,105.544,Feasible,105.544,139.477,24.3287,90.884,7.5561,0.310328,309.8,0.61189
sarp-50-25-A-11,,,,,,,,,,,,,,,,,,,50,25,22,196.428,114.23,205.114,8,7177.72,105.544,Feasible,105.544,139.477,24.3287,90.884,7.5561,0.310328,309.8,0.61189
sarp-50-25-A-11,,,,,,,,,,,,,,,,,,,50,25,22,196.428,114.23,205.114,8,7177.72,105.544,Feasible,105.544,139.477,24.3287,90.884,7.5561,0.310328,309.8,0.61189
sarp-50-25-A-11,,,,,,,,,,,,,,,,,,,50,25,22,196.428,114.23,205.114,8,7177.72,105.544,Feasible,105.544,139.477,24.3287,90.884,7.5561,0.310328,309.8,0.61189
sarp-50-25-A-11,,,,,,,,,,,,,,,,,,,50,25,22,196.428,114.23,205.114,8,7177.72,105.544,Feasible,105.544,139.477,24.3287,90.884,7.5561,0.310328,309.8,0.61189
sarp-50-25-A-11,,,,,,,,,,,,,,,,,,,50,25,22,196.428,114.23,205.114,8,7177.72,105.544,Feasible,105.544,139.477,24.3287,90.884,7.5561,0.310328,309.8,0.61189
sarp-50-25-A-11,,,,,,,,,,,,,,,,,,,50,25,22,196.428,114.23,205.114,8,7177.72,105.544,Feasible,105.544,139.477,24.3287,90.884,7.5561,0.310328,309.8,0.61189
sarp-50-25-A-11,,,,,,,,,,,,,,,,,,,50,25,22,196.428,114.23,205.114,8,7177.72,105.544,Feasible,105.544,139.477,24.3287,90.884,7.5561,0.310328,309.8,0.61189
sarp-50-25-A-11,,,,,,,,,,,,,,,,,,,50,25,22,196.428,114.23,205.114,8,7177.72,105.544,Feasible,105.544,139.477,24.3287,90.884,7.5561,0.310328,309.8,0.61189
sarp-50-25-A-11,,,,,,,,,,,,,,,,,,,50,25,22,196.428,114.23,205.114,8,7177.72,105.544,Feasible,105.544,139.477,24.3287,90.884,7.5561,0.310328,309.8,0.61189
sarp-50-25-A-11,,,,,,,,,,,,,,,,,,,50,25,22,196.428,114.23,205.114,8,7177.72,105.544,Feasible,105.544,139.477,24.3287,90.884,7.5561,0.310328,309.8,0.61189
sarp-50-25-A-11,,,,,,,,,,,,,,,,,,,50,25,22,196.428,114.23,205.114,8,7177.72,105.544,Feasible,105.544,139.477,24.3287,90.884,7.5561,0.310328,309.8,0.61189
sarp-50-25-A-11,,,,,,,,,,,,,,,,,,,50,25,22,196.428,114.23,205.114,8,7177.72,105.544,Feasible,105.544,139.477,24.3287,90.884,7.5561,0.310328,309.8,0.61189
sarp-50-25-A-12,,,,,,,,,,,,,,,,,,,50,25,21,203.667,103.522,172.822,8,7184.66,134.367,Feasible,134.367,158.661,15.3121,69.3,5.83171,0.256005,239.1,0.532754
sarp-50-25-A-12,,,,,,,,,,,,,,,,,,,50,25,21,203.667,103.522,172.822,8,7184.66,134.367,Feasible,134.367,158.661,15.3121,69.3,5.83171,0.256005,239.1,0.532754
sarp-50-25-A-12,,,,,,,,,,,,,,,,,,,50,25,21,203.667,103.522,172.822,8,7184.66,134.367,Feasible,134.367,158.661,15.3121,69.3,5.83171,0.256005,239.1,0.532754
sarp-50-25-A-12,,,,,,,,,,,,,,,,,,,50,25,21,203.667,103.522,172.822,8,7184.66,134.367,Feasible,134.367,158.661,15.3121,69.3,5.83171,0.256005,239.1,0.532754
sarp-50-25-A-12,,,,,,,,,,,,,,,,,,,50,25,21,203.667,103.522,172.822,8,7184.66,134.367,Feasible,134.367,158.661,15.3121,69.3,5.83171,0.256005,239.1,0.532754
sarp-50-25-A-12,,,,,,,,,,,,,,,,,,,50,25,21,203.667,103.522,172.822,8,7184.66,134.367,Feasible,134.367,158.661,15.3121,69.3,5.83171,0.256005,239.1,0.532754
sarp-50-25-A-12,,,,,,,,,,,,,,,,,,,50,25,21,203.667,103.522,172.822,8,7184.66,134.367,Feasible,134.367,158.661,15.3121,69.3,5.83171,0.256005,239.1,0.532754
sarp-50-25-A-12,,,,,,,,,,,,,,,,,,,50,25,21,203.667,103.522,172.822,8,7184.66,134.367,Feasible,134.367,158.661,15.3121,69.3,5.83171,0.256005,239.1,0.532754
sarp-50-25-A-12,,,,,,,,,,,,,,,,,,,50,25,21,203.667,103.522,172.822,8,7184.66,134.367,Feasible,134.367,158.661,15.3121,69.3,5.83171,0.256005,239.1,0.532754
sarp-50-25-A-12,,,,,,,,,,,,,,,,,,,50,25,21,203.667,103.522,172.822,8,7184.66,134.367,Feasible,134.367,158.661,15.3121,69.3,5.83171,0.256005,239.1,0.532754
sarp-50-25-A-12,,,,,,,,,,,,,,,,,,,50,25,21,203.667,103.522,172.822,8,7184.66,134.367,Feasible,134.367,158.661,15.3121,69.3,5.83171,0.256005,239.1,0.532754
sarp-50-25-A-12,,,,,,,,,,,,,,,,,,,50,25,21,203.667,103.522,172.822,8,7184.66,134.367,Feasible,134.367,158.661,15.3121,69.3,5.83171,0.256005,239.1,0.532754
sarp-50-25-A-12,,,,,,,,,,,,,,,,,,,50,25,21,203.667,103.522,172.822,8,7184.66,134.367,Feasible,134.367,158.661,15.3121,69.3,5.83171,0.256005,239.1,0.532754
sarp-50-25-A-12,,,,,,,,,,,,,,,,,,,50,25,21,203.667,103.522,172.822,8,7184.66,134.367,Feasible,134.367,158.661,15.3121,69.3,5.83171,0.256005,239.1,0.532754
sarp-50-25-A-12,,,,,,,,,,,,,,,,,,,50,25,21,203.667,103.522,172.822,8,7184.66,134.367,Feasible,134.367,158.661,15.3121,69.3,5.83171,0.256005,239.1,0.532754
sarp-50-25-A-12,,,,,,,,,,,,,,,,,,,50,25,21,203.667,103.522,172.822,8,7184.66,134.367,Feasible,134.367,158.661,15.3121,69.3,5.83171,0.256005,239.1,0.532754
sarp-50-25-A-12,,,,,,,,,,,,,,,,,,,50,25,21,203.667,103.522,172.822,8,7184.66,134.367,Feasible,134.367,158.661,15.3121,69.3,5.83171,0.256005,239.1,0.532754
sarp-50-25-A-12,,,,,,,,,,,,,,,,,,,50,25,21,203.667,103.522,172.822,8,7184.66,134.367,Feasible,134.367,158.661,15.3121,69.3,5.83171,0.256005,239.1,0.532754
sarp-50-25-A-12,,,,,,,,,,,,,,,,,,,50,25,21,203.667,103.522,172.822,8,7184.66,134.367,Feasible,134.367,158.661,15.3121,69.3,5.83171,0.256005,239.1,0.532754
sarp-50-25-A-12,,,,,,,,,,,,,,,,,,,50,25,21,203.667,103.522,172.822,8,7184.66,134.367,Feasible,134.367,158.661,15.3121,69.3,5.83171,0.256005,239.1,0.532754
sarp-50-25-A-12,,,,,,,,,,,,,,,,,,,50,25,21,203.667,103.522,172.822,8,7184.66,134.367,Feasible,134.367,158.661,15.3121,69.3,5.83171,0.256005,239.1,0.532754
sarp-50-25-A-12,,,,,,,,,,,,,,,,,,,50,25,21,203.667,103.522,172.822,8,7184.66,134.367,Feasible,134.367,158.661,15.3121,69.3,5.83171,0.256005,239.1,0.532754
sarp-50-25-A-12,,,,,,,,,,,,,,,,,,,50,25,21,203.667,103.522,172.822,8,7184.66,134.367,Feasible,134.367,158.661,15.3121,69.3,5.83171,0.256005,239.1,0.532754
sarp-50-25-A-12,,,,,,,,,,,,,,,,,,,50,25,21,203.667,103.522,172.822,8,7184.66,134.367,Feasible,134.367,158.661,15.3121,69.3,5.83171,0.256005,239.1,0.532754
sarp-50-25-A-12,,,,,,,,,,,,,,,,,,,50,25,21,203.667,103.522,172.822,8,7184.66,134.367,Feasible,134.367,158.661,15.3121,69.3,5.83171,0.256005,239.1,0.532754
sarp-50-25-A-12,,,,,,,,,,,,,,,,,,,50,25,21,203.667,103.522,172.822,8,7184.66,134.367,Feasible,134.367,158.661,15.3121,69.3,5.83171,0.256005,239.1,0.532754
sarp-50-25-A-12,,,,,,,,,,,,,,,,,,,50,25,21,203.667,103.522,172.822,8,7184.66,134.367,Feasible,134.367,158.661,15.3121,69.3,5.83171,0.256005,239.1,0.532754
sarp-50-25-A-12,,,,,,,,,,,,,,,,,,,50,25,21,203.667,103.522,172.822,8,7184.66,134.367,Feasible,134.367,158.661,15.3121,69.3,5.83171,0.256005,239.1,0.532754
sarp-50-25-B-11,,,,,,,,,,,,,,,,,,,50,25,22,225.84,121.368,172.316,8,7195.09,174.892,Feasible,174.892,197.158,11.2934,50.948,5.68049,0.237993,232.9,0.478627
sarp-50-25-B-11,,,,,,,,,,,,,,,,,,,50,25,22,225.84,121.368,172.316,8,7195.09,174.892,Feasible,174.892,197.158,11.2934,50.948,5.68049,0.237993,232.9,0.478627
sarp-50-25-B-11,,,,,,,,,,,,,,,,,,,50,25,22,225.84,121.368,172.316,8,7195.09,174.892,Feasible,174.892,197.158,11.2934,50.948,5.68049,0.237993,232.9,0.478627
sarp-50-25-B-11,,,,,,,,,,,,,,,,,,,50,25,22,225.84,121.368,172.316,8,7195.09,174.892,Feasible,174.892,197.158,11.2934,50.948,5.68049,0.237993,232.9,0.478627
sarp-50-25-B-11,,,,,,,,,,,,,,,,,,,50,25,22,225.84,121.368,172.316,8,7195.09,174.892,Feasible,174.892,197.158,11.2934,50.948,5.68049,0.237993,232.9,0.478627
sarp-50-25-B-11,,,,,,,,,,,,,,,,,,,50,25,22,225.84,121.368,172.316,8,7195.09,174.892,Feasible,174.892,197.158,11.2934,50.948,5.68049,0.237993,232.9,0.478627
sarp-50-25-B-11,,,,,,,,,,,,,,,,,,,50,25,22,225.84,121.368,172.316,8,7195.09,174.892,Feasible,174.892,197.158,11.2934,50.948,5.68049,0.237993,232.9,0.478627
sarp-50-25-B-11,,,,,,,,,,,,,,,,,,,50,25,22,225.84,121.368,172.316,8,7195.09,174.892,Feasible,174.892,197.158,11.2934,50.948,5.68049,0.237993,232.9,0.478627
sarp-50-25-B-11,,,,,,,,,,,,,,,,,,,50,25,22,225.84,121.368,172.316,8,7195.09,174.892,Feasible,174.892,197.158,11.2934,50.948,5.68049,0.237993,232.9,0.478627
sarp-50-25-B-11,,,,,,,,,,,,,,,,,,,50,25,22,225.84,121.368,172.316,8,7195.09,174.892,Feasible,174.892,197.158,11.2934,50.948,5.68049,0.237993,232.9,0.478627
sarp-50-25-B-11,,,,,,,,,,,,,,,,,,,50,25,22,225.84,121.368,172.316,8,7195.09,174.892,Feasible,174.892,197.158,11.2934,50.948,5.68049,0.237993,232.9,0.478627
sarp-50-25-B-11,,,,,,,,,,,,,,,,,,,50,25,22,225.84,121.368,172.316,8,7195.09,174.892,Feasible,174.892,197.158,11.2934,50.948,5.68049,0.237993,232.9,0.478627
sarp-50-25-B-11,,,,,,,,,,,,,,,,,,,50,25,22,225.84,121.368,172.316,8,7195.09,174.892,Feasible,174.892,197.158,11.2934,50.948,5.68049,0.237993,232.9,0.478627
sarp-50-25-B-11,,,,,,,,,,,,,,,,,,,50,25,22,225.84,121.368,172.316,8,7195.09,174.892,Feasible,174.892,197.158,11.2934,50.948,5.68049,0.237993,232.9,0.478627
sarp-50-25-B-11,,,,,,,,,,,,,,,,,,,50,25,22,225.84,121.368,172.316,8,7195.09,174.892,Feasible,174.892,197.158,11.2934,50.948,5.68049,0.237993,232.9,0.478627
sarp-50-25-B-11,,,,,,,,,,,,,,,,,,,50,25,22,225.84,121.368,172.316,8,7195.09,174.892,Feasible,174.892,197.158,11.2934,50.948,5.68049,0.237993,232.9,0.478627
sarp-50-25-B-11,,,,,,,,,,,,,,,,,,,50,25,22,225.84,121.368,172.316,8,7195.09,174.892,Feasible,174.892,197.158,11.2934,50.948,5.68049,0.237993,232.9,0.478627
sarp-50-25-B-11,,,,,,,,,,,,,,,,,,,50,25,22,225.84,121.368,172.316,8,7195.09,174.892,Feasible,174.892,197.158,11.2934,50.948,5.68049,0.237993,232.9,0.478627
sarp-50-25-B-11,,,,,,,,,,,,,,,,,,,50,25,22,225.84,121.368,172.316,8,7195.09,174.892,Feasible,174.892,197.158,11.2934,50.948,5.68049,0.237993,232.9,0.478627
sarp-50-25-B-11,,,,,,,,,,,,,,,,,,,50,25,22,225.84,121.368,172.316,8,7195.09,174.892,Feasible,174.892,197.158,11.2934,50.948,5.68049,0.237993,232.9,0.478627
sarp-50-25-B-11,,,,,,,,,,,,,,,,,,,50,25,22,225.84,121.368,172.316,8,7195.09,174.892,Feasible,174.892,197.158,11.2934,50.948,5.68049,0.237993,232.9,0.478627
sarp-50-25-B-11,,,,,,,,,,,,,,,,,,,50,25,22,225.84,121.368,172.316,8,7195.09,174.892,Feasible,174.892,197.158,11.2934,50.948,5.68049,0.237993,232.9,0.478627
sarp-50-25-B-11,,,,,,,,,,,,,,,,,,,50,25,22,225.84,121.368,172.316,8,7195.09,174.892,Feasible,174.892,197.158,11.2934,50.948,5.68049,0.237993,232.9,0.478627
sarp-50-25-B-11,,,,,,,,,,,,,,,,,,,50,25,22,225.84,121.368,172.316,8,7195.09,174.892,Feasible,174.892,197.158,11.2934,50.948,5.68049,0.237993,232.9,0.478627
sarp-50-25-B-11,,,,,,,,,,,,,,,,,,,50,25,22,225.84,121.368,172.316,8,7195.09,174.892,Feasible,174.892,197.158,11.2934,50.948,5.68049,0.237993,232.9,0.478627
sarp-50-25-B-11,,,,,,,,,,,,,,,,,,,50,25,22,225.84,121.368,172.316,8,7195.09,174.892,Feasible,174.892,197.158,11.2934,50.948,5.68049,0.237993,232.9,0.478627
sarp-50-25-B-11,,,,,,,,,,,,,,,,,,,50,25,22,225.84,121.368,172.316,8,7195.09,174.892,Feasible,174.892,197.158,11.2934,50.948,5.68049,0.237993,232.9,0.478627
sarp-50-25-B-11,,,,,,,,,,,,,,,,,,,50,25,22,225.84,121.368,172.316,8,7195.09,174.892,Feasible,174.892,197.158,11.2934,50.948,5.68049,0.237993,232.9,0.478627
sarp-50-25-B-12,,,,,,,,,,,,,,,,,,,50,25,22,218.829,120.123,181.562,8,7166.51,157.39,Feasible,157.39,191.55,17.8337,61.439,6.88049,0.285989,282.1,0.570591
sarp-50-25-B-12,,,,,,,,,,,,,,,,,,,50,25,22,218.829,120.123,181.562,8,7166.51,157.39,Feasible,157.39,191.55,17.8337,61.439,6.88049,0.285989,282.1,0.570591
sarp-50-25-B-12,,,,,,,,,,,,,,,,,,,50,25,22,218.829,120.123,181.562,8,7166.51,157.39,Feasible,157.39,191.55,17.8337,61.439,6.88049,0.285989,282.1,0.570591
sarp-50-25-B-12,,,,,,,,,,,,,,,,,,,50,25,22,218.829,120.123,181.562,8,7166.51,157.39,Feasible,157.39,191.55,17.8337,61.439,6.88049,0.285989,282.1,0.570591
sarp-50-25-B-12,,,,,,,,,,,,,,,,,,,50,25,22,218.829,120.123,181.562,8,7166.51,157.39,Feasible,157.39,191.55,17.8337,61.439,6.88049,0.285989,282.1,0.570591
sarp-50-25-B-12,,,,,,,,,,,,,,,,,,,50,25,22,218.829,120.123,181.562,8,7166.51,157.39,Feasible,157.39,191.55,17.8337,61.439,6.88049,0.285989,282.1,0.570591
sarp-50-25-B-12,,,,,,,,,,,,,,,,,,,50,25,22,218.829,120.123,181.562,8,7166.51,157.39,Feasible,157.39,191.55,17.8337,61.439,6.88049,0.285989,282.1,0.570591
sarp-50-25-B-12,,,,,,,,,,,,,,,,,,,50,25,22,218.829,120.123,181.562,8,7166.51,157.39,Feasible,157.39,191.55,17.8337,61.439,6.88049,0.285989,282.1,0.570591
sarp-50-25-B-12,,,,,,,,,,,,,,,,,,,50,25,22,218.829,120.123,181.562,8,7166.51,157.39,Feasible,157.39,191.55,17.8337,61.439,6.88049,0.285989,282.1,0.570591
sarp-50-25-B-12,,,,,,,,,,,,,,,,,,,50,25,22,218.829,120.123,181.562,8,7166.51,157.39,Feasible,157.39,191.55,17.8337,61.439,6.88049,0.285989,282.1,0.570591
sarp-50-25-B-12,,,,,,,,,,,,,,,,,,,50,25,22,218.829,120.123,181.562,8,7166.51,157.39,Feasible,157.39,191.55,17.8337,61.439,6.88049,0.285989,282.1,0.570591
sarp-50-25-B-12,,,,,,,,,,,,,,,,,,,50,25,22,218.829,120.123,181.562,8,7166.51,157.39,Feasible,157.39,191.55,17.8337,61.439,6.88049,0.285989,282.1,0.570591
sarp-50-25-B-12,,,,,,,,,,,,,,,,,,,50,25,22,218.829,120.123,181.562,8,7166.51,157.39,Feasible,157.39,191.55,17.8337,61.439,6.88049,0.285989,282.1,0.570591
sarp-50-25-B-12,,,,,,,,,,,,,,,,,,,50,25,22,218.829,120.123,181.562,8,7166.51,157.39,Feasible,157.39,191.55,17.8337,61.439,6.88049,0.285989,282.1,0.570591
sarp-50-25-B-12,,,,,,,,,,,,,,,,,,,50,25,22,218.829,120.123,181.562,8,7166.51,157.39,Feasible,157.39,191.55,17.8337,61.439,6.88049,0.285989,282.1,0.570591
sarp-50-25-B-12,,,,,,,,,,,,,,,,,,,50,25,22,218.829,120.123,181.562,8,7166.51,157.39,Feasible,157.39,191.55,17.8337,61.439,6.88049,0.285989,282.1,0.570591
sarp-50-25-B-12,,,,,,,,,,,,,,,,,,,50,25,22,218.829,120.123,181.562,8,7166.51,157.39,Feasible,157.39,191.55,17.8337,61.439,6.88049,0.285989,282.1,0.570591
sarp-50-25-B-12,,,,,,,,,,,,,,,,,,,50,25,22,218.829,120.123,181.562,8,7166.51,157.39,Feasible,157.39,191.55,17.8337,61.439,6.88049,0.285989,282.1,0.570591
sarp-50-25-B-12,,,,,,,,,,,,,,,,,,,50,25,22,218.829,120.123,181.562,8,7166.51,157.39,Feasible,157.39,191.55,17.8337,61.439,6.88049,0.285989,282.1,0.570591
sarp-50-25-B-12,,,,,,,,,,,,,,,,,,,50,25,22,218.829,120.123,181.562,8,7166.51,157.39,Feasible,157.39,191.55,17.8337,61.439,6.88049,0.285989,282.1,0.570591
sarp-50-25-B-12,,,,,,,,,,,,,,,,,,,50,25,22,218.829,120.123,181.562,8,7166.51,157.39,Feasible,157.39,191.55,17.8337,61.439,6.88049,0.285989,282.1,0.570591
sarp-50-25-B-12,,,,,,,,,,,,,,,,,,,50,25,22,218.829,120.123,181.562,8,7166.51,157.39,Feasible,157.39,191.55,17.8337,61.439,6.88049,0.285989,282.1,0.570591
sarp-50-25-B-12,,,,,,,,,,,,,,,,,,,50,25,22,218.829,120.123,181.562,8,7166.51,157.39,Feasible,157.39,191.55,17.8337,61.439,6.88049,0.285989,282.1,0.570591
sarp-50-25-B-12,,,,,,,,,,,,,,,,,,,50,25,22,218.829,120.123,181.562,8,7166.51,157.39,Feasible,157.39,191.55,17.8337,61.439,6.88049,0.285989,282.1,0.570591
sarp-50-25-B-12,,,,,,,,,,,,,,,,,,,50,25,22,218.829,120.123,181.562,8,7166.51,157.39,Feasible,157.39,191.55,17.8337,61.439,6.88049,0.285989,282.1,0.570591
sarp-50-25-B-12,,,,,,,,,,,,,,,,,,,50,25,22,218.829,120.123,181.562,8,7166.51,157.39,Feasible,157.39,191.55,17.8337,61.439,6.88049,0.285989,282.1,0.570591
sarp-50-25-B-12,,,,,,,,,,,,,,,,,,,50,25,22,218.829,120.123,181.562,8,7166.51,157.39,Feasible,157.39,191.55,17.8337,61.439,6.88049,0.285989,282.1,0.570591
sarp-50-25-B-12,,,,,,,,,,,,,,,,,,,50,25,22,218.829,120.123,181.562,8,7166.51,157.39,Feasible,157.39,191.55,17.8337,61.439,6.88049,0.285989,282.1,0.570591
sarp-50-25-C-11,,,,,,,,,,,,,,,,,,,50,25,21,544.299,293.675,331.752,9,7182.83,506.222,Feasible,506.222,681.906,25.7637,38.077,10.8341,0.236646,444.2,0.319132
sarp-50-25-C-11,,,,,,,,,,,,,,,,,,,50,25,21,544.299,293.675,331.752,9,7182.83,506.222,Feasible,506.222,681.906,25.7637,38.077,10.8341,0.236646,444.2,0.319132
sarp-50-25-C-11,,,,,,,,,,,,,,,,,,,50,25,21,544.299,293.675,331.752,9,7182.83,506.222,Feasible,506.222,681.906,25.7637,38.077,10.8341,0.236646,444.2,0.319132
sarp-50-25-C-11,,,,,,,,,,,,,,,,,,,50,25,21,544.299,293.675,331.752,9,7182.83,506.222,Feasible,506.222,681.906,25.7637,38.077,10.8341,0.236646,444.2,0.319132
sarp-50-25-C-11,,,,,,,,,,,,,,,,,,,50,25,21,544.299,293.675,331.752,9,7182.83,506.222,Feasible,506.222,681.906,25.7637,38.077,10.8341,0.236646,444.2,0.319132
sarp-50-25-C-11,,,,,,,,,,,,,,,,,,,50,25,21,544.299,293.675,331.752,9,7182.83,506.222,Feasible,506.222,681.906,25.7637,38.077,10.8341,0.236646,444.2,0.319132
sarp-50-25-C-11,,,,,,,,,,,,,,,,,,,50,25,21,544.299,293.675,331.752,9,7182.83,506.222,Feasible,506.222,681.906,25.7637,38.077,10.8341,0.236646,444.2,0.319132
sarp-50-25-C-11,,,,,,,,,,,,,,,,,,,50,25,21,544.299,293.675,331.752,9,7182.83,506.222,Feasible,506.222,681.906,25.7637,38.077,10.8341,0.236646,444.2,0.319132
sarp-50-25-C-11,,,,,,,,,,,,,,,,,,,50,25,21,544.299,293.675,331.752,9,7182.83,506.222,Feasible,506.222,681.906,25.7637,38.077,10.8341,0.236646,444.2,0.319132
sarp-50-25-C-11,,,,,,,,,,,,,,,,,,,50,25,21,544.299,293.675,331.752,9,7182.83,506.222,Feasible,506.222,681.906,25.7637,38.077,10.8341,0.236646,444.2,0.319132
sarp-50-25-C-11,,,,,,,,,,,,,,,,,,,50,25,21,544.299,293.675,331.752,9,7182.83,506.222,Feasible,506.222,681.906,25.7637,38.077,10.8341,0.236646,444.2,0.319132
sarp-50-25-C-11,,,,,,,,,,,,,,,,,,,50,25,21,544.299,293.675,331.752,9,7182.83,506.222,Feasible,506.222,681.906,25.7637,38.077,10.8341,0.236646,444.2,0.319132
sarp-50-25-C-11,,,,,,,,,,,,,,,,,,,50,25,21,544.299,293.675,331.752,9,7182.83,506.222,Feasible,506.222,681.906,25.7637,38.077,10.8341,0.236646,444.2,0.319132
sarp-50-25-C-11,,,,,,,,,,,,,,,,,,,50,25,21,544.299,293.675,331.752,9,7182.83,506.222,Feasible,506.222,681.906,25.7637,38.077,10.8341,0.236646,444.2,0.319132
sarp-50-25-C-11,,,,,,,,,,,,,,,,,,,50,25,21,544.299,293.675,331.752,9,7182.83,506.222,Feasible,506.222,681.906,25.7637,38.077,10.8341,0.236646,444.2,0.319132
sarp-50-25-C-11,,,,,,,,,,,,,,,,,,,50,25,21,544.299,293.675,331.752,9,7182.83,506.222,Feasible,506.222,681.906,25.7637,38.077,10.8341,0.236646,444.2,0.319132
sarp-50-25-C-11,,,,,,,,,,,,,,,,,,,50,25,21,544.299,293.675,331.752,9,7182.83,506.222,Feasible,506.222,681.906,25.7637,38.077,10.8341,0.236646,444.2,0.319132
sarp-50-25-C-11,,,,,,,,,,,,,,,,,,,50,25,21,544.299,293.675,331.752,9,7182.83,506.222,Feasible,506.222,681.906,25.7637,38.077,10.8341,0.236646,444.2,0.319132
sarp-50-25-C-11,,,,,,,,,,,,,,,,,,,50,25,21,544.299,293.675,331.752,9,7182.83,506.222,Feasible,506.222,681.906,25.7637,38.077,10.8341,0.236646,444.2,0.319132
sarp-50-25-C-11,,,,,,,,,,,,,,,,,,,50,25,21,544.299,293.675,331.752,9,7182.83,506.222,Feasible,506.222,681.906,25.7637,38.077,10.8341,0.236646,444.2,0.319132
sarp-50-25-C-11,,,,,,,,,,,,,,,,,,,50,25,21,544.299,293.675,331.752,9,7182.83,506.222,Feasible,506.222,681.906,25.7637,38.077,10.8341,0.236646,444.2,0.319132
sarp-50-25-C-11,,,,,,,,,,,,,,,,,,,50,25,21,544.299,293.675,331.752,9,7182.83,506.222,Feasible,506.222,681.906,25.7637,38.077,10.8341,0.236646,444.2,0.319132
sarp-50-25-C-11,,,,,,,,,,,,,,,,,,,50,25,21,544.299,293.675,331.752,9,7182.83,506.222,Feasible,506.222,681.906,25.7637,38.077,10.8341,0.236646,444.2,0.319132
sarp-50-25-C-11,,,,,,,,,,,,,,,,,,,50,25,21,544.299,293.675,331.752,9,7182.83,506.222,Feasible,506.222,681.906,25.7637,38.077,10.8341,0.236646,444.2,0.319132
sarp-50-25-C-11,,,,,,,,,,,,,,,,,,,50,25,21,544.299,293.675,331.752,9,7182.83,506.222,Feasible,506.222,681.906,25.7637,38.077,10.8341,0.236646,444.2,0.319132
sarp-50-25-C-11,,,,,,,,,,,,,,,,,,,50,25,21,544.299,293.675,331.752,9,7182.83,506.222,Feasible,506.222,681.906,25.7637,38.077,10.8341,0.236646,444.2,0.319132
sarp-50-25-C-11,,,,,,,,,,,,,,,,,,,50,25,21,544.299,293.675,331.752,9,7182.83,506.222,Feasible,506.222,681.906,25.7637,38.077,10.8341,0.236646,444.2,0.319132
sarp-50-25-C-11,,,,,,,,,,,,,,,,,,,50,25,21,544.299,293.675,331.752,9,7182.83,506.222,Feasible,506.222,681.906,25.7637,38.077,10.8341,0.236646,444.2,0.319132
sarp-50-25-C-12,,,,,,,,,,,,,,,,,,,50,25,22,556.554,313.513,289.892,10,7177.19,580.175,Feasible,580.175,712.544,18.5769,-23.621,7.67805,0.173501,314.8,0.238052
sarp-50-25-C-12,,,,,,,,,,,,,,,,,,,50,25,22,556.554,313.513,289.892,10,7177.19,580.175,Feasible,580.175,712.544,18.5769,-23.621,7.67805,0.173501,314.8,0.238052
sarp-50-25-C-12,,,,,,,,,,,,,,,,,,,50,25,22,556.554,313.513,289.892,10,7177.19,580.175,Feasible,580.175,712.544,18.5769,-23.621,7.67805,0.173501,314.8,0.238052
sarp-50-25-C-12,,,,,,,,,,,,,,,,,,,50,25,22,556.554,313.513,289.892,10,7177.19,580.175,Feasible,580.175,712.544,18.5769,-23.621,7.67805,0.173501,314.8,0.238052
sarp-50-25-C-12,,,,,,,,,,,,,,,,,,,50,25,22,556.554,313.513,289.892,10,7177.19,580.175,Feasible,580.175,712.544,18.5769,-23.621,7.67805,0.173501,314.8,0.238052
sarp-50-25-C-12,,,,,,,,,,,,,,,,,,,50,25,22,556.554,313.513,289.892,10,7177.19,580.175,Feasible,580.175,712.544,18.5769,-23.621,7.67805,0.173501,314.8,0.238052
sarp-50-25-C-12,,,,,,,,,,,,,,,,,,,50,25,22,556.554,313.513,289.892,10,7177.19,580.175,Feasible,580.175,712.544,18.5769,-23.621,7.67805,0.173501,314.8,0.238052
sarp-50-25-C-12,,,,,,,,,,,,,,,,,,,50,25,22,556.554,313.513,289.892,10,7177.19,580.175,Feasible,580.175,712.544,18.5769,-23.621,7.67805,0.173501,314.8,0.238052
sarp-50-25-C-12,,,,,,,,,,,,,,,,,,,50,25,22,556.554,313.513,289.892,10,7177.19,580.175,Feasible,580.175,712.544,18.5769,-23.621,7.67805,0.173501,314.8,0.238052
sarp-50-25-C-12,,,,,,,,,,,,,,,,,,,50,25,22,556.554,313.513,289.892,10,7177.19,580.175,Feasible,580.175,712.544,18.5769,-23.621,7.67805,0.173501,314.8,0.238052
sarp-50-25-C-12,,,,,,,,,,,,,,,,,,,50,25,22,556.554,313.513,289.892,10,7177.19,580.175,Feasible,580.175,712.544,18.5769,-23.621,7.67805,0.173501,314.8,0.238052
sarp-50-25-C-12,,,,,,,,,,,,,,,,,,,50,25,22,556.554,313.513,289.892,10,7177.19,580.175,Feasible,580.175,712.544,18.5769,-23.621,7.67805,0.173501,314.8,0.238052
sarp-50-25-C-12,,,,,,,,,,,,,,,,,,,50,25,22,556.554,313.513,289.892,10,7177.19,580.175,Feasible,580.175,712.544,18.5769,-23.621,7.67805,0.173501,314.8,0.238052
sarp-50-25-C-12,,,,,,,,,,,,,,,,,,,50,25,22,556.554,313.513,289.892,10,7177.19,580.175,Feasible,580.175,712.544,18.5769,-23.621,7.67805,0.173501,314.8,0.238052
sarp-50-25-C-12,,,,,,,,,,,,,,,,,,,50,25,22,556.554,313.513,289.892,10,7177.19,580.175,Feasible,580.175,712.544,18.5769,-23.621,7.67805,0.173501,314.8,0.238052
sarp-50-25-C-12,,,,,,,,,,,,,,,,,,,50,25,22,556.554,313.513,289.892,10,7177.19,580.175,Feasible,580.175,712.544,18.5769,-23.621,7.67805,0.173501,314.8,0.238052
sarp-50-25-C-12,,,,,,,,,,,,,,,,,,,50,25,22,556.554,313.513,289.892,10,7177.19,580.175,Feasible,580.175,712.544,18.5769,-23.621,7.67805,0.173501,314.8,0.238052
sarp-50-25-C-12,,,,,,,,,,,,,,,,,,,50,25,22,556.554,313.513,289.892,10,7177.19,580.175,Feasible,580.175,712.544,18.5769,-23.621,7.67805,0.173501,314.8,0.238052
sarp-50-25-C-12,,,,,,,,,,,,,,,,,,,50,25,22,556.554,313.513,289.892,10,7177.19,580.175,Feasible,580.175,712.544,18.5769,-23.621,7.67805,0.173501,314.8,0.238052
sarp-50-25-C-12,,,,,,,,,,,,,,,,,,,50,25,22,556.554,313.513,289.892,10,7177.19,580.175,Feasible,580.175,712.544,18.5769,-23.621,7.67805,0.173501,314.8,0.238052
sarp-50-25-C-12,,,,,,,,,,,,,,,,,,,50,25,22,556.554,313.513,289.892,10,7177.19,580.175,Feasible,580.175,712.544,18.5769,-23.621,7.67805,0.173501,314.8,0.238052
sarp-50-25-C-12,,,,,,,,,,,,,,,,,,,50,25,22,556.554,313.513,289.892,10,7177.19,580.175,Feasible,580.175,712.544,18.5769,-23.621,7.67805,0.173501,314.8,0.238052
sarp-50-25-C-12,,,,,,,,,,,,,,,,,,,50,25,22,556.554,313.513,289.892,10,7177.19,580.175,Feasible,580.175,712.544,18.5769,-23.621,7.67805,0.173501,314.8,0.238052
sarp-50-25-C-12,,,,,,,,,,,,,,,,,,,50,25,22,556.554,313.513,289.892,10,7177.19,580.175,Feasible,580.175,712.544,18.5769,-23.621,7.67805,0.173501,314.8,0.238052
sarp-50-25-C-12,,,,,,,,,,,,,,,,,,,50,25,22,556.554,313.513,289.892,10,7177.19,580.175,Feasible,580.175,712.544,18.5769,-23.621,7.67805,0.173501,314.8,0.238052
sarp-50-25-C-12,,,,,,,,,,,,,,,,,,,50,25,22,556.554,313.513,289.892,10,7177.19,580.175,Feasible,580.175,712.544,18.5769,-23.621,7.67805,0.173501,314.8,0.238052
sarp-50-25-C-12,,,,,,,,,,,,,,,,,,,50,25,22,556.554,313.513,289.892,10,7177.19,580.175,Feasible,580.175,712.544,18.5769,-23.621,7.67805,0.173501,314.8,0.238052
sarp-50-25-C-12,,,,,,,,,,,,,,,,,,,50,25,22,556.554,313.513,289.892,10,7177.19,580.175,Feasible,580.175,712.544,18.5769,-23.621,7.67805,0.173501,314.8,0.238052
