Instance,LB,UB,Time
ghsarp-10-5-9.txt,13.4247,13.4247,7
ghsarp-7-5-1.txt,9.40124,9.40124,5
ghsarp-8-7-3.txt,-1.14444,-1.14444,16
